datetime,signal,confluence,entry_price,exit_price,exit_time,movement_pct,result,target,win_probability,score_category
2023-01-02 06:45:00,BUY (BULLISH),2,1.06828,1.06807,2023-01-02 14:00:00,-0.0197,LOSS ❌ (-0.02%),0,0.19724093,LOW (<50%)
2023-01-02 15:00:00,BUY (BULLISH),2,1.06725,1.05739,2023-01-03 14:00:00,-0.9239,LOSS ❌ (-0.92%),0,0.28780496,LOW (<50%)
2023-01-02 16:30:00,BUY (BULLISH),2,1.06538,1.06751076,2023-01-02 23:00:00,0.2,WIN ✅ (+0.20%),1,0.68398213,MEDIUM (50-70%)
2023-01-02 18:30:00,BUY (BULLISH),2,1.06525,1.0673805,2023-01-02 23:00:00,0.2,WIN ✅ (+0.20%),1,0.5919493,MEDIUM (50-70%)
2023-01-02 19:00:00,BUY (BULLISH),2,1.0652,1.0673304,2023-01-02 23:00:00,0.2,WIN ✅ (+0.20%),1,0.64035624,MEDIUM (50-70%)
2023-01-02 23:15:00,BUY (BULLISH),2,1.06641,1.05739,2023-01-03 14:00:00,-0.8458,LOSS ❌ (-0.85%),0,0.17040774,LOW (<50%)
2023-01-03 04:15:00,SELL (BEARISH),3,1.06779,1.06565442,2023-01-03 06:30:00,0.2,WIN ✅ (+0.20%),1,0.76435095,HIGH (>70%)
2023-01-03 04:30:00,SELL (BEARISH),2,1.06773,1.06559454,2023-01-03 06:30:00,0.2,WIN ✅ (+0.20%),1,0.6578308,MEDIUM (50-70%)
2023-01-03 07:00:00,BUY (BULLISH),2,1.06518,1.05739,2023-01-03 14:00:00,-0.7313,LOSS ❌ (-0.73%),0,0.15172203,LOW (<50%)
2023-01-03 10:30:00,BUY (BULLISH),3,1.05368,1.0557873599999998,2023-01-03 13:15:00,0.2,WIN ✅ (+0.20%),1,0.9070053,HIGH (>70%)
2023-01-03 11:00:00,BUY (BULLISH),2,1.05271,1.05481542,2023-01-03 12:30:00,0.2,WIN ✅ (+0.20%),1,0.93232965,HIGH (>70%)
2023-01-03 11:15:00,BUY (BULLISH),2,1.05261,1.05471522,2023-01-03 12:30:00,0.2,WIN ✅ (+0.20%),1,0.8257564,HIGH (>70%)
2023-01-04 08:15:00,SELL (BEARISH),2,1.06213,1.06000574,2023-01-04 12:00:00,0.2,WIN ✅ (+0.20%),1,0.81797314,HIGH (>70%)
2023-01-04 08:30:00,SELL (BEARISH),2,1.06095,1.06146,2023-01-04 14:00:00,-0.0481,LOSS ❌ (0.05%),0,0.13853504,LOW (<50%)
2023-01-04 13:15:00,BUY (BULLISH),2,1.06132,1.06146,2023-01-04 14:00:00,0.0132,LOSS ❌ (0.01%),0,0.33573088,LOW (<50%)
2023-01-04 14:45:00,SELL (BEARISH),2,1.06237,1.06024526,2023-01-04 15:00:00,0.2,WIN ✅ (+0.20%),1,0.8567887,HIGH (>70%)
2023-01-04 15:15:00,BUY (BULLISH),2,1.05978,1.06189956,2023-01-04 16:45:00,0.2,WIN ✅ (+0.20%),1,0.7054028,HIGH (>70%)
2023-01-05 01:00:00,SELL (BEARISH),2,1.06283,1.06070434,2023-01-05 03:45:00,0.2,WIN ✅ (+0.20%),1,0.67688274,MEDIUM (50-70%)
2023-01-05 05:00:00,BUY (BULLISH),2,1.0604,1.0625208,2023-01-05 08:15:00,0.2,WIN ✅ (+0.20%),1,0.8173135,HIGH (>70%)
2023-01-05 05:15:00,BUY (BULLISH),2,1.06035,1.0624707,2023-01-05 08:15:00,0.2,WIN ✅ (+0.20%),1,0.8445937,HIGH (>70%)
2023-01-05 08:15:00,SELL (BEARISH),2,1.06192,1.05979616,2023-01-05 12:45:00,0.2,WIN ✅ (+0.20%),1,0.6274843,MEDIUM (50-70%)
2023-01-05 09:30:00,SELL (BEARISH),2,1.06252,1.06039496,2023-01-05 11:30:00,0.2,WIN ✅ (+0.20%),1,0.78688455,HIGH (>70%)
2023-01-05 09:45:00,SELL (BEARISH),2,1.0623,1.0601754,2023-01-05 12:45:00,0.2,WIN ✅ (+0.20%),1,0.82065433,HIGH (>70%)
2023-01-05 14:00:00,BUY (BULLISH),2,1.05596,1.05307,2023-01-06 14:00:00,-0.2737,LOSS ❌ (-0.27%),0,0.13315187,LOW (<50%)
2023-01-05 14:30:00,BUY (BULLISH),2,1.0549,1.05307,2023-01-06 14:00:00,-0.1735,LOSS ❌ (-0.17%),0,0.057133783,LOW (<50%)
2023-01-05 15:00:00,BUY (BULLISH),2,1.05428,1.05307,2023-01-06 14:00:00,-0.1148,LOSS ❌ (-0.11%),0,0.09573244,LOW (<50%)
2023-01-05 15:15:00,BUY (BULLISH),2,1.05283,1.05307,2023-01-06 14:00:00,0.0228,LOSS ❌ (0.02%),0,0.061799508,LOW (<50%)
2023-01-05 15:30:00,BUY (BULLISH),2,1.05268,1.05307,2023-01-06 14:00:00,0.037,LOSS ❌ (0.04%),0,0.1333668,LOW (<50%)
2023-01-05 15:45:00,BUY (BULLISH),2,1.0518,1.0539036000000002,2023-01-05 18:15:00,0.2,WIN ✅ (+0.20%),1,0.68302566,MEDIUM (50-70%)
2023-01-06 07:15:00,BUY (BULLISH),2,1.05138,1.05348276,2023-01-06 13:45:00,0.2,WIN ✅ (+0.20%),1,0.8550535,HIGH (>70%)
2023-01-06 09:15:00,BUY (BULLISH),2,1.05071,1.05281142,2023-01-06 13:30:00,0.2,WIN ✅ (+0.20%),1,0.83801836,HIGH (>70%)
2023-01-06 13:30:00,SELL (BEARISH),2,1.05242,1.05307,2023-01-06 14:00:00,-0.0618,LOSS ❌ (0.06%),0,0.44358656,LOW (<50%)
2023-01-06 15:45:00,SELL (BEARISH),2,1.06012,1.06422,2023-01-06 21:45:00,-0.3867,LOSS ❌ (0.39%),0,0.10552694,LOW (<50%)
2023-01-06 16:00:00,SELL (BEARISH),2,1.0605,1.06422,2023-01-06 21:45:00,-0.3508,LOSS ❌ (0.35%),0,0.12733366,LOW (<50%)
2023-01-06 16:15:00,SELL (BEARISH),2,1.06037,1.06422,2023-01-06 21:45:00,-0.3631,LOSS ❌ (0.36%),0,0.10776394,LOW (<50%)
2023-01-06 16:45:00,SELL (BEARISH),2,1.06183,1.06422,2023-01-06 21:45:00,-0.2251,LOSS ❌ (0.23%),0,0.11838793,LOW (<50%)
2023-01-06 17:00:00,SELL (BEARISH),3,1.06191,1.06422,2023-01-06 21:45:00,-0.2175,LOSS ❌ (0.22%),0,0.09849277,LOW (<50%)
2023-01-06 18:00:00,SELL (BEARISH),2,1.06346,1.06422,2023-01-06 21:45:00,-0.0715,LOSS ❌ (0.07%),0,0.049388755,LOW (<50%)
2023-01-06 19:30:00,SELL (BEARISH),2,1.06452,1.06422,2023-01-06 21:45:00,0.0282,LOSS ❌ (-0.03%),0,0.06881559,LOW (<50%)
2023-01-09 04:45:00,SELL (BEARISH),2,1.06762,1.07216,2023-01-09 14:00:00,-0.4252,LOSS ❌ (0.43%),0,0.1823291,LOW (<50%)
2023-01-09 05:30:00,SELL (BEARISH),2,1.06786,1.07216,2023-01-09 14:00:00,-0.4027,LOSS ❌ (0.40%),0,0.16119404,LOW (<50%)
2023-01-09 06:15:00,SELL (BEARISH),2,1.06791,1.07216,2023-01-09 14:00:00,-0.398,LOSS ❌ (0.40%),0,0.10855164,LOW (<50%)
2023-01-09 08:00:00,SELL (BEARISH),2,1.06921,1.06707158,2023-01-09 09:30:00,0.2,WIN ✅ (+0.20%),1,0.73601246,HIGH (>70%)
2023-01-09 08:15:00,SELL (BEARISH),2,1.06902,1.06688196,2023-01-09 09:30:00,0.2,WIN ✅ (+0.20%),1,0.6772446,MEDIUM (50-70%)
2023-01-09 08:45:00,SELL (BEARISH),2,1.06899,1.06685202,2023-01-09 09:30:00,0.2,WIN ✅ (+0.20%),1,0.72616374,HIGH (>70%)
2023-01-09 09:45:00,BUY (BULLISH),2,1.06718,1.06931436,2023-01-09 12:45:00,0.2,WIN ✅ (+0.20%),1,0.72323084,HIGH (>70%)
2023-01-09 13:30:00,SELL (BEARISH),2,1.072,1.07216,2023-01-09 14:00:00,-0.0149,LOSS ❌ (0.01%),0,0.058026887,LOW (<50%)
2023-01-09 14:00:00,SELL (BEARISH),2,1.07216,1.07434,2023-01-10 14:00:00,-0.2033,LOSS ❌ (0.20%),0,0.19270848,LOW (<50%)
2023-01-09 14:45:00,SELL (BEARISH),2,1.07277,1.07434,2023-01-10 14:00:00,-0.1464,LOSS ❌ (0.15%),0,0.33812577,LOW (<50%)
2023-01-09 15:00:00,SELL (BEARISH),2,1.07341,1.07126318,2023-01-10 13:30:00,0.2,WIN ✅ (+0.20%),1,0.7710007,HIGH (>70%)
2023-01-09 15:45:00,SELL (BEARISH),2,1.07398,1.07183204,2023-01-10 12:30:00,0.2,WIN ✅ (+0.20%),1,0.84806937,HIGH (>70%)
2023-01-10 05:45:00,SELL (BEARISH),2,1.07422,1.07207156,2023-01-10 12:30:00,0.2,WIN ✅ (+0.20%),1,0.6361021,MEDIUM (50-70%)
2023-01-10 08:15:00,SELL (BEARISH),3,1.07389,1.07174222,2023-01-10 12:30:00,0.2,WIN ✅ (+0.20%),1,0.60435814,MEDIUM (50-70%)
2023-01-10 08:30:00,SELL (BEARISH),2,1.07362,1.07147276,2023-01-10 13:30:00,0.2,WIN ✅ (+0.20%),1,0.5411477,MEDIUM (50-70%)
2023-01-10 09:30:00,SELL (BEARISH),2,1.07366,1.07151268,2023-01-10 13:30:00,0.2,WIN ✅ (+0.20%),1,0.63516116,MEDIUM (50-70%)
2023-01-10 12:45:00,BUY (BULLISH),3,1.0719,1.0740438,2023-01-10 14:00:00,0.2,WIN ✅ (+0.20%),1,0.69688624,MEDIUM (50-70%)
2023-01-10 13:30:00,BUY (BULLISH),2,1.07177,1.07391354,2023-01-10 14:00:00,0.2,WIN ✅ (+0.20%),1,0.58951485,MEDIUM (50-70%)
2023-01-10 14:30:00,SELL (BEARISH),2,1.07424,1.07492,2023-01-11 14:00:00,-0.0633,LOSS ❌ (0.06%),0,0.31166294,LOW (<50%)
2023-01-10 22:15:00,BUY (BULLISH),2,1.07312,1.0752662400000002,2023-01-11 05:30:00,0.2,WIN ✅ (+0.20%),1,0.7995577,HIGH (>70%)
2023-01-11 09:00:00,BUY (BULLISH),2,1.07346,1.07492,2023-01-11 14:00:00,0.136,LOSS ❌ (0.14%),0,0.27153265,LOW (<50%)
2023-01-11 14:30:00,SELL (BEARISH),2,1.07612,1.07396776,2023-01-11 16:45:00,0.2,WIN ✅ (+0.20%),1,0.6030322,MEDIUM (50-70%)
2023-01-11 18:15:00,BUY (BULLISH),2,1.07423,1.07637846,2023-01-11 23:00:00,0.2,WIN ✅ (+0.20%),1,0.73931384,HIGH (>70%)
2023-01-12 05:15:00,SELL (BEARISH),2,1.07726,1.0751054800000002,2023-01-12 08:15:00,0.2,WIN ✅ (+0.20%),1,0.50262845,MEDIUM (50-70%)
2023-01-12 13:30:00,SELL (BEARISH),2,1.07695,1.07966,2023-01-12 14:00:00,-0.2516,LOSS ❌ (0.25%),0,0.28137287,LOW (<50%)
2023-01-12 17:30:00,SELL (BEARISH),2,1.08356,1.08139288,2023-01-13 11:15:00,0.2,WIN ✅ (+0.20%),1,0.8765835,HIGH (>70%)
2023-01-13 00:00:00,SELL (BEARISH),2,1.0859,1.0837282,2023-01-13 02:15:00,0.2,WIN ✅ (+0.20%),1,0.841054,HIGH (>70%)
2023-01-13 08:45:00,SELL (BEARISH),2,1.08549,1.08331902,2023-01-13 09:30:00,0.2,WIN ✅ (+0.20%),1,0.7124054,HIGH (>70%)
2023-01-13 11:30:00,BUY (BULLISH),2,1.08131,1.08026,2023-01-13 14:00:00,-0.0971,LOSS ❌ (-0.10%),0,0.3256329,LOW (<50%)
2023-01-13 12:00:00,BUY (BULLISH),2,1.08099,1.08026,2023-01-13 14:00:00,-0.0675,LOSS ❌ (-0.07%),0,0.38086665,LOW (<50%)
2023-01-13 12:30:00,BUY (BULLISH),2,1.08077,1.08026,2023-01-13 14:00:00,-0.0472,LOSS ❌ (-0.05%),0,0.15289603,LOW (<50%)
2023-01-13 13:30:00,BUY (BULLISH),2,1.08046,1.08026,2023-01-13 14:00:00,-0.0185,LOSS ❌ (-0.02%),0,0.3429324,LOW (<50%)
2023-01-13 14:00:00,BUY (BULLISH),2,1.08026,1.08242052,2023-01-13 15:00:00,0.2,WIN ✅ (+0.20%),1,0.91712403,HIGH (>70%)
2023-01-16 00:15:00,SELL (BEARISH),2,1.08312,1.08095376,2023-01-16 08:15:00,0.2,WIN ✅ (+0.20%),1,0.5895474,MEDIUM (50-70%)
2023-01-16 08:30:00,BUY (BULLISH),3,1.08102,1.08318204,2023-01-16 10:30:00,0.2,WIN ✅ (+0.20%),1,0.8625371,HIGH (>70%)
2023-01-16 09:00:00,BUY (BULLISH),2,1.08077,1.08293154,2023-01-16 10:15:00,0.2,WIN ✅ (+0.20%),1,0.87618047,HIGH (>70%)
2023-01-17 08:15:00,SELL (BEARISH),2,1.08303,1.08596,2023-01-17 14:00:00,-0.2705,LOSS ❌ (0.27%),0,0.23092641,LOW (<50%)
2023-01-17 09:45:00,BUY (BULLISH),3,1.08171,1.08387342,2023-01-17 12:15:00,0.2,WIN ✅ (+0.20%),1,0.5096036,MEDIUM (50-70%)
2023-01-17 10:00:00,BUY (BULLISH),2,1.08149,1.08365298,2023-01-17 12:15:00,0.2,WIN ✅ (+0.20%),1,0.58335376,MEDIUM (50-70%)
2023-01-17 10:30:00,BUY (BULLISH),2,1.08134,1.08350268,2023-01-17 12:15:00,0.2,WIN ✅ (+0.20%),1,0.64178956,MEDIUM (50-70%)
2023-01-17 12:30:00,SELL (BEARISH),2,1.08378,1.08596,2023-01-17 14:00:00,-0.2011,LOSS ❌ (0.20%),0,0.22751011,LOW (<50%)
2023-01-17 13:30:00,SELL (BEARISH),2,1.085,1.08596,2023-01-17 14:00:00,-0.0885,LOSS ❌ (0.09%),0,0.29153034,LOW (<50%)
2023-01-17 14:30:00,SELL (BEARISH),3,1.08625,1.0840775,2023-01-17 15:00:00,0.2,WIN ✅ (+0.20%),1,0.8598069,HIGH (>70%)
2023-01-17 15:45:00,BUY (BULLISH),2,1.08015,1.0823102999999998,2023-01-18 07:30:00,0.2,WIN ✅ (+0.20%),1,0.9399577,HIGH (>70%)
2023-01-17 17:45:00,BUY (BULLISH),2,1.07818,1.08033636,2023-01-17 19:30:00,0.2,WIN ✅ (+0.20%),1,0.8874618,HIGH (>70%)
2023-01-18 02:45:00,BUY (BULLISH),2,1.0787,1.0808574,2023-01-18 07:00:00,0.2,WIN ✅ (+0.20%),1,0.60101205,MEDIUM (50-70%)
2023-01-18 07:45:00,SELL (BEARISH),3,1.08251,1.08656,2023-01-18 14:00:00,-0.3741,LOSS ❌ (0.37%),0,0.13519123,LOW (<50%)
2023-01-18 08:00:00,SELL (BEARISH),2,1.08356,1.08139288,2023-01-18 11:45:00,0.2,WIN ✅ (+0.20%),1,0.7453453,HIGH (>70%)
2023-01-18 18:30:00,BUY (BULLISH),2,1.07904,1.08119808,2023-01-19 07:45:00,0.2,WIN ✅ (+0.20%),1,0.92884386,HIGH (>70%)
2023-01-19 07:45:00,SELL (BEARISH),2,1.08071,1.08057,2023-01-19 14:00:00,0.013,LOSS ❌ (-0.01%),0,0.1893239,LOW (<50%)
2023-01-19 08:45:00,SELL (BEARISH),2,1.08165,1.08057,2023-01-19 14:00:00,0.0998,LOSS ❌ (-0.10%),0,0.3062878,LOW (<50%)
2023-01-19 09:30:00,SELL (BEARISH),2,1.0822,1.0800356,2023-01-19 13:30:00,0.2,WIN ✅ (+0.20%),1,0.6414169,MEDIUM (50-70%)
2023-01-19 10:30:00,SELL (BEARISH),2,1.08234,1.0801753200000002,2023-01-19 13:30:00,0.2,WIN ✅ (+0.20%),1,0.7698166,HIGH (>70%)
2023-01-19 13:30:00,BUY (BULLISH),2,1.08099,1.08057,2023-01-19 14:00:00,-0.0389,LOSS ❌ (-0.04%),0,0.22523978,LOW (<50%)
2023-01-19 13:45:00,BUY (BULLISH),3,1.08094,1.08057,2023-01-19 14:00:00,-0.0342,LOSS ❌ (-0.03%),0,0.25180995,LOW (<50%)
2023-01-19 14:45:00,BUY (BULLISH),2,1.081,1.083162,2023-01-19 18:30:00,0.2,WIN ✅ (+0.20%),1,0.80975217,HIGH (>70%)
2023-01-19 15:45:00,BUY (BULLISH),3,1.07888,1.08103776,2023-01-19 17:00:00,0.2,WIN ✅ (+0.20%),1,0.8437809,HIGH (>70%)
2023-01-19 19:45:00,SELL (BEARISH),2,1.08303,1.08086394,2023-01-20 13:45:00,0.2,WIN ✅ (+0.20%),1,0.5632536,MEDIUM (50-70%)
2023-01-19 20:15:00,SELL (BEARISH),2,1.0835,1.081333,2023-01-20 13:45:00,0.2,WIN ✅ (+0.20%),1,0.84394556,HIGH (>70%)
2023-01-20 00:15:00,SELL (BEARISH),2,1.08379,1.08162242,2023-01-20 12:15:00,0.2,WIN ✅ (+0.20%),1,0.41035688,LOW (<50%)
2023-01-20 05:00:00,BUY (BULLISH),2,1.08288,1.08504576,2023-01-20 08:00:00,0.2,WIN ✅ (+0.20%),1,0.48505566,LOW (<50%)
2023-01-20 12:15:00,BUY (BULLISH),2,1.08196,1.08096,2023-01-20 14:00:00,-0.0924,LOSS ❌ (-0.09%),0,0.26478276,LOW (<50%)
2023-01-20 12:45:00,BUY (BULLISH),2,1.08182,1.08096,2023-01-20 14:00:00,-0.0795,LOSS ❌ (-0.08%),0,0.15500623,LOW (<50%)
2023-01-20 15:30:00,SELL (BEARISH),2,1.08281,1.08555,2023-01-20 21:45:00,-0.253,LOSS ❌ (0.25%),0,0.2065882,LOW (<50%)
2023-01-20 18:00:00,SELL (BEARISH),2,1.08444,1.08555,2023-01-20 21:45:00,-0.1024,LOSS ❌ (0.10%),0,0.30486748,LOW (<50%)
2023-01-22 22:15:00,SELL (BEARISH),2,1.08648,1.08531,2023-01-23 14:00:00,0.1077,LOSS ❌ (-0.11%),0,0.25633126,LOW (<50%)
2023-01-23 07:00:00,SELL (BEARISH),2,1.09082,1.0886383599999998,2023-01-23 11:30:00,0.2,WIN ✅ (+0.20%),1,0.75188255,HIGH (>70%)
2023-01-23 11:45:00,BUY (BULLISH),2,1.0881,1.08531,2023-01-23 14:00:00,-0.2564,LOSS ❌ (-0.26%),0,0.10419902,LOW (<50%)
2023-01-23 12:30:00,BUY (BULLISH),2,1.08767,1.08531,2023-01-23 14:00:00,-0.217,LOSS ❌ (-0.22%),0,0.16796754,LOW (<50%)
2023-01-23 13:45:00,BUY (BULLISH),3,1.08586,1.08531,2023-01-23 14:00:00,-0.0507,LOSS ❌ (-0.05%),0,0.15611605,LOW (<50%)
2023-01-23 14:00:00,BUY (BULLISH),2,1.08531,1.08748062,2023-01-23 16:00:00,0.2,WIN ✅ (+0.20%),1,0.6109324,MEDIUM (50-70%)
2023-01-23 14:15:00,BUY (BULLISH),2,1.08514,1.08731028,2023-01-23 16:00:00,0.2,WIN ✅ (+0.20%),1,0.59830487,MEDIUM (50-70%)
2023-01-24 01:45:00,SELL (BEARISH),2,1.08805,1.0858739,2023-01-24 09:45:00,0.2,WIN ✅ (+0.20%),1,0.88009226,HIGH (>70%)
2023-01-24 02:00:00,SELL (BEARISH),2,1.08811,1.08593378,2023-01-24 09:45:00,0.2,WIN ✅ (+0.20%),1,0.61377597,MEDIUM (50-70%)
2023-01-24 07:00:00,SELL (BEARISH),2,1.08865,1.0864726999999998,2023-01-24 09:30:00,0.2,WIN ✅ (+0.20%),1,0.4831194,LOW (<50%)
2023-01-24 08:30:00,BUY (BULLISH),2,1.08756,1.08685,2023-01-24 14:00:00,-0.0653,LOSS ❌ (-0.07%),0,0.20143352,LOW (<50%)
2023-01-24 15:00:00,BUY (BULLISH),2,1.08531,1.08748062,2023-01-24 15:45:00,0.2,WIN ✅ (+0.20%),1,0.74262244,HIGH (>70%)
2023-01-24 16:30:00,SELL (BEARISH),2,1.08737,1.08786,2023-01-25 14:00:00,-0.0451,LOSS ❌ (0.05%),0,0.19011784,LOW (<50%)
2023-01-24 17:15:00,SELL (BEARISH),2,1.08799,1.08581402,2023-01-25 11:15:00,0.2,WIN ✅ (+0.20%),1,0.64195824,MEDIUM (50-70%)
2023-01-24 17:30:00,SELL (BEARISH),2,1.0881,1.0859238,2023-01-25 11:15:00,0.2,WIN ✅ (+0.20%),1,0.7542747,HIGH (>70%)
2023-01-25 10:00:00,BUY (BULLISH),2,1.08682,1.08786,2023-01-25 14:00:00,0.0957,LOSS ❌ (0.10%),0,0.1316427,LOW (<50%)
2023-01-25 10:15:00,BUY (BULLISH),2,1.08706,1.08786,2023-01-25 14:00:00,0.0736,LOSS ❌ (0.07%),0,0.11329486,LOW (<50%)
2023-01-25 11:00:00,BUY (BULLISH),3,1.08656,1.08786,2023-01-25 14:00:00,0.1196,LOSS ❌ (0.12%),0,0.14203912,LOW (<50%)
2023-01-25 11:15:00,BUY (BULLISH),2,1.08635,1.08786,2023-01-25 14:00:00,0.139,LOSS ❌ (0.14%),0,0.094006404,LOW (<50%)
2023-01-25 11:30:00,BUY (BULLISH),2,1.0862,1.0883724,2023-01-25 13:15:00,0.2,WIN ✅ (+0.20%),1,0.76229465,HIGH (>70%)
2023-01-25 14:30:00,SELL (BEARISH),2,1.08904,1.09024,2023-01-26 14:00:00,-0.1102,LOSS ❌ (0.11%),0,0.18974079,LOW (<50%)
2023-01-25 21:30:00,SELL (BEARISH),2,1.09153,1.08934694,2023-01-26 09:30:00,0.2,WIN ✅ (+0.20%),1,0.7327545,HIGH (>70%)
2023-01-25 23:30:00,SELL (BEARISH),2,1.09211,1.08992578,2023-01-26 09:15:00,0.2,WIN ✅ (+0.20%),1,0.8849254,HIGH (>70%)
2023-01-26 08:45:00,BUY (BULLISH),2,1.09085,1.09024,2023-01-26 14:00:00,-0.0559,LOSS ❌ (-0.06%),0,0.102429755,LOW (<50%)
2023-01-26 09:00:00,BUY (BULLISH),2,1.09075,1.09024,2023-01-26 14:00:00,-0.0468,LOSS ❌ (-0.05%),0,0.21941634,LOW (<50%)
2023-01-26 13:30:00,BUY (BULLISH),2,1.08939,1.09024,2023-01-26 14:00:00,0.078,LOSS ❌ (0.08%),0,0.2384852,LOW (<50%)
2023-01-26 14:00:00,SELL (BEARISH),3,1.09024,1.08805952,2023-01-26 15:00:00,0.2,WIN ✅ (+0.20%),1,0.78498507,HIGH (>70%)
2023-01-26 14:15:00,SELL (BEARISH),2,1.08981,1.08763038,2023-01-26 15:30:00,0.2,WIN ✅ (+0.20%),1,0.74267495,HIGH (>70%)
2023-01-26 15:30:00,BUY (BULLISH),2,1.08748,1.08965496,2023-01-27 00:00:00,0.2,WIN ✅ (+0.20%),1,0.72462124,HIGH (>70%)
2023-01-26 16:15:00,BUY (BULLISH),2,1.08629,1.08846258,2023-01-26 18:30:00,0.2,WIN ✅ (+0.20%),1,0.79061747,HIGH (>70%)
2023-01-26 21:15:00,SELL (BEARISH),2,1.08927,1.08709146,2023-01-27 03:30:00,0.2,WIN ✅ (+0.20%),1,0.8071003,HIGH (>70%)
2023-01-26 21:30:00,SELL (BEARISH),2,1.08929,1.08711142,2023-01-27 03:30:00,0.2,WIN ✅ (+0.20%),1,0.9171005,HIGH (>70%)
2023-01-27 05:00:00,BUY (BULLISH),2,1.08668,1.08885336,2023-01-27 08:45:00,0.2,WIN ✅ (+0.20%),1,0.7229226,HIGH (>70%)
2023-01-27 15:30:00,BUY (BULLISH),2,1.08517,1.0867,2023-01-27 21:45:00,0.141,LOSS ❌ (0.14%),0,0.25790092,LOW (<50%)
2023-01-30 08:15:00,SELL (BEARISH),2,1.08784,1.08877,2023-01-30 14:00:00,-0.0855,LOSS ❌ (0.09%),0,0.18033284,LOW (<50%)
2023-01-30 08:45:00,SELL (BEARISH),2,1.08808,1.08877,2023-01-30 14:00:00,-0.0634,LOSS ❌ (0.06%),0,0.12103734,LOW (<50%)
2023-01-30 10:15:00,SELL (BEARISH),2,1.09118,1.08899764,2023-01-30 13:30:00,0.2,WIN ✅ (+0.20%),1,0.8688763,HIGH (>70%)
2023-01-30 14:15:00,BUY (BULLISH),2,1.08845,1.08564,2023-01-31 14:00:00,-0.2582,LOSS ❌ (-0.26%),0,0.1468904,LOW (<50%)
2023-01-30 15:30:00,BUY (BULLISH),2,1.08815,1.08564,2023-01-31 14:00:00,-0.2307,LOSS ❌ (-0.23%),0,0.17667498,LOW (<50%)
2023-01-30 16:00:00,BUY (BULLISH),3,1.08709,1.08564,2023-01-31 14:00:00,-0.1334,LOSS ❌ (-0.13%),0,0.24114577,LOW (<50%)
2023-01-30 17:15:00,BUY (BULLISH),2,1.08614,1.08564,2023-01-31 14:00:00,-0.046,LOSS ❌ (-0.05%),0,0.22116797,LOW (<50%)
2023-01-30 17:30:00,BUY (BULLISH),3,1.08615,1.08564,2023-01-31 14:00:00,-0.047,LOSS ❌ (-0.05%),0,0.15120548,LOW (<50%)
2023-01-30 18:15:00,BUY (BULLISH),2,1.08555,1.08564,2023-01-31 14:00:00,0.0083,LOSS ❌ (0.01%),0,0.16932136,LOW (<50%)
2023-01-31 08:15:00,BUY (BULLISH),2,1.08221,1.0843744199999998,2023-01-31 13:30:00,0.2,WIN ✅ (+0.20%),1,0.74080783,HIGH (>70%)
2023-01-31 09:00:00,BUY (BULLISH),2,1.08178,1.08394356,2023-01-31 13:15:00,0.2,WIN ✅ (+0.20%),1,0.7781107,HIGH (>70%)
2023-01-31 14:15:00,SELL (BEARISH),2,1.08584,1.08366832,2023-01-31 15:15:00,0.2,WIN ✅ (+0.20%),1,0.51835614,MEDIUM (50-70%)
2023-01-31 16:00:00,SELL (BEARISH),2,1.08629,1.09087,2023-02-01 14:00:00,-0.4216,LOSS ❌ (0.42%),0,0.40360722,LOW (<50%)
2023-01-31 18:45:00,SELL (BEARISH),3,1.0872,1.09087,2023-02-01 14:00:00,-0.3376,LOSS ❌ (0.34%),0,0.18007557,LOW (<50%)
2023-01-31 22:45:00,BUY (BULLISH),2,1.08612,1.08829224,2023-02-01 07:45:00,0.2,WIN ✅ (+0.20%),1,0.5996535,MEDIUM (50-70%)
2023-02-01 00:00:00,BUY (BULLISH),2,1.08601,1.08818202,2023-02-01 07:45:00,0.2,WIN ✅ (+0.20%),1,0.82866776,HIGH (>70%)
2023-02-01 02:15:00,BUY (BULLISH),2,1.08546,1.08763092,2023-02-01 06:30:00,0.2,WIN ✅ (+0.20%),1,0.7400023,HIGH (>70%)
2023-02-01 02:45:00,BUY (BULLISH),2,1.08536,1.0875307200000002,2023-02-01 06:30:00,0.2,WIN ✅ (+0.20%),1,0.5942124,MEDIUM (50-70%)
2023-02-01 09:00:00,SELL (BEARISH),2,1.08838,1.09087,2023-02-01 14:00:00,-0.2288,LOSS ❌ (0.23%),0,0.17052944,LOW (<50%)
2023-02-01 10:00:00,SELL (BEARISH),2,1.08854,1.09087,2023-02-01 14:00:00,-0.214,LOSS ❌ (0.21%),0,0.23897918,LOW (<50%)
2023-02-01 10:30:00,SELL (BEARISH),2,1.08876,1.09087,2023-02-01 14:00:00,-0.1938,LOSS ❌ (0.19%),0,0.35874712,LOW (<50%)
2023-02-01 12:30:00,SELL (BEARISH),2,1.08956,1.09087,2023-02-01 14:00:00,-0.1202,LOSS ❌ (0.12%),0,0.1093551,LOW (<50%)
2023-02-01 13:45:00,SELL (BEARISH),2,1.09036,1.09087,2023-02-01 14:00:00,-0.0468,LOSS ❌ (0.05%),0,0.061906457,LOW (<50%)
2023-02-01 19:00:00,SELL (BEARISH),2,1.09115,1.0889677,2023-02-01 19:30:00,0.2,WIN ✅ (+0.20%),1,0.58149457,MEDIUM (50-70%)
2023-02-01 19:30:00,BUY (BULLISH),2,1.09733,1.09952466,2023-02-01 20:00:00,0.2,WIN ✅ (+0.20%),1,0.9215168,HIGH (>70%)
2023-02-01 20:00:00,SELL (BEARISH),2,1.09792,1.09572416,2023-02-02 13:45:00,0.2,WIN ✅ (+0.20%),1,0.87173516,HIGH (>70%)
2023-02-01 23:15:00,SELL (BEARISH),2,1.10171,1.09950658,2023-02-02 07:45:00,0.2,WIN ✅ (+0.20%),1,0.7427736,HIGH (>70%)
2023-02-02 09:15:00,BUY (BULLISH),3,1.09933,1.09446,2023-02-02 14:00:00,-0.443,LOSS ❌ (-0.44%),0,0.15765385,LOW (<50%)
2023-02-02 09:30:00,BUY (BULLISH),2,1.1003,1.09446,2023-02-02 14:00:00,-0.5308,LOSS ❌ (-0.53%),0,0.1776255,LOW (<50%)
2023-02-02 10:45:00,BUY (BULLISH),2,1.09825,1.09446,2023-02-02 14:00:00,-0.3451,LOSS ❌ (-0.35%),0,0.14091395,LOW (<50%)
2023-02-02 14:00:00,BUY (BULLISH),3,1.09446,1.08403,2023-02-03 14:00:00,-0.953,LOSS ❌ (-0.95%),0,0.1268635,LOW (<50%)
2023-02-03 01:30:00,BUY (BULLISH),2,1.0893,1.0914786,2023-02-03 09:15:00,0.2,WIN ✅ (+0.20%),1,0.6641407,MEDIUM (50-70%)
2023-02-03 02:15:00,BUY (BULLISH),2,1.08903,1.09120806,2023-02-03 09:15:00,0.2,WIN ✅ (+0.20%),1,0.8433513,HIGH (>70%)
2023-02-03 06:45:00,SELL (BEARISH),2,1.08978,1.08760044,2023-02-03 13:30:00,0.2,WIN ✅ (+0.20%),1,0.55840325,MEDIUM (50-70%)
2023-02-03 08:45:00,SELL (BEARISH),2,1.0903,1.0881194,2023-02-03 13:30:00,0.2,WIN ✅ (+0.20%),1,0.80477464,HIGH (>70%)
2023-02-03 10:00:00,SELL (BEARISH),2,1.0926,1.0904148,2023-02-03 13:30:00,0.2,WIN ✅ (+0.20%),1,0.7189422,HIGH (>70%)
2023-02-03 10:30:00,SELL (BEARISH),2,1.09329,1.09110342,2023-02-03 13:30:00,0.2,WIN ✅ (+0.20%),1,0.8208102,HIGH (>70%)
2023-02-03 11:00:00,SELL (BEARISH),2,1.093,1.090814,2023-02-03 13:30:00,0.2,WIN ✅ (+0.20%),1,0.79945546,HIGH (>70%)
2023-02-03 15:00:00,BUY (BULLISH),2,1.08357,1.08573714,2023-02-03 15:15:00,0.2,WIN ✅ (+0.20%),1,0.93749344,HIGH (>70%)
2023-02-03 18:00:00,BUY (BULLISH),2,1.08113,1.07926,2023-02-03 21:45:00,-0.173,LOSS ❌ (-0.17%),0,0.2775083,LOW (<50%)
2023-02-03 18:30:00,BUY (BULLISH),2,1.08089,1.07926,2023-02-03 21:45:00,-0.1508,LOSS ❌ (-0.15%),0,0.10359571,LOW (<50%)
2023-02-03 18:45:00,BUY (BULLISH),2,1.08115,1.07926,2023-02-03 21:45:00,-0.1748,LOSS ❌ (-0.17%),0,0.18857533,LOW (<50%)
2023-02-06 04:30:00,SELL (BEARISH),2,1.07962,1.07746076,2023-02-06 08:00:00,0.2,WIN ✅ (+0.20%),1,0.81184316,HIGH (>70%)
2023-02-06 10:00:00,BUY (BULLISH),2,1.07706,1.07516,2023-02-06 14:00:00,-0.1764,LOSS ❌ (-0.18%),0,0.23696955,LOW (<50%)
2023-02-06 10:45:00,BUY (BULLISH),2,1.07654,1.07516,2023-02-06 14:00:00,-0.1282,LOSS ❌ (-0.13%),0,0.10767539,LOW (<50%)
2023-02-06 11:30:00,BUY (BULLISH),2,1.07619,1.07516,2023-02-06 14:00:00,-0.0957,LOSS ❌ (-0.10%),0,0.27215946,LOW (<50%)
2023-02-06 14:15:00,BUY (BULLISH),2,1.07532,1.06962,2023-02-07 14:00:00,-0.5301,LOSS ❌ (-0.53%),0,0.21596281,LOW (<50%)
2023-02-06 15:45:00,BUY (BULLISH),2,1.07299,1.06962,2023-02-07 14:00:00,-0.3141,LOSS ❌ (-0.31%),0,0.23534943,LOW (<50%)
2023-02-07 13:30:00,BUY (BULLISH),2,1.0694,1.06962,2023-02-07 14:00:00,0.0206,LOSS ❌ (0.02%),0,0.12408356,LOW (<50%)
2023-02-07 14:30:00,BUY (BULLISH),2,1.06875,1.0708875,2023-02-07 16:45:00,0.2,WIN ✅ (+0.20%),1,0.6061976,MEDIUM (50-70%)
2023-02-07 15:15:00,BUY (BULLISH),2,1.06702,1.06915404,2023-02-07 15:45:00,0.2,WIN ✅ (+0.20%),1,0.8933613,HIGH (>70%)
2023-02-07 15:30:00,BUY (BULLISH),2,1.06792,1.07005584,2023-02-07 16:15:00,0.2,WIN ✅ (+0.20%),1,0.8941099,HIGH (>70%)
2023-02-08 01:00:00,SELL (BEARISH),2,1.07308,1.0741,2023-02-08 14:00:00,-0.0951,LOSS ❌ (0.10%),0,0.095013194,LOW (<50%)
2023-02-08 06:15:00,SELL (BEARISH),2,1.07349,1.0741,2023-02-08 14:00:00,-0.0568,LOSS ❌ (0.06%),0,0.20970917,LOW (<50%)
2023-02-08 06:30:00,SELL (BEARISH),2,1.07353,1.0741,2023-02-08 14:00:00,-0.0531,LOSS ❌ (0.05%),0,0.27386272,LOW (<50%)
2023-02-08 09:00:00,SELL (BEARISH),2,1.07591,1.07375818,2023-02-08 11:15:00,0.2,WIN ✅ (+0.20%),1,0.63477117,MEDIUM (50-70%)
2023-02-08 14:30:00,BUY (BULLISH),2,1.07324,1.07538648,2023-02-09 08:15:00,0.2,WIN ✅ (+0.20%),1,0.7545135,HIGH (>70%)
2023-02-08 14:45:00,BUY (BULLISH),2,1.07244,1.07458488,2023-02-09 08:15:00,0.2,WIN ✅ (+0.20%),1,0.6024999,MEDIUM (50-70%)
2023-02-08 15:00:00,BUY (BULLISH),2,1.07227,1.07441454,2023-02-09 06:15:00,0.2,WIN ✅ (+0.20%),1,0.81133986,HIGH (>70%)
2023-02-08 15:30:00,BUY (BULLISH),2,1.07228,1.07442456,2023-02-09 06:15:00,0.2,WIN ✅ (+0.20%),1,0.77688646,HIGH (>70%)
2023-02-08 20:30:00,BUY (BULLISH),2,1.07106,1.07320212,2023-02-09 02:45:00,0.2,WIN ✅ (+0.20%),1,0.8133755,HIGH (>70%)
2023-02-09 04:45:00,SELL (BEARISH),2,1.07318,1.07799,2023-02-09 14:00:00,-0.4482,LOSS ❌ (0.45%),0,0.4274615,LOW (<50%)
2023-02-09 05:15:00,SELL (BEARISH),2,1.07322,1.07799,2023-02-09 14:00:00,-0.4445,LOSS ❌ (0.44%),0,0.17149228,LOW (<50%)
2023-02-09 08:30:00,SELL (BEARISH),2,1.07551,1.07799,2023-02-09 14:00:00,-0.2306,LOSS ❌ (0.23%),0,0.14791422,LOW (<50%)
2023-02-09 10:15:00,SELL (BEARISH),2,1.07677,1.07799,2023-02-09 14:00:00,-0.1133,LOSS ❌ (0.11%),0,0.18024231,LOW (<50%)
2023-02-09 10:30:00,SELL (BEARISH),2,1.07687,1.07799,2023-02-09 14:00:00,-0.104,LOSS ❌ (0.10%),0,0.2038695,LOW (<50%)
2023-02-09 14:00:00,SELL (BEARISH),2,1.07799,1.07583402,2023-02-09 16:00:00,0.2,WIN ✅ (+0.20%),1,0.77600944,HIGH (>70%)
2023-02-09 16:30:00,BUY (BULLISH),2,1.07554,1.06958,2023-02-10 14:00:00,-0.5541,LOSS ❌ (-0.55%),0,0.2381424,LOW (<50%)
2023-02-09 17:45:00,BUY (BULLISH),2,1.07483,1.06958,2023-02-10 14:00:00,-0.4884,LOSS ❌ (-0.49%),0,0.21670556,LOW (<50%)
2023-02-09 18:30:00,BUY (BULLISH),3,1.07408,1.06958,2023-02-10 14:00:00,-0.419,LOSS ❌ (-0.42%),0,0.19158204,LOW (<50%)
2023-02-09 19:30:00,BUY (BULLISH),2,1.07405,1.06958,2023-02-10 14:00:00,-0.4162,LOSS ❌ (-0.42%),0,0.19325855,LOW (<50%)
2023-02-09 20:00:00,BUY (BULLISH),3,1.07371,1.06958,2023-02-10 14:00:00,-0.3846,LOSS ❌ (-0.38%),0,0.17064999,LOW (<50%)
2023-02-09 20:30:00,BUY (BULLISH),2,1.07339,1.06958,2023-02-10 14:00:00,-0.355,LOSS ❌ (-0.35%),0,0.19320667,LOW (<50%)
2023-02-10 00:30:00,BUY (BULLISH),2,1.07277,1.07491554,2023-02-10 08:00:00,0.2,WIN ✅ (+0.20%),1,0.8057701,HIGH (>70%)
2023-02-10 03:00:00,BUY (BULLISH),2,1.07241,1.07455482,2023-02-10 08:00:00,0.2,WIN ✅ (+0.20%),1,0.6401487,MEDIUM (50-70%)
2023-02-10 08:00:00,SELL (BEARISH),2,1.07415,1.0720017,2023-02-10 09:15:00,0.2,WIN ✅ (+0.20%),1,0.6192082,MEDIUM (50-70%)
2023-02-10 09:15:00,BUY (BULLISH),2,1.07193,1.06958,2023-02-10 14:00:00,-0.2192,LOSS ❌ (-0.22%),0,0.2349688,LOW (<50%)
2023-02-10 12:30:00,BUY (BULLISH),2,1.0692,1.06958,2023-02-10 14:00:00,0.0355,LOSS ❌ (0.04%),0,0.45164478,LOW (<50%)
2023-02-10 17:00:00,BUY (BULLISH),3,1.06685,1.06783,2023-02-10 21:45:00,0.0919,LOSS ❌ (0.09%),0,0.33087805,LOW (<50%)
2023-02-12 22:00:00,SELL (BEARISH),2,1.06801,1.06587398,2023-02-13 01:30:00,0.2,WIN ✅ (+0.20%),1,0.8258417,HIGH (>70%)
2023-02-13 12:30:00,SELL (BEARISH),2,1.06889,1.06817,2023-02-13 14:00:00,0.0674,LOSS ❌ (-0.07%),0,0.23913917,LOW (<50%)
2023-02-13 14:30:00,SELL (BEARISH),2,1.06954,1.07408,2023-02-14 14:00:00,-0.4245,LOSS ❌ (0.42%),0,0.11490654,LOW (<50%)
2023-02-13 15:00:00,SELL (BEARISH),3,1.07042,1.07408,2023-02-14 14:00:00,-0.3419,LOSS ❌ (0.34%),0,0.1694422,LOW (<50%)
2023-02-13 15:30:00,SELL (BEARISH),2,1.07161,1.07408,2023-02-14 14:00:00,-0.2305,LOSS ❌ (0.23%),0,0.08202024,LOW (<50%)
2023-02-13 15:45:00,SELL (BEARISH),2,1.07191,1.07408,2023-02-14 14:00:00,-0.2024,LOSS ❌ (0.20%),0,0.11017436,LOW (<50%)
2023-02-14 04:15:00,SELL (BEARISH),2,1.07361,1.07408,2023-02-14 14:00:00,-0.0438,LOSS ❌ (0.04%),0,0.18370232,LOW (<50%)
2023-02-14 07:00:00,SELL (BEARISH),2,1.07381,1.07408,2023-02-14 14:00:00,-0.0251,LOSS ❌ (0.03%),0,0.29798502,LOW (<50%)
2023-02-14 09:00:00,SELL (BEARISH),3,1.07488,1.07273024,2023-02-14 13:30:00,0.2,WIN ✅ (+0.20%),1,0.60914934,MEDIUM (50-70%)
2023-02-14 09:30:00,SELL (BEARISH),3,1.07584,1.0736883199999998,2023-02-14 13:30:00,0.2,WIN ✅ (+0.20%),1,0.6683646,MEDIUM (50-70%)
2023-02-14 09:45:00,SELL (BEARISH),2,1.0761,1.0739478,2023-02-14 13:30:00,0.2,WIN ✅ (+0.20%),1,0.64162785,MEDIUM (50-70%)
2023-02-14 12:45:00,SELL (BEARISH),3,1.07576,1.07360848,2023-02-14 13:30:00,0.2,WIN ✅ (+0.20%),1,0.72883564,HIGH (>70%)
2023-02-14 13:30:00,SELL (BEARISH),2,1.07613,1.07397774,2023-02-14 14:00:00,0.2,WIN ✅ (+0.20%),1,0.87650734,HIGH (>70%)
2023-02-14 14:15:00,BUY (BULLISH),2,1.07249,1.07463498,2023-02-14 14:45:00,0.2,WIN ✅ (+0.20%),1,0.96908295,HIGH (>70%)
2023-02-14 14:30:00,BUY (BULLISH),2,1.0732,1.0753464,2023-02-14 14:45:00,0.2,WIN ✅ (+0.20%),1,0.97618335,HIGH (>70%)
2023-02-14 15:45:00,BUY (BULLISH),2,1.07154,1.07368308,2023-02-14 18:00:00,0.2,WIN ✅ (+0.20%),1,0.92839503,HIGH (>70%)
2023-02-15 02:45:00,BUY (BULLISH),2,1.07243,1.06812,2023-02-15 14:00:00,-0.4019,LOSS ❌ (-0.40%),0,0.25193405,LOW (<50%)
2023-02-15 03:45:00,BUY (BULLISH),2,1.07176,1.06812,2023-02-15 14:00:00,-0.3396,LOSS ❌ (-0.34%),0,0.18116014,LOW (<50%)
2023-02-15 05:45:00,BUY (BULLISH),2,1.07147,1.06812,2023-02-15 14:00:00,-0.3127,LOSS ❌ (-0.31%),0,0.17283686,LOW (<50%)
2023-02-15 09:00:00,SELL (BEARISH),3,1.07241,1.07026518,2023-02-15 12:45:00,0.2,WIN ✅ (+0.20%),1,0.78925663,HIGH (>70%)
2023-02-15 09:30:00,SELL (BEARISH),2,1.07264,1.07049472,2023-02-15 12:45:00,0.2,WIN ✅ (+0.20%),1,0.75112134,HIGH (>70%)
2023-02-15 10:15:00,SELL (BEARISH),2,1.07217,1.07002566,2023-02-15 12:45:00,0.2,WIN ✅ (+0.20%),1,0.70092547,HIGH (>70%)
2023-02-15 14:15:00,BUY (BULLISH),2,1.0676,1.0697352,2023-02-16 01:15:00,0.2,WIN ✅ (+0.20%),1,0.6721355,MEDIUM (50-70%)
2023-02-15 15:45:00,BUY (BULLISH),2,1.06756,1.06969512,2023-02-16 01:15:00,0.2,WIN ✅ (+0.20%),1,0.75887394,HIGH (>70%)
2023-02-15 17:30:00,BUY (BULLISH),2,1.06672,1.0688534399999998,2023-02-15 20:45:00,0.2,WIN ✅ (+0.20%),1,0.79168385,HIGH (>70%)
2023-02-15 18:00:00,BUY (BULLISH),2,1.06689,1.06902378,2023-02-15 21:15:00,0.2,WIN ✅ (+0.20%),1,0.79517245,HIGH (>70%)
2023-02-15 21:00:00,SELL (BEARISH),2,1.06895,1.06803,2023-02-16 14:00:00,0.0861,LOSS ❌ (-0.09%),0,0.15381566,LOW (<50%)
2023-02-15 21:15:00,SELL (BEARISH),2,1.06896,1.06803,2023-02-16 14:00:00,0.087,LOSS ❌ (-0.09%),0,0.22051519,LOW (<50%)
2023-02-16 09:45:00,BUY (BULLISH),2,1.07004,1.06803,2023-02-16 14:00:00,-0.1878,LOSS ❌ (-0.19%),0,0.24213383,LOW (<50%)
2023-02-16 13:45:00,BUY (BULLISH),2,1.06789,1.06803,2023-02-16 14:00:00,0.0131,LOSS ❌ (0.01%),0,0.12696941,LOW (<50%)
2023-02-16 15:00:00,BUY (BULLISH),2,1.06638,1.0685127600000002,2023-02-16 16:45:00,0.2,WIN ✅ (+0.20%),1,0.8114982,HIGH (>70%)
2023-02-16 19:15:00,SELL (BEARISH),2,1.06938,1.06724124,2023-02-16 20:00:00,0.2,WIN ✅ (+0.20%),1,0.7910157,HIGH (>70%)
2023-02-16 22:45:00,BUY (BULLISH),2,1.06685,1.06515,2023-02-17 14:00:00,-0.1593,LOSS ❌ (-0.16%),0,0.14955401,LOW (<50%)
2023-02-16 23:30:00,BUY (BULLISH),2,1.06636,1.06515,2023-02-17 14:00:00,-0.1135,LOSS ❌ (-0.11%),0,0.06738667,LOW (<50%)
2023-02-17 00:30:00,BUY (BULLISH),2,1.0657,1.06515,2023-02-17 14:00:00,-0.0516,LOSS ❌ (-0.05%),0,0.29988196,LOW (<50%)
2023-02-17 09:30:00,SELL (BEARISH),3,1.06458,1.06245084,2023-02-17 11:45:00,0.2,WIN ✅ (+0.20%),1,0.85395485,HIGH (>70%)
2023-02-17 11:15:00,BUY (BULLISH),3,1.06318,1.06530636,2023-02-17 14:00:00,0.2,WIN ✅ (+0.20%),1,0.8459317,HIGH (>70%)
2023-02-17 12:15:00,BUY (BULLISH),2,1.06184,1.06396368,2023-02-17 13:45:00,0.2,WIN ✅ (+0.20%),1,0.78202444,HIGH (>70%)
2023-02-17 12:45:00,BUY (BULLISH),2,1.06197,1.06409394,2023-02-17 13:45:00,0.2,WIN ✅ (+0.20%),1,0.833158,HIGH (>70%)
2023-02-17 15:15:00,SELL (BEARISH),3,1.06635,1.06929,2023-02-17 21:45:00,-0.2757,LOSS ❌ (0.28%),0,0.06930937,LOW (<50%)
2023-02-17 15:30:00,SELL (BEARISH),2,1.06661,1.06929,2023-02-17 21:45:00,-0.2513,LOSS ❌ (0.25%),0,0.16376333,LOW (<50%)
2023-02-17 19:15:00,SELL (BEARISH),2,1.06915,1.06929,2023-02-17 21:45:00,-0.0131,LOSS ❌ (0.01%),0,0.20610018,LOW (<50%)
2023-02-17 19:30:00,SELL (BEARISH),2,1.06896,1.06929,2023-02-17 21:45:00,-0.0309,LOSS ❌ (0.03%),0,0.063633814,LOW (<50%)
2023-02-20 00:15:00,BUY (BULLISH),2,1.06773,1.0698654600000002,2023-02-20 07:30:00,0.2,WIN ✅ (+0.20%),1,0.76414233,HIGH (>70%)
2023-02-20 06:00:00,SELL (BEARISH),2,1.06913,1.06699174,2023-02-20 13:00:00,0.2,WIN ✅ (+0.20%),1,0.8225873,HIGH (>70%)
2023-02-20 15:00:00,SELL (BEARISH),2,1.06875,1.0666125000000002,2023-02-21 02:45:00,0.2,WIN ✅ (+0.20%),1,0.54522735,MEDIUM (50-70%)
2023-02-20 21:00:00,BUY (BULLISH),2,1.06843,1.0658,2023-02-21 14:00:00,-0.2462,LOSS ❌ (-0.25%),0,0.3021678,LOW (<50%)
2023-02-21 08:45:00,BUY (BULLISH),2,1.06602,1.0658,2023-02-21 14:00:00,-0.0206,LOSS ❌ (-0.02%),0,0.18400328,LOW (<50%)
2023-02-21 14:45:00,BUY (BULLISH),2,1.06483,1.06695966,2023-02-21 15:15:00,0.2,WIN ✅ (+0.20%),1,0.7760686,HIGH (>70%)
2023-02-21 18:45:00,BUY (BULLISH),3,1.06424,1.06425,2023-02-22 14:00:00,0.0009,LOSS ❌ (0.00%),0,0.15814699,LOW (<50%)
2023-02-21 23:30:00,SELL (BEARISH),2,1.06511,1.06297978,2023-02-22 10:30:00,0.2,WIN ✅ (+0.20%),1,0.79345196,HIGH (>70%)
2023-02-22 00:00:00,SELL (BEARISH),2,1.06516,1.06302968,2023-02-22 10:30:00,0.2,WIN ✅ (+0.20%),1,0.7568946,HIGH (>70%)
2023-02-22 00:30:00,SELL (BEARISH),2,1.06536,1.06322928,2023-02-22 10:00:00,0.2,WIN ✅ (+0.20%),1,0.9283681,HIGH (>70%)
2023-02-22 01:00:00,SELL (BEARISH),2,1.06578,1.06364844,2023-02-22 09:00:00,0.2,WIN ✅ (+0.20%),1,0.7099695,HIGH (>70%)
2023-02-22 08:00:00,BUY (BULLISH),2,1.06539,1.06425,2023-02-22 14:00:00,-0.107,LOSS ❌ (-0.11%),0,0.46257862,LOW (<50%)
2023-02-22 08:45:00,BUY (BULLISH),2,1.0645,1.06425,2023-02-22 14:00:00,-0.0235,LOSS ❌ (-0.02%),0,0.14623514,LOW (<50%)
2023-02-22 09:00:00,BUY (BULLISH),2,1.06443,1.06425,2023-02-22 14:00:00,-0.0169,LOSS ❌ (-0.02%),0,0.14105842,LOW (<50%)
2023-02-22 10:00:00,BUY (BULLISH),2,1.06361,1.06425,2023-02-22 14:00:00,0.0602,LOSS ❌ (0.06%),0,0.11519178,LOW (<50%)
2023-02-22 10:30:00,BUY (BULLISH),3,1.06373,1.06425,2023-02-22 14:00:00,0.0489,LOSS ❌ (0.05%),0,0.15576372,LOW (<50%)
2023-02-22 11:00:00,BUY (BULLISH),2,1.06289,1.06425,2023-02-22 14:00:00,0.128,LOSS ❌ (0.13%),0,0.3577574,LOW (<50%)
2023-02-22 11:30:00,BUY (BULLISH),2,1.06253,1.06465506,2023-02-22 12:30:00,0.2,WIN ✅ (+0.20%),1,0.8743408,HIGH (>70%)
2023-02-22 14:45:00,SELL (BEARISH),2,1.06494,1.06281012,2023-02-22 15:45:00,0.2,WIN ✅ (+0.20%),1,0.8540183,HIGH (>70%)
2023-02-22 19:00:00,BUY (BULLISH),2,1.06186,1.06098,2023-02-23 14:00:00,-0.0829,LOSS ❌ (-0.08%),0,0.15465125,LOW (<50%)
2023-02-22 20:00:00,BUY (BULLISH),2,1.06026,1.06238052,2023-02-23 02:45:00,0.2,WIN ✅ (+0.20%),1,0.64779365,MEDIUM (50-70%)
2023-02-23 06:30:00,SELL (BEARISH),2,1.06267,1.06054466,2023-02-23 08:45:00,0.2,WIN ✅ (+0.20%),1,0.91418576,HIGH (>70%)
2023-02-23 09:30:00,BUY (BULLISH),2,1.05923,1.0613484599999998,2023-02-23 12:30:00,0.2,WIN ✅ (+0.20%),1,0.82021904,HIGH (>70%)
2023-02-23 10:00:00,BUY (BULLISH),2,1.05921,1.06132842,2023-02-23 12:15:00,0.2,WIN ✅ (+0.20%),1,0.75627464,HIGH (>70%)
2023-02-23 11:15:00,BUY (BULLISH),2,1.05923,1.0613484599999998,2023-02-23 12:30:00,0.2,WIN ✅ (+0.20%),1,0.6666339,MEDIUM (50-70%)
2023-02-23 12:45:00,SELL (BEARISH),2,1.06136,1.06098,2023-02-23 14:00:00,0.0358,LOSS ❌ (-0.04%),0,0.29868132,LOW (<50%)
2023-02-24 13:15:00,BUY (BULLISH),2,1.05702,1.05439,2023-02-24 14:00:00,-0.2488,LOSS ❌ (-0.25%),0,0.16807975,LOW (<50%)
2023-02-27 01:00:00,SELL (BEARISH),2,1.05547,1.05335906,2023-02-27 06:30:00,0.2,WIN ✅ (+0.20%),1,0.88946384,HIGH (>70%)
2023-02-27 14:00:00,SELL (BEARISH),2,1.05782,1.06321,2023-02-28 14:00:00,-0.5095,LOSS ❌ (0.51%),0,0.2605942,LOW (<50%)
2023-02-27 14:30:00,SELL (BEARISH),2,1.05859,1.06321,2023-02-28 14:00:00,-0.4364,LOSS ❌ (0.44%),0,0.36693642,LOW (<50%)
2023-02-27 22:45:00,BUY (BULLISH),2,1.06052,1.06264104,2023-02-28 13:45:00,0.2,WIN ✅ (+0.20%),1,0.82966226,HIGH (>70%)
2023-02-28 05:30:00,BUY (BULLISH),2,1.05841,1.06052682,2023-02-28 08:15:00,0.2,WIN ✅ (+0.20%),1,0.9286693,HIGH (>70%)
2023-02-28 06:00:00,BUY (BULLISH),2,1.05842,1.06053684,2023-02-28 08:15:00,0.2,WIN ✅ (+0.20%),1,0.8989172,HIGH (>70%)
2023-02-28 17:00:00,BUY (BULLISH),3,1.06002,1.06214004,2023-03-01 07:45:00,0.2,WIN ✅ (+0.20%),1,0.8385182,HIGH (>70%)
2023-02-28 17:30:00,BUY (BULLISH),3,1.06009,1.06221018,2023-03-01 07:45:00,0.2,WIN ✅ (+0.20%),1,0.82442546,HIGH (>70%)
2023-02-28 19:30:00,BUY (BULLISH),2,1.05871,1.06082742,2023-03-01 06:45:00,0.2,WIN ✅ (+0.20%),1,0.7144924,HIGH (>70%)
2023-02-28 20:30:00,BUY (BULLISH),2,1.05821,1.06032642,2023-03-01 06:30:00,0.2,WIN ✅ (+0.20%),1,0.6656076,MEDIUM (50-70%)
2023-03-01 06:30:00,SELL (BEARISH),2,1.06026,1.06725,2023-03-01 14:00:00,-0.6593,LOSS ❌ (0.66%),0,0.104487024,LOW (<50%)
2023-03-01 08:30:00,SELL (BEARISH),2,1.06349,1.06725,2023-03-01 14:00:00,-0.3536,LOSS ❌ (0.35%),0,0.090088986,LOW (<50%)
2023-03-01 09:00:00,SELL (BEARISH),2,1.06438,1.06725,2023-03-01 14:00:00,-0.2696,LOSS ❌ (0.27%),0,0.18129049,LOW (<50%)
2023-03-01 11:30:00,SELL (BEARISH),2,1.06686,1.06725,2023-03-01 14:00:00,-0.0366,LOSS ❌ (0.04%),0,0.2479042,LOW (<50%)
2023-03-01 11:45:00,SELL (BEARISH),3,1.06694,1.06725,2023-03-01 14:00:00,-0.0291,LOSS ❌ (0.03%),0,0.2221302,LOW (<50%)
2023-03-01 13:00:00,SELL (BEARISH),2,1.06835,1.06725,2023-03-01 14:00:00,0.103,LOSS ❌ (-0.10%),0,0.12730633,LOW (<50%)
2023-03-01 23:00:00,SELL (BEARISH),2,1.06672,1.06458656,2023-03-02 03:30:00,0.2,WIN ✅ (+0.20%),1,0.811266,HIGH (>70%)
2023-03-02 05:45:00,BUY (BULLISH),2,1.06411,1.05969,2023-03-02 14:00:00,-0.4154,LOSS ❌ (-0.42%),0,0.24010687,LOW (<50%)
2023-03-02 09:30:00,BUY (BULLISH),2,1.06274,1.05969,2023-03-02 14:00:00,-0.287,LOSS ❌ (-0.29%),0,0.20380108,LOW (<50%)
2023-03-02 10:00:00,BUY (BULLISH),3,1.06248,1.05969,2023-03-02 14:00:00,-0.2626,LOSS ❌ (-0.26%),0,0.1308957,LOW (<50%)
2023-03-02 13:00:00,BUY (BULLISH),3,1.06047,1.05969,2023-03-02 14:00:00,-0.0736,LOSS ❌ (-0.07%),0,0.23348632,LOW (<50%)
2023-03-02 13:15:00,BUY (BULLISH),2,1.06068,1.05969,2023-03-02 14:00:00,-0.0933,LOSS ❌ (-0.09%),0,0.20176342,LOW (<50%)
2023-03-02 18:00:00,BUY (BULLISH),2,1.05774,1.05985548,2023-03-02 19:00:00,0.2,WIN ✅ (+0.20%),1,0.7569286,HIGH (>70%)
2023-03-03 01:00:00,SELL (BEARISH),2,1.06099,1.06241,2023-03-03 14:00:00,-0.1338,LOSS ❌ (0.13%),0,0.20514415,LOW (<50%)
2023-03-03 01:15:00,SELL (BEARISH),2,1.06099,1.06241,2023-03-03 14:00:00,-0.1338,LOSS ❌ (0.13%),0,0.24608296,LOW (<50%)
2023-03-03 02:15:00,SELL (BEARISH),2,1.06086,1.06241,2023-03-03 14:00:00,-0.1461,LOSS ❌ (0.15%),0,0.18334062,LOW (<50%)
2023-03-03 06:30:00,SELL (BEARISH),2,1.06167,1.06241,2023-03-03 14:00:00,-0.0697,LOSS ❌ (0.07%),0,0.3585855,LOW (<50%)
2023-03-03 10:00:00,BUY (BULLISH),3,1.06089,1.06241,2023-03-03 14:00:00,0.1433,LOSS ❌ (0.14%),0,0.39559397,LOW (<50%)
2023-03-03 15:00:00,BUY (BULLISH),2,1.06056,1.06268112,2023-03-03 18:00:00,0.2,WIN ✅ (+0.20%),1,0.7908843,HIGH (>70%)
2023-03-06 02:45:00,SELL (BEARISH),2,1.06448,1.06235104,2023-03-06 11:00:00,0.2,WIN ✅ (+0.20%),1,0.58494586,MEDIUM (50-70%)
2023-03-06 07:15:00,SELL (BEARISH),2,1.06482,1.0626903600000002,2023-03-06 10:00:00,0.2,WIN ✅ (+0.20%),1,0.71733546,HIGH (>70%)
2023-03-06 09:30:00,BUY (BULLISH),2,1.06375,1.0658775,2023-03-06 14:00:00,0.2,WIN ✅ (+0.20%),1,0.83257675,HIGH (>70%)
2023-03-06 10:00:00,BUY (BULLISH),2,1.06298,1.06510596,2023-03-06 13:15:00,0.2,WIN ✅ (+0.20%),1,0.63109356,MEDIUM (50-70%)
2023-03-06 11:00:00,BUY (BULLISH),2,1.063,1.065126,2023-03-06 13:15:00,0.2,WIN ✅ (+0.20%),1,0.7969712,HIGH (>70%)
2023-03-06 11:15:00,BUY (BULLISH),2,1.06239,1.06451478,2023-03-06 11:45:00,0.2,WIN ✅ (+0.20%),1,0.73495066,HIGH (>70%)
2023-03-06 13:30:00,SELL (BEARISH),2,1.06539,1.06571,2023-03-06 14:00:00,-0.03,LOSS ❌ (0.03%),0,0.24613415,LOW (<50%)
2023-03-06 14:00:00,SELL (BEARISH),2,1.06571,1.06503,2023-03-07 14:00:00,0.0638,LOSS ❌ (-0.06%),0,0.17652346,LOW (<50%)
2023-03-06 14:15:00,SELL (BEARISH),2,1.06591,1.06503,2023-03-07 14:00:00,0.0826,LOSS ❌ (-0.08%),0,0.19986303,LOW (<50%)
2023-03-06 14:30:00,SELL (BEARISH),2,1.06656,1.06503,2023-03-07 14:00:00,0.1435,LOSS ❌ (-0.14%),0,0.101803266,LOW (<50%)
2023-03-06 14:45:00,SELL (BEARISH),2,1.06688,1.06503,2023-03-07 14:00:00,0.1734,LOSS ❌ (-0.17%),0,0.16215801,LOW (<50%)
2023-03-06 15:15:00,SELL (BEARISH),2,1.06742,1.06528516,2023-03-07 12:15:00,0.2,WIN ✅ (+0.20%),1,0.7688768,HIGH (>70%)
2023-03-06 15:45:00,SELL (BEARISH),2,1.06783,1.06569434,2023-03-07 09:45:00,0.2,WIN ✅ (+0.20%),1,0.6903235,MEDIUM (50-70%)
2023-03-06 17:15:00,SELL (BEARISH),2,1.06858,1.06644284,2023-03-07 09:00:00,0.2,WIN ✅ (+0.20%),1,0.8862695,HIGH (>70%)
2023-03-06 23:15:00,SELL (BEARISH),2,1.06822,1.06608356,2023-03-07 09:15:00,0.2,WIN ✅ (+0.20%),1,0.6817727,MEDIUM (50-70%)
2023-03-06 23:45:00,SELL (BEARISH),2,1.06852,1.06638296,2023-03-07 09:00:00,0.2,WIN ✅ (+0.20%),1,0.81302327,HIGH (>70%)
2023-03-07 04:00:00,SELL (BEARISH),2,1.06912,1.06698176,2023-03-07 08:15:00,0.2,WIN ✅ (+0.20%),1,0.37530392,LOW (<50%)
2023-03-07 09:15:00,BUY (BULLISH),2,1.06622,1.06503,2023-03-07 14:00:00,-0.1116,LOSS ❌ (-0.11%),0,0.091817975,LOW (<50%)
2023-03-07 10:00:00,BUY (BULLISH),2,1.06593,1.06503,2023-03-07 14:00:00,-0.0844,LOSS ❌ (-0.08%),0,0.1397227,LOW (<50%)
2023-03-07 12:00:00,BUY (BULLISH),2,1.06581,1.06503,2023-03-07 14:00:00,-0.0732,LOSS ❌ (-0.07%),0,0.17303263,LOW (<50%)
2023-03-07 12:30:00,BUY (BULLISH),2,1.06639,1.06503,2023-03-07 14:00:00,-0.1275,LOSS ❌ (-0.13%),0,0.2472526,LOW (<50%)
2023-03-07 14:45:00,BUY (BULLISH),2,1.06476,1.05443,2023-03-08 14:00:00,-0.9702,LOSS ❌ (-0.97%),0,0.2981195,LOW (<50%)
2023-03-07 15:15:00,BUY (BULLISH),2,1.06017,1.05443,2023-03-08 14:00:00,-0.5414,LOSS ❌ (-0.54%),0,0.15150148,LOW (<50%)
2023-03-07 16:15:00,BUY (BULLISH),2,1.05749,1.05443,2023-03-08 14:00:00,-0.2894,LOSS ❌ (-0.29%),0,0.07076707,LOW (<50%)
2023-03-07 16:30:00,BUY (BULLISH),2,1.05797,1.05443,2023-03-08 14:00:00,-0.3346,LOSS ❌ (-0.33%),0,0.09957977,LOW (<50%)
2023-03-07 17:00:00,BUY (BULLISH),2,1.05758,1.05443,2023-03-08 14:00:00,-0.2978,LOSS ❌ (-0.30%),0,0.14234816,LOW (<50%)
2023-03-07 18:45:00,BUY (BULLISH),2,1.05556,1.05443,2023-03-08 14:00:00,-0.1071,LOSS ❌ (-0.11%),0,0.1122451,LOW (<50%)
2023-03-07 19:15:00,BUY (BULLISH),3,1.05536,1.05443,2023-03-08 14:00:00,-0.0881,LOSS ❌ (-0.09%),0,0.079342596,LOW (<50%)
2023-03-07 19:45:00,BUY (BULLISH),2,1.05512,1.05443,2023-03-08 14:00:00,-0.0654,LOSS ❌ (-0.07%),0,0.10297436,LOW (<50%)
2023-03-08 00:15:00,BUY (BULLISH),2,1.05428,1.05443,2023-03-08 14:00:00,0.0142,LOSS ❌ (0.01%),0,0.16199967,LOW (<50%)
2023-03-08 05:15:00,BUY (BULLISH),2,1.0531,1.05443,2023-03-08 14:00:00,0.1263,LOSS ❌ (0.13%),0,0.22019938,LOW (<50%)
2023-03-08 15:00:00,BUY (BULLISH),2,1.05444,1.05654888,2023-03-08 15:15:00,0.2,WIN ✅ (+0.20%),1,0.6588692,MEDIUM (50-70%)
2023-03-08 15:15:00,SELL (BEARISH),2,1.05573,1.05687,2023-03-09 14:00:00,-0.108,LOSS ❌ (0.11%),0,0.18214597,LOW (<50%)
2023-03-08 15:30:00,SELL (BEARISH),2,1.05545,1.05687,2023-03-09 14:00:00,-0.1345,LOSS ❌ (0.13%),0,0.12664029,LOW (<50%)
2023-03-09 00:15:00,SELL (BEARISH),2,1.05504,1.05687,2023-03-09 14:00:00,-0.1735,LOSS ❌ (0.17%),0,0.3135811,LOW (<50%)
2023-03-09 14:45:00,SELL (BEARISH),2,1.05749,1.06289,2023-03-10 14:00:00,-0.5106,LOSS ❌ (0.51%),0,0.25347105,LOW (<50%)
2023-03-09 19:00:00,SELL (BEARISH),2,1.05866,1.06289,2023-03-10 14:00:00,-0.3996,LOSS ❌ (0.40%),0,0.20433368,LOW (<50%)
2023-03-10 00:30:00,SELL (BEARISH),2,1.05958,1.05746084,2023-03-10 08:15:00,0.2,WIN ✅ (+0.20%),1,0.68455905,MEDIUM (50-70%)
2023-03-10 08:15:00,BUY (BULLISH),2,1.05803,1.06014606,2023-03-10 10:30:00,0.2,WIN ✅ (+0.20%),1,0.5593579,MEDIUM (50-70%)
2023-03-10 15:45:00,SELL (BEARISH),2,1.06869,1.06655262,2023-03-10 16:15:00,0.2,WIN ✅ (+0.20%),1,0.9483119,HIGH (>70%)
2023-03-10 19:30:00,BUY (BULLISH),2,1.06379,1.06382,2023-03-10 21:45:00,0.0028,LOSS ❌ (0.00%),0,0.15696768,LOW (<50%)
2023-03-13 03:00:00,SELL (BEARISH),3,1.07295,1.0708041,2023-03-13 08:30:00,0.2,WIN ✅ (+0.20%),1,0.8712102,HIGH (>70%)
2023-03-13 07:45:00,SELL (BEARISH),2,1.07249,1.07034502,2023-03-13 09:00:00,0.2,WIN ✅ (+0.20%),1,0.8428657,HIGH (>70%)
2023-03-13 09:30:00,BUY (BULLISH),2,1.06717,1.06930434,2023-03-13 09:45:00,0.2,WIN ✅ (+0.20%),1,0.83239853,HIGH (>70%)
2023-03-13 10:15:00,BUY (BULLISH),2,1.06645,1.0685829,2023-03-13 12:30:00,0.2,WIN ✅ (+0.20%),1,0.76258284,HIGH (>70%)
2023-03-13 10:30:00,BUY (BULLISH),2,1.06735,1.0694847,2023-03-13 12:45:00,0.2,WIN ✅ (+0.20%),1,0.8771347,HIGH (>70%)
2023-03-13 11:00:00,BUY (BULLISH),2,1.06599,1.06812198,2023-03-13 12:30:00,0.2,WIN ✅ (+0.20%),1,0.881746,HIGH (>70%)
2023-03-13 11:15:00,BUY (BULLISH),3,1.06598,1.06811196,2023-03-13 12:30:00,0.2,WIN ✅ (+0.20%),1,0.9223895,HIGH (>70%)
2023-03-13 12:15:00,BUY (BULLISH),2,1.06684,1.06897368,2023-03-13 12:45:00,0.2,WIN ✅ (+0.20%),1,0.7852496,HIGH (>70%)
2023-03-13 14:45:00,SELL (BEARISH),2,1.07225,1.0701055,2023-03-14 02:30:00,0.2,WIN ✅ (+0.20%),1,0.9609668,HIGH (>70%)
2023-03-13 15:00:00,SELL (BEARISH),3,1.07229,1.07014542,2023-03-14 02:30:00,0.2,WIN ✅ (+0.20%),1,0.9291322,HIGH (>70%)
2023-03-13 16:00:00,SELL (BEARISH),2,1.07238,1.07023524,2023-03-14 02:30:00,0.2,WIN ✅ (+0.20%),1,0.9538333,HIGH (>70%)
2023-03-13 16:30:00,SELL (BEARISH),3,1.07377,1.07162246,2023-03-14 00:00:00,0.2,WIN ✅ (+0.20%),1,0.7918816,HIGH (>70%)
2023-03-14 02:45:00,BUY (BULLISH),2,1.07004,1.07218008,2023-03-14 11:00:00,0.2,WIN ✅ (+0.20%),1,0.720764,HIGH (>70%)
2023-03-14 04:45:00,BUY (BULLISH),2,1.07024,1.07238048,2023-03-14 11:30:00,0.2,WIN ✅ (+0.20%),1,0.69131136,MEDIUM (50-70%)
2023-03-14 07:30:00,BUY (BULLISH),3,1.0683,1.0704366,2023-03-14 08:45:00,0.2,WIN ✅ (+0.20%),1,0.7657112,HIGH (>70%)
2023-03-14 07:45:00,BUY (BULLISH),2,1.06894,1.07107788,2023-03-14 09:45:00,0.2,WIN ✅ (+0.20%),1,0.74943954,HIGH (>70%)
2023-03-14 10:30:00,SELL (BEARISH),3,1.07126,1.07276,2023-03-14 14:00:00,-0.14,LOSS ❌ (0.14%),0,0.16287933,LOW (<50%)
2023-03-14 11:00:00,SELL (BEARISH),2,1.0714,1.07276,2023-03-14 14:00:00,-0.1269,LOSS ❌ (0.13%),0,0.32793424,LOW (<50%)
2023-03-14 11:45:00,SELL (BEARISH),2,1.07215,1.0700056999999998,2023-03-14 12:30:00,0.2,WIN ✅ (+0.20%),1,0.6072415,MEDIUM (50-70%)
2023-03-14 12:15:00,SELL (BEARISH),2,1.07262,1.07047476,2023-03-14 12:30:00,0.2,WIN ✅ (+0.20%),1,0.6779278,MEDIUM (50-70%)
2023-03-14 12:30:00,SELL (BEARISH),2,1.0728,1.0706544,2023-03-14 13:30:00,0.2,WIN ✅ (+0.20%),1,0.786155,HIGH (>70%)
2023-03-14 18:45:00,SELL (BEARISH),3,1.07413,1.07198174,2023-03-15 09:00:00,0.2,WIN ✅ (+0.20%),1,0.6725802,MEDIUM (50-70%)
2023-03-14 23:45:00,BUY (BULLISH),2,1.07265,1.0747953,2023-03-15 02:00:00,0.2,WIN ✅ (+0.20%),1,0.7566755,HIGH (>70%)
2023-03-15 08:15:00,BUY (BULLISH),2,1.07333,1.05563,2023-03-15 14:00:00,-1.6491,LOSS ❌ (-1.65%),0,0.2203524,LOW (<50%)
2023-03-15 11:45:00,BUY (BULLISH),2,1.05871,1.05563,2023-03-15 14:00:00,-0.2909,LOSS ❌ (-0.29%),0,0.22826862,LOW (<50%)
2023-03-15 15:45:00,BUY (BULLISH),2,1.05336,1.05546672,2023-03-15 17:00:00,0.2,WIN ✅ (+0.20%),1,0.88676506,HIGH (>70%)
2023-03-15 18:45:00,SELL (BEARISH),2,1.05852,1.05640296,2023-03-16 13:15:00,0.2,WIN ✅ (+0.20%),1,0.8920588,HIGH (>70%)
2023-03-15 19:00:00,SELL (BEARISH),2,1.05823,1.05611354,2023-03-16 13:15:00,0.2,WIN ✅ (+0.20%),1,0.81608564,HIGH (>70%)
2023-03-16 08:15:00,SELL (BEARISH),2,1.06228,1.06015544,2023-03-16 10:30:00,0.2,WIN ✅ (+0.20%),1,0.6251012,MEDIUM (50-70%)
2023-03-16 13:15:00,BUY (BULLISH),2,1.05755,1.0596651,2023-03-16 13:45:00,0.2,WIN ✅ (+0.20%),1,0.88923526,HIGH (>70%)
2023-03-17 04:15:00,SELL (BEARISH),2,1.0644,1.0622712,2023-03-17 11:15:00,0.2,WIN ✅ (+0.20%),1,0.76640224,HIGH (>70%)
2023-03-17 04:30:00,SELL (BEARISH),2,1.06449,1.06236102,2023-03-17 11:15:00,0.2,WIN ✅ (+0.20%),1,0.8701147,HIGH (>70%)
2023-03-17 05:00:00,SELL (BEARISH),2,1.06485,1.0627203,2023-03-17 10:30:00,0.2,WIN ✅ (+0.20%),1,0.8641555,HIGH (>70%)
2023-03-17 09:45:00,BUY (BULLISH),3,1.06466,1.06377,2023-03-17 14:00:00,-0.0836,LOSS ❌ (-0.08%),0,0.15156588,LOW (<50%)
2023-03-17 10:15:00,BUY (BULLISH),2,1.06374,1.06377,2023-03-17 14:00:00,0.0028,LOSS ❌ (0.00%),0,0.28620604,LOW (<50%)
2023-03-17 11:30:00,BUY (BULLISH),2,1.06207,1.06419414,2023-03-17 14:00:00,0.2,WIN ✅ (+0.20%),1,0.77392936,HIGH (>70%)
2023-03-17 12:15:00,BUY (BULLISH),2,1.06153,1.06365306,2023-03-17 14:00:00,0.2,WIN ✅ (+0.20%),1,0.88032806,HIGH (>70%)
2023-03-17 12:30:00,BUY (BULLISH),2,1.06177,1.06389354,2023-03-17 14:00:00,0.2,WIN ✅ (+0.20%),1,0.6714971,MEDIUM (50-70%)
2023-03-17 16:30:00,SELL (BEARISH),2,1.0668,1.06641,2023-03-17 20:45:00,0.0366,LOSS ❌ (-0.04%),0,0.08124438,LOW (<50%)
2023-03-19 21:30:00,SELL (BEARISH),2,1.06871,1.06657258,2023-03-20 03:15:00,0.2,WIN ✅ (+0.20%),1,0.9483448,HIGH (>70%)
2023-03-20 03:15:00,BUY (BULLISH),2,1.06691,1.06904382,2023-03-20 10:15:00,0.2,WIN ✅ (+0.20%),1,0.72778445,HIGH (>70%)
2023-03-20 03:30:00,BUY (BULLISH),2,1.06673,1.06886346,2023-03-20 10:15:00,0.2,WIN ✅ (+0.20%),1,0.58885086,MEDIUM (50-70%)
2023-03-20 10:00:00,SELL (BEARISH),2,1.06791,1.07183,2023-03-20 14:00:00,-0.3671,LOSS ❌ (0.37%),0,0.2781121,LOW (<50%)
2023-03-20 11:00:00,SELL (BEARISH),2,1.06969,1.07183,2023-03-20 14:00:00,-0.2001,LOSS ❌ (0.20%),0,0.19794247,LOW (<50%)
2023-03-20 12:00:00,SELL (BEARISH),3,1.07076,1.07183,2023-03-20 14:00:00,-0.0999,LOSS ❌ (0.10%),0,0.19710596,LOW (<50%)
2023-03-20 12:30:00,SELL (BEARISH),2,1.07108,1.07183,2023-03-20 14:00:00,-0.07,LOSS ❌ (0.07%),0,0.17653461,LOW (<50%)
2023-03-20 13:00:00,SELL (BEARISH),2,1.07161,1.07183,2023-03-20 14:00:00,-0.0205,LOSS ❌ (0.02%),0,0.15946443,LOW (<50%)
2023-03-20 13:45:00,SELL (BEARISH),2,1.07234,1.07183,2023-03-20 14:00:00,0.0476,LOSS ❌ (-0.05%),0,0.049811307,LOW (<50%)
2023-03-20 23:45:00,BUY (BULLISH),2,1.07181,1.07395362,2023-03-21 09:30:00,0.2,WIN ✅ (+0.20%),1,0.84383845,HIGH (>70%)
2023-03-21 00:15:00,SELL (BEARISH),2,1.07179,1.07714,2023-03-21 14:00:00,-0.4992,LOSS ❌ (0.50%),0,0.23971166,LOW (<50%)
2023-03-21 01:00:00,BUY (BULLISH),2,1.07169,1.07383338,2023-03-21 08:30:00,0.2,WIN ✅ (+0.20%),1,0.9061461,HIGH (>70%)
2023-03-21 03:45:00,BUY (BULLISH),2,1.07155,1.0736931,2023-03-21 08:15:00,0.2,WIN ✅ (+0.20%),1,0.71074975,HIGH (>70%)
2023-03-21 08:30:00,SELL (BEARISH),2,1.07332,1.07714,2023-03-21 14:00:00,-0.3559,LOSS ❌ (0.36%),0,0.18238826,LOW (<50%)
2023-03-21 10:15:00,SELL (BEARISH),2,1.07454,1.07714,2023-03-21 14:00:00,-0.242,LOSS ❌ (0.24%),0,0.07650502,LOW (<50%)
2023-03-21 11:45:00,SELL (BEARISH),2,1.07782,1.07714,2023-03-21 14:00:00,0.0631,LOSS ❌ (-0.06%),0,0.11718666,LOW (<50%)
2023-03-21 13:30:00,SELL (BEARISH),2,1.0776,1.07714,2023-03-21 14:00:00,0.0427,LOSS ❌ (-0.04%),0,0.12481337,LOW (<50%)
2023-03-22 06:45:00,BUY (BULLISH),2,1.07663,1.07878326,2023-03-22 09:00:00,0.2,WIN ✅ (+0.20%),1,0.5725162,MEDIUM (50-70%)
2023-03-22 09:15:00,SELL (BEARISH),2,1.07892,1.07795,2023-03-22 14:00:00,0.0899,LOSS ❌ (-0.09%),0,0.068107866,LOW (<50%)
2023-03-22 10:45:00,SELL (BEARISH),2,1.07918,1.07795,2023-03-22 14:00:00,0.114,LOSS ❌ (-0.11%),0,0.18564075,LOW (<50%)
2023-03-22 11:15:00,SELL (BEARISH),3,1.07944,1.07795,2023-03-22 14:00:00,0.138,LOSS ❌ (-0.14%),0,0.22261332,LOW (<50%)
2023-03-22 12:00:00,SELL (BEARISH),2,1.07972,1.07756056,2023-03-22 13:45:00,0.2,WIN ✅ (+0.20%),1,0.7494993,HIGH (>70%)
2023-03-22 18:45:00,SELL (BEARISH),2,1.08803,1.08585394,2023-03-22 19:00:00,0.2,WIN ✅ (+0.20%),1,0.78293496,HIGH (>70%)
2023-03-23 08:30:00,BUY (BULLISH),2,1.0897,1.08864,2023-03-23 14:00:00,-0.0973,LOSS ❌ (-0.10%),0,0.20227036,LOW (<50%)
2023-03-23 09:30:00,BUY (BULLISH),3,1.08858,1.08864,2023-03-23 14:00:00,0.0055,LOSS ❌ (0.01%),0,0.23888916,LOW (<50%)
2023-03-23 14:30:00,SELL (BEARISH),2,1.08839,1.08621322,2023-03-23 18:30:00,0.2,WIN ✅ (+0.20%),1,0.7787286,HIGH (>70%)
2023-03-23 14:45:00,SELL (BEARISH),2,1.08909,1.08691182,2023-03-23 17:15:00,0.2,WIN ✅ (+0.20%),1,0.7049784,HIGH (>70%)
2023-03-23 17:30:00,BUY (BULLISH),2,1.08755,1.07601,2023-03-24 14:00:00,-1.0611,LOSS ❌ (-1.06%),0,0.29665902,LOW (<50%)
2023-03-23 17:45:00,BUY (BULLISH),2,1.08683,1.07601,2023-03-24 14:00:00,-0.9956,LOSS ❌ (-1.00%),0,0.18405302,LOW (<50%)
2023-03-23 19:30:00,BUY (BULLISH),2,1.0838,1.07601,2023-03-24 14:00:00,-0.7188,LOSS ❌ (-0.72%),0,0.18709975,LOW (<50%)
2023-03-24 01:15:00,BUY (BULLISH),2,1.08218,1.07601,2023-03-24 14:00:00,-0.5701,LOSS ❌ (-0.57%),0,0.24143542,LOW (<50%)
2023-03-24 05:00:00,SELL (BEARISH),2,1.08348,1.08131304,2023-03-24 08:00:00,0.2,WIN ✅ (+0.20%),1,0.80284053,HIGH (>70%)
2023-03-24 05:30:00,SELL (BEARISH),2,1.08346,1.08129308,2023-03-24 08:00:00,0.2,WIN ✅ (+0.20%),1,0.86703956,HIGH (>70%)
2023-03-24 08:15:00,BUY (BULLISH),2,1.07858,1.07601,2023-03-24 14:00:00,-0.2383,LOSS ❌ (-0.24%),0,0.13301958,LOW (<50%)
2023-03-24 11:00:00,BUY (BULLISH),2,1.07342,1.07556684,2023-03-24 13:15:00,0.2,WIN ✅ (+0.20%),1,0.96837807,HIGH (>70%)
2023-03-24 17:30:00,SELL (BEARISH),2,1.07645,1.07596,2023-03-24 20:45:00,0.0455,LOSS ❌ (-0.05%),0,0.19067028,LOW (<50%)
2023-03-27 07:45:00,BUY (BULLISH),2,1.07513,1.07728026,2023-03-27 11:15:00,0.2,WIN ✅ (+0.20%),1,0.6472375,MEDIUM (50-70%)
2023-03-27 13:30:00,SELL (BEARISH),2,1.07919,1.07843,2023-03-27 14:00:00,0.0704,LOSS ❌ (-0.07%),0,0.15644932,LOW (<50%)
2023-03-27 16:15:00,SELL (BEARISH),2,1.07934,1.08208,2023-03-28 14:00:00,-0.2539,LOSS ❌ (0.25%),0,0.22052102,LOW (<50%)
2023-03-27 16:30:00,SELL (BEARISH),2,1.07887,1.08208,2023-03-28 14:00:00,-0.2975,LOSS ❌ (0.30%),0,0.26495704,LOW (<50%)
2023-03-27 19:00:00,SELL (BEARISH),2,1.07957,1.08208,2023-03-28 14:00:00,-0.2325,LOSS ❌ (0.23%),0,0.23150101,LOW (<50%)
2023-03-27 20:15:00,SELL (BEARISH),2,1.07991,1.08208,2023-03-28 14:00:00,-0.2009,LOSS ❌ (0.20%),0,0.2980933,LOW (<50%)
2023-03-27 23:30:00,SELL (BEARISH),2,1.08066,1.08208,2023-03-28 14:00:00,-0.1314,LOSS ❌ (0.13%),0,0.29724234,LOW (<50%)
2023-03-27 23:45:00,SELL (BEARISH),2,1.0806,1.08208,2023-03-28 14:00:00,-0.137,LOSS ❌ (0.14%),0,0.22768083,LOW (<50%)
2023-03-28 06:15:00,SELL (BEARISH),2,1.08156,1.08208,2023-03-28 14:00:00,-0.0481,LOSS ❌ (0.05%),0,0.1794396,LOW (<50%)
2023-03-28 12:15:00,SELL (BEARISH),2,1.08413,1.08196174,2023-03-28 14:00:00,0.2,WIN ✅ (+0.20%),1,0.545575,MEDIUM (50-70%)
2023-03-28 12:30:00,SELL (BEARISH),2,1.08399,1.08182202,2023-03-28 14:00:00,0.2,WIN ✅ (+0.20%),1,0.66369057,MEDIUM (50-70%)
2023-03-28 19:15:00,SELL (BEARISH),2,1.08449,1.08232102,2023-03-29 06:00:00,0.2,WIN ✅ (+0.20%),1,0.7792514,HIGH (>70%)
2023-03-28 19:45:00,SELL (BEARISH),2,1.08473,1.08256054,2023-03-29 06:00:00,0.2,WIN ✅ (+0.20%),1,0.7837192,HIGH (>70%)
2023-03-29 04:00:00,BUY (BULLISH),2,1.08354,1.08570708,2023-03-29 09:45:00,0.2,WIN ✅ (+0.20%),1,0.7709881,HIGH (>70%)
2023-03-29 06:00:00,BUY (BULLISH),2,1.08316,1.0853263199999998,2023-03-29 09:30:00,0.2,WIN ✅ (+0.20%),1,0.6543794,MEDIUM (50-70%)
2023-03-29 09:15:00,SELL (BEARISH),2,1.08429,1.08488,2023-03-29 14:00:00,-0.0544,LOSS ❌ (0.05%),0,0.22537684,LOW (<50%)
2023-03-29 16:30:00,BUY (BULLISH),3,1.08264,1.08480528,2023-03-29 22:30:00,0.2,WIN ✅ (+0.20%),1,0.6930986,MEDIUM (50-70%)
2023-03-29 16:45:00,BUY (BULLISH),3,1.08271,1.08487542,2023-03-30 06:45:00,0.2,WIN ✅ (+0.20%),1,0.74228907,HIGH (>70%)
2023-03-29 22:30:00,SELL (BEARISH),2,1.08477,1.08260046,2023-03-30 03:00:00,0.2,WIN ✅ (+0.20%),1,0.8381143,HIGH (>70%)
2023-03-30 00:30:00,BUY (BULLISH),2,1.08384,1.0860076799999998,2023-03-30 08:00:00,0.2,WIN ✅ (+0.20%),1,0.6581386,MEDIUM (50-70%)
2023-03-30 01:15:00,BUY (BULLISH),2,1.08318,1.08534636,2023-03-30 07:30:00,0.2,WIN ✅ (+0.20%),1,0.8125727,HIGH (>70%)
2023-03-30 05:45:00,SELL (BEARISH),2,1.08411,1.09126,2023-03-30 14:00:00,-0.6595,LOSS ❌ (0.66%),0,0.25021434,LOW (<50%)
2023-03-30 07:45:00,SELL (BEARISH),3,1.08545,1.09126,2023-03-30 14:00:00,-0.5353,LOSS ❌ (0.54%),0,0.11662546,LOW (<50%)
2023-03-30 10:45:00,SELL (BEARISH),2,1.08783,1.09126,2023-03-30 14:00:00,-0.3153,LOSS ❌ (0.32%),0,0.31689948,LOW (<50%)
2023-03-30 12:45:00,SELL (BEARISH),2,1.09095,1.09126,2023-03-30 14:00:00,-0.0284,LOSS ❌ (0.03%),0,0.2500979,LOW (<50%)
2023-03-30 13:00:00,SELL (BEARISH),2,1.09079,1.09126,2023-03-30 14:00:00,-0.0431,LOSS ❌ (0.04%),0,0.19932899,LOW (<50%)
2023-03-30 13:15:00,SELL (BEARISH),2,1.09174,1.09126,2023-03-30 14:00:00,0.044,LOSS ❌ (-0.04%),0,0.07892958,LOW (<50%)
2023-03-31 01:00:00,SELL (BEARISH),2,1.0916,1.0894168,2023-03-31 06:00:00,0.2,WIN ✅ (+0.20%),1,0.8235903,HIGH (>70%)
2023-03-31 07:45:00,BUY (BULLISH),2,1.08841,1.08968,2023-03-31 14:00:00,0.1167,LOSS ❌ (0.12%),0,0.27806458,LOW (<50%)
2023-03-31 11:00:00,BUY (BULLISH),2,1.08743,1.08960486,2023-03-31 14:00:00,0.2,WIN ✅ (+0.20%),1,0.6657132,MEDIUM (50-70%)
2023-03-31 14:45:00,BUY (BULLISH),2,1.08666,1.08422,2023-03-31 20:45:00,-0.2245,LOSS ❌ (-0.22%),0,0.21446638,LOW (<50%)
2023-03-31 17:45:00,BUY (BULLISH),3,1.08529,1.08422,2023-03-31 20:45:00,-0.0986,LOSS ❌ (-0.10%),0,0.068759985,LOW (<50%)
2023-03-31 19:45:00,BUY (BULLISH),2,1.08453,1.08422,2023-03-31 20:45:00,-0.0286,LOSS ❌ (-0.03%),0,0.30051774,LOW (<50%)
2023-04-02 22:15:00,BUY (BULLISH),2,1.08328,1.08544656,2023-04-03 10:00:00,0.2,WIN ✅ (+0.20%),1,0.6673876,MEDIUM (50-70%)
2023-04-03 09:45:00,SELL (BEARISH),3,1.08502,1.08928,2023-04-03 14:00:00,-0.3926,LOSS ❌ (0.39%),0,0.33652827,LOW (<50%)
2023-04-03 10:45:00,SELL (BEARISH),2,1.08699,1.08928,2023-04-03 14:00:00,-0.2107,LOSS ❌ (0.21%),0,0.17051694,LOW (<50%)
2023-04-03 11:00:00,SELL (BEARISH),2,1.08652,1.08928,2023-04-03 14:00:00,-0.254,LOSS ❌ (0.25%),0,0.13666843,LOW (<50%)
2023-04-03 13:45:00,SELL (BEARISH),2,1.08854,1.08928,2023-04-03 14:00:00,-0.068,LOSS ❌ (0.07%),0,0.14225456,LOW (<50%)
2023-04-03 14:00:00,SELL (BEARISH),2,1.08928,1.0942,2023-04-04 14:00:00,-0.4517,LOSS ❌ (0.45%),0,0.066716835,LOW (<50%)
2023-04-03 20:00:00,SELL (BEARISH),2,1.09052,1.08833896,2023-04-04 05:30:00,0.2,WIN ✅ (+0.20%),1,0.53939825,MEDIUM (50-70%)
2023-04-03 23:30:00,SELL (BEARISH),2,1.09083,1.08864834,2023-04-04 05:30:00,0.2,WIN ✅ (+0.20%),1,0.6410059,MEDIUM (50-70%)
2023-04-04 12:00:00,BUY (BULLISH),2,1.09032,1.09250064,2023-04-04 14:00:00,0.2,WIN ✅ (+0.20%),1,0.6539096,MEDIUM (50-70%)
2023-04-04 14:30:00,SELL (BEARISH),2,1.09565,1.0934587,2023-04-05 11:00:00,0.2,WIN ✅ (+0.20%),1,0.8756357,HIGH (>70%)
2023-04-04 23:30:00,SELL (BEARISH),2,1.09599,1.09379802,2023-04-05 11:00:00,0.2,WIN ✅ (+0.20%),1,0.88680184,HIGH (>70%)
2023-04-05 03:45:00,BUY (BULLISH),2,1.09593,1.0939,2023-04-05 14:00:00,-0.1852,LOSS ❌ (-0.19%),0,0.14571193,LOW (<50%)
2023-04-05 04:45:00,BUY (BULLISH),2,1.09544,1.0939,2023-04-05 14:00:00,-0.1406,LOSS ❌ (-0.14%),0,0.34326458,LOW (<50%)
2023-04-05 07:15:00,SELL (BEARISH),2,1.09609,1.09389782,2023-04-05 11:00:00,0.2,WIN ✅ (+0.20%),1,0.79480904,HIGH (>70%)
2023-04-05 08:45:00,BUY (BULLISH),2,1.09507,1.0939,2023-04-05 14:00:00,-0.1068,LOSS ❌ (-0.11%),0,0.28601915,LOW (<50%)
2023-04-05 14:00:00,SELL (BEARISH),3,1.0939,1.0917122,2023-04-05 14:30:00,0.2,WIN ✅ (+0.20%),1,0.72153974,HIGH (>70%)
2023-04-05 16:30:00,BUY (BULLISH),2,1.09039,1.09146,2023-04-06 14:00:00,0.0981,LOSS ❌ (0.10%),0,0.09851297,LOW (<50%)
2023-04-05 17:00:00,BUY (BULLISH),3,1.08964,1.09181928,2023-04-06 12:30:00,0.2,WIN ✅ (+0.20%),1,0.75534135,HIGH (>70%)
2023-04-05 17:45:00,BUY (BULLISH),2,1.09001,1.09146,2023-04-06 14:00:00,0.133,LOSS ❌ (0.13%),0,0.17341158,LOW (<50%)
2023-04-05 22:45:00,SELL (BEARISH),2,1.09096,1.08877808,2023-04-06 01:00:00,0.2,WIN ✅ (+0.20%),1,0.9186752,HIGH (>70%)
2023-04-06 12:00:00,SELL (BEARISH),2,1.09152,1.08933696,2023-04-06 12:45:00,0.2,WIN ✅ (+0.20%),1,0.6447598,MEDIUM (50-70%)
2023-04-06 15:00:00,SELL (BEARISH),3,1.09222,1.09003556,2023-04-07 12:30:00,0.2,WIN ✅ (+0.20%),1,0.86635584,HIGH (>70%)
2023-04-06 16:15:00,SELL (BEARISH),2,1.09336,1.09117328,2023-04-07 06:00:00,0.2,WIN ✅ (+0.20%),1,0.76110923,HIGH (>70%)
2023-04-06 16:30:00,SELL (BEARISH),3,1.09342,1.09123316,2023-04-07 06:00:00,0.2,WIN ✅ (+0.20%),1,0.8849243,HIGH (>70%)
2023-04-07 09:00:00,BUY (BULLISH),2,1.09142,1.09068,2023-04-07 14:00:00,-0.0678,LOSS ❌ (-0.07%),0,0.18195409,LOW (<50%)
2023-04-07 10:00:00,BUY (BULLISH),2,1.09136,1.09068,2023-04-07 14:00:00,-0.0623,LOSS ❌ (-0.06%),0,0.25776982,LOW (<50%)
2023-04-10 00:00:00,SELL (BEARISH),2,1.09119,1.08900762,2023-04-10 11:30:00,0.2,WIN ✅ (+0.20%),1,0.5976314,MEDIUM (50-70%)
2023-04-10 03:00:00,BUY (BULLISH),2,1.08988,1.08404,2023-04-10 14:00:00,-0.5358,LOSS ❌ (-0.54%),0,0.37088266,LOW (<50%)
2023-04-10 13:00:00,BUY (BULLISH),2,1.08525,1.08404,2023-04-10 14:00:00,-0.1115,LOSS ❌ (-0.11%),0,0.06536924,LOW (<50%)
2023-04-10 14:00:00,BUY (BULLISH),2,1.08404,1.0862080799999998,2023-04-10 19:45:00,0.2,WIN ✅ (+0.20%),1,0.8616725,HIGH (>70%)
2023-04-10 14:30:00,BUY (BULLISH),2,1.08346,1.0856269200000002,2023-04-10 17:15:00,0.2,WIN ✅ (+0.20%),1,0.7307539,HIGH (>70%)
2023-04-10 23:45:00,SELL (BEARISH),2,1.08684,1.09244,2023-04-11 14:00:00,-0.5153,LOSS ❌ (0.52%),0,0.14424345,LOW (<50%)
2023-04-11 02:15:00,SELL (BEARISH),2,1.08821,1.09244,2023-04-11 14:00:00,-0.3887,LOSS ❌ (0.39%),0,0.16644523,LOW (<50%)
2023-04-11 03:15:00,SELL (BEARISH),2,1.08843,1.09244,2023-04-11 14:00:00,-0.3684,LOSS ❌ (0.37%),0,0.1905234,LOW (<50%)
2023-04-11 08:45:00,SELL (BEARISH),2,1.09064,1.09244,2023-04-11 14:00:00,-0.165,LOSS ❌ (0.17%),0,0.14451471,LOW (<50%)
2023-04-11 09:00:00,SELL (BEARISH),2,1.09083,1.09244,2023-04-11 14:00:00,-0.1476,LOSS ❌ (0.15%),0,0.2236402,LOW (<50%)
2023-04-11 09:30:00,SELL (BEARISH),2,1.09113,1.09244,2023-04-11 14:00:00,-0.1201,LOSS ❌ (0.12%),0,0.1848089,LOW (<50%)
2023-04-11 16:30:00,BUY (BULLISH),2,1.09007,1.0922501400000002,2023-04-12 00:45:00,0.2,WIN ✅ (+0.20%),1,0.57053614,MEDIUM (50-70%)
2023-04-11 22:45:00,SELL (BEARISH),2,1.09165,1.09937,2023-04-12 14:00:00,-0.7072,LOSS ❌ (0.71%),0,0.34453434,LOW (<50%)
2023-04-12 00:00:00,SELL (BEARISH),2,1.09163,1.09937,2023-04-12 14:00:00,-0.709,LOSS ❌ (0.71%),0,0.34987494,LOW (<50%)
2023-04-12 14:15:00,SELL (BEARISH),3,1.09927,1.09707146,2023-04-12 15:00:00,0.2,WIN ✅ (+0.20%),1,0.8383646,HIGH (>70%)
2023-04-13 06:00:00,BUY (BULLISH),2,1.09845,1.1006469,2023-04-13 08:00:00,0.2,WIN ✅ (+0.20%),1,0.5049411,MEDIUM (50-70%)
2023-04-13 09:30:00,SELL (BEARISH),2,1.10215,1.1054,2023-04-13 14:00:00,-0.2949,LOSS ❌ (0.29%),0,0.16864698,LOW (<50%)
2023-04-13 12:30:00,SELL (BEARISH),2,1.10297,1.1054,2023-04-13 14:00:00,-0.2203,LOSS ❌ (0.22%),0,0.14949055,LOW (<50%)
2023-04-13 13:00:00,SELL (BEARISH),2,1.10474,1.1054,2023-04-13 14:00:00,-0.0597,LOSS ❌ (0.06%),0,0.1486827,LOW (<50%)
2023-04-13 13:45:00,SELL (BEARISH),3,1.10641,1.1054,2023-04-13 14:00:00,0.0913,LOSS ❌ (-0.09%),0,0.11257403,LOW (<50%)
2023-04-13 21:00:00,BUY (BULLISH),2,1.1045,1.106709,2023-04-14 02:00:00,0.2,WIN ✅ (+0.20%),1,0.7067507,HIGH (>70%)
2023-04-14 00:00:00,SELL (BEARISH),2,1.10509,1.1028798199999998,2023-04-14 12:30:00,0.2,WIN ✅ (+0.20%),1,0.7250182,HIGH (>70%)
2023-04-14 00:30:00,SELL (BEARISH),2,1.1056,1.1033887999999998,2023-04-14 12:30:00,0.2,WIN ✅ (+0.20%),1,0.7603731,HIGH (>70%)
2023-04-14 12:30:00,SELL (BEARISH),2,1.10232,1.1014,2023-04-14 14:00:00,0.0835,LOSS ❌ (-0.08%),0,0.15104823,LOW (<50%)
2023-04-14 12:45:00,BUY (BULLISH),2,1.10343,1.1014,2023-04-14 14:00:00,-0.184,LOSS ❌ (-0.18%),0,0.19253348,LOW (<50%)
2023-04-14 14:15:00,BUY (BULLISH),2,1.10037,1.09944,2023-04-14 20:45:00,-0.0845,LOSS ❌ (-0.08%),0,0.2372724,LOW (<50%)
2023-04-14 14:30:00,BUY (BULLISH),3,1.10045,1.09944,2023-04-14 20:45:00,-0.0918,LOSS ❌ (-0.09%),0,0.15766044,LOW (<50%)
2023-04-14 15:45:00,BUY (BULLISH),2,1.09785,1.09944,2023-04-14 20:45:00,0.1448,LOSS ❌ (0.14%),0,0.22338973,LOW (<50%)
2023-04-14 16:45:00,BUY (BULLISH),2,1.09774,1.09944,2023-04-14 20:45:00,0.1549,LOSS ❌ (0.15%),0,0.15337655,LOW (<50%)
2023-04-16 23:45:00,BUY (BULLISH),2,1.0984,1.09218,2023-04-17 14:00:00,-0.5663,LOSS ❌ (-0.57%),0,0.32343316,LOW (<50%)
2023-04-17 00:00:00,BUY (BULLISH),2,1.09845,1.09218,2023-04-17 14:00:00,-0.5708,LOSS ❌ (-0.57%),0,0.2752962,LOW (<50%)
2023-04-17 13:00:00,BUY (BULLISH),2,1.09542,1.09218,2023-04-17 14:00:00,-0.2958,LOSS ❌ (-0.30%),0,0.20368958,LOW (<50%)
2023-04-18 03:15:00,SELL (BEARISH),2,1.0938,1.09625,2023-04-18 14:00:00,-0.224,LOSS ❌ (0.22%),0,0.17758675,LOW (<50%)
2023-04-18 07:30:00,SELL (BEARISH),2,1.09585,1.09625,2023-04-18 14:00:00,-0.0365,LOSS ❌ (0.04%),0,0.21045321,LOW (<50%)
2023-04-18 09:15:00,SELL (BEARISH),2,1.0974,1.0952052,2023-04-18 13:15:00,0.2,WIN ✅ (+0.20%),1,0.76032764,HIGH (>70%)
2023-04-18 13:30:00,BUY (BULLISH),2,1.09535,1.09625,2023-04-18 14:00:00,0.0822,LOSS ❌ (0.08%),0,0.17097087,LOW (<50%)
2023-04-18 23:15:00,SELL (BEARISH),2,1.09745,1.0952551,2023-04-19 06:15:00,0.2,WIN ✅ (+0.20%),1,0.9217309,HIGH (>70%)
2023-04-19 02:00:00,BUY (BULLISH),2,1.09684,1.09736,2023-04-19 14:00:00,0.0474,LOSS ❌ (0.05%),0,0.18942344,LOW (<50%)
2023-04-19 09:45:00,BUY (BULLISH),3,1.09298,1.09516596,2023-04-19 13:00:00,0.2,WIN ✅ (+0.20%),1,0.7638263,HIGH (>70%)
2023-04-19 11:30:00,BUY (BULLISH),2,1.09209,1.09427418,2023-04-19 12:15:00,0.2,WIN ✅ (+0.20%),1,0.61030465,MEDIUM (50-70%)
2023-04-19 13:45:00,SELL (BEARISH),2,1.09596,1.09736,2023-04-19 14:00:00,-0.1277,LOSS ❌ (0.13%),0,0.13897419,LOW (<50%)
2023-04-19 23:30:00,BUY (BULLISH),2,1.09489,1.0970797799999998,2023-04-20 06:15:00,0.2,WIN ✅ (+0.20%),1,0.73751277,HIGH (>70%)
2023-04-20 01:30:00,SELL (BEARISH),2,1.09559,1.09339882,2023-04-20 12:15:00,0.2,WIN ✅ (+0.20%),1,0.734574,HIGH (>70%)
2023-04-20 06:15:00,SELL (BEARISH),2,1.09691,1.09471618,2023-04-20 12:00:00,0.2,WIN ✅ (+0.20%),1,0.7327818,HIGH (>70%)
2023-04-20 07:15:00,BUY (BULLISH),2,1.09557,1.09776114,2023-04-20 08:45:00,0.2,WIN ✅ (+0.20%),1,0.48720726,LOW (<50%)
2023-04-20 08:45:00,SELL (BEARISH),2,1.0971,1.0949058,2023-04-20 12:00:00,0.2,WIN ✅ (+0.20%),1,0.6729047,MEDIUM (50-70%)
2023-04-20 12:15:00,BUY (BULLISH),2,1.09398,1.09616796,2023-04-20 12:30:00,0.2,WIN ✅ (+0.20%),1,0.8009587,HIGH (>70%)
2023-04-20 12:45:00,SELL (BEARISH),2,1.09771,1.09862,2023-04-20 14:00:00,-0.0829,LOSS ❌ (0.08%),0,0.34862432,LOW (<50%)
2023-04-21 05:15:00,BUY (BULLISH),2,1.09584,1.0980316799999998,2023-04-21 11:15:00,0.2,WIN ✅ (+0.20%),1,0.7555008,HIGH (>70%)
2023-04-21 12:30:00,SELL (BEARISH),2,1.09829,1.09609342,2023-04-21 13:45:00,0.2,WIN ✅ (+0.20%),1,0.8776378,HIGH (>70%)
2023-04-21 13:00:00,SELL (BEARISH),3,1.0987,1.0965026,2023-04-21 13:45:00,0.2,WIN ✅ (+0.20%),1,0.81666684,HIGH (>70%)
2023-04-21 14:00:00,BUY (BULLISH),2,1.0957,1.0978914,2023-04-21 15:15:00,0.2,WIN ✅ (+0.20%),1,0.7505051,HIGH (>70%)
2023-04-23 22:45:00,SELL (BEARISH),2,1.09919,1.0969916199999998,2023-04-24 07:00:00,0.2,WIN ✅ (+0.20%),1,0.59610176,MEDIUM (50-70%)
2023-04-24 05:30:00,BUY (BULLISH),2,1.09743,1.0996248599999998,2023-04-24 08:45:00,0.2,WIN ✅ (+0.20%),1,0.5910351,MEDIUM (50-70%)
2023-04-24 09:30:00,SELL (BEARISH),3,1.10188,1.10257,2023-04-24 14:00:00,-0.0626,LOSS ❌ (0.06%),0,0.15968548,LOW (<50%)
2023-04-24 23:00:00,SELL (BEARISH),2,1.105,1.10279,2023-04-25 07:15:00,0.2,WIN ✅ (+0.20%),1,0.76429844,HIGH (>70%)
2023-04-25 07:30:00,BUY (BULLISH),2,1.10273,1.09831,2023-04-25 14:00:00,-0.4008,LOSS ❌ (-0.40%),0,0.20190585,LOW (<50%)
2023-04-25 11:00:00,BUY (BULLISH),2,1.10203,1.09831,2023-04-25 14:00:00,-0.3376,LOSS ❌ (-0.34%),0,0.2086083,LOW (<50%)
2023-04-25 13:45:00,BUY (BULLISH),3,1.09988,1.09831,2023-04-25 14:00:00,-0.1427,LOSS ❌ (-0.14%),0,0.06017408,LOW (<50%)
2023-04-25 14:15:00,BUY (BULLISH),2,1.09841,1.10060682,2023-04-26 06:45:00,0.2,WIN ✅ (+0.20%),1,0.72206706,HIGH (>70%)
2023-04-25 15:00:00,BUY (BULLISH),2,1.09866,1.10085732,2023-04-26 06:45:00,0.2,WIN ✅ (+0.20%),1,0.7828609,HIGH (>70%)
2023-04-25 16:00:00,BUY (BULLISH),2,1.09698,1.09917396,2023-04-26 06:15:00,0.2,WIN ✅ (+0.20%),1,0.66445124,MEDIUM (50-70%)
2023-04-25 17:15:00,BUY (BULLISH),2,1.09679,1.0989835799999998,2023-04-26 05:45:00,0.2,WIN ✅ (+0.20%),1,0.47589508,LOW (<50%)
2023-04-25 23:15:00,SELL (BEARISH),2,1.09774,1.10724,2023-04-26 14:00:00,-0.8654,LOSS ❌ (0.87%),0,0.18777429,LOW (<50%)
2023-04-26 05:00:00,SELL (BEARISH),2,1.0981,1.10724,2023-04-26 14:00:00,-0.8323,LOSS ❌ (0.83%),0,0.29024342,LOW (<50%)
2023-04-26 05:45:00,SELL (BEARISH),2,1.09883,1.10724,2023-04-26 14:00:00,-0.7654,LOSS ❌ (0.77%),0,0.14094509,LOW (<50%)
2023-04-26 06:00:00,SELL (BEARISH),2,1.09887,1.10724,2023-04-26 14:00:00,-0.7617,LOSS ❌ (0.76%),0,0.17707042,LOW (<50%)
2023-04-26 08:30:00,SELL (BEARISH),2,1.10311,1.10724,2023-04-26 14:00:00,-0.3744,LOSS ❌ (0.37%),0,0.1631792,LOW (<50%)
2023-04-26 09:15:00,SELL (BEARISH),3,1.10469,1.10724,2023-04-26 14:00:00,-0.2308,LOSS ❌ (0.23%),0,0.1901025,LOW (<50%)
2023-04-26 10:45:00,SELL (BEARISH),2,1.10447,1.10724,2023-04-26 14:00:00,-0.2508,LOSS ❌ (0.25%),0,0.08589932,LOW (<50%)
2023-04-26 16:30:00,BUY (BULLISH),3,1.10342,1.10562684,2023-04-27 05:30:00,0.2,WIN ✅ (+0.20%),1,0.96426934,HIGH (>70%)
2023-04-26 18:15:00,BUY (BULLISH),2,1.10349,1.10569698,2023-04-27 05:30:00,0.2,WIN ✅ (+0.20%),1,0.5620913,MEDIUM (50-70%)
2023-04-26 21:30:00,SELL (BEARISH),2,1.10415,1.1019417,2023-04-27 12:30:00,0.2,WIN ✅ (+0.20%),1,0.6842043,MEDIUM (50-70%)
2023-04-26 23:15:00,SELL (BEARISH),2,1.1043,1.1020914000000002,2023-04-27 12:30:00,0.2,WIN ✅ (+0.20%),1,0.87311673,HIGH (>70%)
2023-04-26 23:45:00,SELL (BEARISH),2,1.10448,1.10227104,2023-04-27 12:30:00,0.2,WIN ✅ (+0.20%),1,0.7561034,HIGH (>70%)
2023-04-27 00:00:00,SELL (BEARISH),2,1.10451,1.10230098,2023-04-27 12:30:00,0.2,WIN ✅ (+0.20%),1,0.67845625,MEDIUM (50-70%)
2023-04-27 02:45:00,SELL (BEARISH),2,1.10526,1.10304948,2023-04-27 11:45:00,0.2,WIN ✅ (+0.20%),1,0.77005184,HIGH (>70%)
2023-04-27 03:00:00,SELL (BEARISH),2,1.10527,1.10305946,2023-04-27 11:45:00,0.2,WIN ✅ (+0.20%),1,0.8260223,HIGH (>70%)
2023-04-27 04:30:00,SELL (BEARISH),2,1.10526,1.10304948,2023-04-27 11:45:00,0.2,WIN ✅ (+0.20%),1,0.61857367,MEDIUM (50-70%)
2023-04-27 05:45:00,SELL (BEARISH),2,1.10591,1.10369818,2023-04-27 09:45:00,0.2,WIN ✅ (+0.20%),1,0.6551001,MEDIUM (50-70%)
2023-04-27 11:45:00,BUY (BULLISH),2,1.10342,1.10562684,2023-04-27 12:30:00,0.2,WIN ✅ (+0.20%),1,0.6562723,MEDIUM (50-70%)
2023-04-27 12:45:00,BUY (BULLISH),2,1.10128,1.10194,2023-04-27 14:00:00,0.0599,LOSS ❌ (0.06%),0,0.10004346,LOW (<50%)
2023-04-27 13:00:00,BUY (BULLISH),2,1.10051,1.10194,2023-04-27 14:00:00,0.1299,LOSS ❌ (0.13%),0,0.21531339,LOW (<50%)
2023-04-27 13:15:00,BUY (BULLISH),2,1.09997,1.10194,2023-04-27 14:00:00,0.1791,LOSS ❌ (0.18%),0,0.2043651,LOW (<50%)
2023-04-27 13:45:00,BUY (BULLISH),2,1.10098,1.10194,2023-04-27 14:00:00,0.0872,LOSS ❌ (0.09%),0,0.51154965,MEDIUM (50-70%)
2023-04-27 19:00:00,SELL (BEARISH),2,1.10265,1.1004447,2023-04-28 07:00:00,0.2,WIN ✅ (+0.20%),1,0.59113544,MEDIUM (50-70%)
2023-04-27 23:45:00,SELL (BEARISH),2,1.10312,1.10091376,2023-04-28 04:15:00,0.2,WIN ✅ (+0.20%),1,0.8434958,HIGH (>70%)
2023-04-28 04:15:00,BUY (BULLISH),2,1.10104,1.10324208,2023-04-28 06:45:00,0.2,WIN ✅ (+0.20%),1,0.6335335,MEDIUM (50-70%)
2023-04-28 07:15:00,BUY (BULLISH),2,1.10055,1.10088,2023-04-28 14:00:00,0.03,LOSS ❌ (0.03%),0,0.14524505,LOW (<50%)
2023-04-28 08:30:00,BUY (BULLISH),2,1.09877,1.10096754,2023-04-28 13:00:00,0.2,WIN ✅ (+0.20%),1,0.6914548,MEDIUM (50-70%)
2023-04-28 14:15:00,SELL (BEARISH),2,1.10105,1.10155,2023-04-28 20:45:00,-0.0454,LOSS ❌ (0.05%),0,0.26142013,LOW (<50%)
2023-04-28 15:00:00,SELL (BEARISH),2,1.10335,1.10155,2023-04-28 20:45:00,0.1631,LOSS ❌ (-0.16%),0,0.33539206,LOW (<50%)
2023-04-28 15:15:00,SELL (BEARISH),2,1.10353,1.10132294,2023-04-28 19:00:00,0.2,WIN ✅ (+0.20%),1,0.8115282,HIGH (>70%)
2023-04-28 15:30:00,SELL (BEARISH),2,1.10412,1.10191176,2023-04-28 18:30:00,0.2,WIN ✅ (+0.20%),1,0.87318176,HIGH (>70%)
2023-04-30 22:45:00,BUY (BULLISH),2,1.10109,1.10329218,2023-05-01 12:45:00,0.2,WIN ✅ (+0.20%),1,0.78494143,HIGH (>70%)
2023-04-30 23:00:00,BUY (BULLISH),2,1.10106,1.10326212,2023-05-01 12:45:00,0.2,WIN ✅ (+0.20%),1,0.70439214,HIGH (>70%)
2023-05-01 02:15:00,BUY (BULLISH),2,1.10027,1.10247054,2023-05-01 12:30:00,0.2,WIN ✅ (+0.20%),1,0.49568066,LOW (<50%)
2023-05-01 11:30:00,SELL (BEARISH),2,1.10101,1.09957,2023-05-01 14:00:00,0.1308,LOSS ❌ (-0.13%),0,0.13416016,LOW (<50%)
2023-05-01 14:45:00,BUY (BULLISH),3,1.09811,1.10030622,2023-05-02 07:15:00,0.2,WIN ✅ (+0.20%),1,0.8919372,HIGH (>70%)
2023-05-01 15:30:00,BUY (BULLISH),3,1.09681,1.09900362,2023-05-02 01:15:00,0.2,WIN ✅ (+0.20%),1,0.89366287,HIGH (>70%)
2023-05-01 16:15:00,BUY (BULLISH),2,1.0966,1.0987932,2023-05-02 01:15:00,0.2,WIN ✅ (+0.20%),1,0.87363034,HIGH (>70%)
2023-05-02 09:30:00,BUY (BULLISH),2,1.09576,1.0961,2023-05-02 14:00:00,0.031,LOSS ❌ (0.03%),0,0.2962682,LOW (<50%)
2023-05-02 09:45:00,BUY (BULLISH),2,1.09522,1.09741044,2023-05-02 11:15:00,0.2,WIN ✅ (+0.20%),1,0.78792566,HIGH (>70%)
2023-05-02 10:00:00,BUY (BULLISH),2,1.09585,1.0961,2023-05-02 14:00:00,0.0228,LOSS ❌ (0.02%),0,0.21263257,LOW (<50%)
2023-05-02 16:00:00,SELL (BEARISH),3,1.09965,1.10483,2023-05-03 14:00:00,-0.4711,LOSS ❌ (0.47%),0,0.22659935,LOW (<50%)
2023-05-02 16:45:00,SELL (BEARISH),2,1.09995,1.10483,2023-05-03 14:00:00,-0.4437,LOSS ❌ (0.44%),0,0.2217976,LOW (<50%)
2023-05-02 17:45:00,SELL (BEARISH),2,1.09969,1.10483,2023-05-03 14:00:00,-0.4674,LOSS ❌ (0.47%),0,0.19892561,LOW (<50%)
2023-05-02 19:30:00,SELL (BEARISH),2,1.1004,1.10483,2023-05-03 14:00:00,-0.4026,LOSS ❌ (0.40%),0,0.12966853,LOW (<50%)
2023-05-03 01:30:00,SELL (BEARISH),2,1.10187,1.10483,2023-05-03 14:00:00,-0.2686,LOSS ❌ (0.27%),0,0.09658941,LOW (<50%)
2023-05-03 02:00:00,SELL (BEARISH),2,1.10216,1.10483,2023-05-03 14:00:00,-0.2423,LOSS ❌ (0.24%),0,0.1205538,LOW (<50%)
2023-05-03 14:45:00,SELL (BEARISH),2,1.10523,1.10301954,2023-05-04 12:30:00,0.2,WIN ✅ (+0.20%),1,0.6559195,MEDIUM (50-70%)
2023-05-04 05:30:00,SELL (BEARISH),2,1.10841,1.10619318,2023-05-04 07:30:00,0.2,WIN ✅ (+0.20%),1,0.6403993,MEDIUM (50-70%)
2023-05-04 06:45:00,BUY (BULLISH),2,1.10747,1.10054,2023-05-04 14:00:00,-0.6258,LOSS ❌ (-0.63%),0,0.15156375,LOW (<50%)
2023-05-04 08:30:00,BUY (BULLISH),2,1.10461,1.10681922,2023-05-04 11:00:00,0.2,WIN ✅ (+0.20%),1,0.7851222,HIGH (>70%)
2023-05-04 09:00:00,BUY (BULLISH),2,1.10433,1.10653866,2023-05-04 11:00:00,0.2,WIN ✅ (+0.20%),1,0.61445975,MEDIUM (50-70%)
2023-05-04 12:15:00,SELL (BEARISH),2,1.10354,1.10133292,2023-05-04 12:30:00,0.2,WIN ✅ (+0.20%),1,0.69176567,MEDIUM (50-70%)
2023-05-04 21:00:00,BUY (BULLISH),2,1.10095,1.1031519,2023-05-05 01:15:00,0.2,WIN ✅ (+0.20%),1,0.6814236,MEDIUM (50-70%)
2023-05-04 23:30:00,SELL (BEARISH),2,1.10226,1.10005548,2023-05-05 12:30:00,0.2,WIN ✅ (+0.20%),1,0.63656616,MEDIUM (50-70%)
2023-05-04 23:45:00,SELL (BEARISH),2,1.10226,1.10005548,2023-05-05 12:30:00,0.2,WIN ✅ (+0.20%),1,0.6601993,MEDIUM (50-70%)
2023-05-05 08:45:00,BUY (BULLISH),2,1.10281,1.09919,2023-05-05 14:00:00,-0.3283,LOSS ❌ (-0.33%),0,0.1249599,LOW (<50%)
2023-05-05 09:00:00,BUY (BULLISH),3,1.10277,1.09919,2023-05-05 14:00:00,-0.3246,LOSS ❌ (-0.32%),0,0.109470636,LOW (<50%)
2023-05-05 10:45:00,BUY (BULLISH),2,1.10246,1.09919,2023-05-05 14:00:00,-0.2966,LOSS ❌ (-0.30%),0,0.122971386,LOW (<50%)
2023-05-05 12:45:00,BUY (BULLISH),2,1.09755,1.09919,2023-05-05 14:00:00,0.1494,LOSS ❌ (0.15%),0,0.08820107,LOW (<50%)
2023-05-05 15:45:00,SELL (BEARISH),2,1.10243,1.10178,2023-05-05 20:45:00,0.059,LOSS ❌ (-0.06%),0,0.07325549,LOW (<50%)
2023-05-05 16:00:00,SELL (BEARISH),2,1.10223,1.10178,2023-05-05 20:45:00,0.0408,LOSS ❌ (-0.04%),0,0.056536805,LOW (<50%)
2023-05-08 03:45:00,SELL (BEARISH),2,1.10386,1.10313,2023-05-08 14:00:00,0.0661,LOSS ❌ (-0.07%),0,0.13339531,LOW (<50%)
2023-05-08 06:30:00,SELL (BEARISH),2,1.10434,1.10313,2023-05-08 14:00:00,0.1096,LOSS ❌ (-0.11%),0,0.20885326,LOW (<50%)
2023-05-08 15:00:00,BUY (BULLISH),2,1.10134,1.09546,2023-05-09 14:00:00,-0.5339,LOSS ❌ (-0.53%),0,0.15411471,LOW (<50%)
2023-05-08 19:30:00,BUY (BULLISH),2,1.10033,1.09546,2023-05-09 14:00:00,-0.4426,LOSS ❌ (-0.44%),0,0.16038594,LOW (<50%)
2023-05-08 23:30:00,BUY (BULLISH),2,1.09969,1.09546,2023-05-09 14:00:00,-0.3847,LOSS ❌ (-0.38%),0,0.16344112,LOW (<50%)
2023-05-08 23:45:00,BUY (BULLISH),2,1.09963,1.09546,2023-05-09 14:00:00,-0.3792,LOSS ❌ (-0.38%),0,0.12162536,LOW (<50%)
2023-05-09 00:15:00,BUY (BULLISH),2,1.09868,1.09546,2023-05-09 14:00:00,-0.2931,LOSS ❌ (-0.29%),0,0.15634334,LOW (<50%)
2023-05-09 02:00:00,BUY (BULLISH),2,1.0987,1.09546,2023-05-09 14:00:00,-0.2949,LOSS ❌ (-0.29%),0,0.30070767,LOW (<50%)
2023-05-09 06:00:00,SELL (BEARISH),2,1.09946,1.09726108,2023-05-09 07:30:00,0.2,WIN ✅ (+0.20%),1,0.50454766,MEDIUM (50-70%)
2023-05-09 06:30:00,SELL (BEARISH),2,1.09963,1.09743074,2023-05-09 07:30:00,0.2,WIN ✅ (+0.20%),1,0.82740504,HIGH (>70%)
2023-05-09 13:15:00,BUY (BULLISH),2,1.09461,1.09546,2023-05-09 14:00:00,0.0777,LOSS ❌ (0.08%),0,0.06892635,LOW (<50%)
2023-05-10 00:15:00,SELL (BEARISH),2,1.09681,1.0946163800000002,2023-05-10 11:00:00,0.2,WIN ✅ (+0.20%),1,0.83399737,HIGH (>70%)
2023-05-10 01:15:00,SELL (BEARISH),2,1.09718,1.09498564,2023-05-10 09:00:00,0.2,WIN ✅ (+0.20%),1,0.8500489,HIGH (>70%)
2023-05-10 13:00:00,SELL (BEARISH),2,1.09985,1.0976503,2023-05-10 13:30:00,0.2,WIN ✅ (+0.20%),1,0.8202407,HIGH (>70%)
2023-05-10 14:15:00,SELL (BEARISH),2,1.09867,1.09647266,2023-05-10 14:45:00,0.2,WIN ✅ (+0.20%),1,0.80731434,HIGH (>70%)
2023-05-10 22:00:00,SELL (BEARISH),2,1.09825,1.0960535,2023-05-11 06:30:00,0.2,WIN ✅ (+0.20%),1,0.7733483,HIGH (>70%)
2023-05-10 23:00:00,SELL (BEARISH),2,1.09853,1.09633294,2023-05-11 06:30:00,0.2,WIN ✅ (+0.20%),1,0.6903564,MEDIUM (50-70%)
2023-05-11 02:30:00,BUY (BULLISH),2,1.0976,1.09089,2023-05-11 14:00:00,-0.6113,LOSS ❌ (-0.61%),0,0.123505525,LOW (<50%)
2023-05-11 03:45:00,BUY (BULLISH),2,1.09741,1.09089,2023-05-11 14:00:00,-0.5941,LOSS ❌ (-0.59%),0,0.1464789,LOW (<50%)
2023-05-11 08:00:00,BUY (BULLISH),2,1.09272,1.09089,2023-05-11 14:00:00,-0.1675,LOSS ❌ (-0.17%),0,0.16762501,LOW (<50%)
2023-05-11 10:30:00,BUY (BULLISH),2,1.09237,1.09455474,2023-05-11 12:30:00,0.2,WIN ✅ (+0.20%),1,0.6628433,MEDIUM (50-70%)
2023-05-11 12:30:00,SELL (BEARISH),2,1.09366,1.09147268,2023-05-11 13:15:00,0.2,WIN ✅ (+0.20%),1,0.83490187,HIGH (>70%)
2023-05-11 13:15:00,BUY (BULLISH),2,1.09178,1.09089,2023-05-11 14:00:00,-0.0815,LOSS ❌ (-0.08%),0,0.16606635,LOW (<50%)
2023-05-11 14:00:00,BUY (BULLISH),2,1.09089,1.0930717799999998,2023-05-12 06:30:00,0.2,WIN ✅ (+0.20%),1,0.7423202,HIGH (>70%)
2023-05-11 23:45:00,BUY (BULLISH),2,1.0912,1.0933824,2023-05-12 06:45:00,0.2,WIN ✅ (+0.20%),1,0.43708706,LOW (<50%)
2023-05-12 02:00:00,SELL (BEARISH),2,1.09232,1.09013536,2023-05-12 09:15:00,0.2,WIN ✅ (+0.20%),1,0.7506664,HIGH (>70%)
2023-05-12 02:15:00,SELL (BEARISH),2,1.09239,1.09020522,2023-05-12 09:15:00,0.2,WIN ✅ (+0.20%),1,0.7996343,HIGH (>70%)
2023-05-12 08:00:00,BUY (BULLISH),2,1.0907,1.08869,2023-05-12 14:00:00,-0.1843,LOSS ❌ (-0.18%),0,0.064201206,LOW (<50%)
2023-05-12 09:15:00,BUY (BULLISH),3,1.09081,1.08869,2023-05-12 14:00:00,-0.1944,LOSS ❌ (-0.19%),0,0.1629799,LOW (<50%)
2023-05-12 12:30:00,BUY (BULLISH),2,1.08872,1.08869,2023-05-12 14:00:00,-0.0028,LOSS ❌ (-0.00%),0,0.20975901,LOW (<50%)
2023-05-12 14:15:00,BUY (BULLISH),2,1.08809,1.08483,2023-05-12 20:45:00,-0.2996,LOSS ❌ (-0.30%),0,0.14561,LOW (<50%)
2023-05-12 15:15:00,BUY (BULLISH),2,1.0861,1.08483,2023-05-12 20:45:00,-0.1169,LOSS ❌ (-0.12%),0,0.14675012,LOW (<50%)
2023-05-12 16:00:00,BUY (BULLISH),3,1.08546,1.08483,2023-05-12 20:45:00,-0.058,LOSS ❌ (-0.06%),0,0.24622042,LOW (<50%)
2023-05-12 20:15:00,BUY (BULLISH),2,1.08495,1.08483,2023-05-12 20:45:00,-0.0111,LOSS ❌ (-0.01%),0,0.19415137,LOW (<50%)
2023-05-14 22:00:00,BUY (BULLISH),2,1.08511,1.08728022,2023-05-15 07:30:00,0.2,WIN ✅ (+0.20%),1,0.8325694,HIGH (>70%)
2023-05-15 00:00:00,SELL (BEARISH),2,1.08519,1.08746,2023-05-15 14:00:00,-0.2092,LOSS ❌ (0.21%),0,0.2617402,LOW (<50%)
2023-05-15 01:30:00,SELL (BEARISH),2,1.086,1.08746,2023-05-15 14:00:00,-0.1344,LOSS ❌ (0.13%),0,0.28038093,LOW (<50%)
2023-05-15 05:30:00,SELL (BEARISH),2,1.08666,1.08746,2023-05-15 14:00:00,-0.0736,LOSS ❌ (0.07%),0,0.2908882,LOW (<50%)
2023-05-15 11:45:00,SELL (BEARISH),2,1.08772,1.08746,2023-05-15 14:00:00,0.0239,LOSS ❌ (-0.02%),0,0.26913285,LOW (<50%)
2023-05-15 12:30:00,SELL (BEARISH),2,1.08763,1.08746,2023-05-15 14:00:00,0.0156,LOSS ❌ (-0.02%),0,0.217506,LOW (<50%)
2023-05-16 00:30:00,SELL (BEARISH),2,1.08785,1.08603,2023-05-16 14:00:00,0.1673,LOSS ❌ (-0.17%),0,0.15757182,LOW (<50%)
2023-05-16 14:15:00,BUY (BULLISH),2,1.08712,1.08186,2023-05-17 14:00:00,-0.4838,LOSS ❌ (-0.48%),0,0.16122562,LOW (<50%)
2023-05-16 15:15:00,BUY (BULLISH),2,1.08637,1.08186,2023-05-17 14:00:00,-0.4151,LOSS ❌ (-0.42%),0,0.22911248,LOW (<50%)
2023-05-16 15:30:00,BUY (BULLISH),2,1.08557,1.08186,2023-05-17 14:00:00,-0.3418,LOSS ❌ (-0.34%),0,0.19780347,LOW (<50%)
2023-05-17 02:15:00,SELL (BEARISH),2,1.08709,1.08491582,2023-05-17 07:15:00,0.2,WIN ✅ (+0.20%),1,0.75554127,HIGH (>70%)
2023-05-17 05:30:00,BUY (BULLISH),2,1.08598,1.08186,2023-05-17 14:00:00,-0.3794,LOSS ❌ (-0.38%),0,0.1427578,LOW (<50%)
2023-05-17 06:00:00,BUY (BULLISH),2,1.08529,1.08186,2023-05-17 14:00:00,-0.316,LOSS ❌ (-0.32%),0,0.26229778,LOW (<50%)
2023-05-17 14:00:00,BUY (BULLISH),2,1.08186,1.08402372,2023-05-17 16:45:00,0.2,WIN ✅ (+0.20%),1,0.76477176,HIGH (>70%)
2023-05-17 23:30:00,BUY (BULLISH),2,1.08357,1.07808,2023-05-18 14:00:00,-0.5067,LOSS ❌ (-0.51%),0,0.13781272,LOW (<50%)
2023-05-18 02:15:00,SELL (BEARISH),2,1.08446,1.08229108,2023-05-18 06:45:00,0.2,WIN ✅ (+0.20%),1,0.58432215,MEDIUM (50-70%)
2023-05-18 10:30:00,BUY (BULLISH),3,1.08079,1.07808,2023-05-18 14:00:00,-0.2507,LOSS ❌ (-0.25%),0,0.42388654,LOW (<50%)
2023-05-18 12:45:00,BUY (BULLISH),2,1.07898,1.07808,2023-05-18 14:00:00,-0.0834,LOSS ❌ (-0.08%),0,0.20019333,LOW (<50%)
2023-05-18 15:00:00,BUY (BULLISH),2,1.07667,1.07882334,2023-05-19 06:15:00,0.2,WIN ✅ (+0.20%),1,0.70107764,HIGH (>70%)
2023-05-18 17:00:00,BUY (BULLISH),2,1.07623,1.07838246,2023-05-19 06:15:00,0.2,WIN ✅ (+0.20%),1,0.8765479,HIGH (>70%)
2023-05-18 22:30:00,SELL (BEARISH),2,1.07755,1.07888,2023-05-19 14:00:00,-0.1234,LOSS ❌ (0.12%),0,0.23322146,LOW (<50%)
2023-05-18 22:45:00,SELL (BEARISH),2,1.0776,1.07888,2023-05-19 14:00:00,-0.1188,LOSS ❌ (0.12%),0,0.19609316,LOW (<50%)
2023-05-19 01:30:00,BUY (BULLISH),2,1.07654,1.07869308,2023-05-19 06:15:00,0.2,WIN ✅ (+0.20%),1,0.65889883,MEDIUM (50-70%)
2023-05-19 08:30:00,SELL (BEARISH),2,1.07902,1.07888,2023-05-19 14:00:00,0.013,LOSS ❌ (-0.01%),0,0.1960091,LOW (<50%)
2023-05-19 09:00:00,SELL (BEARISH),2,1.07901,1.07888,2023-05-19 14:00:00,0.012,LOSS ❌ (-0.01%),0,0.17024441,LOW (<50%)
2023-05-19 11:30:00,SELL (BEARISH),2,1.08017,1.07888,2023-05-19 14:00:00,0.1194,LOSS ❌ (-0.12%),0,0.121172674,LOW (<50%)
2023-05-19 12:00:00,SELL (BEARISH),2,1.08075,1.07888,2023-05-19 14:00:00,0.173,LOSS ❌ (-0.17%),0,0.14119472,LOW (<50%)
2023-05-19 12:30:00,SELL (BEARISH),2,1.08102,1.07885796,2023-05-19 14:00:00,0.2,WIN ✅ (+0.20%),1,0.5519854,MEDIUM (50-70%)
2023-05-19 15:00:00,BUY (BULLISH),2,1.07963,1.08178926,2023-05-19 15:15:00,0.2,WIN ✅ (+0.20%),1,0.64323217,MEDIUM (50-70%)
2023-05-19 15:15:00,SELL (BEARISH),2,1.08127,1.08056,2023-05-19 20:45:00,0.0657,LOSS ❌ (-0.07%),0,0.14937474,LOW (<50%)
2023-05-22 00:45:00,SELL (BEARISH),2,1.08232,1.08015536,2023-05-22 07:15:00,0.2,WIN ✅ (+0.20%),1,0.6626064,MEDIUM (50-70%)
2023-05-22 05:30:00,BUY (BULLISH),2,1.08142,1.08105,2023-05-22 14:00:00,-0.0342,LOSS ❌ (-0.03%),0,0.34291303,LOW (<50%)
2023-05-22 14:00:00,BUY (BULLISH),2,1.08105,1.07903,2023-05-23 14:00:00,-0.1869,LOSS ❌ (-0.19%),0,0.15901396,LOW (<50%)
2023-05-22 14:15:00,BUY (BULLISH),2,1.08059,1.07903,2023-05-23 14:00:00,-0.1444,LOSS ❌ (-0.14%),0,0.15039682,LOW (<50%)
2023-05-22 15:15:00,BUY (BULLISH),2,1.08017,1.07903,2023-05-23 14:00:00,-0.1055,LOSS ❌ (-0.11%),0,0.39303526,LOW (<50%)
2023-05-22 23:30:00,BUY (BULLISH),2,1.08096,1.07903,2023-05-23 14:00:00,-0.1785,LOSS ❌ (-0.18%),0,0.260681,LOW (<50%)
2023-05-23 02:00:00,BUY (BULLISH),2,1.08048,1.07903,2023-05-23 14:00:00,-0.1342,LOSS ❌ (-0.13%),0,0.1855691,LOW (<50%)
2023-05-23 09:45:00,BUY (BULLISH),3,1.07808,1.07903,2023-05-23 14:00:00,0.0881,LOSS ❌ (0.09%),0,0.35689783,LOW (<50%)
2023-05-23 16:15:00,BUY (BULLISH),2,1.07622,1.07837244,2023-05-24 05:45:00,0.2,WIN ✅ (+0.20%),1,0.78020144,HIGH (>70%)
2023-05-24 02:30:00,SELL (BEARISH),2,1.07757,1.07541486,2023-05-24 10:15:00,0.2,WIN ✅ (+0.20%),1,0.8041604,HIGH (>70%)
2023-05-24 03:30:00,SELL (BEARISH),2,1.07771,1.07555458,2023-05-24 10:15:00,0.2,WIN ✅ (+0.20%),1,0.69896233,MEDIUM (50-70%)
2023-05-24 12:15:00,SELL (BEARISH),2,1.07908,1.07692184,2023-05-24 13:45:00,0.2,WIN ✅ (+0.20%),1,0.6948082,MEDIUM (50-70%)
2023-05-24 16:00:00,BUY (BULLISH),2,1.07515,1.07259,2023-05-25 14:00:00,-0.2381,LOSS ❌ (-0.24%),0,0.057847943,LOW (<50%)
2023-05-25 02:15:00,BUY (BULLISH),2,1.07427,1.07259,2023-05-25 14:00:00,-0.1564,LOSS ❌ (-0.16%),0,0.38512725,LOW (<50%)
2023-05-25 07:45:00,BUY (BULLISH),2,1.07206,1.07259,2023-05-25 14:00:00,0.0494,LOSS ❌ (0.05%),0,0.24681924,LOW (<50%)
2023-05-26 01:15:00,SELL (BEARISH),2,1.0727,1.07338,2023-05-26 14:00:00,-0.0634,LOSS ❌ (0.06%),0,0.14664833,LOW (<50%)
2023-05-26 02:30:00,SELL (BEARISH),2,1.07347,1.07338,2023-05-26 14:00:00,0.0084,LOSS ❌ (-0.01%),0,0.30811027,LOW (<50%)
2023-05-26 04:45:00,SELL (BEARISH),2,1.07394,1.07338,2023-05-26 14:00:00,0.0521,LOSS ❌ (-0.05%),0,0.12021825,LOW (<50%)
2023-05-26 13:15:00,BUY (BULLISH),2,1.07314,1.07338,2023-05-26 14:00:00,0.0224,LOSS ❌ (0.02%),0,0.25352734,LOW (<50%)
2023-05-26 15:15:00,BUY (BULLISH),2,1.07026,1.07240052,2023-05-26 17:00:00,0.2,WIN ✅ (+0.20%),1,0.8992877,HIGH (>70%)
2023-05-29 00:45:00,BUY (BULLISH),2,1.07194,1.07408388,2023-05-29 06:15:00,0.2,WIN ✅ (+0.20%),1,0.80315727,HIGH (>70%)
2023-05-29 02:30:00,SELL (BEARISH),2,1.07327,1.07112346,2023-05-29 11:45:00,0.2,WIN ✅ (+0.20%),1,0.5331784,MEDIUM (50-70%)
2023-05-29 05:30:00,SELL (BEARISH),2,1.07362,1.07147276,2023-05-29 09:15:00,0.2,WIN ✅ (+0.20%),1,0.78862715,HIGH (>70%)
2023-05-29 05:45:00,SELL (BEARISH),2,1.07361,1.07146278,2023-05-29 09:15:00,0.2,WIN ✅ (+0.20%),1,0.7505044,HIGH (>70%)
2023-05-29 09:15:00,BUY (BULLISH),2,1.0715,1.07082,2023-05-29 14:00:00,-0.0635,LOSS ❌ (-0.06%),0,0.13524877,LOW (<50%)
2023-05-29 09:45:00,BUY (BULLISH),2,1.07157,1.07082,2023-05-29 14:00:00,-0.07,LOSS ❌ (-0.07%),0,0.08579282,LOW (<50%)
2023-05-29 14:15:00,BUY (BULLISH),2,1.07082,1.0729616400000002,2023-05-30 10:00:00,0.2,WIN ✅ (+0.20%),1,0.87482476,HIGH (>70%)
2023-05-29 20:00:00,BUY (BULLISH),2,1.07085,1.0729917,2023-05-30 10:00:00,0.2,WIN ✅ (+0.20%),1,0.7966683,HIGH (>70%)
2023-05-30 09:45:00,SELL (BEARISH),3,1.07191,1.0728,2023-05-30 14:00:00,-0.083,LOSS ❌ (0.08%),0,0.16749543,LOW (<50%)
2023-05-30 10:15:00,SELL (BEARISH),2,1.07259,1.0728,2023-05-30 14:00:00,-0.0196,LOSS ❌ (0.02%),0,0.25243872,LOW (<50%)
2023-05-30 11:30:00,SELL (BEARISH),2,1.07367,1.0728,2023-05-30 14:00:00,0.081,LOSS ❌ (-0.08%),0,0.17257929,LOW (<50%)
2023-05-30 12:00:00,SELL (BEARISH),2,1.07425,1.0721014999999998,2023-05-30 13:00:00,0.2,WIN ✅ (+0.20%),1,0.48440376,LOW (<50%)
2023-05-30 16:00:00,BUY (BULLISH),2,1.07228,1.06627,2023-05-31 14:00:00,-0.5605,LOSS ❌ (-0.56%),0,0.35380062,LOW (<50%)
2023-05-30 20:00:00,SELL (BEARISH),2,1.07296,1.07081408,2023-05-31 02:15:00,0.2,WIN ✅ (+0.20%),1,0.7548135,HIGH (>70%)
2023-05-30 20:45:00,SELL (BEARISH),2,1.07338,1.07123324,2023-05-31 01:45:00,0.2,WIN ✅ (+0.20%),1,0.71493214,HIGH (>70%)
2023-05-31 02:45:00,BUY (BULLISH),2,1.07043,1.06627,2023-05-31 14:00:00,-0.3886,LOSS ❌ (-0.39%),0,0.14807768,LOW (<50%)
2023-05-31 05:15:00,BUY (BULLISH),2,1.0694,1.06627,2023-05-31 14:00:00,-0.2927,LOSS ❌ (-0.29%),0,0.09364572,LOW (<50%)
2023-05-31 06:30:00,BUY (BULLISH),2,1.06859,1.06627,2023-05-31 14:00:00,-0.2171,LOSS ❌ (-0.22%),0,0.136448,LOW (<50%)
2023-05-31 07:45:00,BUY (BULLISH),2,1.06739,1.06952478,2023-05-31 13:30:00,0.2,WIN ✅ (+0.20%),1,0.54251504,MEDIUM (50-70%)
2023-05-31 14:15:00,BUY (BULLISH),2,1.06637,1.06850274,2023-05-31 19:45:00,0.2,WIN ✅ (+0.20%),1,0.8220656,HIGH (>70%)
2023-05-31 14:45:00,BUY (BULLISH),2,1.06609,1.06822218,2023-05-31 19:30:00,0.2,WIN ✅ (+0.20%),1,0.83033925,HIGH (>70%)
2023-05-31 15:00:00,BUY (BULLISH),2,1.06573,1.06786146,2023-05-31 18:30:00,0.2,WIN ✅ (+0.20%),1,0.7969759,HIGH (>70%)
2023-05-31 15:15:00,BUY (BULLISH),2,1.06552,1.06765104,2023-05-31 18:30:00,0.2,WIN ✅ (+0.20%),1,0.66539997,MEDIUM (50-70%)
2023-05-31 16:45:00,BUY (BULLISH),2,1.06376,1.06588752,2023-05-31 17:30:00,0.2,WIN ✅ (+0.20%),1,0.9335863,HIGH (>70%)
2023-05-31 20:00:00,SELL (BEARISH),2,1.06872,1.0665825599999998,2023-06-01 07:30:00,0.2,WIN ✅ (+0.20%),1,0.8186677,HIGH (>70%)
2023-05-31 20:15:00,SELL (BEARISH),2,1.06897,1.06683206,2023-06-01 07:30:00,0.2,WIN ✅ (+0.20%),1,0.75342107,HIGH (>70%)
2023-06-01 06:00:00,BUY (BULLISH),2,1.06763,1.06976526,2023-06-01 09:45:00,0.2,WIN ✅ (+0.20%),1,0.5533229,MEDIUM (50-70%)
2023-06-01 09:15:00,SELL (BEARISH),3,1.06902,1.07245,2023-06-01 14:00:00,-0.3209,LOSS ❌ (0.32%),0,0.08588166,LOW (<50%)
2023-06-01 10:00:00,SELL (BEARISH),2,1.0703,1.07245,2023-06-01 14:00:00,-0.2009,LOSS ❌ (0.20%),0,0.20273784,LOW (<50%)
2023-06-01 10:15:00,SELL (BEARISH),3,1.07038,1.07245,2023-06-01 14:00:00,-0.1934,LOSS ❌ (0.19%),0,0.07516195,LOW (<50%)
2023-06-01 10:30:00,SELL (BEARISH),2,1.07115,1.0690077,2023-06-01 12:15:00,0.2,WIN ✅ (+0.20%),1,0.8959728,HIGH (>70%)
2023-06-01 11:00:00,SELL (BEARISH),2,1.07127,1.06912746,2023-06-01 12:15:00,0.2,WIN ✅ (+0.20%),1,0.8210028,HIGH (>70%)
2023-06-01 14:00:00,SELL (BEARISH),2,1.07245,1.074,2023-06-02 14:00:00,-0.1445,LOSS ❌ (0.14%),0,0.18130288,LOW (<50%)
2023-06-01 16:15:00,SELL (BEARISH),2,1.07533,1.074,2023-06-02 14:00:00,0.1237,LOSS ❌ (-0.12%),0,0.17222382,LOW (<50%)
2023-06-01 16:45:00,SELL (BEARISH),3,1.07594,1.07378812,2023-06-02 12:30:00,0.2,WIN ✅ (+0.20%),1,0.63451886,MEDIUM (50-70%)
2023-06-01 18:30:00,SELL (BEARISH),2,1.07666,1.07450668,2023-06-02 12:30:00,0.2,WIN ✅ (+0.20%),1,0.8217086,HIGH (>70%)
2023-06-02 02:45:00,SELL (BEARISH),2,1.07651,1.07435698,2023-06-02 12:30:00,0.2,WIN ✅ (+0.20%),1,0.6214466,MEDIUM (50-70%)
2023-06-02 03:00:00,SELL (BEARISH),2,1.07658,1.07442684,2023-06-02 12:30:00,0.2,WIN ✅ (+0.20%),1,0.7038301,HIGH (>70%)
2023-06-02 07:45:00,BUY (BULLISH),2,1.07617,1.074,2023-06-02 14:00:00,-0.2016,LOSS ❌ (-0.20%),0,0.18510523,LOW (<50%)
2023-06-02 12:15:00,BUY (BULLISH),2,1.07615,1.074,2023-06-02 14:00:00,-0.1998,LOSS ❌ (-0.20%),0,0.2345236,LOW (<50%)
2023-06-02 15:45:00,BUY (BULLISH),3,1.07229,1.07064,2023-06-02 20:45:00,-0.1539,LOSS ❌ (-0.15%),0,0.23087992,LOW (<50%)
2023-06-02 17:00:00,BUY (BULLISH),2,1.07117,1.07064,2023-06-02 20:45:00,-0.0495,LOSS ❌ (-0.05%),0,0.11436529,LOW (<50%)
2023-06-02 20:30:00,BUY (BULLISH),2,1.07054,1.07064,2023-06-02 20:45:00,0.0093,LOSS ❌ (0.01%),0,0.15620664,LOW (<50%)
2023-06-04 22:00:00,BUY (BULLISH),2,1.07061,1.07157,2023-06-05 14:00:00,0.0897,LOSS ❌ (0.09%),0,0.15731238,LOW (<50%)
2023-06-05 06:30:00,BUY (BULLISH),2,1.06925,1.0713885,2023-06-05 14:00:00,0.2,WIN ✅ (+0.20%),1,0.8223819,HIGH (>70%)
2023-06-05 06:45:00,BUY (BULLISH),2,1.06934,1.07147868,2023-06-05 14:00:00,0.2,WIN ✅ (+0.20%),1,0.61479944,MEDIUM (50-70%)
2023-06-06 00:45:00,SELL (BEARISH),2,1.07157,1.06942686,2023-06-06 09:15:00,0.2,WIN ✅ (+0.20%),1,0.8136461,HIGH (>70%)
2023-06-06 01:00:00,SELL (BEARISH),2,1.07158,1.06943684,2023-06-06 09:15:00,0.2,WIN ✅ (+0.20%),1,0.79351956,HIGH (>70%)
2023-06-06 09:30:00,BUY (BULLISH),3,1.06948,1.06798,2023-06-06 14:00:00,-0.1403,LOSS ❌ (-0.14%),0,0.1265466,LOW (<50%)
2023-06-06 09:45:00,BUY (BULLISH),2,1.06917,1.06798,2023-06-06 14:00:00,-0.1113,LOSS ❌ (-0.11%),0,0.048251837,LOW (<50%)
2023-06-06 10:00:00,BUY (BULLISH),2,1.06893,1.06798,2023-06-06 14:00:00,-0.0889,LOSS ❌ (-0.09%),0,0.10275667,LOW (<50%)
2023-06-06 10:15:00,BUY (BULLISH),2,1.06853,1.06798,2023-06-06 14:00:00,-0.0515,LOSS ❌ (-0.05%),0,0.042199425,LOW (<50%)
2023-06-06 12:45:00,BUY (BULLISH),2,1.06702,1.06798,2023-06-06 14:00:00,0.09,LOSS ❌ (0.09%),0,0.30161297,LOW (<50%)
2023-06-07 00:15:00,SELL (BEARISH),2,1.07005,1.0679099,2023-06-07 06:15:00,0.2,WIN ✅ (+0.20%),1,0.8515118,HIGH (>70%)
2023-06-07 05:15:00,BUY (BULLISH),2,1.06846,1.07059692,2023-06-07 10:15:00,0.2,WIN ✅ (+0.20%),1,0.7630611,HIGH (>70%)
2023-06-07 09:15:00,SELL (BEARISH),2,1.0694,1.07236,2023-06-07 14:00:00,-0.2768,LOSS ❌ (0.28%),0,0.103312664,LOW (<50%)
2023-06-07 11:30:00,SELL (BEARISH),2,1.07182,1.07236,2023-06-07 14:00:00,-0.0504,LOSS ❌ (0.05%),0,0.09046313,LOW (<50%)
2023-06-07 14:00:00,SELL (BEARISH),2,1.07236,1.07021528,2023-06-07 15:00:00,0.2,WIN ✅ (+0.20%),1,0.86231613,HIGH (>70%)
2023-06-07 17:00:00,BUY (BULLISH),3,1.06928,1.07141856,2023-06-08 05:00:00,0.2,WIN ✅ (+0.20%),1,0.70021266,HIGH (>70%)
2023-06-08 02:00:00,SELL (BEARISH),2,1.07077,1.07666,2023-06-08 14:00:00,-0.5501,LOSS ❌ (0.55%),0,0.30893543,LOW (<50%)
2023-06-08 08:30:00,SELL (BEARISH),2,1.07186,1.07666,2023-06-08 14:00:00,-0.4478,LOSS ❌ (0.45%),0,0.14234684,LOW (<50%)
2023-06-08 11:45:00,SELL (BEARISH),2,1.07352,1.07666,2023-06-08 14:00:00,-0.2925,LOSS ❌ (0.29%),0,0.24932647,LOW (<50%)
2023-06-08 14:00:00,SELL (BEARISH),2,1.07666,1.07692,2023-06-09 14:00:00,-0.0241,LOSS ❌ (0.02%),0,0.15741728,LOW (<50%)
2023-06-08 14:30:00,SELL (BEARISH),2,1.07701,1.07692,2023-06-09 14:00:00,0.0084,LOSS ❌ (-0.01%),0,0.075889595,LOW (<50%)
2023-06-08 15:30:00,SELL (BEARISH),2,1.07751,1.07692,2023-06-09 14:00:00,0.0548,LOSS ❌ (-0.05%),0,0.09185212,LOW (<50%)
2023-06-08 23:00:00,SELL (BEARISH),2,1.07834,1.0761833200000002,2023-06-09 08:00:00,0.2,WIN ✅ (+0.20%),1,0.77397865,HIGH (>70%)
2023-06-09 00:30:00,SELL (BEARISH),2,1.07829,1.07613342,2023-06-09 08:30:00,0.2,WIN ✅ (+0.20%),1,0.6720555,MEDIUM (50-70%)
2023-06-09 02:30:00,BUY (BULLISH),2,1.07768,1.07692,2023-06-09 14:00:00,-0.0705,LOSS ❌ (-0.07%),0,0.1759595,LOW (<50%)
2023-06-09 02:45:00,BUY (BULLISH),2,1.07765,1.07692,2023-06-09 14:00:00,-0.0677,LOSS ❌ (-0.07%),0,0.26455837,LOW (<50%)
2023-06-09 07:15:00,BUY (BULLISH),2,1.07725,1.07692,2023-06-09 14:00:00,-0.0306,LOSS ❌ (-0.03%),0,0.17717074,LOW (<50%)
2023-06-09 08:30:00,BUY (BULLISH),2,1.07636,1.07692,2023-06-09 14:00:00,0.052,LOSS ❌ (0.05%),0,0.19779158,LOW (<50%)
2023-06-09 08:45:00,BUY (BULLISH),2,1.07631,1.07692,2023-06-09 14:00:00,0.0567,LOSS ❌ (0.06%),0,0.18964368,LOW (<50%)
2023-06-09 10:00:00,BUY (BULLISH),2,1.0759,1.0780518,2023-06-09 11:45:00,0.2,WIN ✅ (+0.20%),1,0.63746077,MEDIUM (50-70%)
2023-06-09 14:30:00,BUY (BULLISH),2,1.07584,1.07445,2023-06-09 20:45:00,-0.1292,LOSS ❌ (-0.13%),0,0.18730266,LOW (<50%)
2023-06-09 15:00:00,BUY (BULLISH),2,1.07573,1.07445,2023-06-09 20:45:00,-0.119,LOSS ❌ (-0.12%),0,0.35043612,LOW (<50%)
2023-06-09 15:15:00,BUY (BULLISH),2,1.07535,1.07445,2023-06-09 20:45:00,-0.0837,LOSS ❌ (-0.08%),0,0.19348392,LOW (<50%)
2023-06-11 23:45:00,SELL (BEARISH),2,1.07496,1.07577,2023-06-12 14:00:00,-0.0754,LOSS ❌ (0.08%),0,0.3683044,LOW (<50%)
2023-06-12 01:30:00,BUY (BULLISH),2,1.07425,1.0763985,2023-06-12 07:45:00,0.2,WIN ✅ (+0.20%),1,0.6787849,MEDIUM (50-70%)
2023-06-12 02:00:00,BUY (BULLISH),2,1.0736,1.0757472,2023-06-12 07:45:00,0.2,WIN ✅ (+0.20%),1,0.8501341,HIGH (>70%)
2023-06-12 02:15:00,BUY (BULLISH),2,1.0736,1.0757472,2023-06-12 07:45:00,0.2,WIN ✅ (+0.20%),1,0.83744985,HIGH (>70%)
2023-06-12 23:15:00,SELL (BEARISH),2,1.07614,1.07815,2023-06-13 14:00:00,-0.1868,LOSS ❌ (0.19%),0,0.13885407,LOW (<50%)
2023-06-13 01:30:00,SELL (BEARISH),2,1.07649,1.07815,2023-06-13 14:00:00,-0.1542,LOSS ❌ (0.15%),0,0.19803187,LOW (<50%)
2023-06-13 02:00:00,SELL (BEARISH),2,1.07664,1.07815,2023-06-13 14:00:00,-0.1403,LOSS ❌ (0.14%),0,0.25968814,LOW (<50%)
2023-06-13 03:15:00,SELL (BEARISH),2,1.07777,1.07815,2023-06-13 14:00:00,-0.0353,LOSS ❌ (0.04%),0,0.17901953,LOW (<50%)
2023-06-13 03:45:00,SELL (BEARISH),2,1.07786,1.07815,2023-06-13 14:00:00,-0.0269,LOSS ❌ (0.03%),0,0.14031307,LOW (<50%)
2023-06-13 04:45:00,SELL (BEARISH),2,1.07817,1.07815,2023-06-13 14:00:00,0.0019,LOSS ❌ (-0.00%),0,0.14420345,LOW (<50%)
2023-06-13 06:15:00,SELL (BEARISH),2,1.07936,1.07815,2023-06-13 14:00:00,0.1121,LOSS ❌ (-0.11%),0,0.20320721,LOW (<50%)
2023-06-13 06:30:00,SELL (BEARISH),2,1.07943,1.07815,2023-06-13 14:00:00,0.1186,LOSS ❌ (-0.12%),0,0.09561173,LOW (<50%)
2023-06-13 09:00:00,SELL (BEARISH),3,1.08072,1.0785585599999998,2023-06-13 12:30:00,0.2,WIN ✅ (+0.20%),1,0.7950999,HIGH (>70%)
2023-06-13 12:00:00,BUY (BULLISH),2,1.0794,1.0815587999999998,2023-06-13 12:30:00,0.2,WIN ✅ (+0.20%),1,0.82169235,HIGH (>70%)
2023-06-14 04:15:00,BUY (BULLISH),2,1.07865,1.0808073,2023-06-14 09:30:00,0.2,WIN ✅ (+0.20%),1,0.66303414,MEDIUM (50-70%)
2023-06-15 09:30:00,SELL (BEARISH),2,1.08428,1.0821114399999998,2023-06-15 11:45:00,0.2,WIN ✅ (+0.20%),1,0.5819452,MEDIUM (50-70%)
2023-06-15 12:45:00,SELL (BEARISH),2,1.08642,1.09045,2023-06-15 14:00:00,-0.3709,LOSS ❌ (0.37%),0,0.19550282,LOW (<50%)
2023-06-15 14:30:00,SELL (BEARISH),2,1.09142,1.09415,2023-06-16 14:00:00,-0.2501,LOSS ❌ (0.25%),0,0.24062476,LOW (<50%)
2023-06-15 15:45:00,SELL (BEARISH),2,1.09324,1.09415,2023-06-16 14:00:00,-0.0832,LOSS ❌ (0.08%),0,0.22537836,LOW (<50%)
2023-06-15 16:45:00,SELL (BEARISH),2,1.09433,1.09415,2023-06-16 14:00:00,0.0164,LOSS ❌ (-0.02%),0,0.11053454,LOW (<50%)
2023-06-15 19:00:00,SELL (BEARISH),2,1.09503,1.09415,2023-06-16 14:00:00,0.0804,LOSS ❌ (-0.08%),0,0.30758378,LOW (<50%)
2023-06-19 04:15:00,BUY (BULLISH),2,1.09347,1.09125,2023-06-19 14:00:00,-0.203,LOSS ❌ (-0.20%),0,0.34332293,LOW (<50%)
2023-06-19 05:00:00,BUY (BULLISH),2,1.09347,1.09125,2023-06-19 14:00:00,-0.203,LOSS ❌ (-0.20%),0,0.31520098,LOW (<50%)
2023-06-19 05:45:00,SELL (BEARISH),2,1.09398,1.09179204,2023-06-19 09:30:00,0.2,WIN ✅ (+0.20%),1,0.61462724,MEDIUM (50-70%)
2023-06-19 07:00:00,BUY (BULLISH),2,1.09297,1.09125,2023-06-19 14:00:00,-0.1574,LOSS ❌ (-0.16%),0,0.15039253,LOW (<50%)
2023-06-19 09:15:00,BUY (BULLISH),2,1.09265,1.09125,2023-06-19 14:00:00,-0.1281,LOSS ❌ (-0.13%),0,0.24649125,LOW (<50%)
2023-06-19 22:15:00,SELL (BEARISH),2,1.09248,1.0918,2023-06-20 14:00:00,0.0622,LOSS ❌ (-0.06%),0,0.23356903,LOW (<50%)
2023-06-20 01:45:00,BUY (BULLISH),2,1.09129,1.09347258,2023-06-20 07:30:00,0.2,WIN ✅ (+0.20%),1,0.71017134,HIGH (>70%)
2023-06-20 12:45:00,BUY (BULLISH),2,1.0919,1.0918,2023-06-20 14:00:00,-0.0092,LOSS ❌ (-0.01%),0,0.12348837,LOW (<50%)
2023-06-20 14:45:00,BUY (BULLISH),2,1.09011,1.09229022,2023-06-21 08:00:00,0.2,WIN ✅ (+0.20%),1,0.3970313,LOW (<50%)
2023-06-20 20:30:00,SELL (BEARISH),2,1.09166,1.09278,2023-06-21 14:00:00,-0.1026,LOSS ❌ (0.10%),0,0.2959613,LOW (<50%)
2023-06-20 23:15:00,SELL (BEARISH),2,1.09209,1.09278,2023-06-21 14:00:00,-0.0632,LOSS ❌ (0.06%),0,0.35299546,LOW (<50%)
2023-06-21 01:00:00,BUY (BULLISH),2,1.09153,1.09278,2023-06-21 14:00:00,0.1145,LOSS ❌ (0.11%),0,0.18373641,LOW (<50%)
2023-06-21 02:45:00,BUY (BULLISH),2,1.09121,1.09278,2023-06-21 14:00:00,0.1439,LOSS ❌ (0.14%),0,0.32341635,LOW (<50%)
2023-06-21 06:00:00,BUY (BULLISH),2,1.09126,1.09278,2023-06-21 14:00:00,0.1393,LOSS ❌ (0.14%),0,0.26550934,LOW (<50%)
2023-06-21 12:30:00,BUY (BULLISH),2,1.09146,1.09278,2023-06-21 14:00:00,0.1209,LOSS ❌ (0.12%),0,0.21636666,LOW (<50%)
2023-06-21 13:45:00,SELL (BEARISH),2,1.09263,1.09278,2023-06-21 14:00:00,-0.0137,LOSS ❌ (0.01%),0,0.26948398,LOW (<50%)
2023-06-21 17:15:00,SELL (BEARISH),2,1.0973,1.09869,2023-06-22 14:00:00,-0.1267,LOSS ❌ (0.13%),0,0.2607909,LOW (<50%)
2023-06-22 04:30:00,BUY (BULLISH),2,1.09888,1.10107776,2023-06-22 11:00:00,0.2,WIN ✅ (+0.20%),1,0.84811014,HIGH (>70%)
2023-06-22 06:15:00,BUY (BULLISH),2,1.09841,1.10060682,2023-06-22 10:15:00,0.2,WIN ✅ (+0.20%),1,0.7563884,HIGH (>70%)
2023-06-22 06:45:00,BUY (BULLISH),2,1.09823,1.10042646,2023-06-22 10:00:00,0.2,WIN ✅ (+0.20%),1,0.7666937,HIGH (>70%)
2023-06-22 13:15:00,BUY (BULLISH),2,1.09771,1.09869,2023-06-22 14:00:00,0.0893,LOSS ❌ (0.09%),0,0.16439053,LOW (<50%)
2023-06-22 14:30:00,BUY (BULLISH),2,1.0968,1.08915,2023-06-23 14:00:00,-0.6975,LOSS ❌ (-0.70%),0,0.25972074,LOW (<50%)
2023-06-22 15:00:00,BUY (BULLISH),2,1.09658,1.08915,2023-06-23 14:00:00,-0.6776,LOSS ❌ (-0.68%),0,0.07760412,LOW (<50%)
2023-06-22 16:00:00,BUY (BULLISH),2,1.09536,1.08915,2023-06-23 14:00:00,-0.5669,LOSS ❌ (-0.57%),0,0.101021715,LOW (<50%)
2023-06-23 00:30:00,BUY (BULLISH),2,1.09534,1.08915,2023-06-23 14:00:00,-0.5651,LOSS ❌ (-0.57%),0,0.3552665,LOW (<50%)
2023-06-23 04:15:00,BUY (BULLISH),2,1.09328,1.08915,2023-06-23 14:00:00,-0.3778,LOSS ❌ (-0.38%),0,0.239139,LOW (<50%)
2023-06-23 04:30:00,BUY (BULLISH),2,1.09335,1.08915,2023-06-23 14:00:00,-0.3841,LOSS ❌ (-0.38%),0,0.21229891,LOW (<50%)
2023-06-23 09:00:00,BUY (BULLISH),2,1.08528,1.08745056,2023-06-23 11:30:00,0.2,WIN ✅ (+0.20%),1,0.6952487,MEDIUM (50-70%)
2023-06-23 13:45:00,SELL (BEARISH),2,1.08829,1.08915,2023-06-23 14:00:00,-0.079,LOSS ❌ (0.08%),0,0.088588,LOW (<50%)
2023-06-25 22:30:00,SELL (BEARISH),2,1.09035,1.09092,2023-06-26 14:00:00,-0.0523,LOSS ❌ (0.05%),0,0.24799994,LOW (<50%)
2023-06-26 01:30:00,SELL (BEARISH),2,1.0906,1.09092,2023-06-26 14:00:00,-0.0293,LOSS ❌ (0.03%),0,0.27964583,LOW (<50%)
2023-06-26 06:00:00,SELL (BEARISH),2,1.0907,1.09092,2023-06-26 14:00:00,-0.0202,LOSS ❌ (0.02%),0,0.10237633,LOW (<50%)
2023-06-26 07:15:00,BUY (BULLISH),2,1.09029,1.09092,2023-06-26 14:00:00,0.0578,LOSS ❌ (0.06%),0,0.22065417,LOW (<50%)
2023-06-26 12:00:00,SELL (BEARISH),2,1.09164,1.09092,2023-06-26 14:00:00,0.066,LOSS ❌ (-0.07%),0,0.1871098,LOW (<50%)
2023-06-27 08:00:00,SELL (BEARISH),2,1.09401,1.09441,2023-06-27 14:00:00,-0.0366,LOSS ❌ (0.04%),0,0.1868212,LOW (<50%)
2023-06-28 01:15:00,BUY (BULLISH),2,1.09536,1.09182,2023-06-28 14:00:00,-0.3232,LOSS ❌ (-0.32%),0,0.21536991,LOW (<50%)
2023-06-28 02:00:00,BUY (BULLISH),2,1.09466,1.09182,2023-06-28 14:00:00,-0.2594,LOSS ❌ (-0.26%),0,0.2644778,LOW (<50%)
2023-06-28 10:15:00,SELL (BEARISH),2,1.09584,1.09364832,2023-06-28 12:00:00,0.2,WIN ✅ (+0.20%),1,0.7053759,HIGH (>70%)
2023-06-28 10:30:00,SELL (BEARISH),2,1.09559,1.09339882,2023-06-28 12:00:00,0.2,WIN ✅ (+0.20%),1,0.4718293,LOW (<50%)
2023-06-28 12:45:00,BUY (BULLISH),3,1.09275,1.09182,2023-06-28 14:00:00,-0.0851,LOSS ❌ (-0.09%),0,0.3163458,LOW (<50%)
2023-06-28 14:30:00,BUY (BULLISH),3,1.09156,1.09374312,2023-06-29 11:45:00,0.2,WIN ✅ (+0.20%),1,0.82003474,HIGH (>70%)
2023-06-29 03:00:00,BUY (BULLISH),2,1.08932,1.09149864,2023-06-29 07:15:00,0.2,WIN ✅ (+0.20%),1,0.7591705,HIGH (>70%)
2023-06-29 04:30:00,BUY (BULLISH),2,1.08899,1.0911679799999998,2023-06-29 07:15:00,0.2,WIN ✅ (+0.20%),1,0.6557414,MEDIUM (50-70%)
2023-06-29 08:00:00,SELL (BEARISH),2,1.0917,1.0895165999999998,2023-06-29 12:45:00,0.2,WIN ✅ (+0.20%),1,0.71947587,HIGH (>70%)
2023-06-29 13:45:00,BUY (BULLISH),2,1.08685,1.0883,2023-06-29 14:00:00,0.1334,LOSS ❌ (0.13%),0,0.09550771,LOW (<50%)
2023-06-29 20:30:00,BUY (BULLISH),2,1.08645,1.0886228999999998,2023-06-30 12:30:00,0.2,WIN ✅ (+0.20%),1,0.646241,MEDIUM (50-70%)
2023-06-30 01:00:00,SELL (BEARISH),2,1.08721,1.08503558,2023-06-30 08:00:00,0.2,WIN ✅ (+0.20%),1,0.65609074,MEDIUM (50-70%)
2023-06-30 14:15:00,SELL (BEARISH),2,1.09231,1.09079,2023-06-30 20:45:00,0.1392,LOSS ❌ (-0.14%),0,0.119492024,LOW (<50%)
2023-06-30 20:30:00,BUY (BULLISH),2,1.09089,1.09079,2023-06-30 20:45:00,-0.0092,LOSS ❌ (-0.01%),0,0.3338167,LOW (<50%)
2023-07-02 21:45:00,BUY (BULLISH),2,1.09075,1.0929315000000002,2023-07-03 14:00:00,0.2,WIN ✅ (+0.20%),1,0.95185256,HIGH (>70%)
2023-07-02 23:30:00,BUY (BULLISH),2,1.09078,1.09296156,2023-07-03 14:00:00,0.2,WIN ✅ (+0.20%),1,0.79859453,HIGH (>70%)
2023-07-02 23:45:00,BUY (BULLISH),2,1.09072,1.09290144,2023-07-03 14:00:00,0.2,WIN ✅ (+0.20%),1,0.7233529,HIGH (>70%)
2023-07-03 00:00:00,BUY (BULLISH),2,1.0908,1.0929816,2023-07-03 14:00:00,0.2,WIN ✅ (+0.20%),1,0.7726766,HIGH (>70%)
2023-07-03 00:15:00,BUY (BULLISH),2,1.09073,1.09291146,2023-07-03 14:00:00,0.2,WIN ✅ (+0.20%),1,0.6846633,MEDIUM (50-70%)
2023-07-03 07:30:00,BUY (BULLISH),2,1.08801,1.09018602,2023-07-03 11:00:00,0.2,WIN ✅ (+0.20%),1,0.719504,HIGH (>70%)
2023-07-03 11:15:00,SELL (BEARISH),2,1.08945,1.09171,2023-07-03 14:00:00,-0.2074,LOSS ❌ (0.21%),0,0.11015386,LOW (<50%)
2023-07-03 13:00:00,SELL (BEARISH),2,1.09072,1.09171,2023-07-03 14:00:00,-0.0908,LOSS ❌ (0.09%),0,0.11663615,LOW (<50%)
2023-07-03 13:30:00,SELL (BEARISH),2,1.09114,1.09171,2023-07-03 14:00:00,-0.0522,LOSS ❌ (0.05%),0,0.119398445,LOW (<50%)
2023-07-03 13:45:00,SELL (BEARISH),2,1.09134,1.09171,2023-07-03 14:00:00,-0.0339,LOSS ❌ (0.03%),0,0.32989678,LOW (<50%)
2023-07-03 14:00:00,SELL (BEARISH),2,1.09171,1.08952658,2023-07-04 05:15:00,0.2,WIN ✅ (+0.20%),1,0.78474104,HIGH (>70%)
2023-07-04 04:30:00,BUY (BULLISH),2,1.09039,1.09016,2023-07-04 14:00:00,-0.0211,LOSS ❌ (-0.02%),0,0.08252105,LOW (<50%)
2023-07-04 08:45:00,BUY (BULLISH),2,1.0895,1.09016,2023-07-04 14:00:00,0.0606,LOSS ❌ (0.06%),0,0.24583714,LOW (<50%)
2023-07-04 19:00:00,BUY (BULLISH),2,1.08866,1.08855,2023-07-05 14:00:00,-0.0101,LOSS ❌ (-0.01%),0,0.16092007,LOW (<50%)
2023-07-04 20:00:00,BUY (BULLISH),2,1.08823,1.09040646,2023-07-05 07:15:00,0.2,WIN ✅ (+0.20%),1,0.77171785,HIGH (>70%)
2023-07-05 02:00:00,BUY (BULLISH),2,1.08762,1.08979524,2023-07-05 07:00:00,0.2,WIN ✅ (+0.20%),1,0.6544202,MEDIUM (50-70%)
2023-07-05 08:00:00,BUY (BULLISH),2,1.08767,1.08984534,2023-07-05 12:45:00,0.2,WIN ✅ (+0.20%),1,0.6397967,MEDIUM (50-70%)
2023-07-05 14:45:00,BUY (BULLISH),3,1.08733,1.08950466,2023-07-06 11:30:00,0.2,WIN ✅ (+0.20%),1,0.53534234,MEDIUM (50-70%)
2023-07-05 15:45:00,BUY (BULLISH),3,1.08668,1.08885336,2023-07-06 10:30:00,0.2,WIN ✅ (+0.20%),1,0.6310857,MEDIUM (50-70%)
2023-07-05 16:15:00,BUY (BULLISH),2,1.08636,1.08853272,2023-07-06 10:15:00,0.2,WIN ✅ (+0.20%),1,0.47845086,LOW (<50%)
2023-07-06 03:15:00,BUY (BULLISH),2,1.0843,1.0864686,2023-07-06 06:15:00,0.2,WIN ✅ (+0.20%),1,0.7539657,HIGH (>70%)
2023-07-06 10:30:00,SELL (BEARISH),2,1.08853,1.08635294,2023-07-06 12:15:00,0.2,WIN ✅ (+0.20%),1,0.6031934,MEDIUM (50-70%)
2023-07-06 12:00:00,SELL (BEARISH),2,1.08963,1.0874507400000002,2023-07-06 12:15:00,0.2,WIN ✅ (+0.20%),1,0.59795153,MEDIUM (50-70%)
2023-07-07 00:45:00,BUY (BULLISH),2,1.08847,1.09064694,2023-07-07 12:30:00,0.2,WIN ✅ (+0.20%),1,0.7820522,HIGH (>70%)
2023-07-07 08:15:00,BUY (BULLISH),2,1.08777,1.08994554,2023-07-07 12:30:00,0.2,WIN ✅ (+0.20%),1,0.57459074,MEDIUM (50-70%)
2023-07-07 16:15:00,SELL (BEARISH),3,1.09673,1.09679,2023-07-07 20:45:00,-0.0055,LOSS ❌ (0.01%),0,0.1935336,LOW (<50%)
2023-07-07 17:00:00,SELL (BEARISH),2,1.09699,1.09679,2023-07-07 20:45:00,0.0182,LOSS ❌ (-0.02%),0,0.08927721,LOW (<50%)
2023-07-07 17:15:00,SELL (BEARISH),2,1.09713,1.09679,2023-07-07 20:45:00,0.031,LOSS ❌ (-0.03%),0,0.13335007,LOW (<50%)
2023-07-10 03:30:00,BUY (BULLISH),2,1.09554,1.09773108,2023-07-10 14:00:00,0.2,WIN ✅ (+0.20%),1,0.71692187,HIGH (>70%)
2023-07-10 05:00:00,BUY (BULLISH),2,1.09534,1.09753068,2023-07-10 14:00:00,0.2,WIN ✅ (+0.20%),1,0.90572006,HIGH (>70%)
2023-07-10 19:00:00,SELL (BEARISH),2,1.09989,1.09769022,2023-07-11 12:45:00,0.2,WIN ✅ (+0.20%),1,0.8493652,HIGH (>70%)
2023-07-10 22:00:00,SELL (BEARISH),2,1.10002,1.09781996,2023-07-11 12:45:00,0.2,WIN ✅ (+0.20%),1,0.88632953,HIGH (>70%)
2023-07-11 12:45:00,BUY (BULLISH),2,1.09816,1.09831,2023-07-11 14:00:00,0.0137,LOSS ❌ (0.01%),0,0.1328964,LOW (<50%)
2023-07-11 23:00:00,SELL (BEARISH),2,1.10117,1.10986,2023-07-12 14:00:00,-0.7892,LOSS ❌ (0.79%),0,0.23203194,LOW (<50%)
2023-07-11 23:15:00,SELL (BEARISH),2,1.10113,1.10986,2023-07-12 14:00:00,-0.7928,LOSS ❌ (0.79%),0,0.1711084,LOW (<50%)
2023-07-12 00:00:00,SELL (BEARISH),2,1.10137,1.10986,2023-07-12 14:00:00,-0.7709,LOSS ❌ (0.77%),0,0.23386976,LOW (<50%)
2023-07-12 04:15:00,SELL (BEARISH),2,1.10319,1.10986,2023-07-12 14:00:00,-0.6046,LOSS ❌ (0.60%),0,0.12935154,LOW (<50%)
2023-07-12 11:15:00,BUY (BULLISH),2,1.10192,1.10412384,2023-07-12 12:30:00,0.2,WIN ✅ (+0.20%),1,0.6766503,MEDIUM (50-70%)
2023-07-12 13:30:00,SELL (BEARISH),2,1.10833,1.10986,2023-07-12 14:00:00,-0.138,LOSS ❌ (0.14%),0,0.17637073,LOW (<50%)
2023-07-12 14:00:00,SELL (BEARISH),2,1.10986,1.11892,2023-07-13 14:00:00,-0.8163,LOSS ❌ (0.82%),0,0.053328946,LOW (<50%)
2023-07-12 14:15:00,SELL (BEARISH),3,1.10994,1.11892,2023-07-13 14:00:00,-0.8091,LOSS ❌ (0.81%),0,0.079166494,LOW (<50%)
2023-07-12 15:30:00,SELL (BEARISH),2,1.11175,1.11892,2023-07-13 14:00:00,-0.6449,LOSS ❌ (0.64%),0,0.14134657,LOW (<50%)
2023-07-12 16:30:00,SELL (BEARISH),2,1.11274,1.11892,2023-07-13 14:00:00,-0.5554,LOSS ❌ (0.56%),0,0.14777847,LOW (<50%)
2023-07-13 00:15:00,SELL (BEARISH),2,1.114,1.11892,2023-07-13 14:00:00,-0.4417,LOSS ❌ (0.44%),0,0.14877692,LOW (<50%)
2023-07-13 03:15:00,SELL (BEARISH),2,1.11464,1.11892,2023-07-13 14:00:00,-0.384,LOSS ❌ (0.38%),0,0.4082845,LOW (<50%)
2023-07-13 08:00:00,SELL (BEARISH),2,1.11565,1.11892,2023-07-13 14:00:00,-0.2931,LOSS ❌ (0.29%),0,0.14530335,LOW (<50%)
2023-07-13 08:45:00,SELL (BEARISH),2,1.11605,1.11892,2023-07-13 14:00:00,-0.2572,LOSS ❌ (0.26%),0,0.27088246,LOW (<50%)
2023-07-13 09:45:00,SELL (BEARISH),2,1.11724,1.11892,2023-07-13 14:00:00,-0.1504,LOSS ❌ (0.15%),0,0.25049496,LOW (<50%)
2023-07-13 11:30:00,SELL (BEARISH),2,1.11736,1.11892,2023-07-13 14:00:00,-0.1396,LOSS ❌ (0.14%),0,0.072306,LOW (<50%)
2023-07-13 12:15:00,SELL (BEARISH),2,1.11787,1.11892,2023-07-13 14:00:00,-0.0939,LOSS ❌ (0.09%),0,0.23228422,LOW (<50%)
2023-07-13 12:30:00,SELL (BEARISH),2,1.11738,1.11892,2023-07-13 14:00:00,-0.1378,LOSS ❌ (0.14%),0,0.11140032,LOW (<50%)
2023-07-13 13:45:00,SELL (BEARISH),3,1.11938,1.11892,2023-07-13 14:00:00,0.0411,LOSS ❌ (-0.04%),0,0.15629804,LOW (<50%)
2023-07-13 15:00:00,SELL (BEARISH),2,1.11893,1.12305,2023-07-14 14:00:00,-0.3682,LOSS ❌ (0.37%),0,0.17753403,LOW (<50%)
2023-07-13 16:30:00,SELL (BEARISH),3,1.12041,1.12305,2023-07-14 14:00:00,-0.2356,LOSS ❌ (0.24%),0,0.16752289,LOW (<50%)
2023-07-14 14:45:00,SELL (BEARISH),2,1.12413,1.12226,2023-07-14 20:45:00,0.1664,LOSS ❌ (-0.17%),0,0.21398903,LOW (<50%)
2023-07-17 06:45:00,SELL (BEARISH),2,1.1233,1.1210534,2023-07-17 13:30:00,0.2,WIN ✅ (+0.20%),1,0.77164155,HIGH (>70%)
2023-07-17 13:45:00,BUY (BULLISH),2,1.12211,1.12243,2023-07-17 14:00:00,0.0285,LOSS ❌ (0.03%),0,0.27597702,LOW (<50%)
2023-07-17 16:00:00,SELL (BEARISH),3,1.12345,1.12331,2023-07-18 14:00:00,0.0125,LOSS ❌ (-0.01%),0,0.19311424,LOW (<50%)
2023-07-17 19:15:00,SELL (BEARISH),2,1.12448,1.12223104,2023-07-18 13:30:00,0.2,WIN ✅ (+0.20%),1,0.86535805,HIGH (>70%)
2023-07-18 04:00:00,SELL (BEARISH),2,1.12543,1.12317914,2023-07-18 08:45:00,0.2,WIN ✅ (+0.20%),1,0.70034146,HIGH (>70%)
2023-07-18 05:15:00,SELL (BEARISH),2,1.12577,1.12351846,2023-07-18 08:30:00,0.2,WIN ✅ (+0.20%),1,0.7165909,HIGH (>70%)
2023-07-18 06:15:00,BUY (BULLISH),2,1.12475,1.1269995,2023-07-18 07:00:00,0.2,WIN ✅ (+0.20%),1,0.5084762,MEDIUM (50-70%)
2023-07-18 08:45:00,BUY (BULLISH),2,1.12368,1.12592736,2023-07-18 10:30:00,0.2,WIN ✅ (+0.20%),1,0.8462014,HIGH (>70%)
2023-07-18 13:30:00,BUY (BULLISH),2,1.1228,1.12331,2023-07-18 14:00:00,0.0454,LOSS ❌ (0.05%),0,0.33356547,LOW (<50%)
2023-07-18 13:45:00,BUY (BULLISH),2,1.12262,1.12331,2023-07-18 14:00:00,0.0615,LOSS ❌ (0.06%),0,0.2735417,LOW (<50%)
2023-07-18 16:30:00,BUY (BULLISH),2,1.12168,1.12392336,2023-07-19 09:15:00,0.2,WIN ✅ (+0.20%),1,0.7562742,HIGH (>70%)
2023-07-18 17:00:00,BUY (BULLISH),2,1.12157,1.12381314,2023-07-19 09:15:00,0.2,WIN ✅ (+0.20%),1,0.7799718,HIGH (>70%)
2023-07-18 22:45:00,SELL (BEARISH),2,1.12312,1.1208737599999998,2023-07-19 06:30:00,0.2,WIN ✅ (+0.20%),1,0.7159989,HIGH (>70%)
2023-07-19 07:30:00,SELL (BEARISH),2,1.12315,1.1209037000000002,2023-07-19 12:30:00,0.2,WIN ✅ (+0.20%),1,0.6002309,MEDIUM (50-70%)
2023-07-19 09:30:00,SELL (BEARISH),2,1.1235,1.1212529999999998,2023-07-19 11:00:00,0.2,WIN ✅ (+0.20%),1,0.7154968,HIGH (>70%)
2023-07-19 12:30:00,BUY (BULLISH),2,1.12149,1.11929,2023-07-19 14:00:00,-0.1962,LOSS ❌ (-0.20%),0,0.28028712,LOW (<50%)
2023-07-19 14:45:00,BUY (BULLISH),2,1.11902,1.1212580399999998,2023-07-20 00:30:00,0.2,WIN ✅ (+0.20%),1,0.63852185,MEDIUM (50-70%)
2023-07-20 02:00:00,SELL (BEARISH),2,1.12251,1.12026498,2023-07-20 07:30:00,0.2,WIN ✅ (+0.20%),1,0.8307966,HIGH (>70%)
2023-07-20 16:45:00,BUY (BULLISH),2,1.11238,1.11133,2023-07-21 14:00:00,-0.0944,LOSS ❌ (-0.09%),0,0.086538635,LOW (<50%)
2023-07-21 02:00:00,SELL (BEARISH),2,1.11398,1.11175204,2023-07-21 11:45:00,0.2,WIN ✅ (+0.20%),1,0.8063588,HIGH (>70%)
2023-07-21 02:45:00,SELL (BEARISH),2,1.11392,1.11169216,2023-07-21 13:45:00,0.2,WIN ✅ (+0.20%),1,0.82969975,HIGH (>70%)
2023-07-21 06:30:00,SELL (BEARISH),2,1.11435,1.1121213,2023-07-21 08:15:00,0.2,WIN ✅ (+0.20%),1,0.9173428,HIGH (>70%)
2023-07-21 13:15:00,SELL (BEARISH),2,1.1132,1.1109736,2023-07-21 14:00:00,0.2,WIN ✅ (+0.20%),1,0.74568814,HIGH (>70%)
2023-07-21 13:45:00,BUY (BULLISH),2,1.11183,1.11133,2023-07-21 14:00:00,-0.045,LOSS ❌ (-0.04%),0,0.13099912,LOW (<50%)
2023-07-21 14:00:00,BUY (BULLISH),2,1.11133,1.11255,2023-07-21 20:45:00,0.1098,LOSS ❌ (0.11%),0,0.18670653,LOW (<50%)
2023-07-21 14:45:00,BUY (BULLISH),2,1.11129,1.11255,2023-07-21 20:45:00,0.1134,LOSS ❌ (0.11%),0,0.2750041,LOW (<50%)
2023-07-23 21:45:00,SELL (BEARISH),2,1.11292,1.11069416,2023-07-24 07:30:00,0.2,WIN ✅ (+0.20%),1,0.8851987,HIGH (>70%)
2023-07-23 23:15:00,SELL (BEARISH),2,1.11293,1.11070414,2023-07-24 07:30:00,0.2,WIN ✅ (+0.20%),1,0.93482924,HIGH (>70%)
2023-07-24 17:30:00,BUY (BULLISH),2,1.10737,1.10359,2023-07-25 14:00:00,-0.3413,LOSS ❌ (-0.34%),0,0.18356986,LOW (<50%)
2023-07-24 18:45:00,BUY (BULLISH),2,1.10703,1.10359,2023-07-25 14:00:00,-0.3107,LOSS ❌ (-0.31%),0,0.30456474,LOW (<50%)
2023-07-25 01:15:00,SELL (BEARISH),2,1.10741,1.10519518,2023-07-25 09:30:00,0.2,WIN ✅ (+0.20%),1,0.75389266,HIGH (>70%)
2023-07-25 10:00:00,BUY (BULLISH),2,1.10458,1.10359,2023-07-25 14:00:00,-0.0896,LOSS ❌ (-0.09%),0,0.14438371,LOW (<50%)
2023-07-25 14:30:00,BUY (BULLISH),3,1.10296,1.10516592,2023-07-25 15:30:00,0.2,WIN ✅ (+0.20%),1,0.74018836,HIGH (>70%)
2023-07-25 15:30:00,SELL (BEARISH),2,1.10524,1.10639,2023-07-26 14:00:00,-0.104,LOSS ❌ (0.10%),0,0.11859236,LOW (<50%)
2023-07-25 16:00:00,SELL (BEARISH),2,1.10518,1.10639,2023-07-26 14:00:00,-0.1095,LOSS ❌ (0.11%),0,0.16345255,LOW (<50%)
2023-07-25 20:00:00,SELL (BEARISH),2,1.10521,1.10639,2023-07-26 14:00:00,-0.1068,LOSS ❌ (0.11%),0,0.09536516,LOW (<50%)
2023-07-26 00:30:00,BUY (BULLISH),2,1.10466,1.10686932,2023-07-26 06:15:00,0.2,WIN ✅ (+0.20%),1,0.6880182,MEDIUM (50-70%)
2023-07-26 18:30:00,BUY (BULLISH),2,1.10968,1.11189936,2023-07-27 07:30:00,0.2,WIN ✅ (+0.20%),1,0.7989791,HIGH (>70%)
2023-07-26 19:00:00,SELL (BEARISH),2,1.10878,1.10656244,2023-07-27 12:45:00,0.2,WIN ✅ (+0.20%),1,0.6818217,MEDIUM (50-70%)
2023-07-26 23:45:00,BUY (BULLISH),2,1.10776,1.10997552,2023-07-27 01:45:00,0.2,WIN ✅ (+0.20%),1,0.87640923,HIGH (>70%)
2023-07-27 01:45:00,SELL (BEARISH),2,1.10988,1.10766024,2023-07-27 12:30:00,0.2,WIN ✅ (+0.20%),1,0.75269437,HIGH (>70%)
2023-07-27 07:45:00,SELL (BEARISH),2,1.11281,1.11058438,2023-07-27 12:15:00,0.2,WIN ✅ (+0.20%),1,0.74710464,HIGH (>70%)
2023-07-27 09:00:00,SELL (BEARISH),3,1.11388,1.11165224,2023-07-27 12:15:00,0.2,WIN ✅ (+0.20%),1,0.89547306,HIGH (>70%)
2023-07-27 10:15:00,SELL (BEARISH),3,1.11455,1.1123208999999998,2023-07-27 12:00:00,0.2,WIN ✅ (+0.20%),1,0.80343634,HIGH (>70%)
2023-07-27 13:45:00,BUY (BULLISH),2,1.10077,1.10056,2023-07-27 14:00:00,-0.0191,LOSS ❌ (-0.02%),0,0.23281026,LOW (<50%)
2023-07-27 14:45:00,BUY (BULLISH),2,1.09916,1.10135832,2023-07-28 11:15:00,0.2,WIN ✅ (+0.20%),1,0.95466524,HIGH (>70%)
2023-07-27 19:45:00,BUY (BULLISH),3,1.09666,1.09885332,2023-07-28 06:45:00,0.2,WIN ✅ (+0.20%),1,0.85420245,HIGH (>70%)
2023-07-28 03:30:00,SELL (BEARISH),2,1.09814,1.09594372,2023-07-28 04:15:00,0.2,WIN ✅ (+0.20%),1,0.688277,MEDIUM (50-70%)
2023-07-28 05:30:00,BUY (BULLISH),2,1.09656,1.09875312,2023-07-28 06:45:00,0.2,WIN ✅ (+0.20%),1,0.5373254,MEDIUM (50-70%)
2023-07-28 06:45:00,SELL (BEARISH),2,1.09707,1.09487586,2023-07-28 07:45:00,0.2,WIN ✅ (+0.20%),1,0.69162065,MEDIUM (50-70%)
2023-07-28 07:45:00,BUY (BULLISH),2,1.09512,1.09731024,2023-07-28 09:30:00,0.2,WIN ✅ (+0.20%),1,0.75443506,HIGH (>70%)
2023-07-28 10:45:00,SELL (BEARISH),3,1.09932,1.10348,2023-07-28 14:00:00,-0.3784,LOSS ❌ (0.38%),0,0.18805997,LOW (<50%)
2023-07-28 11:30:00,SELL (BEARISH),2,1.10093,1.10348,2023-07-28 14:00:00,-0.2316,LOSS ❌ (0.23%),0,0.23430084,LOW (<50%)
2023-07-28 12:00:00,SELL (BEARISH),2,1.10106,1.10348,2023-07-28 14:00:00,-0.2198,LOSS ❌ (0.22%),0,0.19316357,LOW (<50%)
2023-07-28 12:15:00,SELL (BEARISH),2,1.10142,1.10348,2023-07-28 14:00:00,-0.187,LOSS ❌ (0.19%),0,0.11186192,LOW (<50%)
2023-07-28 12:30:00,SELL (BEARISH),2,1.10057,1.10348,2023-07-28 14:00:00,-0.2644,LOSS ❌ (0.26%),0,0.11457197,LOW (<50%)
2023-07-28 14:15:00,SELL (BEARISH),2,1.10374,1.10153252,2023-07-28 17:45:00,0.2,WIN ✅ (+0.20%),1,0.80361253,HIGH (>70%)
2023-07-31 04:30:00,BUY (BULLISH),2,1.10099,1.1031919799999998,2023-07-31 08:45:00,0.2,WIN ✅ (+0.20%),1,0.53734034,MEDIUM (50-70%)
2023-07-31 09:00:00,SELL (BEARISH),2,1.10312,1.10421,2023-07-31 14:00:00,-0.0988,LOSS ❌ (0.10%),0,0.17046425,LOW (<50%)
2023-07-31 09:30:00,SELL (BEARISH),2,1.10351,1.10421,2023-07-31 14:00:00,-0.0634,LOSS ❌ (0.06%),0,0.24928412,LOW (<50%)
2023-07-31 10:15:00,SELL (BEARISH),3,1.10372,1.10151256,2023-07-31 13:15:00,0.2,WIN ✅ (+0.20%),1,0.516878,MEDIUM (50-70%)
2023-07-31 10:45:00,SELL (BEARISH),2,1.10362,1.10421,2023-07-31 14:00:00,-0.0535,LOSS ❌ (0.05%),0,0.115733236,LOW (<50%)
2023-07-31 13:45:00,SELL (BEARISH),2,1.10372,1.10421,2023-07-31 14:00:00,-0.0444,LOSS ❌ (0.04%),0,0.22662129,LOW (<50%)
2023-07-31 14:00:00,SELL (BEARISH),2,1.10421,1.1020015799999998,2023-07-31 15:00:00,0.2,WIN ✅ (+0.20%),1,0.47081617,LOW (<50%)
2023-07-31 15:15:00,BUY (BULLISH),2,1.10259,1.09669,2023-08-01 14:00:00,-0.5351,LOSS ❌ (-0.54%),0,0.21105374,LOW (<50%)
2023-07-31 16:00:00,BUY (BULLISH),2,1.10136,1.09669,2023-08-01 14:00:00,-0.424,LOSS ❌ (-0.42%),0,0.0836235,LOW (<50%)
2023-07-31 16:45:00,BUY (BULLISH),2,1.10067,1.09669,2023-08-01 14:00:00,-0.3616,LOSS ❌ (-0.36%),0,0.1277457,LOW (<50%)
2023-07-31 19:00:00,BUY (BULLISH),2,1.09987,1.09669,2023-08-01 14:00:00,-0.2891,LOSS ❌ (-0.29%),0,0.11565892,LOW (<50%)
2023-07-31 19:45:00,BUY (BULLISH),2,1.0995,1.09669,2023-08-01 14:00:00,-0.2556,LOSS ❌ (-0.26%),0,0.10097461,LOW (<50%)
2023-07-31 20:15:00,BUY (BULLISH),2,1.09942,1.09669,2023-08-01 14:00:00,-0.2483,LOSS ❌ (-0.25%),0,0.09314012,LOW (<50%)
2023-08-01 01:00:00,BUY (BULLISH),2,1.0989,1.09669,2023-08-01 14:00:00,-0.2011,LOSS ❌ (-0.20%),0,0.33161053,LOW (<50%)
2023-08-01 09:15:00,BUY (BULLISH),2,1.09714,1.09669,2023-08-01 14:00:00,-0.041,LOSS ❌ (-0.04%),0,0.20215356,LOW (<50%)
2023-08-01 14:00:00,SELL (BEARISH),2,1.09669,1.09449662,2023-08-02 14:00:00,0.2,WIN ✅ (+0.20%),1,0.8024121,HIGH (>70%)
2023-08-02 08:00:00,BUY (BULLISH),2,1.09828,1.09352,2023-08-02 14:00:00,-0.4334,LOSS ❌ (-0.43%),0,0.15316954,LOW (<50%)
2023-08-02 10:15:00,BUY (BULLISH),2,1.09721,1.09352,2023-08-02 14:00:00,-0.3363,LOSS ❌ (-0.34%),0,0.11594002,LOW (<50%)
2023-08-02 13:00:00,BUY (BULLISH),2,1.09611,1.09352,2023-08-02 14:00:00,-0.2363,LOSS ❌ (-0.24%),0,0.102611855,LOW (<50%)
2023-08-02 13:30:00,BUY (BULLISH),2,1.0956,1.09352,2023-08-02 14:00:00,-0.1899,LOSS ❌ (-0.19%),0,0.20971213,LOW (<50%)
2023-08-02 14:30:00,BUY (BULLISH),3,1.09199,1.09417398,2023-08-02 15:30:00,0.2,WIN ✅ (+0.20%),1,0.9339264,HIGH (>70%)
2023-08-03 04:45:00,BUY (BULLISH),2,1.0923,1.0944846,2023-08-03 11:30:00,0.2,WIN ✅ (+0.20%),1,0.7650539,HIGH (>70%)
2023-08-03 05:00:00,BUY (BULLISH),2,1.09229,1.09447458,2023-08-03 11:30:00,0.2,WIN ✅ (+0.20%),1,0.67146915,MEDIUM (50-70%)
2023-08-03 07:15:00,BUY (BULLISH),2,1.09198,1.09416396,2023-08-03 11:30:00,0.2,WIN ✅ (+0.20%),1,0.41297105,LOW (<50%)
2023-08-03 08:30:00,BUY (BULLISH),3,1.09165,1.0938333,2023-08-03 11:15:00,0.2,WIN ✅ (+0.20%),1,0.661379,MEDIUM (50-70%)
2023-08-03 11:45:00,SELL (BEARISH),2,1.09348,1.09219,2023-08-03 14:00:00,0.118,LOSS ❌ (-0.12%),0,0.1894478,LOW (<50%)
2023-08-03 13:45:00,BUY (BULLISH),2,1.0918,1.09219,2023-08-03 14:00:00,0.0357,LOSS ❌ (0.04%),0,0.26485533,LOW (<50%)
2023-08-03 16:45:00,SELL (BEARISH),2,1.09548,1.10108,2023-08-04 14:00:00,-0.5112,LOSS ❌ (0.51%),0,0.18240015,LOW (<50%)
2023-08-03 23:00:00,SELL (BEARISH),2,1.09509,1.10108,2023-08-04 14:00:00,-0.547,LOSS ❌ (0.55%),0,0.22632886,LOW (<50%)
2023-08-03 23:30:00,SELL (BEARISH),2,1.09519,1.10108,2023-08-04 14:00:00,-0.5378,LOSS ❌ (0.54%),0,0.35430408,LOW (<50%)
2023-08-04 01:00:00,SELL (BEARISH),2,1.0955,1.10108,2023-08-04 14:00:00,-0.5094,LOSS ❌ (0.51%),0,0.27369532,LOW (<50%)
2023-08-04 06:45:00,BUY (BULLISH),2,1.09477,1.09695954,2023-08-04 12:30:00,0.2,WIN ✅ (+0.20%),1,0.65804714,MEDIUM (50-70%)
2023-08-04 08:45:00,BUY (BULLISH),2,1.09398,1.09616796,2023-08-04 12:30:00,0.2,WIN ✅ (+0.20%),1,0.61085594,MEDIUM (50-70%)
2023-08-04 09:30:00,BUY (BULLISH),2,1.09421,1.09639842,2023-08-04 12:30:00,0.2,WIN ✅ (+0.20%),1,0.7451595,HIGH (>70%)
2023-08-04 12:30:00,BUY (BULLISH),2,1.09794,1.1001358799999998,2023-08-04 13:00:00,0.2,WIN ✅ (+0.20%),1,0.54802114,MEDIUM (50-70%)
2023-08-04 13:15:00,SELL (BEARISH),3,1.10208,1.10108,2023-08-04 14:00:00,0.0907,LOSS ❌ (-0.09%),0,0.10184186,LOW (<50%)
2023-08-04 15:30:00,SELL (BEARISH),2,1.10404,1.10183192,2023-08-04 18:15:00,0.2,WIN ✅ (+0.20%),1,0.8421187,HIGH (>70%)
2023-08-04 15:45:00,SELL (BEARISH),2,1.10343,1.10122314,2023-08-04 18:30:00,0.2,WIN ✅ (+0.20%),1,0.8743847,HIGH (>70%)
2023-08-07 01:30:00,BUY (BULLISH),2,1.09967,1.09962,2023-08-07 14:00:00,-0.0045,LOSS ❌ (-0.00%),0,0.25467867,LOW (<50%)
2023-08-07 05:15:00,BUY (BULLISH),2,1.09926,1.09962,2023-08-07 14:00:00,0.0327,LOSS ❌ (0.03%),0,0.3523462,LOW (<50%)
2023-08-07 06:00:00,BUY (BULLISH),2,1.09821,1.10040642,2023-08-07 13:15:00,0.2,WIN ✅ (+0.20%),1,0.84699535,HIGH (>70%)
2023-08-08 00:45:00,BUY (BULLISH),2,1.09916,1.09379,2023-08-08 14:00:00,-0.4886,LOSS ❌ (-0.49%),0,0.11261599,LOW (<50%)
2023-08-08 09:15:00,BUY (BULLISH),2,1.09751,1.09379,2023-08-08 14:00:00,-0.3389,LOSS ❌ (-0.34%),0,0.14889549,LOW (<50%)
2023-08-08 11:00:00,BUY (BULLISH),2,1.09529,1.09379,2023-08-08 14:00:00,-0.137,LOSS ❌ (-0.14%),0,0.05630121,LOW (<50%)
2023-08-08 12:15:00,BUY (BULLISH),2,1.09413,1.09379,2023-08-08 14:00:00,-0.0311,LOSS ❌ (-0.03%),0,0.051237576,LOW (<50%)
2023-08-08 13:45:00,BUY (BULLISH),2,1.09372,1.09379,2023-08-08 14:00:00,0.0064,LOSS ❌ (0.01%),0,0.19439474,LOW (<50%)
2023-08-08 14:00:00,BUY (BULLISH),3,1.09379,1.09597758,2023-08-08 17:30:00,0.2,WIN ✅ (+0.20%),1,0.77536935,HIGH (>70%)
2023-08-08 16:15:00,SELL (BEARISH),2,1.09546,1.09881,2023-08-09 14:00:00,-0.3058,LOSS ❌ (0.31%),0,0.2933026,LOW (<50%)
2023-08-08 17:45:00,SELL (BEARISH),2,1.09594,1.09881,2023-08-09 14:00:00,-0.2619,LOSS ❌ (0.26%),0,0.3250971,LOW (<50%)
2023-08-09 00:30:00,SELL (BEARISH),2,1.09625,1.09881,2023-08-09 14:00:00,-0.2335,LOSS ❌ (0.23%),0,0.41197193,LOW (<50%)
2023-08-09 01:30:00,SELL (BEARISH),2,1.09652,1.09881,2023-08-09 14:00:00,-0.2088,LOSS ❌ (0.21%),0,0.26310563,LOW (<50%)
2023-08-09 03:00:00,SELL (BEARISH),2,1.0968,1.09881,2023-08-09 14:00:00,-0.1833,LOSS ❌ (0.18%),0,0.51601565,MEDIUM (50-70%)
2023-08-09 08:00:00,SELL (BEARISH),2,1.09841,1.09621318,2023-08-09 12:15:00,0.2,WIN ✅ (+0.20%),1,0.7573561,HIGH (>70%)
2023-08-10 00:30:00,BUY (BULLISH),2,1.09693,1.09912386,2023-08-10 06:00:00,0.2,WIN ✅ (+0.20%),1,0.5973514,MEDIUM (50-70%)
2023-08-10 02:15:00,SELL (BEARISH),2,1.09782,1.10272,2023-08-10 14:00:00,-0.4463,LOSS ❌ (0.45%),0,0.35546613,LOW (<50%)
2023-08-10 06:45:00,SELL (BEARISH),2,1.09941,1.10272,2023-08-10 14:00:00,-0.3011,LOSS ❌ (0.30%),0,0.09825714,LOW (<50%)
2023-08-10 11:00:00,SELL (BEARISH),2,1.10268,1.10272,2023-08-10 14:00:00,-0.0036,LOSS ❌ (0.00%),0,0.13245727,LOW (<50%)
2023-08-10 12:30:00,SELL (BEARISH),2,1.10183,1.10272,2023-08-10 14:00:00,-0.0808,LOSS ❌ (0.08%),0,0.12850755,LOW (<50%)
2023-08-10 13:15:00,BUY (BULLISH),2,1.10157,1.10377314,2023-08-10 13:45:00,0.2,WIN ✅ (+0.20%),1,0.7411602,HIGH (>70%)
2023-08-10 17:00:00,BUY (BULLISH),2,1.1009,1.09635,2023-08-11 14:00:00,-0.4133,LOSS ❌ (-0.41%),0,0.16022773,LOW (<50%)
2023-08-10 17:45:00,BUY (BULLISH),2,1.09797,1.10016594,2023-08-11 06:15:00,0.2,WIN ✅ (+0.20%),1,0.8927674,HIGH (>70%)
2023-08-11 01:15:00,SELL (BEARISH),2,1.09888,1.09668224,2023-08-11 12:45:00,0.2,WIN ✅ (+0.20%),1,0.6389238,MEDIUM (50-70%)
2023-08-11 12:30:00,BUY (BULLISH),2,1.09814,1.09635,2023-08-11 14:00:00,-0.163,LOSS ❌ (-0.16%),0,0.11958498,LOW (<50%)
2023-08-11 13:00:00,BUY (BULLISH),2,1.0971,1.09635,2023-08-11 14:00:00,-0.0684,LOSS ❌ (-0.07%),0,0.1671034,LOW (<50%)
2023-08-11 13:45:00,BUY (BULLISH),2,1.09625,1.09635,2023-08-11 14:00:00,0.0091,LOSS ❌ (0.01%),0,0.16989757,LOW (<50%)
2023-08-11 15:45:00,BUY (BULLISH),2,1.09559,1.09417,2023-08-11 20:45:00,-0.1296,LOSS ❌ (-0.13%),0,0.1665049,LOW (<50%)
2023-08-11 17:00:00,BUY (BULLISH),2,1.09484,1.09417,2023-08-11 20:45:00,-0.0612,LOSS ❌ (-0.06%),0,0.16918486,LOW (<50%)
2023-08-11 17:45:00,BUY (BULLISH),3,1.09446,1.09417,2023-08-11 20:45:00,-0.0265,LOSS ❌ (-0.03%),0,0.09995454,LOW (<50%)
2023-08-14 01:30:00,BUY (BULLISH),2,1.09365,1.0958373,2023-08-14 08:30:00,0.2,WIN ✅ (+0.20%),1,0.5663405,MEDIUM (50-70%)
2023-08-14 03:00:00,BUY (BULLISH),2,1.09306,1.09524612,2023-08-14 07:45:00,0.2,WIN ✅ (+0.20%),1,0.69186133,MEDIUM (50-70%)
2023-08-14 08:00:00,SELL (BEARISH),2,1.09516,1.09296968,2023-08-14 12:00:00,0.2,WIN ✅ (+0.20%),1,0.5490529,MEDIUM (50-70%)
2023-08-14 13:45:00,BUY (BULLISH),3,1.08812,1.08947,2023-08-14 14:00:00,0.1241,LOSS ❌ (0.12%),0,0.11297572,LOW (<50%)
2023-08-14 21:15:00,BUY (BULLISH),2,1.09042,1.09260084,2023-08-15 07:00:00,0.2,WIN ✅ (+0.20%),1,0.68507034,MEDIUM (50-70%)
2023-08-15 08:45:00,SELL (BEARISH),2,1.09275,1.0905645000000002,2023-08-15 12:30:00,0.2,WIN ✅ (+0.20%),1,0.5025548,MEDIUM (50-70%)
2023-08-15 12:30:00,BUY (BULLISH),2,1.0922,1.0943844,2023-08-15 13:00:00,0.2,WIN ✅ (+0.20%),1,0.6793613,MEDIUM (50-70%)
2023-08-15 13:15:00,SELL (BEARISH),2,1.09407,1.0925,2023-08-15 14:00:00,0.1435,LOSS ❌ (-0.14%),0,0.42914987,LOW (<50%)
2023-08-15 18:15:00,BUY (BULLISH),2,1.09143,1.09188,2023-08-16 14:00:00,0.0412,LOSS ❌ (0.04%),0,0.1515082,LOW (<50%)
2023-08-15 19:30:00,BUY (BULLISH),2,1.09009,1.09227018,2023-08-16 06:15:00,0.2,WIN ✅ (+0.20%),1,0.6297455,MEDIUM (50-70%)
2023-08-15 21:00:00,BUY (BULLISH),2,1.09027,1.09245054,2023-08-16 06:15:00,0.2,WIN ✅ (+0.20%),1,0.677348,MEDIUM (50-70%)
2023-08-16 08:30:00,SELL (BEARISH),2,1.0928,1.0906144,2023-08-16 12:15:00,0.2,WIN ✅ (+0.20%),1,0.6987182,MEDIUM (50-70%)
2023-08-16 14:45:00,BUY (BULLISH),2,1.09064,1.08929,2023-08-17 14:00:00,-0.1238,LOSS ❌ (-0.12%),0,0.3512572,LOW (<50%)
2023-08-16 16:30:00,BUY (BULLISH),2,1.08902,1.09119804,2023-08-17 12:30:00,0.2,WIN ✅ (+0.20%),1,0.75660414,HIGH (>70%)
2023-08-16 17:00:00,BUY (BULLISH),2,1.08892,1.0910978400000002,2023-08-17 12:30:00,0.2,WIN ✅ (+0.20%),1,0.6868288,MEDIUM (50-70%)
2023-08-17 06:00:00,SELL (BEARISH),2,1.08733,1.08929,2023-08-17 14:00:00,-0.1803,LOSS ❌ (0.18%),0,0.38937616,LOW (<50%)
2023-08-17 12:15:00,SELL (BEARISH),2,1.08988,1.08929,2023-08-17 14:00:00,0.0541,LOSS ❌ (-0.05%),0,0.15988767,LOW (<50%)
2023-08-17 15:30:00,BUY (BULLISH),2,1.08715,1.0893243,2023-08-18 02:00:00,0.2,WIN ✅ (+0.20%),1,0.720187,HIGH (>70%)
2023-08-17 15:45:00,BUY (BULLISH),2,1.08734,1.0871,2023-08-18 14:00:00,-0.0221,LOSS ❌ (-0.02%),0,0.18211299,LOW (<50%)
2023-08-17 22:30:00,SELL (BEARISH),2,1.08732,1.08514536,2023-08-18 12:30:00,0.2,WIN ✅ (+0.20%),1,0.72053236,HIGH (>70%)
2023-08-17 22:45:00,SELL (BEARISH),2,1.08733,1.0851553399999998,2023-08-18 12:30:00,0.2,WIN ✅ (+0.20%),1,0.86063427,HIGH (>70%)
2023-08-17 23:00:00,SELL (BEARISH),2,1.0873,1.0851254,2023-08-18 12:30:00,0.2,WIN ✅ (+0.20%),1,0.7954826,HIGH (>70%)
2023-08-17 23:45:00,SELL (BEARISH),2,1.0874,1.0852252,2023-08-18 12:15:00,0.2,WIN ✅ (+0.20%),1,0.5297998,MEDIUM (50-70%)
2023-08-18 01:45:00,SELL (BEARISH),2,1.08908,1.08690184,2023-08-18 07:00:00,0.2,WIN ✅ (+0.20%),1,0.6078074,MEDIUM (50-70%)
2023-08-18 02:15:00,SELL (BEARISH),2,1.0892,1.0870216,2023-08-18 07:00:00,0.2,WIN ✅ (+0.20%),1,0.641744,MEDIUM (50-70%)
2023-08-18 11:00:00,BUY (BULLISH),2,1.08626,1.0871,2023-08-18 14:00:00,0.0773,LOSS ❌ (0.08%),0,0.36263567,LOW (<50%)
2023-08-21 13:30:00,BUY (BULLISH),2,1.08867,1.08832,2023-08-21 14:00:00,-0.0321,LOSS ❌ (-0.03%),0,0.058172207,LOW (<50%)
2023-08-21 13:45:00,BUY (BULLISH),3,1.08869,1.08832,2023-08-21 14:00:00,-0.034,LOSS ❌ (-0.03%),0,0.20093568,LOW (<50%)
2023-08-21 14:15:00,BUY (BULLISH),3,1.08824,1.09041648,2023-08-22 01:15:00,0.2,WIN ✅ (+0.20%),1,0.6030228,MEDIUM (50-70%)
2023-08-21 14:30:00,BUY (BULLISH),2,1.08808,1.09025616,2023-08-21 16:45:00,0.2,WIN ✅ (+0.20%),1,0.63140774,MEDIUM (50-70%)
2023-08-22 03:30:00,SELL (BEARISH),2,1.09144,1.08925712,2023-08-22 10:15:00,0.2,WIN ✅ (+0.20%),1,0.64203966,MEDIUM (50-70%)
2023-08-22 11:15:00,BUY (BULLISH),2,1.08833,1.08444,2023-08-22 14:00:00,-0.3574,LOSS ❌ (-0.36%),0,0.22072162,LOW (<50%)
2023-08-22 13:00:00,BUY (BULLISH),2,1.08658,1.08444,2023-08-22 14:00:00,-0.1969,LOSS ❌ (-0.20%),0,0.065721594,LOW (<50%)
2023-08-22 14:15:00,BUY (BULLISH),2,1.08413,1.08629826,2023-08-23 05:45:00,0.2,WIN ✅ (+0.20%),1,0.92253745,HIGH (>70%)
2023-08-23 02:00:00,SELL (BEARISH),2,1.08552,1.08334896,2023-08-23 07:30:00,0.2,WIN ✅ (+0.20%),1,0.55152595,MEDIUM (50-70%)
2023-08-23 05:15:00,SELL (BEARISH),2,1.08612,1.08394776,2023-08-23 07:30:00,0.2,WIN ✅ (+0.20%),1,0.6560973,MEDIUM (50-70%)
2023-08-23 05:30:00,SELL (BEARISH),2,1.08604,1.08386792,2023-08-23 07:30:00,0.2,WIN ✅ (+0.20%),1,0.43151814,LOW (<50%)
2023-08-23 09:15:00,BUY (BULLISH),2,1.08171,1.08387342,2023-08-23 13:45:00,0.2,WIN ✅ (+0.20%),1,0.8401651,HIGH (>70%)
2023-08-23 10:00:00,BUY (BULLISH),3,1.08093,1.08309186,2023-08-23 13:30:00,0.2,WIN ✅ (+0.20%),1,0.8422819,HIGH (>70%)
2023-08-23 10:30:00,BUY (BULLISH),2,1.08089,1.08305178,2023-08-23 13:30:00,0.2,WIN ✅ (+0.20%),1,0.8300568,HIGH (>70%)
2023-08-23 15:45:00,SELL (BEARISH),2,1.08611,1.08393778,2023-08-24 12:00:00,0.2,WIN ✅ (+0.20%),1,0.88398945,HIGH (>70%)
2023-08-23 16:00:00,SELL (BEARISH),2,1.08601,1.08383798,2023-08-24 12:00:00,0.2,WIN ✅ (+0.20%),1,0.63592774,MEDIUM (50-70%)
2023-08-23 17:15:00,SELL (BEARISH),2,1.08659,1.08441682,2023-08-24 11:45:00,0.2,WIN ✅ (+0.20%),1,0.75498253,HIGH (>70%)
2023-08-24 01:30:00,BUY (BULLISH),2,1.08601,1.08417,2023-08-24 14:00:00,-0.1694,LOSS ❌ (-0.17%),0,0.17995669,LOW (<50%)
2023-08-24 01:45:00,BUY (BULLISH),2,1.08606,1.08417,2023-08-24 14:00:00,-0.174,LOSS ❌ (-0.17%),0,0.36094883,LOW (<50%)
2023-08-24 05:15:00,SELL (BEARISH),2,1.08735,1.0851753,2023-08-24 07:30:00,0.2,WIN ✅ (+0.20%),1,0.7285631,HIGH (>70%)
2023-08-24 12:45:00,BUY (BULLISH),2,1.08205,1.0842140999999998,2023-08-24 13:45:00,0.2,WIN ✅ (+0.20%),1,0.6996105,MEDIUM (50-70%)
2023-08-24 17:45:00,BUY (BULLISH),2,1.08156,1.0837231200000002,2023-08-25 14:00:00,0.2,WIN ✅ (+0.20%),1,0.60287625,MEDIUM (50-70%)
2023-08-25 10:15:00,SELL (BEARISH),2,1.07963,1.0831,2023-08-25 14:00:00,-0.3214,LOSS ❌ (0.32%),0,0.23700613,LOW (<50%)
2023-08-25 14:15:00,SELL (BEARISH),2,1.07899,1.07683202,2023-08-25 14:45:00,0.2,WIN ✅ (+0.20%),1,0.7958125,HIGH (>70%)
2023-08-28 02:45:00,SELL (BEARISH),2,1.08083,1.08025,2023-08-28 14:00:00,0.0537,LOSS ❌ (-0.05%),0,0.26573786,LOW (<50%)
2023-08-28 03:45:00,SELL (BEARISH),2,1.08092,1.08025,2023-08-28 14:00:00,0.062,LOSS ❌ (-0.06%),0,0.41071495,LOW (<50%)
2023-08-28 06:15:00,SELL (BEARISH),2,1.08142,1.08025,2023-08-28 14:00:00,0.1082,LOSS ❌ (-0.11%),0,0.3699831,LOW (<50%)
2023-08-29 01:45:00,SELL (BEARISH),2,1.08344,1.08127312,2023-08-29 06:45:00,0.2,WIN ✅ (+0.20%),1,0.59743726,MEDIUM (50-70%)
2023-08-29 05:45:00,BUY (BULLISH),2,1.08215,1.0843143,2023-08-29 14:00:00,0.2,WIN ✅ (+0.20%),1,0.76562077,HIGH (>70%)
2023-08-29 06:00:00,BUY (BULLISH),2,1.08222,1.08438444,2023-08-29 14:00:00,0.2,WIN ✅ (+0.20%),1,0.80249524,HIGH (>70%)
2023-08-29 09:00:00,BUY (BULLISH),2,1.0809,1.0830618,2023-08-29 14:00:00,0.2,WIN ✅ (+0.20%),1,0.5479069,MEDIUM (50-70%)
2023-08-29 13:15:00,BUY (BULLISH),3,1.07839,1.08054678,2023-08-29 13:45:00,0.2,WIN ✅ (+0.20%),1,0.71885496,HIGH (>70%)
2023-08-29 17:15:00,SELL (BEARISH),2,1.08688,1.09403,2023-08-30 14:00:00,-0.6578,LOSS ❌ (0.66%),0,0.33026084,LOW (<50%)
2023-08-29 17:45:00,SELL (BEARISH),2,1.08732,1.09403,2023-08-30 14:00:00,-0.6171,LOSS ❌ (0.62%),0,0.23914725,LOW (<50%)
2023-08-30 00:00:00,BUY (BULLISH),2,1.08686,1.08903372,2023-08-30 09:45:00,0.2,WIN ✅ (+0.20%),1,0.7271766,HIGH (>70%)
2023-08-30 02:30:00,BUY (BULLISH),2,1.08662,1.08879324,2023-08-30 09:15:00,0.2,WIN ✅ (+0.20%),1,0.6704901,MEDIUM (50-70%)
2023-08-30 23:15:00,SELL (BEARISH),2,1.09294,1.09075412,2023-08-31 06:45:00,0.2,WIN ✅ (+0.20%),1,0.8674407,HIGH (>70%)
2023-08-31 00:00:00,SELL (BEARISH),2,1.09285,1.0906643,2023-08-31 06:45:00,0.2,WIN ✅ (+0.20%),1,0.69652313,MEDIUM (50-70%)
2023-08-31 00:30:00,SELL (BEARISH),2,1.09299,1.09080402,2023-08-31 06:45:00,0.2,WIN ✅ (+0.20%),1,0.7532525,HIGH (>70%)
2023-08-31 01:15:00,SELL (BEARISH),2,1.09341,1.09122318,2023-08-31 06:15:00,0.2,WIN ✅ (+0.20%),1,0.8636548,HIGH (>70%)
2023-08-31 03:00:00,BUY (BULLISH),2,1.09209,1.08479,2023-08-31 14:00:00,-0.6684,LOSS ❌ (-0.67%),0,0.1358559,LOW (<50%)
2023-08-31 03:45:00,BUY (BULLISH),2,1.092,1.08479,2023-08-31 14:00:00,-0.6603,LOSS ❌ (-0.66%),0,0.23823698,LOW (<50%)
2023-08-31 05:45:00,BUY (BULLISH),2,1.09176,1.08479,2023-08-31 14:00:00,-0.6384,LOSS ❌ (-0.64%),0,0.12010553,LOW (<50%)
2023-08-31 08:30:00,BUY (BULLISH),2,1.08867,1.08479,2023-08-31 14:00:00,-0.3564,LOSS ❌ (-0.36%),0,0.15705745,LOW (<50%)
2023-08-31 10:15:00,BUY (BULLISH),2,1.08696,1.08479,2023-08-31 14:00:00,-0.1996,LOSS ❌ (-0.20%),0,0.18365943,LOW (<50%)
2023-08-31 13:00:00,BUY (BULLISH),2,1.08597,1.08479,2023-08-31 14:00:00,-0.1087,LOSS ❌ (-0.11%),0,0.11946646,LOW (<50%)
2023-08-31 13:45:00,BUY (BULLISH),2,1.08489,1.08479,2023-08-31 14:00:00,-0.0092,LOSS ❌ (-0.01%),0,0.32126516,LOW (<50%)
2023-08-31 14:45:00,BUY (BULLISH),2,1.08544,1.08761088,2023-09-01 12:30:00,0.2,WIN ✅ (+0.20%),1,0.9258141,HIGH (>70%)
2023-08-31 15:45:00,BUY (BULLISH),3,1.08383,1.08599766,2023-09-01 12:30:00,0.2,WIN ✅ (+0.20%),1,0.8132666,HIGH (>70%)
2023-08-31 16:15:00,BUY (BULLISH),2,1.08363,1.08579726,2023-09-01 07:30:00,0.2,WIN ✅ (+0.20%),1,0.8508273,HIGH (>70%)
2023-09-01 00:15:00,BUY (BULLISH),2,1.08395,1.0861179,2023-09-01 12:30:00,0.2,WIN ✅ (+0.20%),1,0.473681,LOW (<50%)
2023-09-01 00:45:00,BUY (BULLISH),2,1.08373,1.08589746,2023-09-01 07:30:00,0.2,WIN ✅ (+0.20%),1,0.807536,HIGH (>70%)
2023-09-01 01:15:00,SELL (BEARISH),2,1.08495,1.0827801,2023-09-01 14:00:00,0.2,WIN ✅ (+0.20%),1,0.5679517,MEDIUM (50-70%)
2023-09-01 12:30:00,SELL (BEARISH),2,1.08559,1.08341882,2023-09-01 14:00:00,0.2,WIN ✅ (+0.20%),1,0.6811288,MEDIUM (50-70%)
2023-09-01 14:00:00,BUY (BULLISH),2,1.08389,1.07717,2023-09-01 20:45:00,-0.62,LOSS ❌ (-0.62%),0,0.27219236,LOW (<50%)
2023-09-01 14:30:00,BUY (BULLISH),2,1.08138,1.07717,2023-09-01 20:45:00,-0.3893,LOSS ❌ (-0.39%),0,0.20112742,LOW (<50%)
2023-09-01 16:15:00,BUY (BULLISH),2,1.07836,1.07717,2023-09-01 20:45:00,-0.1104,LOSS ❌ (-0.11%),0,0.35507616,LOW (<50%)
2023-09-01 16:45:00,BUY (BULLISH),2,1.07837,1.07717,2023-09-01 20:45:00,-0.1113,LOSS ❌ (-0.11%),0,0.112748146,LOW (<50%)
2023-09-04 02:45:00,SELL (BEARISH),2,1.07853,1.07884,2023-09-04 14:00:00,-0.0287,LOSS ❌ (0.03%),0,0.38766655,LOW (<50%)
2023-09-04 06:00:00,SELL (BEARISH),2,1.0786,1.07884,2023-09-04 14:00:00,-0.0223,LOSS ❌ (0.02%),0,0.13684098,LOW (<50%)
2023-09-05 06:30:00,BUY (BULLISH),2,1.07666,1.07193,2023-09-05 14:00:00,-0.4393,LOSS ❌ (-0.44%),0,0.06398637,LOW (<50%)
2023-09-05 15:00:00,BUY (BULLISH),2,1.07126,1.07340252,2023-09-06 03:00:00,0.2,WIN ✅ (+0.20%),1,0.71722996,HIGH (>70%)
2023-09-06 01:45:00,BUY (BULLISH),2,1.07141,1.07355282,2023-09-06 04:00:00,0.2,WIN ✅ (+0.20%),1,0.8151088,HIGH (>70%)
2023-09-06 04:00:00,SELL (BEARISH),2,1.07336,1.07121328,2023-09-06 14:00:00,0.2,WIN ✅ (+0.20%),1,0.72841275,HIGH (>70%)
2023-09-06 05:00:00,SELL (BEARISH),2,1.07352,1.07137296,2023-09-06 14:00:00,0.2,WIN ✅ (+0.20%),1,0.7380715,HIGH (>70%)
2023-09-06 05:30:00,SELL (BEARISH),2,1.07353,1.07138294,2023-09-06 14:00:00,0.2,WIN ✅ (+0.20%),1,0.669315,MEDIUM (50-70%)
2023-09-06 08:15:00,BUY (BULLISH),2,1.07321,1.07202,2023-09-06 14:00:00,-0.1109,LOSS ❌ (-0.11%),0,0.23746729,LOW (<50%)
2023-09-07 01:15:00,SELL (BEARISH),2,1.07248,1.07033504,2023-09-07 11:45:00,0.2,WIN ✅ (+0.20%),1,0.6442664,MEDIUM (50-70%)
2023-09-07 04:45:00,BUY (BULLISH),2,1.07188,1.06934,2023-09-07 14:00:00,-0.237,LOSS ❌ (-0.24%),0,0.2656594,LOW (<50%)
2023-09-07 05:00:00,BUY (BULLISH),2,1.07182,1.06934,2023-09-07 14:00:00,-0.2314,LOSS ❌ (-0.23%),0,0.24725096,LOW (<50%)
2023-09-07 11:45:00,BUY (BULLISH),2,1.07048,1.06934,2023-09-07 14:00:00,-0.1065,LOSS ❌ (-0.11%),0,0.280302,LOW (<50%)
2023-09-08 02:30:00,SELL (BEARISH),2,1.0718,1.0696564000000002,2023-09-08 10:30:00,0.2,WIN ✅ (+0.20%),1,0.6302597,MEDIUM (50-70%)
2023-09-08 11:30:00,BUY (BULLISH),2,1.06987,1.0720097400000002,2023-09-08 13:45:00,0.2,WIN ✅ (+0.20%),1,0.59888434,MEDIUM (50-70%)
2023-09-08 11:45:00,BUY (BULLISH),2,1.06988,1.07201976,2023-09-08 13:45:00,0.2,WIN ✅ (+0.20%),1,0.69032514,MEDIUM (50-70%)
2023-09-08 18:30:00,BUY (BULLISH),2,1.07003,1.06971,2023-09-08 20:45:00,-0.0299,LOSS ❌ (-0.03%),0,0.15018766,LOW (<50%)
2023-09-10 23:45:00,SELL (BEARISH),2,1.07158,1.07491,2023-09-11 14:00:00,-0.3108,LOSS ❌ (0.31%),0,0.23345661,LOW (<50%)
2023-09-11 02:30:00,SELL (BEARISH),2,1.07236,1.07491,2023-09-11 14:00:00,-0.2378,LOSS ❌ (0.24%),0,0.14609979,LOW (<50%)
2023-09-12 05:30:00,BUY (BULLISH),2,1.0739,1.07134,2023-09-12 14:00:00,-0.2384,LOSS ❌ (-0.24%),0,0.30621058,LOW (<50%)
2023-09-12 11:30:00,BUY (BULLISH),2,1.07129,1.07134,2023-09-12 14:00:00,0.0047,LOSS ❌ (0.00%),0,0.39997452,LOW (<50%)
2023-09-13 02:45:00,BUY (BULLISH),2,1.07462,1.07335,2023-09-13 14:00:00,-0.1182,LOSS ❌ (-0.12%),0,0.16435318,LOW (<50%)
2023-09-13 05:45:00,BUY (BULLISH),2,1.0744,1.07335,2023-09-13 14:00:00,-0.0977,LOSS ❌ (-0.10%),0,0.37003386,LOW (<50%)
2023-09-13 09:45:00,BUY (BULLISH),2,1.07295,1.0750959,2023-09-13 12:30:00,0.2,WIN ✅ (+0.20%),1,0.6576446,MEDIUM (50-70%)
2023-09-13 12:30:00,SELL (BEARISH),2,1.07426,1.07335,2023-09-13 14:00:00,0.0847,LOSS ❌ (-0.08%),0,0.15382768,LOW (<50%)
2023-09-13 12:45:00,SELL (BEARISH),2,1.07474,1.07335,2023-09-13 14:00:00,0.1293,LOSS ❌ (-0.13%),0,0.10686248,LOW (<50%)
2023-09-13 19:15:00,BUY (BULLISH),2,1.07289,1.07503578,2023-09-14 05:15:00,0.2,WIN ✅ (+0.20%),1,0.6672083,MEDIUM (50-70%)
2023-09-14 03:15:00,SELL (BEARISH),2,1.07434,1.0721913200000002,2023-09-14 12:15:00,0.2,WIN ✅ (+0.20%),1,0.740737,HIGH (>70%)
2023-09-14 03:45:00,SELL (BEARISH),2,1.07441,1.07226118,2023-09-14 12:15:00,0.2,WIN ✅ (+0.20%),1,0.6131182,MEDIUM (50-70%)
2023-09-14 12:15:00,SELL (BEARISH),2,1.07005,1.0679099,2023-09-14 12:30:00,0.2,WIN ✅ (+0.20%),1,0.68155015,MEDIUM (50-70%)
2023-09-14 14:15:00,BUY (BULLISH),2,1.06605,1.0681821,2023-09-15 14:00:00,0.2,WIN ✅ (+0.20%),1,0.9322019,HIGH (>70%)
2023-09-14 16:00:00,BUY (BULLISH),2,1.06561,1.06774122,2023-09-15 14:00:00,0.2,WIN ✅ (+0.20%),1,0.6679693,MEDIUM (50-70%)
2023-09-14 17:45:00,BUY (BULLISH),2,1.06364,1.06576728,2023-09-15 06:00:00,0.2,WIN ✅ (+0.20%),1,0.4194407,LOW (<50%)
2023-09-15 04:00:00,SELL (BEARISH),2,1.06466,1.06747,2023-09-15 14:00:00,-0.2639,LOSS ❌ (0.26%),0,0.4065575,LOW (<50%)
2023-09-15 08:15:00,SELL (BEARISH),2,1.06665,1.0645167000000002,2023-09-15 12:30:00,0.2,WIN ✅ (+0.20%),1,0.64243305,MEDIUM (50-70%)
2023-09-15 09:30:00,SELL (BEARISH),2,1.06658,1.06747,2023-09-15 14:00:00,-0.0834,LOSS ❌ (0.08%),0,0.33844715,LOW (<50%)
2023-09-18 01:00:00,SELL (BEARISH),2,1.0671,1.06649,2023-09-18 14:00:00,0.0572,LOSS ❌ (-0.06%),0,0.19172066,LOW (<50%)
2023-09-18 23:15:00,SELL (BEARISH),2,1.06926,1.06866,2023-09-19 14:00:00,0.0561,LOSS ❌ (-0.06%),0,0.16703603,LOW (<50%)
2023-09-18 23:30:00,SELL (BEARISH),2,1.06927,1.06866,2023-09-19 14:00:00,0.057,LOSS ❌ (-0.06%),0,0.24016906,LOW (<50%)
2023-09-19 15:15:00,BUY (BULLISH),2,1.06831,1.07044662,2023-09-20 10:45:00,0.2,WIN ✅ (+0.20%),1,0.6197899,MEDIUM (50-70%)
2023-09-19 15:45:00,BUY (BULLISH),2,1.06828,1.07041656,2023-09-20 10:30:00,0.2,WIN ✅ (+0.20%),1,0.5527102,MEDIUM (50-70%)
2023-09-20 00:30:00,SELL (BEARISH),2,1.06832,1.07201,2023-09-20 14:00:00,-0.3454,LOSS ❌ (0.35%),0,0.24500269,LOW (<50%)
2023-09-20 01:00:00,SELL (BEARISH),2,1.06846,1.07201,2023-09-20 14:00:00,-0.3323,LOSS ❌ (0.33%),0,0.28967774,LOW (<50%)
2023-09-20 01:30:00,SELL (BEARISH),2,1.06851,1.07201,2023-09-20 14:00:00,-0.3276,LOSS ❌ (0.33%),0,0.23677014,LOW (<50%)
2023-09-20 03:45:00,BUY (BULLISH),2,1.06791,1.0700458199999998,2023-09-20 10:00:00,0.2,WIN ✅ (+0.20%),1,0.8439985,HIGH (>70%)
2023-09-20 04:30:00,BUY (BULLISH),2,1.06781,1.06994562,2023-09-20 09:00:00,0.2,WIN ✅ (+0.20%),1,0.7779948,HIGH (>70%)
2023-09-20 08:30:00,SELL (BEARISH),2,1.06936,1.07201,2023-09-20 14:00:00,-0.2478,LOSS ❌ (0.25%),0,0.20183548,LOW (<50%)
2023-09-20 11:45:00,SELL (BEARISH),2,1.07012,1.07201,2023-09-20 14:00:00,-0.1766,LOSS ❌ (0.18%),0,0.19404706,LOW (<50%)
2023-09-20 16:30:00,SELL (BEARISH),2,1.07352,1.07137296,2023-09-20 18:00:00,0.2,WIN ✅ (+0.20%),1,0.87197554,HIGH (>70%)
2023-09-20 19:15:00,BUY (BULLISH),2,1.06782,1.06477,2023-09-21 14:00:00,-0.2856,LOSS ❌ (-0.29%),0,0.16661792,LOW (<50%)
2023-09-21 00:00:00,BUY (BULLISH),2,1.06488,1.06477,2023-09-21 14:00:00,-0.0103,LOSS ❌ (-0.01%),0,0.1655459,LOW (<50%)
2023-09-21 08:15:00,SELL (BEARISH),3,1.06571,1.06357858,2023-09-21 11:30:00,0.2,WIN ✅ (+0.20%),1,0.75579405,HIGH (>70%)
2023-09-21 09:00:00,SELL (BEARISH),2,1.0662,1.0640676,2023-09-21 11:00:00,0.2,WIN ✅ (+0.20%),1,0.77586615,HIGH (>70%)
2023-09-21 11:30:00,BUY (BULLISH),2,1.06405,1.06477,2023-09-21 14:00:00,0.0677,LOSS ❌ (0.07%),0,0.24610196,LOW (<50%)
2023-09-21 11:45:00,BUY (BULLISH),2,1.06353,1.0656570600000002,2023-09-21 13:30:00,0.2,WIN ✅ (+0.20%),1,0.59840316,MEDIUM (50-70%)
2023-09-21 12:00:00,BUY (BULLISH),2,1.06341,1.06553682,2023-09-21 13:30:00,0.2,WIN ✅ (+0.20%),1,0.85058093,HIGH (>70%)
2023-09-21 12:30:00,BUY (BULLISH),2,1.06348,1.06560696,2023-09-21 13:30:00,0.2,WIN ✅ (+0.20%),1,0.7445402,HIGH (>70%)
2023-09-21 14:15:00,SELL (BEARISH),2,1.06618,1.06404764,2023-09-22 07:15:00,0.2,WIN ✅ (+0.20%),1,0.8089275,HIGH (>70%)
2023-09-21 14:30:00,SELL (BEARISH),2,1.0664,1.0642672,2023-09-22 01:30:00,0.2,WIN ✅ (+0.20%),1,0.7822621,HIGH (>70%)
2023-09-22 13:45:00,SELL (BEARISH),2,1.06602,1.06605,2023-09-22 14:00:00,-0.0028,LOSS ❌ (0.00%),0,0.124950044,LOW (<50%)
2023-09-22 14:00:00,SELL (BEARISH),3,1.06605,1.0639179,2023-09-22 18:30:00,0.2,WIN ✅ (+0.20%),1,0.8525704,HIGH (>70%)
2023-09-24 23:30:00,SELL (BEARISH),2,1.06491,1.06278018,2023-09-25 08:30:00,0.2,WIN ✅ (+0.20%),1,0.76829416,HIGH (>70%)
2023-09-25 00:30:00,SELL (BEARISH),2,1.06515,1.0630197,2023-09-25 08:15:00,0.2,WIN ✅ (+0.20%),1,0.85954297,HIGH (>70%)
2023-09-25 05:45:00,BUY (BULLISH),2,1.06437,1.05937,2023-09-25 14:00:00,-0.4698,LOSS ❌ (-0.47%),0,0.4908887,LOW (<50%)
2023-09-25 06:45:00,SELL (BEARISH),2,1.06458,1.06245084,2023-09-25 08:45:00,0.2,WIN ✅ (+0.20%),1,0.7984123,HIGH (>70%)
2023-09-25 09:00:00,BUY (BULLISH),2,1.06251,1.05937,2023-09-25 14:00:00,-0.2955,LOSS ❌ (-0.30%),0,0.17313989,LOW (<50%)
2023-09-25 12:45:00,BUY (BULLISH),2,1.06219,1.05937,2023-09-25 14:00:00,-0.2655,LOSS ❌ (-0.27%),0,0.31649926,LOW (<50%)
2023-09-26 03:00:00,BUY (BULLISH),2,1.05797,1.06008594,2023-09-26 09:15:00,0.2,WIN ✅ (+0.20%),1,0.77328956,HIGH (>70%)
2023-09-26 09:30:00,SELL (BEARISH),2,1.05999,1.05857,2023-09-26 14:00:00,0.134,LOSS ❌ (-0.13%),0,0.26094368,LOW (<50%)
2023-09-26 13:30:00,BUY (BULLISH),2,1.05939,1.05857,2023-09-26 14:00:00,-0.0774,LOSS ❌ (-0.08%),0,0.4468998,LOW (<50%)
2023-09-26 14:00:00,BUY (BULLISH),2,1.05857,1.05101,2023-09-27 14:00:00,-0.7142,LOSS ❌ (-0.71%),0,0.09165623,LOW (<50%)
2023-09-26 14:30:00,BUY (BULLISH),2,1.05858,1.05101,2023-09-27 14:00:00,-0.7151,LOSS ❌ (-0.72%),0,0.18255615,LOW (<50%)
2023-09-26 14:45:00,BUY (BULLISH),2,1.05835,1.05101,2023-09-27 14:00:00,-0.6935,LOSS ❌ (-0.69%),0,0.14667954,LOW (<50%)
2023-09-26 15:00:00,BUY (BULLISH),2,1.05819,1.05101,2023-09-27 14:00:00,-0.6785,LOSS ❌ (-0.68%),0,0.09738499,LOW (<50%)
2023-09-26 15:15:00,BUY (BULLISH),2,1.05746,1.05101,2023-09-27 14:00:00,-0.61,LOSS ❌ (-0.61%),0,0.19898401,LOW (<50%)
2023-09-26 15:30:00,BUY (BULLISH),2,1.0577,1.05101,2023-09-27 14:00:00,-0.6325,LOSS ❌ (-0.63%),0,0.08921192,LOW (<50%)
2023-09-26 17:00:00,BUY (BULLISH),2,1.05739,1.05101,2023-09-27 14:00:00,-0.6034,LOSS ❌ (-0.60%),0,0.17978063,LOW (<50%)
2023-09-26 18:30:00,BUY (BULLISH),2,1.05639,1.05101,2023-09-27 14:00:00,-0.5093,LOSS ❌ (-0.51%),0,0.23652685,LOW (<50%)
2023-09-27 00:45:00,BUY (BULLISH),2,1.05595,1.05101,2023-09-27 14:00:00,-0.4678,LOSS ❌ (-0.47%),0,0.36448607,LOW (<50%)
2023-09-27 11:30:00,BUY (BULLISH),2,1.05384,1.05101,2023-09-27 14:00:00,-0.2685,LOSS ❌ (-0.27%),0,0.1203622,LOW (<50%)
2023-09-27 15:45:00,BUY (BULLISH),2,1.05084,1.05294168,2023-09-28 09:30:00,0.2,WIN ✅ (+0.20%),1,0.9070262,HIGH (>70%)
2023-09-27 16:30:00,BUY (BULLISH),2,1.05068,1.05278136,2023-09-28 09:30:00,0.2,WIN ✅ (+0.20%),1,0.8075647,HIGH (>70%)
2023-09-27 17:00:00,BUY (BULLISH),2,1.05005,1.0521501,2023-09-28 08:15:00,0.2,WIN ✅ (+0.20%),1,0.8746999,HIGH (>70%)
2023-09-27 17:30:00,BUY (BULLISH),2,1.04966,1.05175932,2023-09-27 19:00:00,0.2,WIN ✅ (+0.20%),1,0.8428324,HIGH (>70%)
2023-09-27 18:00:00,BUY (BULLISH),2,1.04921,1.05130842,2023-09-27 19:00:00,0.2,WIN ✅ (+0.20%),1,0.7480499,HIGH (>70%)
2023-09-27 18:15:00,BUY (BULLISH),2,1.04933,1.05142866,2023-09-27 19:00:00,0.2,WIN ✅ (+0.20%),1,0.73624444,HIGH (>70%)
2023-09-28 00:30:00,SELL (BEARISH),2,1.05117,1.04906766,2023-09-28 06:45:00,0.2,WIN ✅ (+0.20%),1,0.6968632,MEDIUM (50-70%)
2023-09-28 04:15:00,BUY (BULLISH),2,1.04997,1.05206994,2023-09-28 08:15:00,0.2,WIN ✅ (+0.20%),1,0.87407964,HIGH (>70%)
2023-09-28 07:15:00,SELL (BEARISH),2,1.05095,1.05579,2023-09-28 14:00:00,-0.4605,LOSS ❌ (0.46%),0,0.4094149,LOW (<50%)
2023-09-28 08:15:00,SELL (BEARISH),3,1.05158,1.05579,2023-09-28 14:00:00,-0.4003,LOSS ❌ (0.40%),0,0.27989683,LOW (<50%)
2023-09-28 10:00:00,SELL (BEARISH),3,1.05394,1.05183212,2023-09-28 12:45:00,0.2,WIN ✅ (+0.20%),1,0.7533941,HIGH (>70%)
2023-09-28 11:00:00,SELL (BEARISH),2,1.054,1.051892,2023-09-28 12:45:00,0.2,WIN ✅ (+0.20%),1,0.89497167,HIGH (>70%)
2023-09-28 11:15:00,SELL (BEARISH),2,1.054,1.051892,2023-09-28 12:45:00,0.2,WIN ✅ (+0.20%),1,0.9218679,HIGH (>70%)
2023-09-28 12:30:00,SELL (BEARISH),2,1.05333,1.05579,2023-09-28 14:00:00,-0.2335,LOSS ❌ (0.23%),0,0.11765139,LOW (<50%)
2023-09-28 14:15:00,SELL (BEARISH),2,1.05554,1.0575,2023-09-29 14:00:00,-0.1857,LOSS ❌ (0.19%),0,0.41722247,LOW (<50%)
2023-09-28 15:00:00,SELL (BEARISH),2,1.05585,1.0575,2023-09-29 14:00:00,-0.1563,LOSS ❌ (0.16%),0,0.2774687,LOW (<50%)
2023-09-28 22:30:00,SELL (BEARISH),2,1.05656,1.0575,2023-09-29 14:00:00,-0.089,LOSS ❌ (0.09%),0,0.21622692,LOW (<50%)
2023-09-29 01:30:00,SELL (BEARISH),2,1.05702,1.0575,2023-09-29 14:00:00,-0.0454,LOSS ❌ (0.05%),0,0.38249785,LOW (<50%)
2023-09-29 08:30:00,SELL (BEARISH),2,1.06097,1.05884806,2023-09-29 12:30:00,0.2,WIN ✅ (+0.20%),1,0.81972337,HIGH (>70%)
2023-09-29 08:45:00,SELL (BEARISH),3,1.06089,1.05876822,2023-09-29 13:15:00,0.2,WIN ✅ (+0.20%),1,0.75006336,HIGH (>70%)
2023-09-29 09:45:00,SELL (BEARISH),3,1.06141,1.05928718,2023-09-29 11:30:00,0.2,WIN ✅ (+0.20%),1,0.8696407,HIGH (>70%)
2023-09-29 12:30:00,BUY (BULLISH),2,1.06044,1.0575,2023-09-29 14:00:00,-0.2772,LOSS ❌ (-0.28%),0,0.29798844,LOW (<50%)
2023-09-29 14:00:00,BUY (BULLISH),2,1.0575,1.05715,2023-09-29 20:45:00,-0.0331,LOSS ❌ (-0.03%),0,0.18989033,LOW (<50%)
2023-09-29 14:15:00,BUY (BULLISH),2,1.05714,1.05715,2023-09-29 20:45:00,0.0009,LOSS ❌ (0.00%),0,0.18328977,LOW (<50%)
2023-09-29 18:15:00,BUY (BULLISH),2,1.05652,1.05715,2023-09-29 20:45:00,0.0596,LOSS ❌ (0.06%),0,0.109680116,LOW (<50%)
2023-10-01 22:00:00,BUY (BULLISH),2,1.05663,1.05874326,2023-10-02 06:45:00,0.2,WIN ✅ (+0.20%),1,0.83000696,HIGH (>70%)
2023-10-01 22:45:00,BUY (BULLISH),2,1.05588,1.05799176,2023-10-02 06:45:00,0.2,WIN ✅ (+0.20%),1,0.8085687,HIGH (>70%)
2023-10-01 23:00:00,BUY (BULLISH),2,1.05589,1.05800178,2023-10-02 06:45:00,0.2,WIN ✅ (+0.20%),1,0.6515979,MEDIUM (50-70%)
2023-10-02 08:45:00,BUY (BULLISH),2,1.05617,1.04982,2023-10-02 14:00:00,-0.6012,LOSS ❌ (-0.60%),0,0.15167941,LOW (<50%)
2023-10-02 10:30:00,BUY (BULLISH),2,1.05383,1.04982,2023-10-02 14:00:00,-0.3805,LOSS ❌ (-0.38%),0,0.11267173,LOW (<50%)
2023-10-02 11:00:00,BUY (BULLISH),2,1.0534,1.04982,2023-10-02 14:00:00,-0.3399,LOSS ❌ (-0.34%),0,0.07973891,LOW (<50%)
2023-10-02 12:00:00,BUY (BULLISH),2,1.05313,1.04982,2023-10-02 14:00:00,-0.3143,LOSS ❌ (-0.31%),0,0.11610534,LOW (<50%)
2023-10-02 14:45:00,BUY (BULLISH),2,1.04951,1.04758,2023-10-03 14:00:00,-0.1839,LOSS ❌ (-0.18%),0,0.1368515,LOW (<50%)
2023-10-02 16:00:00,BUY (BULLISH),2,1.04953,1.04758,2023-10-03 14:00:00,-0.1858,LOSS ❌ (-0.19%),0,0.22413702,LOW (<50%)
2023-10-02 16:30:00,BUY (BULLISH),2,1.04926,1.04758,2023-10-03 14:00:00,-0.1601,LOSS ❌ (-0.16%),0,0.07325837,LOW (<50%)
2023-10-02 20:00:00,BUY (BULLISH),2,1.04805,1.04758,2023-10-03 14:00:00,-0.0448,LOSS ❌ (-0.04%),0,0.06918871,LOW (<50%)
2023-10-02 21:15:00,BUY (BULLISH),2,1.04781,1.04758,2023-10-03 14:00:00,-0.022,LOSS ❌ (-0.02%),0,0.058918785,LOW (<50%)
2023-10-02 21:45:00,BUY (BULLISH),2,1.04783,1.04758,2023-10-03 14:00:00,-0.0239,LOSS ❌ (-0.02%),0,0.046500497,LOW (<50%)
2023-10-02 23:00:00,BUY (BULLISH),2,1.04771,1.04758,2023-10-03 14:00:00,-0.0124,LOSS ❌ (-0.01%),0,0.14644206,LOW (<50%)
2023-10-03 14:00:00,BUY (BULLISH),2,1.04758,1.04967516,2023-10-04 09:15:00,0.2,WIN ✅ (+0.20%),1,0.79315776,HIGH (>70%)
2023-10-03 15:45:00,BUY (BULLISH),3,1.04522,1.04731044,2023-10-03 17:15:00,0.2,WIN ✅ (+0.20%),1,0.7077548,HIGH (>70%)
2023-10-04 02:45:00,BUY (BULLISH),2,1.04628,1.04837256,2023-10-04 07:45:00,0.2,WIN ✅ (+0.20%),1,0.8600042,HIGH (>70%)
2023-10-04 09:15:00,SELL (BEARISH),2,1.04938,1.04961,2023-10-04 14:00:00,-0.0219,LOSS ❌ (0.02%),0,0.2074195,LOW (<50%)
2023-10-04 09:45:00,SELL (BEARISH),2,1.04981,1.04961,2023-10-04 14:00:00,0.0191,LOSS ❌ (-0.02%),0,0.124622665,LOW (<50%)
2023-10-04 12:15:00,SELL (BEARISH),2,1.05134,1.04923732,2023-10-04 14:00:00,0.2,WIN ✅ (+0.20%),1,0.89600956,HIGH (>70%)
2023-10-04 12:45:00,SELL (BEARISH),3,1.05249,1.05038502,2023-10-04 14:00:00,0.2,WIN ✅ (+0.20%),1,0.84044594,HIGH (>70%)
2023-10-05 00:15:00,BUY (BULLISH),2,1.05036,1.05246072,2023-10-05 01:00:00,0.2,WIN ✅ (+0.20%),1,0.7721049,HIGH (>70%)
2023-10-05 11:45:00,SELL (BEARISH),2,1.05235,1.0502452999999998,2023-10-05 12:30:00,0.2,WIN ✅ (+0.20%),1,0.9206793,HIGH (>70%)
2023-10-05 12:00:00,SELL (BEARISH),2,1.05229,1.05018542,2023-10-05 12:30:00,0.2,WIN ✅ (+0.20%),1,0.6707555,MEDIUM (50-70%)
2023-10-05 12:30:00,BUY (BULLISH),2,1.05046,1.05256092,2023-10-05 13:15:00,0.2,WIN ✅ (+0.20%),1,0.5415273,MEDIUM (50-70%)
2023-10-05 13:30:00,SELL (BEARISH),2,1.05185,1.05197,2023-10-05 14:00:00,-0.0114,LOSS ❌ (0.01%),0,0.3155521,LOW (<50%)
2023-10-05 14:15:00,SELL (BEARISH),2,1.05276,1.05065448,2023-10-06 12:30:00,0.2,WIN ✅ (+0.20%),1,0.87155336,HIGH (>70%)
2023-10-05 15:30:00,SELL (BEARISH),2,1.05287,1.05076426,2023-10-06 12:30:00,0.2,WIN ✅ (+0.20%),1,0.82803124,HIGH (>70%)
2023-10-05 16:30:00,SELL (BEARISH),2,1.05358,1.05147284,2023-10-06 12:30:00,0.2,WIN ✅ (+0.20%),1,0.8360608,HIGH (>70%)
2023-10-06 00:00:00,BUY (BULLISH),2,1.05465,1.0567593000000002,2023-10-06 12:00:00,0.2,WIN ✅ (+0.20%),1,0.85847676,HIGH (>70%)
2023-10-06 08:45:00,SELL (BEARISH),2,1.05479,1.05268042,2023-10-06 12:30:00,0.2,WIN ✅ (+0.20%),1,0.537284,MEDIUM (50-70%)
2023-10-09 04:00:00,BUY (BULLISH),2,1.05523,1.05485,2023-10-09 14:00:00,-0.036,LOSS ❌ (-0.04%),0,0.40742168,LOW (<50%)
2023-10-09 04:45:00,BUY (BULLISH),2,1.05497,1.05485,2023-10-09 14:00:00,-0.0114,LOSS ❌ (-0.01%),0,0.5069897,MEDIUM (50-70%)
2023-10-09 13:00:00,SELL (BEARISH),2,1.05413,1.05485,2023-10-09 14:00:00,-0.0683,LOSS ❌ (0.07%),0,0.14952461,LOW (<50%)
2023-10-09 13:45:00,SELL (BEARISH),2,1.05526,1.05485,2023-10-09 14:00:00,0.0389,LOSS ❌ (-0.04%),0,0.29698974,LOW (<50%)
2023-10-09 14:00:00,SELL (BEARISH),2,1.05485,1.06042,2023-10-10 14:00:00,-0.528,LOSS ❌ (0.53%),0,0.2956676,LOW (<50%)
2023-10-09 19:15:00,SELL (BEARISH),2,1.0569,1.06042,2023-10-10 14:00:00,-0.333,LOSS ❌ (0.33%),0,0.22170538,LOW (<50%)
2023-10-09 20:00:00,SELL (BEARISH),2,1.05692,1.06042,2023-10-10 14:00:00,-0.3312,LOSS ❌ (0.33%),0,0.27018908,LOW (<50%)
2023-10-09 23:45:00,SELL (BEARISH),2,1.05783,1.05571434,2023-10-10 06:15:00,0.2,WIN ✅ (+0.20%),1,0.8204906,HIGH (>70%)
2023-10-10 06:15:00,BUY (BULLISH),2,1.05589,1.05800178,2023-10-10 08:00:00,0.2,WIN ✅ (+0.20%),1,0.74039006,HIGH (>70%)
2023-10-10 15:15:00,SELL (BEARISH),3,1.0601,1.06235,2023-10-11 14:00:00,-0.2122,LOSS ❌ (0.21%),0,0.2979433,LOW (<50%)
2023-10-10 16:00:00,SELL (BEARISH),3,1.0616,1.0594768,2023-10-10 17:45:00,0.2,WIN ✅ (+0.20%),1,0.8093437,HIGH (>70%)
2023-10-11 01:30:00,BUY (BULLISH),2,1.06033,1.06245066,2023-10-11 07:30:00,0.2,WIN ✅ (+0.20%),1,0.80099154,HIGH (>70%)
2023-10-11 06:00:00,BUY (BULLISH),2,1.06016,1.06228032,2023-10-11 07:30:00,0.2,WIN ✅ (+0.20%),1,0.85225433,HIGH (>70%)
2023-10-11 07:45:00,BUY (BULLISH),2,1.05995,1.0620699,2023-10-11 13:45:00,0.2,WIN ✅ (+0.20%),1,0.6580122,MEDIUM (50-70%)
2023-10-11 08:00:00,BUY (BULLISH),2,1.05958,1.06169916,2023-10-11 13:00:00,0.2,WIN ✅ (+0.20%),1,0.5602967,MEDIUM (50-70%)
2023-10-11 12:30:00,BUY (BULLISH),2,1.06022,1.06234044,2023-10-11 13:45:00,0.2,WIN ✅ (+0.20%),1,0.85900885,HIGH (>70%)
2023-10-11 13:00:00,SELL (BEARISH),2,1.0608,1.06235,2023-10-11 14:00:00,-0.1461,LOSS ❌ (0.15%),0,0.31062606,LOW (<50%)
2023-10-11 13:15:00,SELL (BEARISH),2,1.06176,1.06235,2023-10-11 14:00:00,-0.0556,LOSS ❌ (0.06%),0,0.22671641,LOW (<50%)
2023-10-11 13:30:00,SELL (BEARISH),2,1.0614,1.06235,2023-10-11 14:00:00,-0.0895,LOSS ❌ (0.09%),0,0.30755278,LOW (<50%)
2023-10-11 14:00:00,SELL (BEARISH),2,1.06235,1.0602253,2023-10-11 16:15:00,0.2,WIN ✅ (+0.20%),1,0.88696843,HIGH (>70%)
2023-10-11 17:45:00,BUY (BULLISH),2,1.05923,1.0613484599999998,2023-10-11 19:15:00,0.2,WIN ✅ (+0.20%),1,0.87980354,HIGH (>70%)
2023-10-11 22:00:00,SELL (BEARISH),2,1.06193,1.05980614,2023-10-12 12:30:00,0.2,WIN ✅ (+0.20%),1,0.80761576,HIGH (>70%)
2023-10-12 00:00:00,SELL (BEARISH),2,1.06225,1.0601254999999998,2023-10-12 12:30:00,0.2,WIN ✅ (+0.20%),1,0.7959864,HIGH (>70%)
2023-10-12 08:00:00,BUY (BULLISH),2,1.06204,1.05604,2023-10-12 14:00:00,-0.565,LOSS ❌ (-0.56%),0,0.12544407,LOW (<50%)
2023-10-12 09:45:00,BUY (BULLISH),2,1.06177,1.05604,2023-10-12 14:00:00,-0.5397,LOSS ❌ (-0.54%),0,0.5362665,MEDIUM (50-70%)
2023-10-12 13:00:00,BUY (BULLISH),2,1.05732,1.05604,2023-10-12 14:00:00,-0.1211,LOSS ❌ (-0.12%),0,0.22346224,LOW (<50%)
2023-10-12 13:15:00,BUY (BULLISH),2,1.05721,1.05604,2023-10-12 14:00:00,-0.1107,LOSS ❌ (-0.11%),0,0.1779907,LOW (<50%)
2023-10-12 14:00:00,BUY (BULLISH),2,1.05604,1.05141,2023-10-13 14:00:00,-0.4384,LOSS ❌ (-0.44%),0,0.09310944,LOW (<50%)
2023-10-12 14:30:00,BUY (BULLISH),2,1.05504,1.05141,2023-10-13 14:00:00,-0.3441,LOSS ❌ (-0.34%),0,0.08525664,LOW (<50%)
2023-10-12 17:15:00,BUY (BULLISH),3,1.054,1.05141,2023-10-13 14:00:00,-0.2457,LOSS ❌ (-0.25%),0,0.06852641,LOW (<50%)
2023-10-13 00:00:00,SELL (BEARISH),2,1.05359,1.05148282,2023-10-13 11:00:00,0.2,WIN ✅ (+0.20%),1,0.8569605,HIGH (>70%)
2023-10-13 03:00:00,SELL (BEARISH),2,1.05453,1.05242094,2023-10-13 10:15:00,0.2,WIN ✅ (+0.20%),1,0.68012244,MEDIUM (50-70%)
2023-10-13 06:30:00,BUY (BULLISH),2,1.05411,1.05141,2023-10-13 14:00:00,-0.2561,LOSS ❌ (-0.26%),0,0.5357265,MEDIUM (50-70%)
2023-10-13 10:00:00,BUY (BULLISH),2,1.0528,1.05141,2023-10-13 14:00:00,-0.132,LOSS ❌ (-0.13%),0,0.20426118,LOW (<50%)
2023-10-13 11:00:00,BUY (BULLISH),2,1.05183,1.05393366,2023-10-13 12:30:00,0.2,WIN ✅ (+0.20%),1,0.55601335,MEDIUM (50-70%)
2023-10-13 14:00:00,BUY (BULLISH),2,1.05141,1.05076,2023-10-13 20:45:00,-0.0618,LOSS ❌ (-0.06%),0,0.27313864,LOW (<50%)
2023-10-13 15:00:00,BUY (BULLISH),2,1.04998,1.05076,2023-10-13 20:45:00,0.0743,LOSS ❌ (0.07%),0,0.3059916,LOW (<50%)
2023-10-16 04:15:00,SELL (BEARISH),2,1.05251,1.053,2023-10-16 14:00:00,-0.0466,LOSS ❌ (0.05%),0,0.33200282,LOW (<50%)
2023-10-16 04:30:00,SELL (BEARISH),2,1.05246,1.053,2023-10-16 14:00:00,-0.0513,LOSS ❌ (0.05%),0,0.18741277,LOW (<50%)
2023-10-16 04:45:00,SELL (BEARISH),2,1.05254,1.053,2023-10-16 14:00:00,-0.0437,LOSS ❌ (0.04%),0,0.13432762,LOW (<50%)
2023-10-16 05:15:00,SELL (BEARISH),2,1.05266,1.053,2023-10-16 14:00:00,-0.0323,LOSS ❌ (0.03%),0,0.39966002,LOW (<50%)
2023-10-16 14:00:00,BUY (BULLISH),3,1.053,1.055106,2023-10-16 14:30:00,0.2,WIN ✅ (+0.20%),1,0.7797526,HIGH (>70%)
2023-10-16 14:45:00,SELL (BEARISH),2,1.05492,1.057,2023-10-17 14:00:00,-0.1972,LOSS ❌ (0.20%),0,0.24682926,LOW (<50%)
2023-10-16 18:00:00,SELL (BEARISH),2,1.05553,1.05341894,2023-10-17 06:45:00,0.2,WIN ✅ (+0.20%),1,0.7853015,HIGH (>70%)
2023-10-17 05:30:00,BUY (BULLISH),2,1.0545,1.056609,2023-10-17 11:00:00,0.2,WIN ✅ (+0.20%),1,0.78435576,HIGH (>70%)
2023-10-17 06:45:00,BUY (BULLISH),2,1.05367,1.05577734,2023-10-17 10:00:00,0.2,WIN ✅ (+0.20%),1,0.84653234,HIGH (>70%)
2023-10-17 08:45:00,BUY (BULLISH),2,1.05356,1.05566712,2023-10-17 10:00:00,0.2,WIN ✅ (+0.20%),1,0.8040409,HIGH (>70%)
2023-10-17 15:15:00,SELL (BEARISH),2,1.05798,1.05586404,2023-10-18 10:00:00,0.2,WIN ✅ (+0.20%),1,0.7500518,HIGH (>70%)
2023-10-17 16:00:00,SELL (BEARISH),3,1.05919,1.05707162,2023-10-17 17:30:00,0.2,WIN ✅ (+0.20%),1,0.94770133,HIGH (>70%)
2023-10-18 00:45:00,BUY (BULLISH),2,1.05642,1.0585328399999998,2023-10-18 06:00:00,0.2,WIN ✅ (+0.20%),1,0.7254164,HIGH (>70%)
2023-10-18 05:15:00,SELL (BEARISH),2,1.05778,1.05566444,2023-10-18 10:00:00,0.2,WIN ✅ (+0.20%),1,0.6412145,MEDIUM (50-70%)
2023-10-18 10:15:00,BUY (BULLISH),2,1.05578,1.05522,2023-10-18 14:00:00,-0.053,LOSS ❌ (-0.05%),0,0.16404587,LOW (<50%)
2023-10-18 11:00:00,BUY (BULLISH),2,1.05559,1.05522,2023-10-18 14:00:00,-0.0351,LOSS ❌ (-0.04%),0,0.0990295,LOW (<50%)
2023-10-18 12:45:00,BUY (BULLISH),2,1.05567,1.05522,2023-10-18 14:00:00,-0.0426,LOSS ❌ (-0.04%),0,0.07927481,LOW (<50%)
2023-10-18 13:45:00,BUY (BULLISH),2,1.05505,1.05522,2023-10-18 14:00:00,0.0161,LOSS ❌ (0.02%),0,0.112238325,LOW (<50%)
2023-10-18 14:00:00,BUY (BULLISH),2,1.05522,1.05733044,2023-10-19 12:30:00,0.2,WIN ✅ (+0.20%),1,0.73780304,HIGH (>70%)
2023-10-18 14:45:00,BUY (BULLISH),3,1.0537,1.0558074000000002,2023-10-19 11:00:00,0.2,WIN ✅ (+0.20%),1,0.79880184,HIGH (>70%)
2023-10-18 15:15:00,BUY (BULLISH),2,1.05327,1.05537654,2023-10-19 11:00:00,0.2,WIN ✅ (+0.20%),1,0.9033168,HIGH (>70%)
2023-10-18 16:15:00,BUY (BULLISH),2,1.05271,1.05481542,2023-10-18 17:00:00,0.2,WIN ✅ (+0.20%),1,0.7496401,HIGH (>70%)
2023-10-19 00:00:00,SELL (BEARISH),2,1.0537,1.05716,2023-10-19 14:00:00,-0.3284,LOSS ❌ (0.33%),0,0.18483765,LOW (<50%)
2023-10-19 03:45:00,BUY (BULLISH),2,1.05335,1.0554567,2023-10-19 11:00:00,0.2,WIN ✅ (+0.20%),1,0.8716536,HIGH (>70%)
2023-10-19 04:45:00,BUY (BULLISH),2,1.0533,1.0554066,2023-10-19 11:00:00,0.2,WIN ✅ (+0.20%),1,0.8369239,HIGH (>70%)
2023-10-19 13:30:00,SELL (BEARISH),2,1.05758,1.05716,2023-10-19 14:00:00,0.0397,LOSS ❌ (-0.04%),0,0.46286765,LOW (<50%)
2023-10-20 00:30:00,BUY (BULLISH),2,1.05763,1.05974526,2023-10-20 11:45:00,0.2,WIN ✅ (+0.20%),1,0.72112805,HIGH (>70%)
2023-10-20 00:45:00,BUY (BULLISH),2,1.05757,1.0596851399999998,2023-10-20 11:45:00,0.2,WIN ✅ (+0.20%),1,0.8785307,HIGH (>70%)
2023-10-20 14:30:00,SELL (BEARISH),2,1.05959,1.05913,2023-10-20 20:45:00,0.0434,LOSS ❌ (-0.04%),0,0.30272558,LOW (<50%)
2023-10-20 17:15:00,SELL (BEARISH),3,1.05972,1.05913,2023-10-20 20:45:00,0.0557,LOSS ❌ (-0.06%),0,0.3071929,LOW (<50%)
2023-10-23 00:30:00,BUY (BULLISH),2,1.05855,1.0606671,2023-10-23 08:00:00,0.2,WIN ✅ (+0.20%),1,0.7260738,HIGH (>70%)
2023-10-23 12:15:00,SELL (BEARISH),2,1.06137,1.05924726,2023-10-23 13:30:00,0.2,WIN ✅ (+0.20%),1,0.74771637,HIGH (>70%)
2023-10-23 15:45:00,SELL (BEARISH),3,1.06448,1.06235104,2023-10-24 10:45:00,0.2,WIN ✅ (+0.20%),1,0.94947255,HIGH (>70%)
2023-10-23 16:00:00,SELL (BEARISH),3,1.06454,1.06241092,2023-10-24 10:45:00,0.2,WIN ✅ (+0.20%),1,0.9097652,HIGH (>70%)
2023-10-24 08:15:00,BUY (BULLISH),3,1.06511,1.061,2023-10-24 14:00:00,-0.3859,LOSS ❌ (-0.39%),0,0.18054245,LOW (<50%)
2023-10-24 08:30:00,BUY (BULLISH),2,1.06493,1.061,2023-10-24 14:00:00,-0.369,LOSS ❌ (-0.37%),0,0.24369399,LOW (<50%)
2023-10-24 09:00:00,BUY (BULLISH),2,1.06461,1.061,2023-10-24 14:00:00,-0.3391,LOSS ❌ (-0.34%),0,0.121153384,LOW (<50%)
2023-10-24 09:15:00,BUY (BULLISH),3,1.06457,1.061,2023-10-24 14:00:00,-0.3353,LOSS ❌ (-0.34%),0,0.12045008,LOW (<50%)
2023-10-24 09:30:00,BUY (BULLISH),2,1.06431,1.061,2023-10-24 14:00:00,-0.311,LOSS ❌ (-0.31%),0,0.118508875,LOW (<50%)
2023-10-24 13:45:00,BUY (BULLISH),2,1.06111,1.061,2023-10-24 14:00:00,-0.0104,LOSS ❌ (-0.01%),0,0.07095743,LOW (<50%)
2023-10-24 15:30:00,BUY (BULLISH),3,1.05863,1.05737,2023-10-25 14:00:00,-0.119,LOSS ❌ (-0.12%),0,0.059424892,LOW (<50%)
2023-10-24 23:15:00,SELL (BEARISH),2,1.05925,1.0571315,2023-10-25 09:15:00,0.2,WIN ✅ (+0.20%),1,0.73005885,HIGH (>70%)
2023-10-25 14:45:00,SELL (BEARISH),2,1.05848,1.05636304,2023-10-25 21:00:00,0.2,WIN ✅ (+0.20%),1,0.85385823,HIGH (>70%)
2023-10-25 15:00:00,SELL (BEARISH),2,1.05904,1.05692192,2023-10-25 17:00:00,0.2,WIN ✅ (+0.20%),1,0.6677932,MEDIUM (50-70%)
2023-10-25 15:30:00,SELL (BEARISH),2,1.05932,1.05720136,2023-10-25 16:45:00,0.2,WIN ✅ (+0.20%),1,0.66649705,MEDIUM (50-70%)
2023-10-25 15:45:00,SELL (BEARISH),2,1.05826,1.05614348,2023-10-25 21:00:00,0.2,WIN ✅ (+0.20%),1,0.788558,HIGH (>70%)
2023-10-25 20:30:00,BUY (BULLISH),2,1.05655,1.05333,2023-10-26 14:00:00,-0.3048,LOSS ❌ (-0.30%),0,0.09770781,LOW (<50%)
2023-10-25 20:45:00,BUY (BULLISH),2,1.05657,1.05333,2023-10-26 14:00:00,-0.3067,LOSS ❌ (-0.31%),0,0.12210361,LOW (<50%)
2023-10-26 01:15:00,BUY (BULLISH),2,1.05588,1.05333,2023-10-26 14:00:00,-0.2415,LOSS ❌ (-0.24%),0,0.5239755,MEDIUM (50-70%)
2023-10-26 12:30:00,BUY (BULLISH),2,1.05466,1.05333,2023-10-26 14:00:00,-0.1261,LOSS ❌ (-0.13%),0,0.32191303,LOW (<50%)
2023-10-26 13:00:00,SELL (BEARISH),2,1.0555,1.053389,2023-10-26 14:00:00,0.2,WIN ✅ (+0.20%),1,0.9110462,HIGH (>70%)
2023-10-26 23:00:00,SELL (BEARISH),2,1.0564,1.0542872,2023-10-27 11:30:00,0.2,WIN ✅ (+0.20%),1,0.89375335,HIGH (>70%)
2023-10-26 23:30:00,SELL (BEARISH),2,1.05633,1.05421734,2023-10-27 11:30:00,0.2,WIN ✅ (+0.20%),1,0.72196496,HIGH (>70%)
2023-10-27 01:15:00,BUY (BULLISH),2,1.0554,1.0575108,2023-10-27 13:00:00,0.2,WIN ✅ (+0.20%),1,0.7777454,HIGH (>70%)
2023-10-27 04:15:00,SELL (BEARISH),2,1.05649,1.05437702,2023-10-27 11:30:00,0.2,WIN ✅ (+0.20%),1,0.84176403,HIGH (>70%)
2023-10-27 05:15:00,SELL (BEARISH),2,1.05665,1.0545367,2023-10-27 11:00:00,0.2,WIN ✅ (+0.20%),1,0.78872323,HIGH (>70%)
2023-10-27 05:30:00,SELL (BEARISH),2,1.05661,1.05449678,2023-10-27 11:00:00,0.2,WIN ✅ (+0.20%),1,0.7120598,HIGH (>70%)
2023-10-27 07:00:00,BUY (BULLISH),2,1.05566,1.05777132,2023-10-27 13:15:00,0.2,WIN ✅ (+0.20%),1,0.7912703,HIGH (>70%)
2023-10-27 12:45:00,SELL (BEARISH),2,1.05555,1.05912,2023-10-27 14:00:00,-0.3382,LOSS ❌ (0.34%),0,0.1509527,LOW (<50%)
2023-10-27 13:00:00,SELL (BEARISH),2,1.05653,1.05912,2023-10-27 14:00:00,-0.2451,LOSS ❌ (0.25%),0,0.18394296,LOW (<50%)
2023-10-27 14:00:00,SELL (BEARISH),2,1.05912,1.05700176,2023-10-27 14:30:00,0.2,WIN ✅ (+0.20%),1,0.86929375,HIGH (>70%)
2023-10-27 15:15:00,SELL (BEARISH),2,1.05943,1.05731114,2023-10-27 17:00:00,0.2,WIN ✅ (+0.20%),1,0.94875175,HIGH (>70%)
2023-10-27 15:30:00,SELL (BEARISH),3,1.05942,1.05730116,2023-10-27 17:00:00,0.2,WIN ✅ (+0.20%),1,0.89538234,HIGH (>70%)
2023-10-29 23:15:00,BUY (BULLISH),2,1.05591,1.05802182,2023-10-30 09:15:00,0.2,WIN ✅ (+0.20%),1,0.74321944,HIGH (>70%)
2023-10-30 00:15:00,BUY (BULLISH),2,1.05566,1.05777132,2023-10-30 09:15:00,0.2,WIN ✅ (+0.20%),1,0.8028707,HIGH (>70%)
2023-10-30 09:45:00,SELL (BEARISH),2,1.05821,1.06014,2023-10-30 14:00:00,-0.1824,LOSS ❌ (0.18%),0,0.16844057,LOW (<50%)
2023-10-30 10:00:00,SELL (BEARISH),3,1.05826,1.06014,2023-10-30 14:00:00,-0.1777,LOSS ❌ (0.18%),0,0.099074006,LOW (<50%)
2023-10-30 13:00:00,SELL (BEARISH),2,1.06014,1.06014,2023-10-30 14:00:00,0.0,LOSS ❌ (-0.00%),0,0.0868285,LOW (<50%)
2023-10-30 14:00:00,SELL (BEARISH),2,1.06014,1.06127,2023-10-31 14:00:00,-0.1066,LOSS ❌ (0.11%),0,0.10436537,LOW (<50%)
2023-10-31 01:15:00,BUY (BULLISH),2,1.06079,1.06291158,2023-10-31 08:15:00,0.2,WIN ✅ (+0.20%),1,0.920456,HIGH (>70%)
2023-10-31 13:30:00,BUY (BULLISH),2,1.06087,1.06127,2023-10-31 14:00:00,0.0377,LOSS ❌ (0.04%),0,0.0828088,LOW (<50%)
2023-10-31 13:45:00,BUY (BULLISH),2,1.0603,1.06127,2023-10-31 14:00:00,0.0915,LOSS ❌ (0.09%),0,0.09212006,LOW (<50%)
2023-10-31 14:00:00,BUY (BULLISH),2,1.06127,1.0546,2023-11-01 14:00:00,-0.6285,LOSS ❌ (-0.63%),0,0.11283067,LOW (<50%)
2023-10-31 16:15:00,BUY (BULLISH),2,1.0562,1.0583124,2023-10-31 19:00:00,0.2,WIN ✅ (+0.20%),1,0.9160382,HIGH (>70%)
2023-10-31 16:30:00,BUY (BULLISH),3,1.0562,1.0583124,2023-10-31 19:00:00,0.2,WIN ✅ (+0.20%),1,0.77427655,HIGH (>70%)
2023-11-01 05:00:00,BUY (BULLISH),2,1.05666,1.0546,2023-11-01 14:00:00,-0.195,LOSS ❌ (-0.19%),0,0.26238823,LOW (<50%)
2023-11-01 06:45:00,SELL (BEARISH),2,1.05737,1.05525526,2023-11-01 09:15:00,0.2,WIN ✅ (+0.20%),1,0.7547908,HIGH (>70%)
2023-11-01 08:30:00,BUY (BULLISH),2,1.05584,1.0546,2023-11-01 14:00:00,-0.1174,LOSS ❌ (-0.12%),0,0.3569345,LOW (<50%)
2023-11-01 14:15:00,SELL (BEARISH),2,1.05587,1.0537582600000002,2023-11-01 15:45:00,0.2,WIN ✅ (+0.20%),1,0.76806897,HIGH (>70%)
2023-11-01 14:45:00,SELL (BEARISH),2,1.05522,1.05310956,2023-11-01 17:00:00,0.2,WIN ✅ (+0.20%),1,0.8199209,HIGH (>70%)
2023-11-01 18:30:00,BUY (BULLISH),2,1.05244,1.05454488,2023-11-01 19:00:00,0.2,WIN ✅ (+0.20%),1,0.7604337,HIGH (>70%)
2023-11-01 19:45:00,SELL (BEARISH),2,1.05668,1.06355,2023-11-02 14:00:00,-0.6501,LOSS ❌ (0.65%),0,0.18763244,LOW (<50%)
2023-11-01 20:00:00,SELL (BEARISH),2,1.05699,1.06355,2023-11-02 14:00:00,-0.6206,LOSS ❌ (0.62%),0,0.14021292,LOW (<50%)
2023-11-01 22:15:00,SELL (BEARISH),2,1.05751,1.06355,2023-11-02 14:00:00,-0.5712,LOSS ❌ (0.57%),0,0.21642949,LOW (<50%)
2023-11-01 23:15:00,SELL (BEARISH),2,1.05822,1.06355,2023-11-02 14:00:00,-0.5037,LOSS ❌ (0.50%),0,0.3461807,LOW (<50%)
2023-11-02 10:00:00,SELL (BEARISH),3,1.06231,1.06355,2023-11-02 14:00:00,-0.1167,LOSS ❌ (0.12%),0,0.2571964,LOW (<50%)
2023-11-02 10:15:00,SELL (BEARISH),2,1.06276,1.06355,2023-11-02 14:00:00,-0.0743,LOSS ❌ (0.07%),0,0.21195862,LOW (<50%)
2023-11-02 11:15:00,SELL (BEARISH),2,1.0634,1.06355,2023-11-02 14:00:00,-0.0141,LOSS ❌ (0.01%),0,0.16116227,LOW (<50%)
2023-11-02 12:15:00,SELL (BEARISH),2,1.06458,1.06355,2023-11-02 14:00:00,0.0968,LOSS ❌ (-0.10%),0,0.20103215,LOW (<50%)
2023-11-02 15:30:00,BUY (BULLISH),2,1.0628,1.0649256,2023-11-03 11:15:00,0.2,WIN ✅ (+0.20%),1,0.72452277,HIGH (>70%)
2023-11-02 16:00:00,BUY (BULLISH),3,1.06173,1.06385346,2023-11-03 09:30:00,0.2,WIN ✅ (+0.20%),1,0.8602782,HIGH (>70%)
2023-11-02 16:15:00,BUY (BULLISH),2,1.06146,1.06358292,2023-11-03 09:15:00,0.2,WIN ✅ (+0.20%),1,0.9244898,HIGH (>70%)
2023-11-02 16:30:00,BUY (BULLISH),2,1.06133,1.06345266,2023-11-03 09:15:00,0.2,WIN ✅ (+0.20%),1,0.85875416,HIGH (>70%)
2023-11-03 02:30:00,SELL (BEARISH),2,1.06271,1.07014,2023-11-03 14:00:00,-0.6992,LOSS ❌ (0.70%),0,0.13887984,LOW (<50%)
2023-11-03 08:00:00,BUY (BULLISH),2,1.06298,1.06510596,2023-11-03 11:15:00,0.2,WIN ✅ (+0.20%),1,0.7857433,HIGH (>70%)
2023-11-03 08:30:00,BUY (BULLISH),2,1.06239,1.06451478,2023-11-03 09:45:00,0.2,WIN ✅ (+0.20%),1,0.8598526,HIGH (>70%)
2023-11-03 09:15:00,SELL (BEARISH),2,1.06325,1.07014,2023-11-03 14:00:00,-0.648,LOSS ❌ (0.65%),0,0.17966563,LOW (<50%)
2023-11-03 12:45:00,SELL (BEARISH),2,1.07092,1.07014,2023-11-03 14:00:00,0.0728,LOSS ❌ (-0.07%),0,0.038603313,LOW (<50%)
2023-11-03 13:30:00,SELL (BEARISH),2,1.07163,1.07014,2023-11-03 14:00:00,0.139,LOSS ❌ (-0.14%),0,0.16691592,LOW (<50%)
2023-11-03 13:45:00,SELL (BEARISH),3,1.07165,1.07014,2023-11-03 14:00:00,0.1409,LOSS ❌ (-0.14%),0,0.19636725,LOW (<50%)
2023-11-03 14:00:00,SELL (BEARISH),2,1.07014,1.0724,2023-11-03 20:45:00,-0.2112,LOSS ❌ (0.21%),0,0.33702904,LOW (<50%)
2023-11-03 15:45:00,SELL (BEARISH),2,1.07318,1.0724,2023-11-03 20:45:00,0.0727,LOSS ❌ (-0.07%),0,0.05415223,LOW (<50%)
2023-11-03 17:00:00,SELL (BEARISH),2,1.07367,1.0724,2023-11-03 20:45:00,0.1183,LOSS ❌ (-0.12%),0,0.08767835,LOW (<50%)
2023-11-06 02:30:00,SELL (BEARISH),2,1.07321,1.0737,2023-11-06 14:00:00,-0.0457,LOSS ❌ (0.05%),0,0.35156295,LOW (<50%)
2023-11-06 03:00:00,SELL (BEARISH),2,1.07321,1.0737,2023-11-06 14:00:00,-0.0457,LOSS ❌ (0.05%),0,0.3953496,LOW (<50%)
2023-11-06 03:15:00,SELL (BEARISH),2,1.0732,1.0737,2023-11-06 14:00:00,-0.0466,LOSS ❌ (0.05%),0,0.13495402,LOW (<50%)
2023-11-06 06:00:00,SELL (BEARISH),2,1.07358,1.0737,2023-11-06 14:00:00,-0.0112,LOSS ❌ (0.01%),0,0.25852245,LOW (<50%)
2023-11-06 20:15:00,BUY (BULLISH),2,1.07206,1.06684,2023-11-07 14:00:00,-0.4869,LOSS ❌ (-0.49%),0,0.13834928,LOW (<50%)
2023-11-06 21:45:00,BUY (BULLISH),2,1.07171,1.06684,2023-11-07 14:00:00,-0.4544,LOSS ❌ (-0.45%),0,0.21403341,LOW (<50%)
2023-11-07 04:45:00,BUY (BULLISH),2,1.07062,1.06684,2023-11-07 14:00:00,-0.3531,LOSS ❌ (-0.35%),0,0.36739185,LOW (<50%)
2023-11-07 15:45:00,SELL (BEARISH),2,1.06845,1.0663131,2023-11-08 09:00:00,0.2,WIN ✅ (+0.20%),1,0.72185975,HIGH (>70%)
2023-11-08 05:45:00,BUY (BULLISH),2,1.06857,1.06719,2023-11-08 14:00:00,-0.1291,LOSS ❌ (-0.13%),0,0.18292084,LOW (<50%)
2023-11-08 15:30:00,SELL (BEARISH),2,1.06903,1.07073,2023-11-09 14:00:00,-0.159,LOSS ❌ (0.16%),0,0.21310478,LOW (<50%)
2023-11-08 16:45:00,SELL (BEARISH),2,1.0714,1.0692571999999998,2023-11-09 10:00:00,0.2,WIN ✅ (+0.20%),1,0.72492844,HIGH (>70%)
2023-11-09 01:45:00,SELL (BEARISH),2,1.07117,1.06902766,2023-11-09 10:15:00,0.2,WIN ✅ (+0.20%),1,0.77196634,HIGH (>70%)
2023-11-09 10:30:00,BUY (BULLISH),2,1.06902,1.07073,2023-11-09 14:00:00,0.16,LOSS ❌ (0.16%),0,0.20955904,LOW (<50%)
2023-11-09 18:00:00,BUY (BULLISH),2,1.06925,1.0683,2023-11-10 14:00:00,-0.0888,LOSS ❌ (-0.09%),0,0.20993,LOW (<50%)
2023-11-09 19:15:00,BUY (BULLISH),2,1.0673,1.0683,2023-11-10 14:00:00,0.0937,LOSS ❌ (0.09%),0,0.18236253,LOW (<50%)
2023-11-10 01:45:00,SELL (BEARISH),2,1.06715,1.0683,2023-11-10 14:00:00,-0.1078,LOSS ❌ (0.11%),0,0.19669473,LOW (<50%)
2023-11-10 08:30:00,SELL (BEARISH),2,1.06752,1.0683,2023-11-10 14:00:00,-0.0731,LOSS ❌ (0.07%),0,0.35041094,LOW (<50%)
2023-11-10 15:00:00,BUY (BULLISH),2,1.06771,1.06838,2023-11-10 21:45:00,0.0628,LOSS ❌ (0.06%),0,0.26047248,LOW (<50%)
2023-11-10 19:15:00,SELL (BEARISH),2,1.06847,1.06838,2023-11-10 21:45:00,0.0084,LOSS ❌ (-0.01%),0,0.1864329,LOW (<50%)
2023-11-13 07:15:00,SELL (BEARISH),2,1.06954,1.06740092,2023-11-13 12:15:00,0.2,WIN ✅ (+0.20%),1,0.78248227,HIGH (>70%)
2023-11-13 11:30:00,BUY (BULLISH),2,1.06854,1.06743,2023-11-13 14:00:00,-0.1039,LOSS ❌ (-0.10%),0,0.11665821,LOW (<50%)
2023-11-13 12:45:00,BUY (BULLISH),2,1.06727,1.06743,2023-11-13 14:00:00,0.015,LOSS ❌ (0.01%),0,0.13767485,LOW (<50%)
2023-11-13 13:30:00,BUY (BULLISH),2,1.06684,1.06743,2023-11-13 14:00:00,0.0553,LOSS ❌ (0.06%),0,0.08175939,LOW (<50%)
2023-11-13 16:45:00,SELL (BEARISH),3,1.06988,1.08208,2023-11-14 14:00:00,-1.1403,LOSS ❌ (1.14%),0,0.061166536,LOW (<50%)
2023-11-13 17:15:00,SELL (BEARISH),2,1.07024,1.08208,2023-11-14 14:00:00,-1.1063,LOSS ❌ (1.11%),0,0.10661071,LOW (<50%)
2023-11-14 05:15:00,BUY (BULLISH),2,1.0694,1.0715388,2023-11-14 09:45:00,0.2,WIN ✅ (+0.20%),1,0.7596765,HIGH (>70%)
2023-11-14 05:30:00,BUY (BULLISH),2,1.06937,1.0715087399999998,2023-11-14 09:45:00,0.2,WIN ✅ (+0.20%),1,0.70728356,HIGH (>70%)
2023-11-14 07:30:00,SELL (BEARISH),2,1.07051,1.08208,2023-11-14 14:00:00,-1.0808,LOSS ❌ (1.08%),0,0.15665711,LOW (<50%)
2023-11-14 10:15:00,SELL (BEARISH),2,1.07277,1.08208,2023-11-14 14:00:00,-0.8678,LOSS ❌ (0.87%),0,0.15155143,LOW (<50%)
2023-11-14 13:45:00,SELL (BEARISH),2,1.07888,1.08208,2023-11-14 14:00:00,-0.2966,LOSS ❌ (0.30%),0,0.18076384,LOW (<50%)
2023-11-14 14:15:00,SELL (BEARISH),2,1.08132,1.08508,2023-11-15 14:00:00,-0.3477,LOSS ❌ (0.35%),0,0.10995383,LOW (<50%)
2023-11-14 15:00:00,SELL (BEARISH),2,1.08352,1.08508,2023-11-15 14:00:00,-0.144,LOSS ❌ (0.14%),0,0.057910115,LOW (<50%)
2023-11-14 15:30:00,SELL (BEARISH),2,1.08326,1.08508,2023-11-15 14:00:00,-0.168,LOSS ❌ (0.17%),0,0.045028664,LOW (<50%)
2023-11-14 16:45:00,SELL (BEARISH),2,1.086,1.08508,2023-11-15 14:00:00,0.0847,LOSS ❌ (-0.08%),0,0.12786992,LOW (<50%)
2023-11-14 18:00:00,SELL (BEARISH),2,1.08712,1.08494576,2023-11-15 09:30:00,0.2,WIN ✅ (+0.20%),1,0.8354971,HIGH (>70%)
2023-11-14 18:30:00,SELL (BEARISH),2,1.08729,1.0851154200000002,2023-11-15 09:15:00,0.2,WIN ✅ (+0.20%),1,0.80635035,HIGH (>70%)
2023-11-14 20:00:00,SELL (BEARISH),2,1.08818,1.08600364,2023-11-15 09:15:00,0.2,WIN ✅ (+0.20%),1,0.8607472,HIGH (>70%)
2023-11-15 04:00:00,SELL (BEARISH),2,1.08822,1.08604356,2023-11-15 09:00:00,0.2,WIN ✅ (+0.20%),1,0.84568673,HIGH (>70%)
2023-11-15 07:15:00,BUY (BULLISH),2,1.08687,1.08508,2023-11-15 14:00:00,-0.1647,LOSS ❌ (-0.16%),0,0.22537524,LOW (<50%)
2023-11-15 13:30:00,SELL (BEARISH),2,1.08412,1.08508,2023-11-15 14:00:00,-0.0886,LOSS ❌ (0.09%),0,0.1475772,LOW (<50%)
2023-11-15 13:45:00,BUY (BULLISH),2,1.08586,1.08508,2023-11-15 14:00:00,-0.0718,LOSS ❌ (-0.07%),0,0.33231014,LOW (<50%)
2023-11-16 00:00:00,SELL (BEARISH),2,1.0853,1.0831294,2023-11-16 02:30:00,0.2,WIN ✅ (+0.20%),1,0.83625317,HIGH (>70%)
2023-11-16 00:15:00,SELL (BEARISH),2,1.08535,1.0831793,2023-11-16 02:30:00,0.2,WIN ✅ (+0.20%),1,0.75153935,HIGH (>70%)
2023-11-16 07:45:00,SELL (BEARISH),2,1.08409,1.08753,2023-11-16 14:00:00,-0.3173,LOSS ❌ (0.32%),0,0.23410882,LOW (<50%)
2023-11-16 08:30:00,SELL (BEARISH),2,1.08492,1.08753,2023-11-16 14:00:00,-0.2406,LOSS ❌ (0.24%),0,0.22747998,LOW (<50%)
2023-11-16 15:15:00,SELL (BEARISH),2,1.08905,1.0868719,2023-11-16 16:15:00,0.2,WIN ✅ (+0.20%),1,0.81116104,HIGH (>70%)
2023-11-16 15:30:00,SELL (BEARISH),2,1.08747,1.08529506,2023-11-16 16:30:00,0.2,WIN ✅ (+0.20%),1,0.79084957,HIGH (>70%)
2023-11-17 05:15:00,BUY (BULLISH),2,1.08492,1.0870898400000002,2023-11-17 10:45:00,0.2,WIN ✅ (+0.20%),1,0.62020576,MEDIUM (50-70%)
2023-11-17 11:00:00,SELL (BEARISH),3,1.08702,1.0873,2023-11-17 14:00:00,-0.0258,LOSS ❌ (0.03%),0,0.14574155,LOW (<50%)
2023-11-17 13:30:00,SELL (BEARISH),2,1.08643,1.0873,2023-11-17 14:00:00,-0.0801,LOSS ❌ (0.08%),0,0.15650496,LOW (<50%)
2023-11-17 14:00:00,SELL (BEARISH),2,1.0873,1.09108,2023-11-17 21:45:00,-0.3477,LOSS ❌ (0.35%),0,0.21488908,LOW (<50%)
2023-11-17 15:45:00,SELL (BEARISH),3,1.08863,1.09108,2023-11-17 21:45:00,-0.2251,LOSS ❌ (0.23%),0,0.2842532,LOW (<50%)
2023-11-17 21:30:00,SELL (BEARISH),2,1.0909,1.09108,2023-11-17 21:45:00,-0.0165,LOSS ❌ (0.02%),0,0.30894837,LOW (<50%)
2023-11-20 02:30:00,SELL (BEARISH),2,1.09214,1.09216,2023-11-20 14:00:00,-0.0018,LOSS ❌ (0.00%),0,0.21987428,LOW (<50%)
2023-11-20 02:45:00,SELL (BEARISH),2,1.09221,1.09216,2023-11-20 14:00:00,0.0046,LOSS ❌ (-0.00%),0,0.1712676,LOW (<50%)
2023-11-20 09:30:00,SELL (BEARISH),2,1.09337,1.09216,2023-11-20 14:00:00,0.1107,LOSS ❌ (-0.11%),0,0.3413759,LOW (<50%)
2023-11-20 14:15:00,BUY (BULLISH),2,1.09216,1.09434432,2023-11-20 14:45:00,0.2,WIN ✅ (+0.20%),1,0.7112738,HIGH (>70%)
2023-11-21 02:15:00,SELL (BEARISH),2,1.09541,1.09543,2023-11-21 14:00:00,-0.0018,LOSS ❌ (0.00%),0,0.38194627,LOW (<50%)
2023-11-21 02:45:00,SELL (BEARISH),2,1.09596,1.09543,2023-11-21 14:00:00,0.0484,LOSS ❌ (-0.05%),0,0.15937343,LOW (<50%)
2023-11-21 03:15:00,SELL (BEARISH),2,1.0959,1.09543,2023-11-21 14:00:00,0.0429,LOSS ❌ (-0.04%),0,0.20018105,LOW (<50%)
2023-11-21 09:30:00,BUY (BULLISH),2,1.09448,1.09543,2023-11-21 14:00:00,0.0868,LOSS ❌ (0.09%),0,0.2175236,LOW (<50%)
2023-11-21 15:15:00,BUY (BULLISH),2,1.09412,1.08723,2023-11-22 14:00:00,-0.6297,LOSS ❌ (-0.63%),0,0.32241338,LOW (<50%)
2023-11-21 15:30:00,BUY (BULLISH),2,1.09443,1.08723,2023-11-22 14:00:00,-0.6579,LOSS ❌ (-0.66%),0,0.2543994,LOW (<50%)
2023-11-21 17:00:00,BUY (BULLISH),3,1.09234,1.08723,2023-11-22 14:00:00,-0.4678,LOSS ❌ (-0.47%),0,0.23965381,LOW (<50%)
2023-11-21 17:15:00,BUY (BULLISH),2,1.09221,1.08723,2023-11-22 14:00:00,-0.456,LOSS ❌ (-0.46%),0,0.10748995,LOW (<50%)
2023-11-21 18:30:00,BUY (BULLISH),2,1.09073,1.08723,2023-11-22 14:00:00,-0.3209,LOSS ❌ (-0.32%),0,0.1329392,LOW (<50%)
2023-11-21 23:15:00,SELL (BEARISH),2,1.09158,1.08939684,2023-11-22 08:30:00,0.2,WIN ✅ (+0.20%),1,0.77070314,HIGH (>70%)
2023-11-22 00:00:00,SELL (BEARISH),2,1.09162,1.08943676,2023-11-22 08:30:00,0.2,WIN ✅ (+0.20%),1,0.7188938,HIGH (>70%)
2023-11-22 08:00:00,SELL (BEARISH),2,1.09143,1.08924714,2023-11-22 08:30:00,0.2,WIN ✅ (+0.20%),1,0.6787159,MEDIUM (50-70%)
2023-11-22 14:15:00,BUY (BULLISH),2,1.0876,1.0897751999999998,2023-11-23 02:00:00,0.2,WIN ✅ (+0.20%),1,0.702551,HIGH (>70%)
2023-11-22 21:00:00,SELL (BEARISH),2,1.08868,1.08936,2023-11-23 14:00:00,-0.0625,LOSS ❌ (0.06%),0,0.3543509,LOW (<50%)
2023-11-23 00:00:00,SELL (BEARISH),2,1.0888,1.08936,2023-11-23 14:00:00,-0.0514,LOSS ❌ (0.05%),0,0.17442065,LOW (<50%)
2023-11-23 00:30:00,SELL (BEARISH),2,1.08885,1.08936,2023-11-23 14:00:00,-0.0468,LOSS ❌ (0.05%),0,0.19885041,LOW (<50%)
2023-11-23 01:00:00,SELL (BEARISH),2,1.08909,1.08936,2023-11-23 14:00:00,-0.0248,LOSS ❌ (0.02%),0,0.24801268,LOW (<50%)
2023-11-23 03:00:00,SELL (BEARISH),2,1.09038,1.08936,2023-11-23 14:00:00,0.0935,LOSS ❌ (-0.09%),0,0.21718961,LOW (<50%)
2023-11-24 00:45:00,SELL (BEARISH),2,1.09064,1.0921,2023-11-24 14:00:00,-0.1339,LOSS ❌ (0.13%),0,0.21021569,LOW (<50%)
2023-11-24 09:00:00,SELL (BEARISH),2,1.09188,1.0921,2023-11-24 14:00:00,-0.0201,LOSS ❌ (0.02%),0,0.16591923,LOW (<50%)
2023-11-27 04:45:00,SELL (BEARISH),2,1.09471,1.09338,2023-11-27 14:00:00,0.1215,LOSS ❌ (-0.12%),0,0.3943652,LOW (<50%)
2023-11-27 19:15:00,SELL (BEARISH),2,1.09486,1.09701,2023-11-28 14:00:00,-0.1964,LOSS ❌ (0.20%),0,0.2397973,LOW (<50%)
2023-11-27 19:45:00,SELL (BEARISH),2,1.09558,1.09701,2023-11-28 14:00:00,-0.1305,LOSS ❌ (0.13%),0,0.22804743,LOW (<50%)
2023-11-27 20:45:00,SELL (BEARISH),2,1.09566,1.09346868,2023-11-28 07:45:00,0.2,WIN ✅ (+0.20%),1,0.9055025,HIGH (>70%)
2023-11-27 23:15:00,SELL (BEARISH),2,1.0957,1.0935085999999998,2023-11-28 07:45:00,0.2,WIN ✅ (+0.20%),1,0.8610079,HIGH (>70%)
2023-11-27 23:45:00,SELL (BEARISH),2,1.09587,1.09367826,2023-11-28 07:45:00,0.2,WIN ✅ (+0.20%),1,0.9005153,HIGH (>70%)
2023-11-28 04:15:00,BUY (BULLISH),2,1.09523,1.09701,2023-11-28 14:00:00,0.1625,LOSS ❌ (0.16%),0,0.12635432,LOW (<50%)
2023-11-28 04:30:00,BUY (BULLISH),2,1.09531,1.09701,2023-11-28 14:00:00,0.1552,LOSS ❌ (0.16%),0,0.19501579,LOW (<50%)
2023-11-28 05:45:00,BUY (BULLISH),2,1.09508,1.09727016,2023-11-28 13:45:00,0.2,WIN ✅ (+0.20%),1,0.6901938,MEDIUM (50-70%)
2023-11-28 07:15:00,BUY (BULLISH),2,1.09453,1.09671906,2023-11-28 13:30:00,0.2,WIN ✅ (+0.20%),1,0.51118445,MEDIUM (50-70%)
2023-11-28 10:00:00,SELL (BEARISH),2,1.09539,1.09701,2023-11-28 14:00:00,-0.1479,LOSS ❌ (0.15%),0,0.22005896,LOW (<50%)
2023-11-28 14:00:00,SELL (BEARISH),2,1.09701,1.09686,2023-11-29 14:00:00,0.0137,LOSS ❌ (-0.01%),0,0.32628834,LOW (<50%)
2023-11-28 14:45:00,SELL (BEARISH),2,1.09784,1.09686,2023-11-29 14:00:00,0.0893,LOSS ❌ (-0.09%),0,0.2713294,LOW (<50%)
2023-11-28 15:00:00,SELL (BEARISH),2,1.0971,1.09686,2023-11-29 14:00:00,0.0219,LOSS ❌ (-0.02%),0,0.17590445,LOW (<50%)
2023-11-28 17:15:00,SELL (BEARISH),2,1.10056,1.09835888,2023-11-28 18:00:00,0.2,WIN ✅ (+0.20%),1,0.90269303,HIGH (>70%)
2023-11-28 23:30:00,SELL (BEARISH),2,1.10031,1.09810938,2023-11-29 08:00:00,0.2,WIN ✅ (+0.20%),1,0.515295,MEDIUM (50-70%)
2023-11-29 04:15:00,BUY (BULLISH),2,1.09974,1.09686,2023-11-29 14:00:00,-0.2619,LOSS ❌ (-0.26%),0,0.17928484,LOW (<50%)
2023-11-29 06:30:00,BUY (BULLISH),2,1.10013,1.09686,2023-11-29 14:00:00,-0.2972,LOSS ❌ (-0.30%),0,0.171087,LOW (<50%)
2023-11-29 07:15:00,BUY (BULLISH),2,1.09884,1.09686,2023-11-29 14:00:00,-0.1802,LOSS ❌ (-0.18%),0,0.110313974,LOW (<50%)
2023-11-29 10:15:00,BUY (BULLISH),3,1.09714,1.09933428,2023-11-29 13:30:00,0.2,WIN ✅ (+0.20%),1,0.89095616,HIGH (>70%)
2023-11-29 10:30:00,BUY (BULLISH),2,1.0973,1.09686,2023-11-29 14:00:00,-0.0401,LOSS ❌ (-0.04%),0,0.14421758,LOW (<50%)
2023-11-29 14:15:00,BUY (BULLISH),2,1.09798,1.09209,2023-11-30 14:00:00,-0.5364,LOSS ❌ (-0.54%),0,0.18606095,LOW (<50%)
2023-11-29 15:15:00,BUY (BULLISH),2,1.09637,1.09856274,2023-11-29 19:00:00,0.2,WIN ✅ (+0.20%),1,0.88222617,HIGH (>70%)
2023-11-29 15:30:00,BUY (BULLISH),3,1.09635,1.0985427,2023-11-29 19:00:00,0.2,WIN ✅ (+0.20%),1,0.832933,HIGH (>70%)
2023-11-30 07:45:00,BUY (BULLISH),2,1.09513,1.09209,2023-11-30 14:00:00,-0.2776,LOSS ❌ (-0.28%),0,0.064678766,LOW (<50%)
2023-11-30 08:45:00,BUY (BULLISH),2,1.0923,1.0944846,2023-11-30 13:30:00,0.2,WIN ✅ (+0.20%),1,0.952449,HIGH (>70%)
2023-11-30 09:00:00,BUY (BULLISH),2,1.09258,1.09476516,2023-11-30 13:30:00,0.2,WIN ✅ (+0.20%),1,0.8142016,HIGH (>70%)
2023-11-30 11:15:00,BUY (BULLISH),2,1.09117,1.09335234,2023-11-30 13:00:00,0.2,WIN ✅ (+0.20%),1,0.64418143,MEDIUM (50-70%)
2023-11-30 13:30:00,SELL (BEARISH),2,1.0927,1.09209,2023-11-30 14:00:00,0.0558,LOSS ❌ (-0.06%),0,0.09994343,LOW (<50%)
2023-11-30 14:00:00,BUY (BULLISH),2,1.09209,1.08644,2023-12-01 14:00:00,-0.5174,LOSS ❌ (-0.52%),0,0.15139984,LOW (<50%)
2023-11-30 14:45:00,BUY (BULLISH),2,1.09082,1.08644,2023-12-01 14:00:00,-0.4015,LOSS ❌ (-0.40%),0,0.10700186,LOW (<50%)
2023-11-30 18:45:00,BUY (BULLISH),2,1.0889,1.0910778,2023-12-01 02:30:00,0.2,WIN ✅ (+0.20%),1,0.5864419,MEDIUM (50-70%)
2023-12-01 10:45:00,BUY (BULLISH),2,1.08903,1.08644,2023-12-01 14:00:00,-0.2378,LOSS ❌ (-0.24%),0,0.14797959,LOW (<50%)
2023-12-01 11:00:00,BUY (BULLISH),2,1.08888,1.08644,2023-12-01 14:00:00,-0.2241,LOSS ❌ (-0.22%),0,0.16158307,LOW (<50%)
2023-12-01 13:00:00,BUY (BULLISH),2,1.08778,1.08644,2023-12-01 14:00:00,-0.1232,LOSS ❌ (-0.12%),0,0.20470151,LOW (<50%)
2023-12-01 14:15:00,BUY (BULLISH),3,1.08645,1.0886228999999998,2023-12-01 18:15:00,0.2,WIN ✅ (+0.20%),1,0.615281,MEDIUM (50-70%)
2023-12-01 16:00:00,BUY (BULLISH),2,1.08568,1.08785136,2023-12-01 16:45:00,0.2,WIN ✅ (+0.20%),1,0.8677471,HIGH (>70%)
2023-12-01 18:30:00,SELL (BEARISH),3,1.08894,1.08783,2023-12-01 21:45:00,0.1019,LOSS ❌ (-0.10%),0,0.21030533,LOW (<50%)
2023-12-01 18:45:00,SELL (BEARISH),3,1.08887,1.08783,2023-12-01 21:45:00,0.0955,LOSS ❌ (-0.10%),0,0.18516828,LOW (<50%)
2023-12-04 07:15:00,BUY (BULLISH),2,1.08646,1.08307,2023-12-04 14:00:00,-0.312,LOSS ❌ (-0.31%),0,0.26865527,LOW (<50%)
2023-12-04 07:45:00,BUY (BULLISH),2,1.08537,1.08754074,2023-12-04 09:15:00,0.2,WIN ✅ (+0.20%),1,0.7187578,HIGH (>70%)
2023-12-04 20:15:00,SELL (BEARISH),2,1.08298,1.08081404,2023-12-05 07:15:00,0.2,WIN ✅ (+0.20%),1,0.74489325,HIGH (>70%)
2023-12-04 21:00:00,SELL (BEARISH),2,1.08346,1.08129308,2023-12-05 07:15:00,0.2,WIN ✅ (+0.20%),1,0.737539,HIGH (>70%)
2023-12-04 23:45:00,SELL (BEARISH),2,1.0837,1.0815326,2023-12-05 07:15:00,0.2,WIN ✅ (+0.20%),1,0.6602904,MEDIUM (50-70%)
2023-12-05 07:45:00,BUY (BULLISH),2,1.0807,1.0828614,2023-12-05 08:45:00,0.2,WIN ✅ (+0.20%),1,0.7932595,HIGH (>70%)
2023-12-05 15:45:00,BUY (BULLISH),2,1.08052,1.07922,2023-12-06 14:00:00,-0.1203,LOSS ❌ (-0.12%),0,0.34554687,LOW (<50%)
2023-12-05 16:45:00,BUY (BULLISH),2,1.07857,1.07922,2023-12-06 14:00:00,0.0603,LOSS ❌ (0.06%),0,0.30793288,LOW (<50%)
2023-12-06 20:30:00,BUY (BULLISH),2,1.07616,1.07831232,2023-12-07 09:45:00,0.2,WIN ✅ (+0.20%),1,0.7816739,HIGH (>70%)
2023-12-07 04:45:00,BUY (BULLISH),2,1.07601,1.07816202,2023-12-07 08:00:00,0.2,WIN ✅ (+0.20%),1,0.76304734,HIGH (>70%)
2023-12-07 05:15:00,BUY (BULLISH),2,1.07587,1.07802174,2023-12-07 07:45:00,0.2,WIN ✅ (+0.20%),1,0.7288953,HIGH (>70%)
2023-12-07 13:45:00,SELL (BEARISH),2,1.07899,1.07819,2023-12-07 14:00:00,0.0741,LOSS ❌ (-0.07%),0,0.2600299,LOW (<50%)
2023-12-08 00:15:00,BUY (BULLISH),2,1.07915,1.07357,2023-12-08 14:00:00,-0.5171,LOSS ❌ (-0.52%),0,0.34644434,LOW (<50%)
2023-12-08 02:15:00,BUY (BULLISH),2,1.0785,1.07357,2023-12-08 14:00:00,-0.4571,LOSS ❌ (-0.46%),0,0.21440095,LOW (<50%)
2023-12-11 00:15:00,SELL (BEARISH),2,1.07681,1.07557,2023-12-11 14:00:00,0.1152,LOSS ❌ (-0.12%),0,0.3670443,LOW (<50%)
2023-12-11 01:30:00,SELL (BEARISH),2,1.07711,1.07557,2023-12-11 14:00:00,0.143,LOSS ❌ (-0.14%),0,0.22630931,LOW (<50%)
2023-12-11 07:30:00,BUY (BULLISH),2,1.07621,1.07557,2023-12-11 14:00:00,-0.0595,LOSS ❌ (-0.06%),0,0.21780075,LOW (<50%)
2023-12-11 10:45:00,SELL (BEARISH),2,1.0773,1.07557,2023-12-11 14:00:00,0.1606,LOSS ❌ (-0.16%),0,0.21099474,LOW (<50%)
2023-12-11 14:30:00,BUY (BULLISH),2,1.07564,1.07779128,2023-12-12 06:45:00,0.2,WIN ✅ (+0.20%),1,0.6627225,MEDIUM (50-70%)
2023-12-11 15:30:00,BUY (BULLISH),3,1.07452,1.07666904,2023-12-11 19:00:00,0.2,WIN ✅ (+0.20%),1,0.5747801,MEDIUM (50-70%)
2023-12-11 16:30:00,BUY (BULLISH),2,1.0748,1.0769496,2023-12-12 02:30:00,0.2,WIN ✅ (+0.20%),1,0.55824536,MEDIUM (50-70%)
2023-12-12 01:00:00,SELL (BEARISH),2,1.07648,1.07989,2023-12-12 14:00:00,-0.3168,LOSS ❌ (0.32%),0,0.34708032,LOW (<50%)
2023-12-12 08:30:00,SELL (BEARISH),2,1.07866,1.07989,2023-12-12 14:00:00,-0.114,LOSS ❌ (0.11%),0,0.07773249,LOW (<50%)
2023-12-12 10:30:00,SELL (BEARISH),2,1.08023,1.07806954,2023-12-12 13:45:00,0.2,WIN ✅ (+0.20%),1,0.805275,HIGH (>70%)
2023-12-12 13:15:00,SELL (BEARISH),2,1.08087,1.07870826,2023-12-12 13:30:00,0.2,WIN ✅ (+0.20%),1,0.74029976,HIGH (>70%)
2023-12-12 13:30:00,SELL (BEARISH),2,1.0785,1.07989,2023-12-12 14:00:00,-0.1289,LOSS ❌ (0.13%),0,0.2758425,LOW (<50%)
2023-12-12 23:30:00,SELL (BEARISH),2,1.07986,1.07770028,2023-12-13 10:15:00,0.2,WIN ✅ (+0.20%),1,0.7237947,HIGH (>70%)
2023-12-12 23:45:00,SELL (BEARISH),2,1.07979,1.07763042,2023-12-13 10:15:00,0.2,WIN ✅ (+0.20%),1,0.76779,HIGH (>70%)
2023-12-13 20:00:00,SELL (BEARISH),2,1.08815,1.09662,2023-12-14 14:00:00,-0.7784,LOSS ❌ (0.78%),0,0.052146498,LOW (<50%)
2023-12-14 09:00:00,SELL (BEARISH),2,1.09075,1.09662,2023-12-14 14:00:00,-0.5382,LOSS ❌ (0.54%),0,0.22945607,LOW (<50%)
2023-12-14 11:45:00,SELL (BEARISH),2,1.09292,1.0907341599999998,2023-12-14 13:00:00,0.2,WIN ✅ (+0.20%),1,0.82778716,HIGH (>70%)
2023-12-14 15:00:00,SELL (BEARISH),2,1.09889,1.09669222,2023-12-15 08:15:00,0.2,WIN ✅ (+0.20%),1,0.8085689,HIGH (>70%)
2023-12-14 16:15:00,SELL (BEARISH),3,1.09965,1.0974507,2023-12-15 08:15:00,0.2,WIN ✅ (+0.20%),1,0.9376376,HIGH (>70%)
2023-12-14 16:30:00,SELL (BEARISH),2,1.09986,1.0976602800000002,2023-12-15 00:45:00,0.2,WIN ✅ (+0.20%),1,0.9007298,HIGH (>70%)
2023-12-14 17:30:00,SELL (BEARISH),2,1.10031,1.09810938,2023-12-14 19:00:00,0.2,WIN ✅ (+0.20%),1,0.92757297,HIGH (>70%)
2023-12-14 17:45:00,SELL (BEARISH),2,1.10046,1.09825908,2023-12-14 18:45:00,0.2,WIN ✅ (+0.20%),1,0.81453747,HIGH (>70%)
2023-12-15 02:30:00,SELL (BEARISH),2,1.09953,1.09733094,2023-12-15 08:15:00,0.2,WIN ✅ (+0.20%),1,0.41027126,LOW (<50%)
2023-12-15 13:00:00,BUY (BULLISH),2,1.0946,1.09197,2023-12-15 14:00:00,-0.2403,LOSS ❌ (-0.24%),0,0.07043734,LOW (<50%)
2023-12-15 16:00:00,BUY (BULLISH),2,1.09073,1.08928,2023-12-15 21:45:00,-0.1329,LOSS ❌ (-0.13%),0,0.113275364,LOW (<50%)
2023-12-15 16:30:00,BUY (BULLISH),2,1.09036,1.08928,2023-12-15 21:45:00,-0.099,LOSS ❌ (-0.10%),0,0.12222452,LOW (<50%)
2023-12-15 16:45:00,BUY (BULLISH),2,1.0905,1.08928,2023-12-15 21:45:00,-0.1119,LOSS ❌ (-0.11%),0,0.08088262,LOW (<50%)
2023-12-15 18:45:00,BUY (BULLISH),3,1.08934,1.08928,2023-12-15 21:45:00,-0.0055,LOSS ❌ (-0.01%),0,0.107336394,LOW (<50%)
2023-12-18 02:45:00,SELL (BEARISH),2,1.09037,1.09239,2023-12-18 14:00:00,-0.1853,LOSS ❌ (0.19%),0,0.23825812,LOW (<50%)
2023-12-18 05:00:00,SELL (BEARISH),2,1.09132,1.09239,2023-12-18 14:00:00,-0.098,LOSS ❌ (0.10%),0,0.38611323,LOW (<50%)
2023-12-18 13:30:00,SELL (BEARISH),2,1.09239,1.09239,2023-12-18 14:00:00,0.0,LOSS ❌ (-0.00%),0,0.32769945,LOW (<50%)
2023-12-18 15:00:00,SELL (BEARISH),2,1.09181,1.09612,2023-12-19 14:00:00,-0.3948,LOSS ❌ (0.39%),0,0.16892204,LOW (<50%)
2023-12-19 06:30:00,SELL (BEARISH),2,1.09266,1.09612,2023-12-19 14:00:00,-0.3167,LOSS ❌ (0.32%),0,0.25601363,LOW (<50%)
2023-12-19 09:15:00,SELL (BEARISH),2,1.09441,1.09612,2023-12-19 14:00:00,-0.1562,LOSS ❌ (0.16%),0,0.19360578,LOW (<50%)
2023-12-19 13:00:00,SELL (BEARISH),2,1.09571,1.09612,2023-12-19 14:00:00,-0.0374,LOSS ❌ (0.04%),0,0.19976832,LOW (<50%)
2023-12-19 22:15:00,SELL (BEARISH),2,1.09803,1.09583394,2023-12-20 06:15:00,0.2,WIN ✅ (+0.20%),1,0.88271886,HIGH (>70%)
2023-12-19 22:45:00,SELL (BEARISH),2,1.09826,1.09606348,2023-12-20 06:15:00,0.2,WIN ✅ (+0.20%),1,0.8149548,HIGH (>70%)
2023-12-20 00:15:00,BUY (BULLISH),2,1.09729,1.09672,2023-12-20 14:00:00,-0.0519,LOSS ❌ (-0.05%),0,0.2862043,LOW (<50%)
2023-12-20 01:00:00,BUY (BULLISH),2,1.09734,1.09672,2023-12-20 14:00:00,-0.0565,LOSS ❌ (-0.06%),0,0.27166763,LOW (<50%)
2023-12-20 05:30:00,BUY (BULLISH),2,1.09656,1.09672,2023-12-20 14:00:00,0.0146,LOSS ❌ (0.01%),0,0.16106766,LOW (<50%)
2023-12-20 06:30:00,BUY (BULLISH),2,1.0957,1.09672,2023-12-20 14:00:00,0.0931,LOSS ❌ (0.09%),0,0.2924935,LOW (<50%)
2023-12-20 10:30:00,BUY (BULLISH),2,1.09525,1.09672,2023-12-20 14:00:00,0.1342,LOSS ❌ (0.13%),0,0.33958194,LOW (<50%)
2023-12-20 11:30:00,BUY (BULLISH),2,1.09409,1.09627818,2023-12-20 14:00:00,0.2,WIN ✅ (+0.20%),1,0.8294506,HIGH (>70%)
2023-12-20 12:00:00,BUY (BULLISH),2,1.09374,1.0959274799999998,2023-12-20 13:45:00,0.2,WIN ✅ (+0.20%),1,0.8998258,HIGH (>70%)
2023-12-20 16:00:00,SELL (BEARISH),2,1.09714,1.09494572,2023-12-20 17:15:00,0.2,WIN ✅ (+0.20%),1,0.8417909,HIGH (>70%)
2023-12-21 01:00:00,SELL (BEARISH),2,1.09491,1.09913,2023-12-21 14:00:00,-0.3854,LOSS ❌ (0.39%),0,0.25413826,LOW (<50%)
2023-12-21 01:30:00,SELL (BEARISH),2,1.09503,1.09913,2023-12-21 14:00:00,-0.3744,LOSS ❌ (0.37%),0,0.26009107,LOW (<50%)
2023-12-21 12:30:00,SELL (BEARISH),2,1.09838,1.09913,2023-12-21 14:00:00,-0.0683,LOSS ❌ (0.07%),0,0.15882355,LOW (<50%)
2023-12-21 19:45:00,SELL (BEARISH),2,1.09989,1.10309,2023-12-22 14:00:00,-0.2909,LOSS ❌ (0.29%),0,0.10566972,LOW (<50%)
2023-12-21 21:15:00,SELL (BEARISH),2,1.10045,1.10309,2023-12-22 14:00:00,-0.2399,LOSS ❌ (0.24%),0,0.14840199,LOW (<50%)
2023-12-22 12:00:00,SELL (BEARISH),2,1.10266,1.10045468,2023-12-22 13:30:00,0.2,WIN ✅ (+0.20%),1,0.424157,LOW (<50%)
2023-12-22 14:00:00,SELL (BEARISH),2,1.10309,1.10088382,2023-12-22 15:45:00,0.2,WIN ✅ (+0.20%),1,0.45027584,LOW (<50%)
2023-12-22 14:45:00,SELL (BEARISH),2,1.10352,1.10131296,2023-12-22 15:45:00,0.2,WIN ✅ (+0.20%),1,0.59378386,MEDIUM (50-70%)
2023-12-22 15:00:00,SELL (BEARISH),2,1.10372,1.10151256,2023-12-22 15:45:00,0.2,WIN ✅ (+0.20%),1,0.6426564,MEDIUM (50-70%)
2023-12-22 17:00:00,BUY (BULLISH),2,1.10052,1.10138,2023-12-22 21:45:00,0.0781,LOSS ❌ (0.08%),0,0.15521447,LOW (<50%)
2023-12-26 02:30:00,SELL (BEARISH),2,1.10249,1.10209,2023-12-26 14:00:00,0.0363,LOSS ❌ (-0.04%),0,0.174837,LOW (<50%)
2023-12-26 02:45:00,SELL (BEARISH),2,1.10254,1.10209,2023-12-26 14:00:00,0.0408,LOSS ❌ (-0.04%),0,0.20130593,LOW (<50%)
2023-12-26 03:15:00,SELL (BEARISH),2,1.10266,1.10209,2023-12-26 14:00:00,0.0517,LOSS ❌ (-0.05%),0,0.23987933,LOW (<50%)
2023-12-26 03:45:00,SELL (BEARISH),2,1.10274,1.10209,2023-12-26 14:00:00,0.0589,LOSS ❌ (-0.06%),0,0.1442079,LOW (<50%)
2023-12-26 15:15:00,SELL (BEARISH),2,1.10289,1.10731,2023-12-27 14:00:00,-0.4008,LOSS ❌ (0.40%),0,0.13871542,LOW (<50%)
2023-12-27 00:45:00,BUY (BULLISH),2,1.10364,1.10584728,2023-12-27 10:30:00,0.2,WIN ✅ (+0.20%),1,0.9166374,HIGH (>70%)
2023-12-27 10:30:00,SELL (BEARISH),2,1.10559,1.10731,2023-12-27 14:00:00,-0.1556,LOSS ❌ (0.16%),0,0.11392062,LOW (<50%)
2023-12-27 12:00:00,SELL (BEARISH),2,1.10591,1.10731,2023-12-27 14:00:00,-0.1266,LOSS ❌ (0.13%),0,0.24255647,LOW (<50%)
2023-12-27 13:30:00,SELL (BEARISH),2,1.10664,1.10731,2023-12-27 14:00:00,-0.0605,LOSS ❌ (0.06%),0,0.15759769,LOW (<50%)
2023-12-27 15:00:00,SELL (BEARISH),2,1.10994,1.10772012,2023-12-28 13:45:00,0.2,WIN ✅ (+0.20%),1,0.782426,HIGH (>70%)
2023-12-27 15:30:00,SELL (BEARISH),2,1.11071,1.1084885800000002,2023-12-28 13:45:00,0.2,WIN ✅ (+0.20%),1,0.80314493,HIGH (>70%)
2023-12-27 15:45:00,SELL (BEARISH),3,1.11069,1.10846862,2023-12-28 13:45:00,0.2,WIN ✅ (+0.20%),1,0.7315322,HIGH (>70%)
2023-12-27 16:15:00,SELL (BEARISH),3,1.11154,1.10931692,2023-12-28 13:45:00,0.2,WIN ✅ (+0.20%),1,0.840489,HIGH (>70%)
2023-12-28 00:45:00,SELL (BEARISH),2,1.11144,1.10921712,2023-12-28 13:45:00,0.2,WIN ✅ (+0.20%),1,0.8059869,HIGH (>70%)
2023-12-28 07:30:00,SELL (BEARISH),2,1.11187,1.10964626,2023-12-28 13:45:00,0.2,WIN ✅ (+0.20%),1,0.6803923,MEDIUM (50-70%)
2023-12-28 14:00:00,BUY (BULLISH),2,1.10884,1.11105768,2023-12-28 15:15:00,0.2,WIN ✅ (+0.20%),1,0.8649842,HIGH (>70%)
2023-12-28 17:15:00,BUY (BULLISH),2,1.10716,1.10527,2023-12-29 14:00:00,-0.1707,LOSS ❌ (-0.17%),0,0.20663746,LOW (<50%)
2023-12-28 18:15:00,BUY (BULLISH),3,1.10569,1.1079013800000002,2023-12-29 01:00:00,0.2,WIN ✅ (+0.20%),1,0.8206236,HIGH (>70%)
2023-12-29 01:15:00,SELL (BEARISH),2,1.10795,1.1057341,2023-12-29 09:00:00,0.2,WIN ✅ (+0.20%),1,0.7700569,HIGH (>70%)
2023-12-29 05:15:00,BUY (BULLISH),2,1.10628,1.10527,2023-12-29 14:00:00,-0.0913,LOSS ❌ (-0.09%),0,0.12949982,LOW (<50%)
2023-12-29 05:30:00,BUY (BULLISH),2,1.10637,1.10527,2023-12-29 14:00:00,-0.0994,LOSS ❌ (-0.10%),0,0.29090515,LOW (<50%)
2023-12-29 08:15:00,SELL (BEARISH),2,1.10755,1.1053349,2023-12-29 09:15:00,0.2,WIN ✅ (+0.20%),1,0.58658856,MEDIUM (50-70%)
2023-12-29 08:45:00,BUY (BULLISH),2,1.10602,1.10527,2023-12-29 14:00:00,-0.0678,LOSS ❌ (-0.07%),0,0.20253094,LOW (<50%)
2023-12-29 09:30:00,BUY (BULLISH),2,1.10517,1.10738034,2023-12-29 11:30:00,0.2,WIN ✅ (+0.20%),1,0.71650356,HIGH (>70%)
2023-12-29 12:00:00,SELL (BEARISH),2,1.10753,1.10531494,2023-12-29 12:45:00,0.2,WIN ✅ (+0.20%),1,0.41971043,LOW (<50%)
2023-12-29 15:45:00,BUY (BULLISH),2,1.10469,1.10368,2023-12-29 21:45:00,-0.0914,LOSS ❌ (-0.09%),0,0.17723046,LOW (<50%)
2023-12-29 21:15:00,BUY (BULLISH),2,1.10361,1.10368,2023-12-29 21:45:00,0.0063,LOSS ❌ (0.01%),0,0.2593901,LOW (<50%)
2024-01-02 13:00:00,BUY (BULLISH),2,1.09575,1.09458,2024-01-02 14:00:00,-0.1068,LOSS ❌ (-0.11%),0,0.119925015,LOW (<50%)
2024-01-02 13:15:00,BUY (BULLISH),3,1.09576,1.09458,2024-01-02 14:00:00,-0.1077,LOSS ❌ (-0.11%),0,0.100990064,LOW (<50%)
2024-01-02 13:45:00,BUY (BULLISH),2,1.09524,1.09458,2024-01-02 14:00:00,-0.0603,LOSS ❌ (-0.06%),0,0.14038868,LOW (<50%)
2024-01-02 14:15:00,BUY (BULLISH),2,1.09516,1.09144,2024-01-03 14:00:00,-0.3397,LOSS ❌ (-0.34%),0,0.118694805,LOW (<50%)
2024-01-02 16:00:00,BUY (BULLISH),2,1.09571,1.09144,2024-01-03 14:00:00,-0.3897,LOSS ❌ (-0.39%),0,0.08531218,LOW (<50%)
2024-01-03 04:00:00,SELL (BEARISH),2,1.09603,1.09383794,2024-01-03 09:15:00,0.2,WIN ✅ (+0.20%),1,0.61494935,MEDIUM (50-70%)
2024-01-03 11:15:00,BUY (BULLISH),2,1.09224,1.09144,2024-01-03 14:00:00,-0.0732,LOSS ❌ (-0.07%),0,0.101413,LOW (<50%)
2024-01-03 14:30:00,BUY (BULLISH),2,1.09173,1.09391346,2024-01-04 07:30:00,0.2,WIN ✅ (+0.20%),1,0.38202333,LOW (<50%)
2024-01-04 03:30:00,SELL (BEARISH),2,1.09257,1.09417,2024-01-04 14:00:00,-0.1464,LOSS ❌ (0.15%),0,0.16742437,LOW (<50%)
2024-01-04 08:15:00,SELL (BEARISH),2,1.09421,1.09417,2024-01-04 14:00:00,0.0037,LOSS ❌ (-0.00%),0,0.20446299,LOW (<50%)
2024-01-04 09:00:00,SELL (BEARISH),2,1.09502,1.09417,2024-01-04 14:00:00,0.0776,LOSS ❌ (-0.08%),0,0.26205528,LOW (<50%)
2024-01-04 09:15:00,SELL (BEARISH),2,1.09565,1.0934587,2024-01-04 13:30:00,0.2,WIN ✅ (+0.20%),1,0.6587274,MEDIUM (50-70%)
2024-01-04 10:00:00,SELL (BEARISH),2,1.0962,1.0940076,2024-01-04 13:30:00,0.2,WIN ✅ (+0.20%),1,0.733157,HIGH (>70%)
2024-01-04 15:30:00,SELL (BEARISH),2,1.09621,1.0940175799999998,2024-01-05 03:30:00,0.2,WIN ✅ (+0.20%),1,0.800297,HIGH (>70%)
2024-01-04 15:45:00,SELL (BEARISH),2,1.09547,1.09327906,2024-01-05 06:00:00,0.2,WIN ✅ (+0.20%),1,0.59642476,MEDIUM (50-70%)
2024-01-05 00:15:00,SELL (BEARISH),2,1.0949,1.0927102,2024-01-05 06:30:00,0.2,WIN ✅ (+0.20%),1,0.7843622,HIGH (>70%)
2024-01-05 00:45:00,SELL (BEARISH),2,1.09504,1.09284992,2024-01-05 06:15:00,0.2,WIN ✅ (+0.20%),1,0.8499513,HIGH (>70%)
2024-01-05 03:30:00,BUY (BULLISH),2,1.09404,1.09255,2024-01-05 14:00:00,-0.1362,LOSS ❌ (-0.14%),0,0.08995557,LOW (<50%)
2024-01-05 08:00:00,BUY (BULLISH),2,1.09225,1.09255,2024-01-05 14:00:00,0.0275,LOSS ❌ (0.03%),0,0.24440329,LOW (<50%)
2024-01-05 13:30:00,BUY (BULLISH),2,1.0917,1.09255,2024-01-05 14:00:00,0.0779,LOSS ❌ (0.08%),0,0.20919383,LOW (<50%)
2024-01-05 14:00:00,SELL (BEARISH),2,1.09255,1.0941,2024-01-05 21:45:00,-0.1419,LOSS ❌ (0.14%),0,0.28536955,LOW (<50%)
2024-01-05 14:30:00,SELL (BEARISH),2,1.09401,1.0941,2024-01-05 21:45:00,-0.0082,LOSS ❌ (0.01%),0,0.26443878,LOW (<50%)
2024-01-05 14:45:00,SELL (BEARISH),2,1.09491,1.0941,2024-01-05 21:45:00,0.074,LOSS ❌ (-0.07%),0,0.19466308,LOW (<50%)
2024-01-08 00:45:00,SELL (BEARISH),2,1.09483,1.09264034,2024-01-08 09:15:00,0.2,WIN ✅ (+0.20%),1,0.8429877,HIGH (>70%)
2024-01-08 01:00:00,SELL (BEARISH),2,1.09487,1.09268026,2024-01-08 09:15:00,0.2,WIN ✅ (+0.20%),1,0.7789546,HIGH (>70%)
2024-01-08 03:45:00,BUY (BULLISH),2,1.09327,1.09545654,2024-01-08 13:30:00,0.2,WIN ✅ (+0.20%),1,0.7977662,HIGH (>70%)
2024-01-08 04:00:00,BUY (BULLISH),2,1.09317,1.09535634,2024-01-08 13:30:00,0.2,WIN ✅ (+0.20%),1,0.8082565,HIGH (>70%)
2024-01-08 08:15:00,BUY (BULLISH),2,1.09321,1.09539642,2024-01-08 13:30:00,0.2,WIN ✅ (+0.20%),1,0.49570572,LOW (<50%)
2024-01-08 14:15:00,SELL (BEARISH),2,1.09552,1.09332896,2024-01-09 10:45:00,0.2,WIN ✅ (+0.20%),1,0.47715032,LOW (<50%)
2024-01-08 15:30:00,SELL (BEARISH),2,1.09682,1.09462636,2024-01-09 07:00:00,0.2,WIN ✅ (+0.20%),1,0.7833608,HIGH (>70%)
2024-01-09 02:00:00,SELL (BEARISH),2,1.0961,1.0939078,2024-01-09 08:15:00,0.2,WIN ✅ (+0.20%),1,0.88376564,HIGH (>70%)
2024-01-09 02:15:00,SELL (BEARISH),2,1.09613,1.09393774,2024-01-09 08:15:00,0.2,WIN ✅ (+0.20%),1,0.9113323,HIGH (>70%)
2024-01-09 02:45:00,SELL (BEARISH),2,1.09625,1.0940575,2024-01-09 08:15:00,0.2,WIN ✅ (+0.20%),1,0.6996591,MEDIUM (50-70%)
2024-01-09 03:15:00,SELL (BEARISH),2,1.09629,1.09409742,2024-01-09 08:15:00,0.2,WIN ✅ (+0.20%),1,0.7752225,HIGH (>70%)
2024-01-09 14:30:00,SELL (BEARISH),3,1.09427,1.0920814600000002,2024-01-09 15:45:00,0.2,WIN ✅ (+0.20%),1,0.69083434,MEDIUM (50-70%)
2024-01-10 09:15:00,SELL (BEARISH),2,1.09474,1.09393,2024-01-10 14:00:00,0.074,LOSS ❌ (-0.07%),0,0.16364099,LOW (<50%)
2024-01-10 09:30:00,SELL (BEARISH),2,1.09476,1.09393,2024-01-10 14:00:00,0.0758,LOSS ❌ (-0.08%),0,0.31975937,LOW (<50%)
2024-01-10 19:00:00,SELL (BEARISH),2,1.09685,1.0946563,2024-01-11 13:30:00,0.2,WIN ✅ (+0.20%),1,0.73499066,HIGH (>70%)
2024-01-10 21:45:00,SELL (BEARISH),2,1.09722,1.09502556,2024-01-11 13:30:00,0.2,WIN ✅ (+0.20%),1,0.8998204,HIGH (>70%)
2024-01-10 23:00:00,SELL (BEARISH),2,1.09724,1.09504552,2024-01-11 13:30:00,0.2,WIN ✅ (+0.20%),1,0.9581732,HIGH (>70%)
2024-01-10 23:15:00,SELL (BEARISH),2,1.09724,1.09504552,2024-01-11 13:30:00,0.2,WIN ✅ (+0.20%),1,0.9467972,HIGH (>70%)
2024-01-10 23:30:00,SELL (BEARISH),2,1.09729,1.09509542,2024-01-11 13:30:00,0.2,WIN ✅ (+0.20%),1,0.9594244,HIGH (>70%)
2024-01-11 00:00:00,SELL (BEARISH),2,1.09732,1.0951253600000002,2024-01-11 13:30:00,0.2,WIN ✅ (+0.20%),1,0.91048855,HIGH (>70%)
2024-01-11 01:00:00,SELL (BEARISH),2,1.09775,1.0955545,2024-01-11 13:30:00,0.2,WIN ✅ (+0.20%),1,0.94413817,HIGH (>70%)
2024-01-11 02:15:00,SELL (BEARISH),2,1.09798,1.0957840399999998,2024-01-11 13:30:00,0.2,WIN ✅ (+0.20%),1,0.8139261,HIGH (>70%)
2024-01-11 06:00:00,BUY (BULLISH),2,1.09788,1.09476,2024-01-11 14:00:00,-0.2842,LOSS ❌ (-0.28%),0,0.44056523,LOW (<50%)
2024-01-11 09:15:00,BUY (BULLISH),2,1.09672,1.09891344,2024-01-11 12:45:00,0.2,WIN ✅ (+0.20%),1,0.57404894,MEDIUM (50-70%)
2024-01-11 10:00:00,BUY (BULLISH),2,1.0963,1.0984926000000002,2024-01-11 12:45:00,0.2,WIN ✅ (+0.20%),1,0.59695125,MEDIUM (50-70%)
2024-01-11 12:45:00,SELL (BEARISH),2,1.09835,1.0961533,2024-01-11 13:30:00,0.2,WIN ✅ (+0.20%),1,0.5975709,MEDIUM (50-70%)
2024-01-11 13:30:00,SELL (BEARISH),2,1.09523,1.09476,2024-01-11 14:00:00,0.0429,LOSS ❌ (-0.04%),0,0.098824725,LOW (<50%)
2024-01-11 14:00:00,BUY (BULLISH),2,1.09476,1.09694952,2024-01-11 14:30:00,0.2,WIN ✅ (+0.20%),1,0.5624111,MEDIUM (50-70%)
2024-01-11 19:30:00,SELL (BEARISH),3,1.09786,1.09566428,2024-01-11 20:15:00,0.2,WIN ✅ (+0.20%),1,0.78457606,HIGH (>70%)
2024-01-12 11:45:00,BUY (BULLISH),2,1.09493,1.09564,2024-01-12 14:00:00,0.0648,LOSS ❌ (0.06%),0,0.24431379,LOW (<50%)
2024-01-12 12:15:00,BUY (BULLISH),2,1.09467,1.09685934,2024-01-12 13:30:00,0.2,WIN ✅ (+0.20%),1,0.71867645,HIGH (>70%)
2024-01-12 14:45:00,SELL (BEARISH),2,1.09752,1.09532496,2024-01-12 17:00:00,0.2,WIN ✅ (+0.20%),1,0.86979973,HIGH (>70%)
2024-01-12 15:00:00,SELL (BEARISH),2,1.09834,1.09614332,2024-01-12 16:30:00,0.2,WIN ✅ (+0.20%),1,0.82811517,HIGH (>70%)
2024-01-15 01:45:00,SELL (BEARISH),2,1.09544,1.09394,2024-01-15 14:00:00,0.1369,LOSS ❌ (-0.14%),0,0.33267912,LOW (<50%)
2024-01-15 03:15:00,SELL (BEARISH),2,1.09651,1.09431698,2024-01-15 09:45:00,0.2,WIN ✅ (+0.20%),1,0.77833366,HIGH (>70%)
2024-01-15 19:00:00,SELL (BEARISH),2,1.09518,1.09298964,2024-01-16 00:45:00,0.2,WIN ✅ (+0.20%),1,0.53713197,MEDIUM (50-70%)
2024-01-16 01:00:00,BUY (BULLISH),2,1.09191,1.08813,2024-01-16 14:00:00,-0.3462,LOSS ❌ (-0.35%),0,0.07426084,LOW (<50%)
2024-01-16 04:45:00,BUY (BULLISH),2,1.0917,1.08813,2024-01-16 14:00:00,-0.327,LOSS ❌ (-0.33%),0,0.11252114,LOW (<50%)
2024-01-16 07:15:00,BUY (BULLISH),2,1.0912,1.08813,2024-01-16 14:00:00,-0.2813,LOSS ❌ (-0.28%),0,0.14612296,LOW (<50%)
2024-01-16 09:15:00,BUY (BULLISH),2,1.08954,1.08813,2024-01-16 14:00:00,-0.1294,LOSS ❌ (-0.13%),0,0.20118064,LOW (<50%)
2024-01-16 09:45:00,BUY (BULLISH),3,1.08859,1.08813,2024-01-16 14:00:00,-0.0423,LOSS ❌ (-0.04%),0,0.20837907,LOW (<50%)
2024-01-16 10:00:00,BUY (BULLISH),3,1.08869,1.08813,2024-01-16 14:00:00,-0.0514,LOSS ❌ (-0.05%),0,0.1350454,LOW (<50%)
2024-01-16 10:30:00,BUY (BULLISH),2,1.08828,1.08813,2024-01-16 14:00:00,-0.0138,LOSS ❌ (-0.01%),0,0.13841861,LOW (<50%)
2024-01-16 10:45:00,BUY (BULLISH),2,1.08808,1.08813,2024-01-16 14:00:00,0.0046,LOSS ❌ (0.00%),0,0.13870244,LOW (<50%)
2024-01-16 13:45:00,BUY (BULLISH),2,1.08737,1.08813,2024-01-16 14:00:00,0.0699,LOSS ❌ (0.07%),0,0.12511696,LOW (<50%)
2024-01-16 14:00:00,BUY (BULLISH),2,1.08813,1.08666,2024-01-17 14:00:00,-0.1351,LOSS ❌ (-0.14%),0,0.2647059,LOW (<50%)
2024-01-16 14:45:00,BUY (BULLISH),2,1.08721,1.08938442,2024-01-16 16:15:00,0.2,WIN ✅ (+0.20%),1,0.66277367,MEDIUM (50-70%)
2024-01-16 15:00:00,BUY (BULLISH),2,1.08742,1.08666,2024-01-17 14:00:00,-0.0699,LOSS ❌ (-0.07%),0,0.41037947,LOW (<50%)
2024-01-16 16:00:00,BUY (BULLISH),2,1.08806,1.08666,2024-01-17 14:00:00,-0.1287,LOSS ❌ (-0.13%),0,0.1346737,LOW (<50%)
2024-01-17 03:45:00,BUY (BULLISH),2,1.08659,1.08666,2024-01-17 14:00:00,0.0064,LOSS ❌ (0.01%),0,0.1334399,LOW (<50%)
2024-01-17 08:15:00,SELL (BEARISH),2,1.0879,1.0857242,2024-01-17 13:30:00,0.2,WIN ✅ (+0.20%),1,0.5680084,MEDIUM (50-70%)
2024-01-17 15:00:00,BUY (BULLISH),2,1.08645,1.0886228999999998,2024-01-18 00:45:00,0.2,WIN ✅ (+0.20%),1,0.64663166,MEDIUM (50-70%)
2024-01-17 15:45:00,BUY (BULLISH),2,1.08486,1.08702972,2024-01-17 19:00:00,0.2,WIN ✅ (+0.20%),1,0.6328389,MEDIUM (50-70%)
2024-01-17 19:00:00,SELL (BEARISH),2,1.087,1.08649,2024-01-18 14:00:00,0.0469,LOSS ❌ (-0.05%),0,0.28140312,LOW (<50%)
2024-01-17 19:15:00,SELL (BEARISH),2,1.0871,1.08649,2024-01-18 14:00:00,0.0561,LOSS ❌ (-0.06%),0,0.35873836,LOW (<50%)
2024-01-17 21:45:00,SELL (BEARISH),2,1.08818,1.08600364,2024-01-18 13:30:00,0.2,WIN ✅ (+0.20%),1,0.9272679,HIGH (>70%)
2024-01-17 22:00:00,SELL (BEARISH),2,1.08812,1.08594376,2024-01-18 13:30:00,0.2,WIN ✅ (+0.20%),1,0.8969696,HIGH (>70%)
2024-01-17 22:30:00,SELL (BEARISH),2,1.08794,1.08576412,2024-01-18 13:30:00,0.2,WIN ✅ (+0.20%),1,0.60347646,MEDIUM (50-70%)
2024-01-17 23:00:00,SELL (BEARISH),2,1.08818,1.08600364,2024-01-18 13:30:00,0.2,WIN ✅ (+0.20%),1,0.59606624,MEDIUM (50-70%)
2024-01-18 14:45:00,BUY (BULLISH),2,1.08592,1.08809184,2024-01-19 00:15:00,0.2,WIN ✅ (+0.20%),1,0.79965967,HIGH (>70%)
2024-01-18 15:45:00,BUY (BULLISH),2,1.08516,1.08733032,2024-01-18 21:15:00,0.2,WIN ✅ (+0.20%),1,0.7672436,HIGH (>70%)
2024-01-18 23:15:00,SELL (BEARISH),2,1.0877,1.08771,2024-01-19 14:00:00,-0.0009,LOSS ❌ (0.00%),0,0.22176188,LOW (<50%)
2024-01-19 02:30:00,SELL (BEARISH),2,1.08874,1.08771,2024-01-19 14:00:00,0.0946,LOSS ❌ (-0.09%),0,0.33376676,LOW (<50%)
2024-01-19 02:45:00,SELL (BEARISH),2,1.08877,1.08771,2024-01-19 14:00:00,0.0974,LOSS ❌ (-0.10%),0,0.25637665,LOW (<50%)
2024-01-19 21:00:00,SELL (BEARISH),2,1.08947,1.0897,2024-01-19 21:45:00,-0.0211,LOSS ❌ (0.02%),0,0.12621126,LOW (<50%)
2024-01-22 07:30:00,BUY (BULLISH),2,1.09022,1.0889,2024-01-22 14:00:00,-0.1211,LOSS ❌ (-0.12%),0,0.20558432,LOW (<50%)
2024-01-22 23:00:00,BUY (BULLISH),2,1.08811,1.09028622,2024-01-23 05:30:00,0.2,WIN ✅ (+0.20%),1,0.73539376,HIGH (>70%)
2024-01-23 00:00:00,BUY (BULLISH),2,1.08775,1.0899255,2024-01-23 05:15:00,0.2,WIN ✅ (+0.20%),1,0.6513914,MEDIUM (50-70%)
2024-01-23 02:00:00,SELL (BEARISH),2,1.08875,1.0865725000000002,2024-01-23 11:15:00,0.2,WIN ✅ (+0.20%),1,0.661583,MEDIUM (50-70%)
2024-01-23 03:45:00,SELL (BEARISH),2,1.08924,1.08706152,2024-01-23 10:45:00,0.2,WIN ✅ (+0.20%),1,0.84169716,HIGH (>70%)
2024-01-23 06:30:00,SELL (BEARISH),2,1.09068,1.08849864,2024-01-23 09:45:00,0.2,WIN ✅ (+0.20%),1,0.6026265,MEDIUM (50-70%)
2024-01-23 09:45:00,BUY (BULLISH),2,1.08871,1.087,2024-01-23 14:00:00,-0.1571,LOSS ❌ (-0.16%),0,0.14888732,LOW (<50%)
2024-01-23 15:00:00,BUY (BULLISH),2,1.08482,1.08698964,2024-01-24 07:30:00,0.2,WIN ✅ (+0.20%),1,0.6467655,MEDIUM (50-70%)
2024-01-23 23:30:00,SELL (BEARISH),2,1.08572,1.09233,2024-01-24 14:00:00,-0.6088,LOSS ❌ (0.61%),0,0.15024404,LOW (<50%)
2024-01-24 03:30:00,SELL (BEARISH),2,1.08601,1.09233,2024-01-24 14:00:00,-0.5819,LOSS ❌ (0.58%),0,0.2509829,LOW (<50%)
2024-01-24 14:30:00,SELL (BEARISH),2,1.09257,1.09038486,2024-01-24 14:45:00,0.2,WIN ✅ (+0.20%),1,0.7542582,HIGH (>70%)
2024-01-24 18:15:00,BUY (BULLISH),2,1.08947,1.08638,2024-01-25 14:00:00,-0.2836,LOSS ❌ (-0.28%),0,0.10994058,LOW (<50%)
2024-01-24 18:45:00,BUY (BULLISH),2,1.08922,1.08638,2024-01-25 14:00:00,-0.2607,LOSS ❌ (-0.26%),0,0.17579195,LOW (<50%)
2024-01-24 21:00:00,BUY (BULLISH),2,1.08789,1.09006578,2024-01-25 13:15:00,0.2,WIN ✅ (+0.20%),1,0.7148615,HIGH (>70%)
2024-01-25 06:45:00,SELL (BEARISH),2,1.08857,1.08639286,2024-01-25 14:00:00,0.2,WIN ✅ (+0.20%),1,0.87551403,HIGH (>70%)
2024-01-25 07:15:00,SELL (BEARISH),2,1.0889,1.0867222,2024-01-25 13:45:00,0.2,WIN ✅ (+0.20%),1,0.77199507,HIGH (>70%)
2024-01-25 08:00:00,SELL (BEARISH),2,1.08874,1.08656252,2024-01-25 14:00:00,0.2,WIN ✅ (+0.20%),1,0.6746878,MEDIUM (50-70%)
2024-01-25 13:30:00,BUY (BULLISH),3,1.08903,1.08638,2024-01-25 14:00:00,-0.2433,LOSS ❌ (-0.24%),0,0.15072474,LOW (<50%)
2024-01-25 13:45:00,BUY (BULLISH),2,1.08788,1.08638,2024-01-25 14:00:00,-0.1379,LOSS ❌ (-0.14%),0,0.12232836,LOW (<50%)
2024-01-25 14:30:00,BUY (BULLISH),2,1.08583,1.08800166,2024-01-26 13:30:00,0.2,WIN ✅ (+0.20%),1,0.85457295,HIGH (>70%)
2024-01-25 15:30:00,BUY (BULLISH),2,1.08377,1.08593754,2024-01-26 10:15:00,0.2,WIN ✅ (+0.20%),1,0.8217272,HIGH (>70%)
2024-01-25 16:00:00,BUY (BULLISH),2,1.08351,1.08567702,2024-01-26 10:00:00,0.2,WIN ✅ (+0.20%),1,0.9156845,HIGH (>70%)
2024-01-25 19:00:00,BUY (BULLISH),2,1.08273,1.08489546,2024-01-26 09:45:00,0.2,WIN ✅ (+0.20%),1,0.58767027,MEDIUM (50-70%)
2024-01-25 19:15:00,BUY (BULLISH),3,1.08275,1.0849155,2024-01-26 09:45:00,0.2,WIN ✅ (+0.20%),1,0.8062527,HIGH (>70%)
2024-01-26 07:30:00,BUY (BULLISH),2,1.08155,1.0837131,2024-01-26 08:45:00,0.2,WIN ✅ (+0.20%),1,0.67008215,MEDIUM (50-70%)
2024-01-26 09:45:00,SELL (BEARISH),2,1.08438,1.08704,2024-01-26 14:00:00,-0.2453,LOSS ❌ (0.25%),0,0.17244808,LOW (<50%)
2024-01-26 10:30:00,SELL (BEARISH),3,1.08605,1.08704,2024-01-26 14:00:00,-0.0912,LOSS ❌ (0.09%),0,0.16011554,LOW (<50%)
2024-01-26 13:15:00,SELL (BEARISH),2,1.08737,1.08704,2024-01-26 14:00:00,0.0303,LOSS ❌ (-0.03%),0,0.15998113,LOW (<50%)
2024-01-26 21:45:00,BUY (BULLISH),2,1.08531,1.0833,2024-01-29 21:45:00,-0.1852,LOSS ❌ (-0.19%),0,0.36660528,LOW (<50%)
2024-01-29 02:15:00,BUY (BULLISH),2,1.08425,1.08087,2024-01-29 14:00:00,-0.3117,LOSS ❌ (-0.31%),0,0.41550577,LOW (<50%)
2024-01-29 07:30:00,SELL (BEARISH),2,1.08466,1.08249068,2024-01-29 09:30:00,0.2,WIN ✅ (+0.20%),1,0.77243465,HIGH (>70%)
2024-01-29 08:00:00,BUY (BULLISH),2,1.08366,1.08087,2024-01-29 14:00:00,-0.2575,LOSS ❌ (-0.26%),0,0.11554097,LOW (<50%)
2024-01-29 08:15:00,BUY (BULLISH),2,1.08372,1.08087,2024-01-29 14:00:00,-0.263,LOSS ❌ (-0.26%),0,0.23443286,LOW (<50%)
2024-01-29 09:30:00,BUY (BULLISH),2,1.08277,1.08087,2024-01-29 14:00:00,-0.1755,LOSS ❌ (-0.18%),0,0.31067783,LOW (<50%)
2024-01-29 14:45:00,BUY (BULLISH),2,1.08067,1.08283134,2024-01-29 20:00:00,0.2,WIN ✅ (+0.20%),1,0.64774203,MEDIUM (50-70%)
2024-01-29 15:00:00,BUY (BULLISH),2,1.0807,1.0828614,2024-01-29 20:00:00,0.2,WIN ✅ (+0.20%),1,0.53766906,MEDIUM (50-70%)
2024-01-29 19:45:00,SELL (BEARISH),2,1.08185,1.08433,2024-01-30 14:00:00,-0.2292,LOSS ❌ (0.23%),0,0.23560345,LOW (<50%)
2024-01-30 02:15:00,BUY (BULLISH),2,1.08301,1.08433,2024-01-30 14:00:00,0.1219,LOSS ❌ (0.12%),0,0.3288725,LOW (<50%)
2024-01-30 05:00:00,BUY (BULLISH),2,1.0825,1.084665,2024-01-30 11:30:00,0.2,WIN ✅ (+0.20%),1,0.7558949,HIGH (>70%)
2024-01-30 14:30:00,SELL (BEARISH),3,1.08491,1.08274018,2024-01-31 02:00:00,0.2,WIN ✅ (+0.20%),1,0.49287567,LOW (<50%)
2024-01-30 14:45:00,SELL (BEARISH),2,1.08503,1.08285994,2024-01-30 15:15:00,0.2,WIN ✅ (+0.20%),1,0.6538072,MEDIUM (50-70%)
2024-01-31 07:45:00,BUY (BULLISH),2,1.08156,1.0837231200000002,2024-01-31 11:15:00,0.2,WIN ✅ (+0.20%),1,0.88603806,HIGH (>70%)
2024-01-31 12:00:00,SELL (BEARISH),2,1.08382,1.08686,2024-01-31 14:00:00,-0.2805,LOSS ❌ (0.28%),0,0.18776418,LOW (<50%)
2024-01-31 14:45:00,SELL (BEARISH),2,1.08796,1.08578408,2024-01-31 15:30:00,0.2,WIN ✅ (+0.20%),1,0.67992616,MEDIUM (50-70%)
2024-01-31 15:00:00,SELL (BEARISH),2,1.08744,1.08526512,2024-01-31 16:00:00,0.2,WIN ✅ (+0.20%),1,0.7620381,HIGH (>70%)
2024-01-31 20:30:00,BUY (BULLISH),2,1.08034,1.08250068,2024-02-01 13:30:00,0.2,WIN ✅ (+0.20%),1,0.8996247,HIGH (>70%)
2024-02-01 05:30:00,BUY (BULLISH),2,1.08041,1.0825708200000002,2024-02-01 13:45:00,0.2,WIN ✅ (+0.20%),1,0.7765412,HIGH (>70%)
2024-02-01 06:00:00,BUY (BULLISH),2,1.0803,1.0824606,2024-02-01 13:30:00,0.2,WIN ✅ (+0.20%),1,0.77221066,HIGH (>70%)
2024-02-01 07:30:00,BUY (BULLISH),2,1.07846,1.08061692,2024-02-01 11:15:00,0.2,WIN ✅ (+0.20%),1,0.77640945,HIGH (>70%)
2024-02-01 13:45:00,SELL (BEARISH),2,1.08133,1.08191,2024-02-01 14:00:00,-0.0536,LOSS ❌ (0.05%),0,0.15346435,LOW (<50%)
2024-02-01 14:45:00,SELL (BEARISH),2,1.08266,1.08049468,2024-02-01 15:00:00,0.2,WIN ✅ (+0.20%),1,0.48303467,LOW (<50%)
2024-02-01 15:30:00,SELL (BEARISH),2,1.08276,1.08059448,2024-02-02 13:45:00,0.2,WIN ✅ (+0.20%),1,0.5784005,MEDIUM (50-70%)
2024-02-01 17:45:00,SELL (BEARISH),2,1.08723,1.08505554,2024-02-02 13:30:00,0.2,WIN ✅ (+0.20%),1,0.71847993,HIGH (>70%)
2024-02-01 19:15:00,SELL (BEARISH),2,1.08729,1.0851154200000002,2024-02-02 13:30:00,0.2,WIN ✅ (+0.20%),1,0.7757025,HIGH (>70%)
2024-02-02 00:30:00,SELL (BEARISH),2,1.08789,1.08571422,2024-02-02 13:30:00,0.2,WIN ✅ (+0.20%),1,0.9670824,HIGH (>70%)
2024-02-02 15:00:00,BUY (BULLISH),2,1.07933,1.0785,2024-02-02 21:45:00,-0.0769,LOSS ❌ (-0.08%),0,0.06835674,LOW (<50%)
2024-02-02 15:30:00,BUY (BULLISH),2,1.07966,1.0785,2024-02-02 21:45:00,-0.1074,LOSS ❌ (-0.11%),0,0.083794735,LOW (<50%)
2024-02-02 16:45:00,BUY (BULLISH),3,1.07857,1.0785,2024-02-02 21:45:00,-0.0065,LOSS ❌ (-0.01%),0,0.04823997,LOW (<50%)
2024-02-02 17:45:00,BUY (BULLISH),3,1.07831,1.0785,2024-02-02 21:45:00,0.0176,LOSS ❌ (0.02%),0,0.1525965,LOW (<50%)
2024-02-02 18:00:00,BUY (BULLISH),2,1.0781,1.0785,2024-02-02 21:45:00,0.0371,LOSS ❌ (0.04%),0,0.10139759,LOW (<50%)
2024-02-02 18:15:00,BUY (BULLISH),2,1.07827,1.0785,2024-02-02 21:45:00,0.0213,LOSS ❌ (0.02%),0,0.09744765,LOW (<50%)
2024-02-05 07:15:00,BUY (BULLISH),2,1.07745,1.07441,2024-02-05 14:00:00,-0.2821,LOSS ❌ (-0.28%),0,0.529235,MEDIUM (50-70%)
2024-02-05 10:00:00,BUY (BULLISH),2,1.07526,1.07441,2024-02-05 14:00:00,-0.0791,LOSS ❌ (-0.08%),0,0.27856192,LOW (<50%)
2024-02-05 10:45:00,BUY (BULLISH),2,1.0749,1.07441,2024-02-05 14:00:00,-0.0456,LOSS ❌ (-0.05%),0,0.13128188,LOW (<50%)
2024-02-05 13:15:00,BUY (BULLISH),2,1.07454,1.07441,2024-02-05 14:00:00,-0.0121,LOSS ❌ (-0.01%),0,0.21806456,LOW (<50%)
2024-02-05 15:30:00,BUY (BULLISH),2,1.07251,1.07465502,2024-02-06 01:00:00,0.2,WIN ✅ (+0.20%),1,0.84200746,HIGH (>70%)
2024-02-05 18:45:00,SELL (BEARISH),2,1.07436,1.07348,2024-02-06 14:00:00,0.0819,LOSS ❌ (-0.08%),0,0.16128227,LOW (<50%)
2024-02-06 05:45:00,SELL (BEARISH),2,1.07531,1.07315938,2024-02-06 09:45:00,0.2,WIN ✅ (+0.20%),1,0.7516947,HIGH (>70%)
2024-02-06 15:15:00,SELL (BEARISH),2,1.07419,1.07724,2024-02-07 14:00:00,-0.2839,LOSS ❌ (0.28%),0,0.12847632,LOW (<50%)
2024-02-06 15:30:00,SELL (BEARISH),2,1.07448,1.07724,2024-02-07 14:00:00,-0.2569,LOSS ❌ (0.26%),0,0.2128546,LOW (<50%)
2024-02-06 17:15:00,SELL (BEARISH),2,1.07509,1.07724,2024-02-07 14:00:00,-0.2,LOSS ❌ (0.20%),0,0.31145555,LOW (<50%)
2024-02-06 17:45:00,SELL (BEARISH),2,1.07506,1.07724,2024-02-07 14:00:00,-0.2028,LOSS ❌ (0.20%),0,0.17094336,LOW (<50%)
2024-02-07 00:00:00,SELL (BEARISH),2,1.07567,1.07724,2024-02-07 14:00:00,-0.146,LOSS ❌ (0.15%),0,0.2383259,LOW (<50%)
2024-02-07 01:15:00,SELL (BEARISH),2,1.07616,1.07724,2024-02-07 14:00:00,-0.1004,LOSS ❌ (0.10%),0,0.17902346,LOW (<50%)
2024-02-07 07:30:00,SELL (BEARISH),2,1.07696,1.07724,2024-02-07 14:00:00,-0.026,LOSS ❌ (0.03%),0,0.31861207,LOW (<50%)
2024-02-08 01:30:00,SELL (BEARISH),2,1.07772,1.07556456,2024-02-08 12:30:00,0.2,WIN ✅ (+0.20%),1,0.72195745,HIGH (>70%)
2024-02-08 02:45:00,SELL (BEARISH),2,1.07824,1.07608352,2024-02-08 11:45:00,0.2,WIN ✅ (+0.20%),1,0.7711945,HIGH (>70%)
2024-02-08 13:45:00,BUY (BULLISH),2,1.07437,1.07482,2024-02-08 14:00:00,0.0419,LOSS ❌ (0.04%),0,0.06710085,LOW (<50%)
2024-02-09 07:45:00,SELL (BEARISH),2,1.07799,1.07939,2024-02-09 14:00:00,-0.1299,LOSS ❌ (0.13%),0,0.22325097,LOW (<50%)
2024-02-12 00:00:00,SELL (BEARISH),2,1.07968,1.07752064,2024-02-12 08:45:00,0.2,WIN ✅ (+0.20%),1,0.7645747,HIGH (>70%)
2024-02-12 00:15:00,SELL (BEARISH),2,1.07977,1.0776104599999998,2024-02-12 08:45:00,0.2,WIN ✅ (+0.20%),1,0.7537389,HIGH (>70%)
2024-02-12 08:30:00,BUY (BULLISH),2,1.07805,1.0767,2024-02-12 14:00:00,-0.1252,LOSS ❌ (-0.13%),0,0.23085104,LOW (<50%)
2024-02-12 09:00:00,BUY (BULLISH),2,1.07755,1.0767,2024-02-12 14:00:00,-0.0789,LOSS ❌ (-0.08%),0,0.12875453,LOW (<50%)
2024-02-12 16:30:00,SELL (BEARISH),2,1.07749,1.07533502,2024-02-13 13:30:00,0.2,WIN ✅ (+0.20%),1,0.7580745,HIGH (>70%)
2024-02-12 17:30:00,SELL (BEARISH),2,1.07778,1.07562444,2024-02-13 13:30:00,0.2,WIN ✅ (+0.20%),1,0.63324213,MEDIUM (50-70%)
2024-02-13 03:30:00,BUY (BULLISH),2,1.07617,1.0783223400000002,2024-02-13 12:30:00,0.2,WIN ✅ (+0.20%),1,0.54141253,MEDIUM (50-70%)
2024-02-13 06:45:00,SELL (BEARISH),2,1.07701,1.07485598,2024-02-13 13:30:00,0.2,WIN ✅ (+0.20%),1,0.76898503,HIGH (>70%)
2024-02-13 12:15:00,SELL (BEARISH),2,1.0781,1.0759438,2024-02-13 13:30:00,0.2,WIN ✅ (+0.20%),1,0.61737627,MEDIUM (50-70%)
2024-02-13 13:30:00,SELL (BEARISH),2,1.07171,1.07077,2024-02-13 14:00:00,0.0877,LOSS ❌ (-0.09%),0,0.11389884,LOW (<50%)
2024-02-13 14:00:00,BUY (BULLISH),3,1.07077,1.07099,2024-02-14 14:00:00,0.0205,LOSS ❌ (0.02%),0,0.038342346,LOW (<50%)
2024-02-14 00:30:00,SELL (BEARISH),2,1.07109,1.07099,2024-02-14 14:00:00,0.0093,LOSS ❌ (-0.01%),0,0.26498324,LOW (<50%)
2024-02-14 05:30:00,SELL (BEARISH),2,1.07139,1.07099,2024-02-14 14:00:00,0.0373,LOSS ❌ (-0.04%),0,0.24530302,LOW (<50%)
2024-02-14 06:15:00,SELL (BEARISH),2,1.07151,1.07099,2024-02-14 14:00:00,0.0485,LOSS ❌ (-0.05%),0,0.17341267,LOW (<50%)
2024-02-14 16:00:00,SELL (BEARISH),2,1.07243,1.07631,2024-02-15 14:00:00,-0.3618,LOSS ❌ (0.36%),0,0.16981824,LOW (<50%)
2024-02-14 22:00:00,BUY (BULLISH),2,1.07266,1.0748053199999998,2024-02-15 12:45:00,0.2,WIN ✅ (+0.20%),1,0.83924854,HIGH (>70%)
2024-02-15 04:30:00,BUY (BULLISH),2,1.07245,1.0745949,2024-02-15 12:30:00,0.2,WIN ✅ (+0.20%),1,0.5522055,MEDIUM (50-70%)
2024-02-15 12:45:00,SELL (BEARISH),2,1.07445,1.07631,2024-02-15 14:00:00,-0.1731,LOSS ❌ (0.17%),0,0.22858204,LOW (<50%)
2024-02-15 13:15:00,SELL (BEARISH),2,1.07454,1.07631,2024-02-15 14:00:00,-0.1647,LOSS ❌ (0.16%),0,0.17023723,LOW (<50%)
2024-02-15 15:00:00,SELL (BEARISH),2,1.07817,1.07601366,2024-02-15 15:45:00,0.2,WIN ✅ (+0.20%),1,0.84566945,HIGH (>70%)
2024-02-15 15:15:00,SELL (BEARISH),2,1.0776,1.0754448,2024-02-16 13:30:00,0.2,WIN ✅ (+0.20%),1,0.7656974,HIGH (>70%)
2024-02-16 01:00:00,BUY (BULLISH),2,1.07635,1.07431,2024-02-16 14:00:00,-0.1895,LOSS ❌ (-0.19%),0,0.34410945,LOW (<50%)
2024-02-16 03:30:00,BUY (BULLISH),2,1.07602,1.07431,2024-02-16 14:00:00,-0.1589,LOSS ❌ (-0.16%),0,0.26885545,LOW (<50%)
2024-02-16 03:45:00,BUY (BULLISH),2,1.07596,1.07431,2024-02-16 14:00:00,-0.1534,LOSS ❌ (-0.15%),0,0.16480282,LOW (<50%)
2024-02-16 04:15:00,BUY (BULLISH),2,1.07584,1.07431,2024-02-16 14:00:00,-0.1422,LOSS ❌ (-0.14%),0,0.28500506,LOW (<50%)
2024-02-16 11:15:00,SELL (BEARISH),2,1.07729,1.07513542,2024-02-16 13:30:00,0.2,WIN ✅ (+0.20%),1,0.72504467,HIGH (>70%)
2024-02-16 11:45:00,SELL (BEARISH),2,1.07771,1.07555458,2024-02-16 13:30:00,0.2,WIN ✅ (+0.20%),1,0.6249211,MEDIUM (50-70%)
2024-02-16 19:00:00,SELL (BEARISH),2,1.07852,1.07763,2024-02-16 21:45:00,0.0825,LOSS ❌ (-0.08%),0,0.1474793,LOW (<50%)
2024-02-19 00:15:00,SELL (BEARISH),2,1.07871,1.07655258,2024-02-19 14:00:00,0.2,WIN ✅ (+0.20%),1,0.79860884,HIGH (>70%)
2024-02-19 09:30:00,BUY (BULLISH),2,1.07751,1.07682,2024-02-19 14:00:00,-0.064,LOSS ❌ (-0.06%),0,0.17986889,LOW (<50%)
2024-02-19 10:00:00,BUY (BULLISH),2,1.07739,1.07682,2024-02-19 14:00:00,-0.0529,LOSS ❌ (-0.05%),0,0.22122921,LOW (<50%)
2024-02-19 14:45:00,BUY (BULLISH),2,1.07659,1.07874318,2024-02-20 09:15:00,0.2,WIN ✅ (+0.20%),1,0.6777604,MEDIUM (50-70%)
2024-02-20 00:45:00,BUY (BULLISH),2,1.07693,1.07908386,2024-02-20 09:15:00,0.2,WIN ✅ (+0.20%),1,0.7267677,HIGH (>70%)
2024-02-20 08:15:00,SELL (BEARISH),2,1.07734,1.08225,2024-02-20 14:00:00,-0.4558,LOSS ❌ (0.46%),0,0.564615,MEDIUM (50-70%)
2024-02-20 18:30:00,BUY (BULLISH),2,1.08098,1.08129,2024-02-21 14:00:00,0.0287,LOSS ❌ (0.03%),0,0.1080231,LOW (<50%)
2024-02-21 01:15:00,BUY (BULLISH),2,1.08073,1.08129,2024-02-21 14:00:00,0.0518,LOSS ❌ (0.05%),0,0.4099794,LOW (<50%)
2024-02-21 01:45:00,SELL (BEARISH),2,1.08115,1.0789877,2024-02-21 09:00:00,0.2,WIN ✅ (+0.20%),1,0.6515473,MEDIUM (50-70%)
2024-02-21 03:15:00,SELL (BEARISH),2,1.08152,1.07935696,2024-02-21 09:00:00,0.2,WIN ✅ (+0.20%),1,0.53693944,MEDIUM (50-70%)
2024-02-21 13:45:00,SELL (BEARISH),2,1.08098,1.08129,2024-02-21 14:00:00,-0.0287,LOSS ❌ (0.03%),0,0.3429394,LOW (<50%)
2024-02-21 18:00:00,BUY (BULLISH),2,1.08067,1.08283134,2024-02-22 00:30:00,0.2,WIN ✅ (+0.20%),1,0.6963279,MEDIUM (50-70%)
2024-02-22 00:45:00,SELL (BEARISH),2,1.08298,1.08155,2024-02-22 14:00:00,0.132,LOSS ❌ (-0.13%),0,0.13166429,LOW (<50%)
2024-02-22 06:30:00,SELL (BEARISH),2,1.08373,1.0815625400000002,2024-02-22 14:00:00,0.2,WIN ✅ (+0.20%),1,0.7559703,HIGH (>70%)
2024-02-22 12:45:00,BUY (BULLISH),2,1.08435,1.08155,2024-02-22 14:00:00,-0.2582,LOSS ❌ (-0.26%),0,0.13022345,LOW (<50%)
2024-02-22 14:15:00,BUY (BULLISH),2,1.08126,1.08342252,2024-02-23 12:15:00,0.2,WIN ✅ (+0.20%),1,0.8165333,HIGH (>70%)
2024-02-23 00:15:00,SELL (BEARISH),2,1.08271,1.08271,2024-02-23 14:00:00,0.0,LOSS ❌ (-0.00%),0,0.14389259,LOW (<50%)
2024-02-23 07:15:00,SELL (BEARISH),2,1.08283,1.08271,2024-02-23 14:00:00,0.0111,LOSS ❌ (-0.01%),0,0.15234703,LOW (<50%)
2024-02-23 09:15:00,BUY (BULLISH),2,1.08208,1.08271,2024-02-23 14:00:00,0.0582,LOSS ❌ (0.06%),0,0.19085139,LOW (<50%)
2024-02-26 00:15:00,BUY (BULLISH),2,1.08187,1.0840337400000002,2024-02-26 10:00:00,0.2,WIN ✅ (+0.20%),1,0.6573727,MEDIUM (50-70%)
2024-02-26 06:30:00,SELL (BEARISH),2,1.08239,1.0845,2024-02-26 14:00:00,-0.1949,LOSS ❌ (0.19%),0,0.06564283,LOW (<50%)
2024-02-26 10:30:00,SELL (BEARISH),2,1.08463,1.0845,2024-02-26 14:00:00,0.012,LOSS ❌ (-0.01%),0,0.23527129,LOW (<50%)
2024-02-26 11:30:00,SELL (BEARISH),2,1.08525,1.0845,2024-02-26 14:00:00,0.0691,LOSS ❌ (-0.07%),0,0.10317136,LOW (<50%)
2024-02-26 12:00:00,SELL (BEARISH),2,1.08508,1.0845,2024-02-26 14:00:00,0.0535,LOSS ❌ (-0.05%),0,0.17832232,LOW (<50%)
2024-02-27 04:30:00,SELL (BEARISH),2,1.08539,1.08418,2024-02-27 14:00:00,0.1115,LOSS ❌ (-0.11%),0,0.26843402,LOW (<50%)
2024-02-27 14:45:00,BUY (BULLISH),2,1.08397,1.08216,2024-02-28 14:00:00,-0.167,LOSS ❌ (-0.17%),0,0.19445422,LOW (<50%)
2024-02-28 00:00:00,BUY (BULLISH),2,1.08416,1.08216,2024-02-28 14:00:00,-0.1845,LOSS ❌ (-0.18%),0,0.15386443,LOW (<50%)
2024-02-28 01:30:00,BUY (BULLISH),2,1.0841,1.08216,2024-02-28 14:00:00,-0.179,LOSS ❌ (-0.18%),0,0.2847164,LOW (<50%)
2024-02-28 02:00:00,BUY (BULLISH),2,1.08386,1.08216,2024-02-28 14:00:00,-0.1568,LOSS ❌ (-0.16%),0,0.1713741,LOW (<50%)
2024-02-28 02:45:00,BUY (BULLISH),2,1.08371,1.08216,2024-02-28 14:00:00,-0.143,LOSS ❌ (-0.14%),0,0.2457851,LOW (<50%)
2024-02-28 05:00:00,BUY (BULLISH),2,1.0832,1.08216,2024-02-28 14:00:00,-0.096,LOSS ❌ (-0.10%),0,0.15581529,LOW (<50%)
2024-02-28 05:45:00,BUY (BULLISH),2,1.08264,1.08216,2024-02-28 14:00:00,-0.0443,LOSS ❌ (-0.04%),0,0.2047108,LOW (<50%)
2024-02-28 06:30:00,BUY (BULLISH),2,1.08258,1.08216,2024-02-28 14:00:00,-0.0388,LOSS ❌ (-0.04%),0,0.2093888,LOW (<50%)
2024-02-28 08:30:00,BUY (BULLISH),2,1.08148,1.08216,2024-02-28 14:00:00,0.0629,LOSS ❌ (0.06%),0,0.25081164,LOW (<50%)
2024-02-29 15:45:00,BUY (BULLISH),2,1.08221,1.08145,2024-03-01 14:00:00,-0.0702,LOSS ❌ (-0.07%),0,0.09542696,LOW (<50%)
2024-03-01 06:45:00,BUY (BULLISH),2,1.08088,1.08145,2024-03-01 14:00:00,0.0527,LOSS ❌ (0.05%),0,0.12378892,LOW (<50%)
2024-03-01 15:30:00,SELL (BEARISH),2,1.08356,1.08385,2024-03-01 21:45:00,-0.0268,LOSS ❌ (0.03%),0,0.17602599,LOW (<50%)
2024-03-03 23:15:00,SELL (BEARISH),2,1.08424,1.08455,2024-03-04 14:00:00,-0.0286,LOSS ❌ (0.03%),0,0.27897933,LOW (<50%)
2024-03-03 23:30:00,SELL (BEARISH),2,1.08421,1.08455,2024-03-04 14:00:00,-0.0314,LOSS ❌ (0.03%),0,0.07945708,LOW (<50%)
2024-03-04 21:00:00,BUY (BULLISH),2,1.0855,1.08505,2024-03-05 14:00:00,-0.0415,LOSS ❌ (-0.04%),0,0.17989297,LOW (<50%)
2024-03-04 21:30:00,BUY (BULLISH),2,1.08555,1.08505,2024-03-05 14:00:00,-0.0461,LOSS ❌ (-0.05%),0,0.06154117,LOW (<50%)
2024-03-05 00:30:00,BUY (BULLISH),2,1.08516,1.08505,2024-03-05 14:00:00,-0.0101,LOSS ❌ (-0.01%),0,0.11627525,LOW (<50%)
2024-03-05 01:30:00,BUY (BULLISH),2,1.08511,1.08505,2024-03-05 14:00:00,-0.0055,LOSS ❌ (-0.01%),0,0.12612887,LOW (<50%)
2024-03-05 06:45:00,BUY (BULLISH),2,1.08464,1.08505,2024-03-05 14:00:00,0.0378,LOSS ❌ (0.04%),0,0.20815396,LOW (<50%)
2024-03-05 13:30:00,BUY (BULLISH),2,1.08435,1.08505,2024-03-05 14:00:00,0.0646,LOSS ❌ (0.06%),0,0.29115623,LOW (<50%)
2024-03-05 14:45:00,BUY (BULLISH),2,1.08452,1.08668904,2024-03-05 15:00:00,0.2,WIN ✅ (+0.20%),1,0.6972085,MEDIUM (50-70%)
2024-03-06 01:45:00,BUY (BULLISH),2,1.08435,1.0865186999999998,2024-03-06 07:30:00,0.2,WIN ✅ (+0.20%),1,0.71087813,HIGH (>70%)
2024-03-06 05:45:00,SELL (BEARISH),2,1.08546,1.08832,2024-03-06 14:00:00,-0.2635,LOSS ❌ (0.26%),0,0.12060407,LOW (<50%)
2024-03-06 06:45:00,SELL (BEARISH),2,1.08592,1.08832,2024-03-06 14:00:00,-0.221,LOSS ❌ (0.22%),0,0.08039382,LOW (<50%)
2024-03-06 07:15:00,SELL (BEARISH),2,1.08625,1.08832,2024-03-06 14:00:00,-0.1906,LOSS ❌ (0.19%),0,0.09586991,LOW (<50%)
2024-03-06 07:30:00,SELL (BEARISH),2,1.08634,1.08832,2024-03-06 14:00:00,-0.1823,LOSS ❌ (0.18%),0,0.191503,LOW (<50%)
2024-03-06 10:00:00,SELL (BEARISH),2,1.08766,1.08832,2024-03-06 14:00:00,-0.0607,LOSS ❌ (0.06%),0,0.20904396,LOW (<50%)
2024-03-06 10:15:00,SELL (BEARISH),2,1.08767,1.08832,2024-03-06 14:00:00,-0.0598,LOSS ❌ (0.06%),0,0.24782129,LOW (<50%)
2024-03-06 14:45:00,SELL (BEARISH),2,1.08866,1.08865,2024-03-07 14:00:00,0.0009,LOSS ❌ (-0.00%),0,0.15028992,LOW (<50%)
2024-03-07 07:45:00,BUY (BULLISH),2,1.08934,1.08865,2024-03-07 14:00:00,-0.0633,LOSS ❌ (-0.06%),0,0.28094226,LOW (<50%)
2024-03-07 13:30:00,BUY (BULLISH),2,1.08812,1.08865,2024-03-07 14:00:00,0.0487,LOSS ❌ (0.05%),0,0.035356987,LOW (<50%)
2024-03-07 14:30:00,SELL (BEARISH),3,1.09001,1.09511,2024-03-08 14:00:00,-0.4679,LOSS ❌ (0.47%),0,0.41280857,LOW (<50%)
2024-03-07 18:30:00,SELL (BEARISH),2,1.09412,1.09193176,2024-03-08 13:30:00,0.2,WIN ✅ (+0.20%),1,0.8868943,HIGH (>70%)
2024-03-07 18:45:00,SELL (BEARISH),2,1.09418,1.0919916399999998,2024-03-08 13:30:00,0.2,WIN ✅ (+0.20%),1,0.9403251,HIGH (>70%)
2024-03-07 23:15:00,SELL (BEARISH),2,1.09487,1.09268026,2024-03-08 09:15:00,0.2,WIN ✅ (+0.20%),1,0.9220532,HIGH (>70%)
2024-03-07 23:30:00,SELL (BEARISH),2,1.09493,1.09274014,2024-03-08 09:15:00,0.2,WIN ✅ (+0.20%),1,0.9861481,HIGH (>70%)
2024-03-08 00:30:00,SELL (BEARISH),2,1.09535,1.0931593,2024-03-08 07:30:00,0.2,WIN ✅ (+0.20%),1,0.85036606,HIGH (>70%)
2024-03-08 06:15:00,BUY (BULLISH),2,1.09459,1.09677918,2024-03-08 13:30:00,0.2,WIN ✅ (+0.20%),1,0.59408355,MEDIUM (50-70%)
2024-03-08 09:15:00,BUY (BULLISH),2,1.0932,1.0953864,2024-03-08 13:30:00,0.2,WIN ✅ (+0.20%),1,0.74288994,HIGH (>70%)
2024-03-08 13:30:00,BUY (BULLISH),2,1.09717,1.09511,2024-03-08 14:00:00,-0.1878,LOSS ❌ (-0.19%),0,0.14361873,LOW (<50%)
2024-03-11 00:45:00,SELL (BEARISH),2,1.09419,1.09200162,2024-03-11 13:45:00,0.2,WIN ✅ (+0.20%),1,0.65981925,MEDIUM (50-70%)
2024-03-11 04:45:00,BUY (BULLISH),2,1.09382,1.09173,2024-03-11 14:00:00,-0.1911,LOSS ❌ (-0.19%),0,0.15252829,LOW (<50%)
2024-03-11 13:15:00,BUY (BULLISH),2,1.09264,1.09173,2024-03-11 14:00:00,-0.0833,LOSS ❌ (-0.08%),0,0.19394408,LOW (<50%)
2024-03-11 23:30:00,SELL (BEARISH),2,1.09277,1.09058446,2024-03-12 12:30:00,0.2,WIN ✅ (+0.20%),1,0.88594294,HIGH (>70%)
2024-03-12 00:15:00,SELL (BEARISH),2,1.09317,1.09098366,2024-03-12 12:30:00,0.2,WIN ✅ (+0.20%),1,0.8563802,HIGH (>70%)
2024-03-12 02:30:00,SELL (BEARISH),2,1.09336,1.09117328,2024-03-12 12:30:00,0.2,WIN ✅ (+0.20%),1,0.7590146,HIGH (>70%)
2024-03-12 03:30:00,SELL (BEARISH),2,1.09369,1.09150262,2024-03-12 12:30:00,0.2,WIN ✅ (+0.20%),1,0.87323093,HIGH (>70%)
2024-03-12 05:45:00,SELL (BEARISH),2,1.09379,1.09160242,2024-03-12 12:30:00,0.2,WIN ✅ (+0.20%),1,0.6034528,MEDIUM (50-70%)
2024-03-12 18:30:00,SELL (BEARISH),2,1.09199,1.09344,2024-03-13 14:00:00,-0.1328,LOSS ❌ (0.13%),0,0.32295325,LOW (<50%)
2024-03-12 20:45:00,SELL (BEARISH),2,1.09261,1.09344,2024-03-13 14:00:00,-0.076,LOSS ❌ (0.08%),0,0.15526919,LOW (<50%)
2024-03-12 21:15:00,SELL (BEARISH),2,1.09257,1.09344,2024-03-13 14:00:00,-0.0796,LOSS ❌ (0.08%),0,0.2623371,LOW (<50%)
2024-03-12 22:45:00,SELL (BEARISH),2,1.09271,1.09344,2024-03-13 14:00:00,-0.0668,LOSS ❌ (0.07%),0,0.2990047,LOW (<50%)
2024-03-12 23:15:00,SELL (BEARISH),2,1.09271,1.09344,2024-03-13 14:00:00,-0.0668,LOSS ❌ (0.07%),0,0.25974157,LOW (<50%)
2024-03-13 01:15:00,BUY (BULLISH),2,1.0925,1.094685,2024-03-13 12:15:00,0.2,WIN ✅ (+0.20%),1,0.811036,HIGH (>70%)
2024-03-14 02:15:00,BUY (BULLISH),2,1.0945,1.09086,2024-03-14 14:00:00,-0.3326,LOSS ❌ (-0.33%),0,0.20305683,LOW (<50%)
2024-03-14 03:45:00,BUY (BULLISH),2,1.0942,1.09086,2024-03-14 14:00:00,-0.3052,LOSS ❌ (-0.31%),0,0.2135094,LOW (<50%)
2024-03-14 04:15:00,BUY (BULLISH),2,1.09403,1.09086,2024-03-14 14:00:00,-0.2898,LOSS ❌ (-0.29%),0,0.16870676,LOW (<50%)
2024-03-14 04:30:00,BUY (BULLISH),2,1.0941,1.09086,2024-03-14 14:00:00,-0.2961,LOSS ❌ (-0.30%),0,0.13702862,LOW (<50%)
2024-03-14 14:30:00,BUY (BULLISH),2,1.09016,1.08914,2024-03-15 14:00:00,-0.0936,LOSS ❌ (-0.09%),0,0.12716445,LOW (<50%)
2024-03-14 15:30:00,BUY (BULLISH),2,1.08839,1.08914,2024-03-15 14:00:00,0.0689,LOSS ❌ (0.07%),0,0.29736516,LOW (<50%)
2024-03-14 17:30:00,BUY (BULLISH),2,1.08844,1.08914,2024-03-15 14:00:00,0.0643,LOSS ❌ (0.06%),0,0.060671214,LOW (<50%)
2024-03-14 19:30:00,BUY (BULLISH),2,1.08821,1.08914,2024-03-15 14:00:00,0.0855,LOSS ❌ (0.09%),0,0.11301823,LOW (<50%)
2024-03-15 00:30:00,BUY (BULLISH),2,1.08774,1.08991548,2024-03-15 09:45:00,0.2,WIN ✅ (+0.20%),1,0.77645147,HIGH (>70%)
2024-03-15 00:45:00,BUY (BULLISH),2,1.08775,1.08914,2024-03-15 14:00:00,0.1278,LOSS ❌ (0.13%),0,0.24035795,LOW (<50%)
2024-03-15 01:15:00,BUY (BULLISH),2,1.08768,1.08985536,2024-03-15 09:45:00,0.2,WIN ✅ (+0.20%),1,0.68494266,MEDIUM (50-70%)
2024-03-15 02:15:00,BUY (BULLISH),2,1.08749,1.08966498,2024-03-15 09:45:00,0.2,WIN ✅ (+0.20%),1,0.83863336,HIGH (>70%)
2024-03-15 07:00:00,SELL (BEARISH),2,1.08801,1.08914,2024-03-15 14:00:00,-0.1039,LOSS ❌ (0.10%),0,0.12782899,LOW (<50%)
2024-03-15 07:30:00,SELL (BEARISH),2,1.08813,1.08914,2024-03-15 14:00:00,-0.0928,LOSS ❌ (0.09%),0,0.21753362,LOW (<50%)
2024-03-15 07:45:00,SELL (BEARISH),2,1.08804,1.08914,2024-03-15 14:00:00,-0.1011,LOSS ❌ (0.10%),0,0.4589095,LOW (<50%)
2024-03-18 02:45:00,SELL (BEARISH),2,1.08887,1.089,2024-03-18 14:00:00,-0.0119,LOSS ❌ (0.01%),0,0.27199253,LOW (<50%)
2024-03-18 07:30:00,SELL (BEARISH),2,1.08944,1.089,2024-03-18 14:00:00,0.0404,LOSS ❌ (-0.04%),0,0.14483891,LOW (<50%)
2024-03-18 16:30:00,BUY (BULLISH),2,1.08717,1.08593,2024-03-19 14:00:00,-0.1141,LOSS ❌ (-0.11%),0,0.21713437,LOW (<50%)
2024-03-18 22:15:00,SELL (BEARISH),2,1.08735,1.0851753,2024-03-19 07:45:00,0.2,WIN ✅ (+0.20%),1,0.8377543,HIGH (>70%)
2024-03-19 01:30:00,BUY (BULLISH),2,1.08681,1.08593,2024-03-19 14:00:00,-0.081,LOSS ❌ (-0.08%),0,0.07711975,LOW (<50%)
2024-03-19 02:30:00,SELL (BEARISH),2,1.08735,1.0851753,2024-03-19 07:45:00,0.2,WIN ✅ (+0.20%),1,0.48888025,LOW (<50%)
2024-03-19 05:30:00,BUY (BULLISH),2,1.08655,1.08593,2024-03-19 14:00:00,-0.0571,LOSS ❌ (-0.06%),0,0.12489162,LOW (<50%)
2024-03-19 06:00:00,BUY (BULLISH),2,1.08637,1.08593,2024-03-19 14:00:00,-0.0405,LOSS ❌ (-0.04%),0,0.3577046,LOW (<50%)
2024-03-19 08:15:00,BUY (BULLISH),2,1.08498,1.08593,2024-03-19 14:00:00,0.0876,LOSS ❌ (0.09%),0,0.20942137,LOW (<50%)
2024-03-19 17:00:00,SELL (BEARISH),2,1.0863,1.0841274,2024-03-20 09:00:00,0.2,WIN ✅ (+0.20%),1,0.7892064,HIGH (>70%)
2024-03-20 03:00:00,SELL (BEARISH),2,1.08688,1.08470624,2024-03-20 09:00:00,0.2,WIN ✅ (+0.20%),1,0.59145486,MEDIUM (50-70%)
2024-03-20 08:15:00,BUY (BULLISH),2,1.08569,1.08501,2024-03-20 14:00:00,-0.0626,LOSS ❌ (-0.06%),0,0.17846113,LOW (<50%)
2024-03-20 17:00:00,SELL (BEARISH),2,1.08607,1.08775,2024-03-21 14:00:00,-0.1547,LOSS ❌ (0.15%),0,0.2793554,LOW (<50%)
2024-03-20 17:45:00,SELL (BEARISH),2,1.08644,1.08775,2024-03-21 14:00:00,-0.1206,LOSS ❌ (0.12%),0,0.23907614,LOW (<50%)
2024-03-20 18:30:00,SELL (BEARISH),2,1.08935,1.08775,2024-03-21 14:00:00,0.1469,LOSS ❌ (-0.15%),0,0.07920519,LOW (<50%)
2024-03-20 19:45:00,SELL (BEARISH),2,1.09206,1.08987588,2024-03-21 08:30:00,0.2,WIN ✅ (+0.20%),1,0.7021605,HIGH (>70%)
2024-03-20 20:45:00,SELL (BEARISH),3,1.09222,1.09003556,2024-03-21 08:30:00,0.2,WIN ✅ (+0.20%),1,0.8428256,HIGH (>70%)
2024-03-20 21:45:00,SELL (BEARISH),2,1.09201,1.08982598,2024-03-21 08:30:00,0.2,WIN ✅ (+0.20%),1,0.8773639,HIGH (>70%)
2024-03-20 23:00:00,SELL (BEARISH),2,1.09316,1.0909736799999998,2024-03-21 08:15:00,0.2,WIN ✅ (+0.20%),1,0.8817224,HIGH (>70%)
2024-03-21 01:15:00,SELL (BEARISH),2,1.09366,1.09147268,2024-03-21 08:15:00,0.2,WIN ✅ (+0.20%),1,0.7294964,HIGH (>70%)
2024-03-21 14:15:00,BUY (BULLISH),2,1.08753,1.08223,2024-03-22 14:00:00,-0.4873,LOSS ❌ (-0.49%),0,0.10950458,LOW (<50%)
2024-03-21 14:30:00,BUY (BULLISH),2,1.08728,1.08223,2024-03-22 14:00:00,-0.4645,LOSS ❌ (-0.46%),0,0.12337556,LOW (<50%)
2024-03-21 15:45:00,BUY (BULLISH),2,1.08601,1.08223,2024-03-22 14:00:00,-0.3481,LOSS ❌ (-0.35%),0,0.22457771,LOW (<50%)
2024-03-21 23:45:00,SELL (BEARISH),2,1.08616,1.08398768,2024-03-22 02:45:00,0.2,WIN ✅ (+0.20%),1,0.86965495,HIGH (>70%)
2024-03-22 00:30:00,SELL (BEARISH),2,1.0866,1.0844268,2024-03-22 02:30:00,0.2,WIN ✅ (+0.20%),1,0.9058594,HIGH (>70%)
2024-03-22 02:15:00,BUY (BULLISH),2,1.0848,1.08223,2024-03-22 14:00:00,-0.2369,LOSS ❌ (-0.24%),0,0.14173448,LOW (<50%)
2024-03-22 04:45:00,BUY (BULLISH),2,1.08329,1.08223,2024-03-22 14:00:00,-0.0979,LOSS ❌ (-0.10%),0,0.20287406,LOW (<50%)
2024-03-22 08:30:00,BUY (BULLISH),2,1.08143,1.08223,2024-03-22 14:00:00,0.074,LOSS ❌ (0.07%),0,0.13326794,LOW (<50%)
2024-03-22 17:30:00,BUY (BULLISH),2,1.08063,1.08081,2024-03-22 20:45:00,0.0167,LOSS ❌ (0.02%),0,0.2947443,LOW (<50%)
2024-03-22 17:45:00,BUY (BULLISH),2,1.08056,1.08081,2024-03-22 20:45:00,0.0231,LOSS ❌ (0.02%),0,0.3139847,LOW (<50%)
2024-03-25 00:45:00,BUY (BULLISH),2,1.08032,1.08248064,2024-03-25 11:30:00,0.2,WIN ✅ (+0.20%),1,0.58524966,MEDIUM (50-70%)
2024-03-25 12:00:00,SELL (BEARISH),2,1.08283,1.08387,2024-03-25 14:00:00,-0.096,LOSS ❌ (0.10%),0,0.17800133,LOW (<50%)
2024-03-25 13:45:00,SELL (BEARISH),2,1.08346,1.08387,2024-03-25 14:00:00,-0.0378,LOSS ❌ (0.04%),0,0.14552052,LOW (<50%)
2024-03-25 20:15:00,SELL (BEARISH),2,1.08385,1.0848,2024-03-26 14:00:00,-0.0877,LOSS ❌ (0.09%),0,0.14812638,LOW (<50%)
2024-03-25 21:15:00,BUY (BULLISH),2,1.08364,1.08580728,2024-03-26 10:00:00,0.2,WIN ✅ (+0.20%),1,0.6714658,MEDIUM (50-70%)
2024-03-26 01:00:00,SELL (BEARISH),2,1.08419,1.0848,2024-03-26 14:00:00,-0.0563,LOSS ❌ (0.06%),0,0.09502031,LOW (<50%)
2024-03-26 01:15:00,SELL (BEARISH),2,1.08412,1.0848,2024-03-26 14:00:00,-0.0627,LOSS ❌ (0.06%),0,0.13720852,LOW (<50%)
2024-03-26 03:45:00,BUY (BULLISH),2,1.08365,1.0858173,2024-03-26 10:00:00,0.2,WIN ✅ (+0.20%),1,0.7588304,HIGH (>70%)
2024-03-26 07:00:00,SELL (BEARISH),2,1.08502,1.0848,2024-03-26 14:00:00,0.0203,LOSS ❌ (-0.02%),0,0.09413587,LOW (<50%)
2024-03-26 09:30:00,SELL (BEARISH),2,1.0852,1.0848,2024-03-26 14:00:00,0.0369,LOSS ❌ (-0.04%),0,0.17493406,LOW (<50%)
2024-03-26 14:30:00,BUY (BULLISH),2,1.08425,1.08143,2024-03-27 14:00:00,-0.2601,LOSS ❌ (-0.26%),0,0.13027477,LOW (<50%)
2024-03-26 16:15:00,BUY (BULLISH),2,1.08276,1.08143,2024-03-27 14:00:00,-0.1228,LOSS ❌ (-0.12%),0,0.27097997,LOW (<50%)
2024-03-27 00:30:00,BUY (BULLISH),2,1.08289,1.08143,2024-03-27 14:00:00,-0.1348,LOSS ❌ (-0.13%),0,0.1813703,LOW (<50%)
2024-03-27 07:45:00,BUY (BULLISH),2,1.0826,1.08143,2024-03-27 14:00:00,-0.1081,LOSS ❌ (-0.11%),0,0.3973408,LOW (<50%)
2024-03-27 09:15:00,SELL (BEARISH),2,1.08352,1.08135296,2024-03-27 13:30:00,0.2,WIN ✅ (+0.20%),1,0.7174787,HIGH (>70%)
2024-03-28 13:00:00,SELL (BEARISH),2,1.08082,1.08066,2024-03-28 14:00:00,0.0148,LOSS ❌ (-0.01%),0,0.16591775,LOW (<50%)
2024-03-28 18:30:00,BUY (BULLISH),2,1.07911,1.07967,2024-03-29 14:00:00,0.0519,LOSS ❌ (0.05%),0,0.14255416,LOW (<50%)
2024-03-29 02:00:00,BUY (BULLISH),2,1.07764,1.07979528,2024-03-29 12:30:00,0.2,WIN ✅ (+0.20%),1,0.82994974,HIGH (>70%)
2024-03-31 23:00:00,BUY (BULLISH),2,1.07869,1.07499,2024-04-01 14:00:00,-0.343,LOSS ❌ (-0.34%),0,0.3254367,LOW (<50%)
2024-04-01 02:00:00,BUY (BULLISH),2,1.0786,1.07499,2024-04-01 14:00:00,-0.3347,LOSS ❌ (-0.33%),0,0.40028432,LOW (<50%)
2024-04-01 07:15:00,SELL (BEARISH),2,1.079,1.076842,2024-04-01 14:00:00,0.2,WIN ✅ (+0.20%),1,0.71193546,HIGH (>70%)
2024-04-01 10:30:00,BUY (BULLISH),2,1.07803,1.07499,2024-04-01 14:00:00,-0.282,LOSS ❌ (-0.28%),0,0.22954574,LOW (<50%)
2024-04-01 10:45:00,BUY (BULLISH),2,1.07809,1.07499,2024-04-01 14:00:00,-0.2875,LOSS ❌ (-0.29%),0,0.21957307,LOW (<50%)
2024-04-01 15:45:00,BUY (BULLISH),2,1.07323,1.07537646,2024-04-02 12:00:00,0.2,WIN ✅ (+0.20%),1,0.67088795,MEDIUM (50-70%)
2024-04-01 21:30:00,SELL (BEARISH),2,1.07429,1.07709,2024-04-02 14:00:00,-0.2606,LOSS ❌ (0.26%),0,0.34583017,LOW (<50%)
2024-04-02 04:00:00,BUY (BULLISH),2,1.07298,1.07512596,2024-04-02 11:45:00,0.2,WIN ✅ (+0.20%),1,0.89677083,HIGH (>70%)
2024-04-02 11:30:00,SELL (BEARISH),2,1.0745,1.07709,2024-04-02 14:00:00,-0.241,LOSS ❌ (0.24%),0,0.18189855,LOW (<50%)
2024-04-02 21:00:00,SELL (BEARISH),2,1.07696,1.08056,2024-04-03 14:00:00,-0.3343,LOSS ❌ (0.33%),0,0.35147426,LOW (<50%)
2024-04-03 01:45:00,SELL (BEARISH),2,1.07717,1.08056,2024-04-03 14:00:00,-0.3147,LOSS ❌ (0.31%),0,0.15323798,LOW (<50%)
2024-04-03 02:30:00,SELL (BEARISH),2,1.07736,1.08056,2024-04-03 14:00:00,-0.297,LOSS ❌ (0.30%),0,0.23222262,LOW (<50%)
2024-04-03 02:45:00,SELL (BEARISH),2,1.07737,1.08056,2024-04-03 14:00:00,-0.2961,LOSS ❌ (0.30%),0,0.19696878,LOW (<50%)
2024-04-03 06:30:00,BUY (BULLISH),2,1.07696,1.07911392,2024-04-03 13:30:00,0.2,WIN ✅ (+0.20%),1,0.76937383,HIGH (>70%)
2024-04-03 16:30:00,SELL (BEARISH),3,1.08323,1.08714,2024-04-04 14:00:00,-0.361,LOSS ❌ (0.36%),0,0.1283788,LOW (<50%)
2024-04-03 22:15:00,SELL (BEARISH),2,1.08373,1.08714,2024-04-04 14:00:00,-0.3147,LOSS ❌ (0.31%),0,0.26772013,LOW (<50%)
2024-04-03 23:30:00,SELL (BEARISH),2,1.08373,1.08714,2024-04-04 14:00:00,-0.3147,LOSS ❌ (0.31%),0,0.09449029,LOW (<50%)
2024-04-04 01:15:00,SELL (BEARISH),2,1.08413,1.08714,2024-04-04 14:00:00,-0.2776,LOSS ❌ (0.28%),0,0.15072612,LOW (<50%)
2024-04-04 04:15:00,SELL (BEARISH),2,1.08439,1.08714,2024-04-04 14:00:00,-0.2536,LOSS ❌ (0.25%),0,0.13956605,LOW (<50%)
2024-04-04 05:30:00,SELL (BEARISH),2,1.08453,1.08714,2024-04-04 14:00:00,-0.2407,LOSS ❌ (0.24%),0,0.11651774,LOW (<50%)
2024-04-04 07:30:00,SELL (BEARISH),2,1.08521,1.08714,2024-04-04 14:00:00,-0.1778,LOSS ❌ (0.18%),0,0.28769323,LOW (<50%)
2024-04-04 13:15:00,SELL (BEARISH),2,1.08671,1.08714,2024-04-04 14:00:00,-0.0396,LOSS ❌ (0.04%),0,0.10874295,LOW (<50%)
2024-04-05 07:30:00,SELL (BEARISH),2,1.08356,1.08139288,2024-04-05 12:30:00,0.2,WIN ✅ (+0.20%),1,0.8272692,HIGH (>70%)
2024-04-05 08:00:00,SELL (BEARISH),2,1.08382,1.08165236,2024-04-05 12:30:00,0.2,WIN ✅ (+0.20%),1,0.712698,HIGH (>70%)
2024-04-05 12:45:00,BUY (BULLISH),2,1.08089,1.08128,2024-04-05 14:00:00,0.0361,LOSS ❌ (0.04%),0,0.10118796,LOW (<50%)
2024-04-08 02:15:00,SELL (BEARISH),2,1.08373,1.08447,2024-04-08 14:00:00,-0.0683,LOSS ❌ (0.07%),0,0.3575209,LOW (<50%)
2024-04-08 02:45:00,SELL (BEARISH),2,1.08403,1.08447,2024-04-08 14:00:00,-0.0406,LOSS ❌ (0.04%),0,0.5245045,MEDIUM (50-70%)
2024-04-08 17:30:00,SELL (BEARISH),2,1.08578,1.088,2024-04-09 14:00:00,-0.2045,LOSS ❌ (0.20%),0,0.42200804,LOW (<50%)
2024-04-08 18:00:00,SELL (BEARISH),2,1.08573,1.088,2024-04-09 14:00:00,-0.2091,LOSS ❌ (0.21%),0,0.24774972,LOW (<50%)
2024-04-09 00:00:00,SELL (BEARISH),2,1.08617,1.088,2024-04-09 14:00:00,-0.1685,LOSS ❌ (0.17%),0,0.23101911,LOW (<50%)
2024-04-09 02:45:00,BUY (BULLISH),2,1.08565,1.0878213,2024-04-09 12:45:00,0.2,WIN ✅ (+0.20%),1,0.7972263,HIGH (>70%)
2024-04-09 03:45:00,BUY (BULLISH),2,1.0855,1.0876709999999998,2024-04-09 12:30:00,0.2,WIN ✅ (+0.20%),1,0.49988523,LOW (<50%)
2024-04-09 08:00:00,BUY (BULLISH),2,1.08536,1.0875307200000002,2024-04-09 12:30:00,0.2,WIN ✅ (+0.20%),1,0.6229118,MEDIUM (50-70%)
2024-04-09 09:45:00,SELL (BEARISH),2,1.08646,1.088,2024-04-09 14:00:00,-0.1417,LOSS ❌ (0.14%),0,0.21401969,LOW (<50%)
2024-04-09 10:30:00,SELL (BEARISH),2,1.08673,1.088,2024-04-09 14:00:00,-0.1169,LOSS ❌ (0.12%),0,0.23221925,LOW (<50%)
2024-04-09 11:00:00,SELL (BEARISH),2,1.08691,1.088,2024-04-09 14:00:00,-0.1003,LOSS ❌ (0.10%),0,0.13069767,LOW (<50%)
2024-04-09 13:30:00,SELL (BEARISH),2,1.08808,1.088,2024-04-09 14:00:00,0.0074,LOSS ❌ (-0.01%),0,0.070391305,LOW (<50%)
2024-04-09 14:45:00,BUY (BULLISH),2,1.08568,1.07541,2024-04-10 14:00:00,-0.946,LOSS ❌ (-0.95%),0,0.32114747,LOW (<50%)
2024-04-09 15:15:00,BUY (BULLISH),2,1.08528,1.07541,2024-04-10 14:00:00,-0.9094,LOSS ❌ (-0.91%),0,0.09122697,LOW (<50%)
2024-04-09 17:15:00,BUY (BULLISH),2,1.08527,1.07541,2024-04-10 14:00:00,-0.9085,LOSS ❌ (-0.91%),0,0.22996984,LOW (<50%)
2024-04-09 23:30:00,SELL (BEARISH),2,1.08587,1.0836982599999998,2024-04-10 12:30:00,0.2,WIN ✅ (+0.20%),1,0.8711113,HIGH (>70%)
2024-04-10 04:00:00,BUY (BULLISH),2,1.08517,1.07541,2024-04-10 14:00:00,-0.8994,LOSS ❌ (-0.90%),0,0.1818798,LOW (<50%)
2024-04-10 09:45:00,SELL (BEARISH),2,1.08612,1.08394776,2024-04-10 12:30:00,0.2,WIN ✅ (+0.20%),1,0.64569587,MEDIUM (50-70%)
2024-04-10 11:15:00,SELL (BEARISH),2,1.08627,1.08409746,2024-04-10 12:30:00,0.2,WIN ✅ (+0.20%),1,0.67191494,MEDIUM (50-70%)
2024-04-10 12:45:00,BUY (BULLISH),3,1.07804,1.07541,2024-04-10 14:00:00,-0.244,LOSS ❌ (-0.24%),0,0.04755053,LOW (<50%)
2024-04-10 14:00:00,BUY (BULLISH),2,1.07541,1.07259,2024-04-11 14:00:00,-0.2622,LOSS ❌ (-0.26%),0,0.13683821,LOW (<50%)
2024-04-10 15:45:00,BUY (BULLISH),2,1.07362,1.07259,2024-04-11 14:00:00,-0.0959,LOSS ❌ (-0.10%),0,0.29442567,LOW (<50%)
2024-04-10 16:30:00,BUY (BULLISH),2,1.07317,1.07531634,2024-04-10 17:30:00,0.2,WIN ✅ (+0.20%),1,0.6619931,MEDIUM (50-70%)
2024-04-11 00:30:00,SELL (BEARISH),2,1.0743,1.0721514,2024-04-11 12:15:00,0.2,WIN ✅ (+0.20%),1,0.73076475,HIGH (>70%)
2024-04-11 06:30:00,BUY (BULLISH),2,1.07372,1.07259,2024-04-11 14:00:00,-0.1052,LOSS ❌ (-0.11%),0,0.21375953,LOW (<50%)
2024-04-11 14:45:00,BUY (BULLISH),2,1.07048,1.07262096,2024-04-11 17:30:00,0.2,WIN ✅ (+0.20%),1,0.76282287,HIGH (>70%)
2024-04-11 23:45:00,BUY (BULLISH),2,1.07257,1.063,2024-04-12 14:00:00,-0.8922,LOSS ❌ (-0.89%),0,0.2167446,LOW (<50%)
2024-04-12 00:00:00,BUY (BULLISH),2,1.07254,1.063,2024-04-12 14:00:00,-0.8895,LOSS ❌ (-0.89%),0,0.14390434,LOW (<50%)
2024-04-12 09:00:00,BUY (BULLISH),3,1.06714,1.063,2024-04-12 14:00:00,-0.388,LOSS ❌ (-0.39%),0,0.100909576,LOW (<50%)
2024-04-12 09:45:00,BUY (BULLISH),2,1.066,1.063,2024-04-12 14:00:00,-0.2814,LOSS ❌ (-0.28%),0,0.071990624,LOW (<50%)
2024-04-12 14:15:00,BUY (BULLISH),3,1.06297,1.06404,2024-04-12 20:45:00,0.1007,LOSS ❌ (0.10%),0,0.052719627,LOW (<50%)
2024-04-15 14:45:00,BUY (BULLISH),2,1.06264,1.06476528,2024-04-16 12:30:00,0.2,WIN ✅ (+0.20%),1,0.7406492,HIGH (>70%)
2024-04-15 19:15:00,BUY (BULLISH),2,1.0623,1.0644246,2024-04-16 11:45:00,0.2,WIN ✅ (+0.20%),1,0.83872527,HIGH (>70%)
2024-04-16 00:15:00,BUY (BULLISH),2,1.06219,1.06431438,2024-04-16 11:45:00,0.2,WIN ✅ (+0.20%),1,0.88605464,HIGH (>70%)
2024-04-16 09:15:00,SELL (BEARISH),2,1.0622,1.06395,2024-04-16 14:00:00,-0.1648,LOSS ❌ (0.16%),0,0.19502155,LOW (<50%)
2024-04-16 15:30:00,BUY (BULLISH),2,1.06235,1.0644747,2024-04-17 08:30:00,0.2,WIN ✅ (+0.20%),1,0.8622246,HIGH (>70%)
2024-04-16 15:45:00,BUY (BULLISH),2,1.06276,1.06488552,2024-04-17 13:45:00,0.2,WIN ✅ (+0.20%),1,0.72222924,HIGH (>70%)
2024-04-16 16:00:00,BUY (BULLISH),2,1.06263,1.06475526,2024-04-17 08:30:00,0.2,WIN ✅ (+0.20%),1,0.8958746,HIGH (>70%)
2024-04-16 16:15:00,BUY (BULLISH),2,1.06219,1.06431438,2024-04-17 08:15:00,0.2,WIN ✅ (+0.20%),1,0.82992303,HIGH (>70%)
2024-04-16 17:30:00,BUY (BULLISH),2,1.062,1.064124,2024-04-17 08:15:00,0.2,WIN ✅ (+0.20%),1,0.86299175,HIGH (>70%)
2024-04-17 02:45:00,SELL (BEARISH),2,1.06337,1.06124326,2024-04-17 05:45:00,0.2,WIN ✅ (+0.20%),1,0.754473,HIGH (>70%)
2024-04-17 11:00:00,SELL (BEARISH),2,1.06457,1.06417,2024-04-17 14:00:00,0.0376,LOSS ❌ (-0.04%),0,0.23946373,LOW (<50%)
2024-04-17 14:45:00,BUY (BULLISH),2,1.06352,1.06564704,2024-04-17 17:00:00,0.2,WIN ✅ (+0.20%),1,0.76117873,HIGH (>70%)
2024-04-17 16:45:00,SELL (BEARISH),2,1.06493,1.06555,2024-04-18 14:00:00,-0.0582,LOSS ❌ (0.06%),0,0.19137824,LOW (<50%)
2024-04-17 18:45:00,SELL (BEARISH),2,1.067,1.064866,2024-04-18 13:30:00,0.2,WIN ✅ (+0.20%),1,0.76592654,HIGH (>70%)
2024-04-18 06:30:00,SELL (BEARISH),2,1.06885,1.0667123,2024-04-18 12:15:00,0.2,WIN ✅ (+0.20%),1,0.844805,HIGH (>70%)
2024-04-18 17:15:00,BUY (BULLISH),2,1.06477,1.06689954,2024-04-19 12:30:00,0.2,WIN ✅ (+0.20%),1,0.6728729,MEDIUM (50-70%)
2024-04-18 20:45:00,BUY (BULLISH),2,1.0643,1.0664286,2024-04-19 12:30:00,0.2,WIN ✅ (+0.20%),1,0.8172274,HIGH (>70%)
2024-04-18 23:00:00,BUY (BULLISH),2,1.06402,1.06614804,2024-04-19 09:45:00,0.2,WIN ✅ (+0.20%),1,0.9186582,HIGH (>70%)
2024-04-19 09:30:00,SELL (BEARISH),2,1.06581,1.06671,2024-04-19 14:00:00,-0.0844,LOSS ❌ (0.08%),0,0.23443407,LOW (<50%)
2024-04-19 09:45:00,SELL (BEARISH),2,1.06586,1.06671,2024-04-19 14:00:00,-0.0797,LOSS ❌ (0.08%),0,0.11759373,LOW (<50%)
2024-04-19 13:30:00,SELL (BEARISH),2,1.06709,1.06671,2024-04-19 14:00:00,0.0356,LOSS ❌ (-0.04%),0,0.12946798,LOW (<50%)
2024-04-19 14:15:00,SELL (BEARISH),2,1.06748,1.06534504,2024-04-19 15:45:00,0.2,WIN ✅ (+0.20%),1,0.6248814,MEDIUM (50-70%)
2024-04-19 14:30:00,SELL (BEARISH),2,1.06731,1.06517538,2024-04-19 16:00:00,0.2,WIN ✅ (+0.20%),1,0.70611954,HIGH (>70%)
2024-04-21 21:15:00,SELL (BEARISH),2,1.06577,1.0636384600000002,2024-04-22 11:15:00,0.2,WIN ✅ (+0.20%),1,0.6831212,MEDIUM (50-70%)
2024-04-22 02:00:00,SELL (BEARISH),2,1.06676,1.0646264799999998,2024-04-22 11:00:00,0.2,WIN ✅ (+0.20%),1,0.57639456,MEDIUM (50-70%)
2024-04-23 00:15:00,SELL (BEARISH),2,1.06556,1.06974,2024-04-23 14:00:00,-0.3923,LOSS ❌ (0.39%),0,0.26584485,LOW (<50%)
2024-04-23 02:30:00,SELL (BEARISH),2,1.06597,1.06383806,2024-04-23 06:15:00,0.2,WIN ✅ (+0.20%),1,0.9423885,HIGH (>70%)
2024-04-23 14:30:00,SELL (BEARISH),2,1.07038,1.06823924,2024-04-24 08:30:00,0.2,WIN ✅ (+0.20%),1,0.81358755,HIGH (>70%)
2024-04-24 00:30:00,SELL (BEARISH),2,1.07081,1.06866838,2024-04-24 07:15:00,0.2,WIN ✅ (+0.20%),1,0.94043684,HIGH (>70%)
2024-04-24 01:30:00,SELL (BEARISH),2,1.07089,1.0687482199999998,2024-04-24 07:15:00,0.2,WIN ✅ (+0.20%),1,0.627501,MEDIUM (50-70%)
2024-04-24 05:30:00,BUY (BULLISH),2,1.07032,1.06933,2024-04-24 14:00:00,-0.0925,LOSS ❌ (-0.09%),0,0.2080172,LOW (<50%)
2024-04-24 07:15:00,BUY (BULLISH),2,1.06878,1.06933,2024-04-24 14:00:00,0.0515,LOSS ❌ (0.05%),0,0.12612353,LOW (<50%)
2024-04-24 07:45:00,BUY (BULLISH),2,1.0688,1.06933,2024-04-24 14:00:00,0.0496,LOSS ❌ (0.05%),0,0.119128615,LOW (<50%)
2024-04-24 08:45:00,BUY (BULLISH),2,1.0683,1.06933,2024-04-24 14:00:00,0.0964,LOSS ❌ (0.10%),0,0.30058262,LOW (<50%)
2024-04-24 14:00:00,SELL (BEARISH),2,1.06933,1.07054,2024-04-25 14:00:00,-0.1132,LOSS ❌ (0.11%),0,0.31795332,LOW (<50%)
2024-04-25 02:45:00,SELL (BEARISH),2,1.07069,1.0685486199999998,2024-04-25 12:45:00,0.2,WIN ✅ (+0.20%),1,0.7864015,HIGH (>70%)
2024-04-25 04:45:00,SELL (BEARISH),2,1.07087,1.06872826,2024-04-25 12:45:00,0.2,WIN ✅ (+0.20%),1,0.88155985,HIGH (>70%)
2024-04-25 10:15:00,SELL (BEARISH),2,1.07268,1.07053464,2024-04-25 12:30:00,0.2,WIN ✅ (+0.20%),1,0.74235713,HIGH (>70%)
2024-04-25 12:30:00,SELL (BEARISH),2,1.06907,1.07054,2024-04-25 14:00:00,-0.1375,LOSS ❌ (0.14%),0,0.13670404,LOW (<50%)
2024-04-25 12:45:00,BUY (BULLISH),2,1.06917,1.07054,2024-04-25 14:00:00,0.1281,LOSS ❌ (0.13%),0,0.19953814,LOW (<50%)
2024-04-26 13:30:00,BUY (BULLISH),3,1.07093,1.07025,2024-04-26 14:00:00,-0.0635,LOSS ❌ (-0.06%),0,0.23022299,LOW (<50%)
2024-04-29 02:00:00,SELL (BEARISH),2,1.07147,1.06932706,2024-04-29 13:30:00,0.2,WIN ✅ (+0.20%),1,0.67509836,MEDIUM (50-70%)
2024-04-29 04:45:00,SELL (BEARISH),2,1.07285,1.0707043,2024-04-29 08:30:00,0.2,WIN ✅ (+0.20%),1,0.85920936,HIGH (>70%)
2024-04-29 09:15:00,BUY (BULLISH),2,1.07084,1.07064,2024-04-29 14:00:00,-0.0187,LOSS ❌ (-0.02%),0,0.13194394,LOW (<50%)
2024-04-29 16:45:00,SELL (BEARISH),2,1.07255,1.0704049,2024-04-30 02:15:00,0.2,WIN ✅ (+0.20%),1,0.85746145,HIGH (>70%)
2024-04-30 03:30:00,BUY (BULLISH),2,1.07033,1.07247066,2024-04-30 09:00:00,0.2,WIN ✅ (+0.20%),1,0.73887116,HIGH (>70%)
2024-04-30 06:15:00,BUY (BULLISH),2,1.06939,1.07152878,2024-04-30 09:00:00,0.2,WIN ✅ (+0.20%),1,0.8625796,HIGH (>70%)
2024-04-30 07:00:00,SELL (BEARISH),2,1.07038,1.07097,2024-04-30 14:00:00,-0.0551,LOSS ❌ (0.06%),0,0.2331967,LOW (<50%)
2024-04-30 14:45:00,BUY (BULLISH),2,1.06906,1.06841,2024-05-01 14:00:00,-0.0608,LOSS ❌ (-0.06%),0,0.21367322,LOW (<50%)
2024-04-30 17:30:00,BUY (BULLISH),3,1.06757,1.06841,2024-05-01 14:00:00,0.0787,LOSS ❌ (0.08%),0,0.1582394,LOW (<50%)
2024-04-30 20:00:00,BUY (BULLISH),2,1.0672,1.06841,2024-05-01 14:00:00,0.1134,LOSS ❌ (0.11%),0,0.26178503,LOW (<50%)
2024-05-01 03:15:00,BUY (BULLISH),2,1.06575,1.0678815,2024-05-01 12:15:00,0.2,WIN ✅ (+0.20%),1,0.79086334,HIGH (>70%)
2024-05-01 04:15:00,BUY (BULLISH),2,1.06557,1.0677011399999998,2024-05-01 12:15:00,0.2,WIN ✅ (+0.20%),1,0.9302839,HIGH (>70%)
2024-05-01 04:45:00,BUY (BULLISH),2,1.06554,1.06767108,2024-05-01 12:15:00,0.2,WIN ✅ (+0.20%),1,0.9100155,HIGH (>70%)
2024-05-01 06:00:00,BUY (BULLISH),2,1.0655,1.067631,2024-05-01 12:15:00,0.2,WIN ✅ (+0.20%),1,0.9085783,HIGH (>70%)
2024-05-01 07:15:00,SELL (BEARISH),2,1.06587,1.06841,2024-05-01 14:00:00,-0.2383,LOSS ❌ (0.24%),0,0.32988387,LOW (<50%)
2024-05-01 07:45:00,SELL (BEARISH),2,1.06606,1.06841,2024-05-01 14:00:00,-0.2204,LOSS ❌ (0.22%),0,0.21390931,LOW (<50%)
2024-05-01 09:00:00,SELL (BEARISH),2,1.06684,1.06841,2024-05-01 14:00:00,-0.1472,LOSS ❌ (0.15%),0,0.22988833,LOW (<50%)
2024-05-01 12:15:00,SELL (BEARISH),2,1.06755,1.06841,2024-05-01 14:00:00,-0.0806,LOSS ❌ (0.08%),0,0.38951126,LOW (<50%)
2024-05-01 13:00:00,SELL (BEARISH),2,1.06839,1.06841,2024-05-01 14:00:00,-0.0019,LOSS ❌ (0.00%),0,0.4209763,LOW (<50%)
2024-05-02 01:30:00,BUY (BULLISH),2,1.07114,1.0676,2024-05-02 14:00:00,-0.3305,LOSS ❌ (-0.33%),0,0.29997718,LOW (<50%)
2024-05-02 09:30:00,BUY (BULLISH),3,1.06977,1.0676,2024-05-02 14:00:00,-0.2028,LOSS ❌ (-0.20%),0,0.28531396,LOW (<50%)
2024-05-02 13:45:00,BUY (BULLISH),2,1.06864,1.0676,2024-05-02 14:00:00,-0.0973,LOSS ❌ (-0.10%),0,0.2158807,LOW (<50%)
2024-05-02 16:45:00,SELL (BEARISH),3,1.07162,1.07647,2024-05-03 14:00:00,-0.4526,LOSS ❌ (0.45%),0,0.11438648,LOW (<50%)
2024-05-02 17:45:00,SELL (BEARISH),2,1.07189,1.07647,2024-05-03 14:00:00,-0.4273,LOSS ❌ (0.43%),0,0.20883149,LOW (<50%)
2024-05-02 23:15:00,SELL (BEARISH),2,1.07292,1.07647,2024-05-03 14:00:00,-0.3309,LOSS ❌ (0.33%),0,0.12837811,LOW (<50%)
2024-05-03 06:15:00,BUY (BULLISH),2,1.07347,1.07561694,2024-05-03 12:30:00,0.2,WIN ✅ (+0.20%),1,0.81156945,HIGH (>70%)
2024-05-03 07:15:00,BUY (BULLISH),2,1.07289,1.07503578,2024-05-03 12:15:00,0.2,WIN ✅ (+0.20%),1,0.7779987,HIGH (>70%)
2024-05-03 11:15:00,SELL (BEARISH),2,1.07481,1.07647,2024-05-03 14:00:00,-0.1544,LOSS ❌ (0.15%),0,0.22317405,LOW (<50%)
2024-05-06 00:00:00,BUY (BULLISH),2,1.07584,1.07799168,2024-05-06 12:15:00,0.2,WIN ✅ (+0.20%),1,0.7822825,HIGH (>70%)
2024-05-06 01:00:00,SELL (BEARISH),2,1.0767,1.0786,2024-05-06 14:00:00,-0.1765,LOSS ❌ (0.18%),0,0.19875579,LOW (<50%)
2024-05-06 12:45:00,SELL (BEARISH),2,1.07869,1.0786,2024-05-06 14:00:00,0.0083,LOSS ❌ (-0.01%),0,0.04299862,LOW (<50%)
2024-05-06 19:30:00,BUY (BULLISH),2,1.07672,1.07767,2024-05-07 14:00:00,0.0882,LOSS ❌ (0.09%),0,0.20679477,LOW (<50%)
2024-05-06 20:00:00,BUY (BULLISH),2,1.0767,1.07767,2024-05-07 14:00:00,0.0901,LOSS ❌ (0.09%),0,0.28557825,LOW (<50%)
2024-05-07 01:45:00,BUY (BULLISH),2,1.07651,1.07866302,2024-05-07 13:30:00,0.2,WIN ✅ (+0.20%),1,0.59054744,MEDIUM (50-70%)
2024-05-07 06:00:00,BUY (BULLISH),2,1.07577,1.07792154,2024-05-07 13:00:00,0.2,WIN ✅ (+0.20%),1,0.6863782,MEDIUM (50-70%)
2024-05-07 11:00:00,SELL (BEARISH),2,1.07683,1.07767,2024-05-07 14:00:00,-0.078,LOSS ❌ (0.08%),0,0.3862507,LOW (<50%)
2024-05-07 11:15:00,SELL (BEARISH),2,1.07674,1.07767,2024-05-07 14:00:00,-0.0864,LOSS ❌ (0.09%),0,0.30100906,LOW (<50%)
2024-05-07 18:30:00,BUY (BULLISH),2,1.07508,1.07531,2024-05-08 14:00:00,0.0214,LOSS ❌ (0.02%),0,0.10682265,LOW (<50%)
2024-05-07 23:45:00,BUY (BULLISH),2,1.07496,1.07531,2024-05-08 14:00:00,0.0326,LOSS ❌ (0.03%),0,0.3718456,LOW (<50%)
2024-05-08 01:00:00,BUY (BULLISH),2,1.07467,1.07531,2024-05-08 14:00:00,0.0596,LOSS ❌ (0.06%),0,0.37873614,LOW (<50%)
2024-05-08 01:30:00,BUY (BULLISH),2,1.07431,1.07531,2024-05-08 14:00:00,0.0931,LOSS ❌ (0.09%),0,0.324742,LOW (<50%)
2024-05-08 06:30:00,SELL (BEARISH),2,1.07449,1.07531,2024-05-08 14:00:00,-0.0763,LOSS ❌ (0.08%),0,0.16790335,LOW (<50%)
2024-05-08 08:00:00,BUY (BULLISH),2,1.0739,1.07531,2024-05-08 14:00:00,0.1313,LOSS ❌ (0.13%),0,0.38873968,LOW (<50%)
2024-05-08 10:30:00,SELL (BEARISH),2,1.07514,1.07531,2024-05-08 14:00:00,-0.0158,LOSS ❌ (0.02%),0,0.40029126,LOW (<50%)
2024-05-08 11:00:00,SELL (BEARISH),2,1.07479,1.07531,2024-05-08 14:00:00,-0.0484,LOSS ❌ (0.05%),0,0.40775463,LOW (<50%)
2024-05-08 14:15:00,SELL (BEARISH),2,1.07527,1.07311946,2024-05-09 07:30:00,0.2,WIN ✅ (+0.20%),1,0.5746809,MEDIUM (50-70%)
2024-05-08 22:00:00,SELL (BEARISH),2,1.07489,1.0727402199999998,2024-05-09 08:30:00,0.2,WIN ✅ (+0.20%),1,0.7812787,HIGH (>70%)
2024-05-09 01:00:00,BUY (BULLISH),2,1.07435,1.0764987,2024-05-09 13:45:00,0.2,WIN ✅ (+0.20%),1,0.45493507,LOW (<50%)
2024-05-09 03:15:00,SELL (BEARISH),2,1.07482,1.07267036,2024-05-09 08:30:00,0.2,WIN ✅ (+0.20%),1,0.6427687,MEDIUM (50-70%)
2024-05-09 08:30:00,BUY (BULLISH),2,1.07289,1.07503578,2024-05-09 12:30:00,0.2,WIN ✅ (+0.20%),1,0.66427785,MEDIUM (50-70%)
2024-05-09 13:45:00,SELL (BEARISH),2,1.07631,1.07676,2024-05-09 14:00:00,-0.0418,LOSS ❌ (0.04%),0,0.2166739,LOW (<50%)
2024-05-09 19:00:00,SELL (BEARISH),2,1.07809,1.07736,2024-05-10 14:00:00,0.0677,LOSS ❌ (-0.07%),0,0.2389044,LOW (<50%)
2024-05-10 00:15:00,BUY (BULLISH),2,1.07791,1.07736,2024-05-10 14:00:00,-0.051,LOSS ❌ (-0.05%),0,0.19503143,LOW (<50%)
2024-05-10 00:30:00,BUY (BULLISH),2,1.07783,1.07736,2024-05-10 14:00:00,-0.0436,LOSS ❌ (-0.04%),0,0.10300458,LOW (<50%)
2024-05-10 00:45:00,BUY (BULLISH),2,1.07788,1.07736,2024-05-10 14:00:00,-0.0482,LOSS ❌ (-0.05%),0,0.4832203,LOW (<50%)
2024-05-10 02:15:00,BUY (BULLISH),2,1.07742,1.07736,2024-05-10 14:00:00,-0.0056,LOSS ❌ (-0.01%),0,0.09912164,LOW (<50%)
2024-05-10 20:45:00,BUY (BULLISH),2,1.07703,1.07918406,2024-05-13 11:45:00,0.2,WIN ✅ (+0.20%),1,0.5884799,MEDIUM (50-70%)
2024-05-12 21:15:00,BUY (BULLISH),2,1.07693,1.07908386,2024-05-13 11:45:00,0.2,WIN ✅ (+0.20%),1,0.7096281,HIGH (>70%)
2024-05-13 01:00:00,BUY (BULLISH),2,1.07695,1.0791039,2024-05-13 11:45:00,0.2,WIN ✅ (+0.20%),1,0.55665874,MEDIUM (50-70%)
2024-05-13 05:45:00,SELL (BEARISH),2,1.07727,1.07979,2024-05-13 14:00:00,-0.2339,LOSS ❌ (0.23%),0,0.094569854,LOW (<50%)
2024-05-13 06:00:00,SELL (BEARISH),2,1.07721,1.07979,2024-05-13 14:00:00,-0.2395,LOSS ❌ (0.24%),0,0.19862622,LOW (<50%)
2024-05-13 12:15:00,SELL (BEARISH),2,1.07964,1.07979,2024-05-13 14:00:00,-0.0139,LOSS ❌ (0.01%),0,0.19511868,LOW (<50%)
2024-05-13 12:30:00,SELL (BEARISH),2,1.07959,1.07979,2024-05-13 14:00:00,-0.0185,LOSS ❌ (0.02%),0,0.24967404,LOW (<50%)
2024-05-13 13:30:00,SELL (BEARISH),2,1.08026,1.07979,2024-05-13 14:00:00,0.0435,LOSS ❌ (-0.04%),0,0.08114068,LOW (<50%)
2024-05-13 19:15:00,BUY (BULLISH),2,1.07869,1.08084738,2024-05-14 12:30:00,0.2,WIN ✅ (+0.20%),1,0.820265,HIGH (>70%)
2024-05-13 19:30:00,BUY (BULLISH),2,1.07869,1.08084738,2024-05-14 12:30:00,0.2,WIN ✅ (+0.20%),1,0.78935254,HIGH (>70%)
2024-05-13 23:45:00,SELL (BEARISH),2,1.07916,1.07700168,2024-05-14 12:30:00,0.2,WIN ✅ (+0.20%),1,0.8805494,HIGH (>70%)
2024-05-14 01:30:00,BUY (BULLISH),2,1.07849,1.08064698,2024-05-14 12:30:00,0.2,WIN ✅ (+0.20%),1,0.52492326,MEDIUM (50-70%)
2024-05-14 05:15:00,BUY (BULLISH),2,1.07852,1.08067704,2024-05-14 12:30:00,0.2,WIN ✅ (+0.20%),1,0.7827128,HIGH (>70%)
2024-05-14 08:15:00,BUY (BULLISH),2,1.07771,1.07986542,2024-05-14 12:15:00,0.2,WIN ✅ (+0.20%),1,0.56932265,MEDIUM (50-70%)
2024-05-14 10:30:00,SELL (BEARISH),2,1.07943,1.07727114,2024-05-14 12:30:00,0.2,WIN ✅ (+0.20%),1,0.87251294,HIGH (>70%)
2024-05-14 11:30:00,SELL (BEARISH),2,1.07967,1.07751066,2024-05-14 12:30:00,0.2,WIN ✅ (+0.20%),1,0.657921,MEDIUM (50-70%)
2024-05-14 13:15:00,SELL (BEARISH),2,1.08152,1.08174,2024-05-14 14:00:00,-0.0203,LOSS ❌ (0.02%),0,0.24297059,LOW (<50%)
2024-05-14 14:00:00,SELL (BEARISH),2,1.08174,1.08434,2024-05-15 14:00:00,-0.2404,LOSS ❌ (0.24%),0,0.2942008,LOW (<50%)
2024-05-14 22:15:00,BUY (BULLISH),2,1.08164,1.08380328,2024-05-15 12:30:00,0.2,WIN ✅ (+0.20%),1,0.8572847,HIGH (>70%)
2024-05-14 23:15:00,BUY (BULLISH),2,1.0815,1.0836629999999998,2024-05-15 12:30:00,0.2,WIN ✅ (+0.20%),1,0.79297066,HIGH (>70%)
2024-05-15 03:15:00,SELL (BEARISH),2,1.08261,1.08434,2024-05-15 14:00:00,-0.1598,LOSS ❌ (0.16%),0,0.1595126,LOW (<50%)
2024-05-15 03:30:00,SELL (BEARISH),2,1.0826,1.08434,2024-05-15 14:00:00,-0.1607,LOSS ❌ (0.16%),0,0.072612315,LOW (<50%)
2024-05-15 07:00:00,SELL (BEARISH),2,1.08301,1.08434,2024-05-15 14:00:00,-0.1228,LOSS ❌ (0.12%),0,0.08765673,LOW (<50%)
2024-05-15 07:15:00,SELL (BEARISH),2,1.08298,1.08434,2024-05-15 14:00:00,-0.1256,LOSS ❌ (0.13%),0,0.28065053,LOW (<50%)
2024-05-15 11:30:00,BUY (BULLISH),2,1.08247,1.08463494,2024-05-15 12:30:00,0.2,WIN ✅ (+0.20%),1,0.60029227,MEDIUM (50-70%)
2024-05-15 15:30:00,SELL (BEARISH),2,1.08674,1.086,2024-05-16 14:00:00,0.0681,LOSS ❌ (-0.07%),0,0.3496028,LOW (<50%)
2024-05-15 17:15:00,SELL (BEARISH),2,1.08762,1.08544476,2024-05-16 13:45:00,0.2,WIN ✅ (+0.20%),1,0.829815,HIGH (>70%)
2024-05-15 17:30:00,SELL (BEARISH),2,1.08765,1.0854747,2024-05-16 13:45:00,0.2,WIN ✅ (+0.20%),1,0.72446257,HIGH (>70%)
2024-05-15 19:15:00,SELL (BEARISH),2,1.088,1.085824,2024-05-16 13:30:00,0.2,WIN ✅ (+0.20%),1,0.8209633,HIGH (>70%)
2024-05-15 22:45:00,SELL (BEARISH),2,1.08888,1.0867022400000002,2024-05-16 08:15:00,0.2,WIN ✅ (+0.20%),1,0.87260485,HIGH (>70%)
2024-05-15 23:15:00,SELL (BEARISH),2,1.08888,1.0867022400000002,2024-05-16 08:15:00,0.2,WIN ✅ (+0.20%),1,0.9016494,HIGH (>70%)
2024-05-15 23:30:00,SELL (BEARISH),2,1.08883,1.08665234,2024-05-16 08:15:00,0.2,WIN ✅ (+0.20%),1,0.8138417,HIGH (>70%)
2024-05-15 23:45:00,SELL (BEARISH),2,1.0888,1.0866224,2024-05-16 08:15:00,0.2,WIN ✅ (+0.20%),1,0.7688791,HIGH (>70%)
2024-05-16 05:15:00,BUY (BULLISH),2,1.08816,1.086,2024-05-16 14:00:00,-0.1985,LOSS ❌ (-0.20%),0,0.19768003,LOW (<50%)
2024-05-16 06:15:00,BUY (BULLISH),2,1.0878,1.086,2024-05-16 14:00:00,-0.1655,LOSS ❌ (-0.17%),0,0.16498938,LOW (<50%)
2024-05-16 06:45:00,BUY (BULLISH),2,1.08759,1.086,2024-05-16 14:00:00,-0.1462,LOSS ❌ (-0.15%),0,0.1859014,LOW (<50%)
2024-05-16 07:00:00,BUY (BULLISH),2,1.08766,1.086,2024-05-16 14:00:00,-0.1526,LOSS ❌ (-0.15%),0,0.18472855,LOW (<50%)
2024-05-16 07:45:00,BUY (BULLISH),2,1.0874,1.086,2024-05-16 14:00:00,-0.1287,LOSS ❌ (-0.13%),0,0.3193669,LOW (<50%)
2024-05-16 11:30:00,BUY (BULLISH),2,1.08653,1.086,2024-05-16 14:00:00,-0.0488,LOSS ❌ (-0.05%),0,0.20164502,LOW (<50%)
2024-05-16 13:00:00,BUY (BULLISH),2,1.08624,1.086,2024-05-16 14:00:00,-0.0221,LOSS ❌ (-0.02%),0,0.16887523,LOW (<50%)
2024-05-16 13:45:00,BUY (BULLISH),2,1.08556,1.086,2024-05-16 14:00:00,0.0405,LOSS ❌ (0.04%),0,0.3572495,LOW (<50%)
2024-05-17 00:30:00,BUY (BULLISH),2,1.08608,1.08598,2024-05-17 14:00:00,-0.0092,LOSS ❌ (-0.01%),0,0.096883066,LOW (<50%)
2024-05-17 02:30:00,BUY (BULLISH),2,1.08555,1.08598,2024-05-17 14:00:00,0.0396,LOSS ❌ (0.04%),0,0.114644654,LOW (<50%)
2024-05-17 09:00:00,BUY (BULLISH),2,1.08435,1.08598,2024-05-17 14:00:00,0.1503,LOSS ❌ (0.15%),0,0.24761574,LOW (<50%)
2024-05-20 03:45:00,SELL (BEARISH),2,1.08775,1.0855745,2024-05-20 12:15:00,0.2,WIN ✅ (+0.20%),1,0.79642695,HIGH (>70%)
2024-05-20 04:15:00,SELL (BEARISH),2,1.08797,1.08579406,2024-05-20 12:00:00,0.2,WIN ✅ (+0.20%),1,0.72582215,HIGH (>70%)
2024-05-20 06:00:00,SELL (BEARISH),2,1.08809,1.08591382,2024-05-20 12:00:00,0.2,WIN ✅ (+0.20%),1,0.7437136,HIGH (>70%)
2024-05-20 12:30:00,BUY (BULLISH),2,1.08551,1.08674,2024-05-20 14:00:00,0.1133,LOSS ❌ (0.11%),0,0.21087578,LOW (<50%)
2024-05-20 21:00:00,BUY (BULLISH),2,1.08565,1.0856,2024-05-21 14:00:00,-0.0046,LOSS ❌ (-0.00%),0,0.051823076,LOW (<50%)
2024-05-20 21:30:00,BUY (BULLISH),2,1.08565,1.0856,2024-05-21 14:00:00,-0.0046,LOSS ❌ (-0.00%),0,0.18894346,LOW (<50%)
2024-05-21 22:00:00,SELL (BEARISH),2,1.08556,1.08338888,2024-05-22 11:00:00,0.2,WIN ✅ (+0.20%),1,0.6666902,MEDIUM (50-70%)
2024-05-21 22:45:00,SELL (BEARISH),2,1.08569,1.08351862,2024-05-22 11:00:00,0.2,WIN ✅ (+0.20%),1,0.86463165,HIGH (>70%)
2024-05-22 04:15:00,BUY (BULLISH),2,1.0854,1.08364,2024-05-22 14:00:00,-0.1622,LOSS ❌ (-0.16%),0,0.23283777,LOW (<50%)
2024-05-22 04:45:00,BUY (BULLISH),2,1.0853,1.08364,2024-05-22 14:00:00,-0.153,LOSS ❌ (-0.15%),0,0.16286449,LOW (<50%)
2024-05-22 07:15:00,BUY (BULLISH),2,1.08525,1.08364,2024-05-22 14:00:00,-0.1484,LOSS ❌ (-0.15%),0,0.32598394,LOW (<50%)
2024-05-22 09:15:00,BUY (BULLISH),2,1.08442,1.08364,2024-05-22 14:00:00,-0.0719,LOSS ❌ (-0.07%),0,0.25926265,LOW (<50%)
2024-05-22 10:30:00,BUY (BULLISH),2,1.08399,1.08364,2024-05-22 14:00:00,-0.0323,LOSS ❌ (-0.03%),0,0.47983754,LOW (<50%)
2024-05-22 11:15:00,BUY (BULLISH),2,1.0831,1.08364,2024-05-22 14:00:00,0.0499,LOSS ❌ (0.05%),0,0.14883439,LOW (<50%)
2024-05-22 11:45:00,BUY (BULLISH),2,1.0827,1.08364,2024-05-22 14:00:00,0.0868,LOSS ❌ (0.09%),0,0.1619515,LOW (<50%)
2024-05-22 16:45:00,SELL (BEARISH),2,1.0842,1.0820316,2024-05-22 18:15:00,0.2,WIN ✅ (+0.20%),1,0.6415247,MEDIUM (50-70%)
2024-05-22 19:15:00,BUY (BULLISH),2,1.08192,1.08408384,2024-05-23 08:00:00,0.2,WIN ✅ (+0.20%),1,0.74138016,HIGH (>70%)
2024-05-23 00:15:00,SELL (BEARISH),2,1.08274,1.08363,2024-05-23 14:00:00,-0.0822,LOSS ❌ (0.08%),0,0.088040695,LOW (<50%)
2024-05-23 03:15:00,SELL (BEARISH),2,1.08286,1.08363,2024-05-23 14:00:00,-0.0711,LOSS ❌ (0.07%),0,0.20917027,LOW (<50%)
2024-05-23 03:45:00,SELL (BEARISH),2,1.08299,1.08363,2024-05-23 14:00:00,-0.0591,LOSS ❌ (0.06%),0,0.11604744,LOW (<50%)
2024-05-23 04:00:00,SELL (BEARISH),2,1.08301,1.08363,2024-05-23 14:00:00,-0.0572,LOSS ❌ (0.06%),0,0.1273829,LOW (<50%)
2024-05-23 12:00:00,SELL (BEARISH),2,1.08505,1.0828799,2024-05-23 13:45:00,0.2,WIN ✅ (+0.20%),1,0.6540573,MEDIUM (50-70%)
2024-05-23 13:15:00,SELL (BEARISH),2,1.08593,1.08375814,2024-05-23 13:45:00,0.2,WIN ✅ (+0.20%),1,0.564475,MEDIUM (50-70%)
2024-05-23 13:30:00,SELL (BEARISH),2,1.08585,1.0836783,2024-05-23 13:45:00,0.2,WIN ✅ (+0.20%),1,0.6020123,MEDIUM (50-70%)
2024-05-23 15:15:00,BUY (BULLISH),2,1.08236,1.08452472,2024-05-24 12:30:00,0.2,WIN ✅ (+0.20%),1,0.69229764,MEDIUM (50-70%)
2024-05-23 15:30:00,BUY (BULLISH),2,1.08253,1.08469506,2024-05-24 12:30:00,0.2,WIN ✅ (+0.20%),1,0.5934464,MEDIUM (50-70%)
2024-05-23 18:00:00,BUY (BULLISH),2,1.08113,1.08329226,2024-05-24 10:00:00,0.2,WIN ✅ (+0.20%),1,0.5437591,MEDIUM (50-70%)
2024-05-24 02:30:00,BUY (BULLISH),2,1.08073,1.08289146,2024-05-24 09:00:00,0.2,WIN ✅ (+0.20%),1,0.77711123,HIGH (>70%)
2024-05-24 08:45:00,SELL (BEARISH),2,1.08243,1.08471,2024-05-24 14:00:00,-0.2106,LOSS ❌ (0.21%),0,0.21057247,LOW (<50%)
2024-05-24 09:15:00,SELL (BEARISH),2,1.0829,1.08471,2024-05-24 14:00:00,-0.1671,LOSS ❌ (0.17%),0,0.14626916,LOW (<50%)
2024-05-24 12:15:00,SELL (BEARISH),2,1.08411,1.08471,2024-05-24 14:00:00,-0.0553,LOSS ❌ (0.06%),0,0.12247239,LOW (<50%)
2024-05-26 21:15:00,BUY (BULLISH),2,1.08443,1.08659886,2024-05-27 09:45:00,0.2,WIN ✅ (+0.20%),1,0.6916685,MEDIUM (50-70%)
2024-05-27 02:00:00,SELL (BEARISH),2,1.08504,1.08489,2024-05-27 14:00:00,0.0138,LOSS ❌ (-0.01%),0,0.24019295,LOW (<50%)
2024-05-27 07:15:00,SELL (BEARISH),2,1.0849,1.08489,2024-05-27 14:00:00,0.0009,LOSS ❌ (-0.00%),0,0.18635474,LOW (<50%)
2024-05-28 00:15:00,SELL (BEARISH),2,1.08627,1.08654,2024-05-28 14:00:00,-0.0249,LOSS ❌ (0.02%),0,0.12203581,LOW (<50%)
2024-05-28 00:45:00,SELL (BEARISH),2,1.08646,1.08654,2024-05-28 14:00:00,-0.0074,LOSS ❌ (0.01%),0,0.237866,LOW (<50%)
2024-05-28 01:15:00,SELL (BEARISH),2,1.08673,1.08654,2024-05-28 14:00:00,0.0175,LOSS ❌ (-0.02%),0,0.18041392,LOW (<50%)
2024-05-28 04:15:00,SELL (BEARISH),2,1.08782,1.08654,2024-05-28 14:00:00,0.1177,LOSS ❌ (-0.12%),0,0.12011255,LOW (<50%)
2024-05-28 23:30:00,BUY (BULLISH),2,1.08525,1.08356,2024-05-29 14:00:00,-0.1557,LOSS ❌ (-0.16%),0,0.16386406,LOW (<50%)
2024-05-29 03:00:00,BUY (BULLISH),2,1.08463,1.08356,2024-05-29 14:00:00,-0.0987,LOSS ❌ (-0.10%),0,0.13010617,LOW (<50%)
2024-05-29 06:45:00,SELL (BEARISH),2,1.08517,1.08299966,2024-05-29 08:00:00,0.2,WIN ✅ (+0.20%),1,0.76282513,HIGH (>70%)
2024-05-29 13:30:00,BUY (BULLISH),2,1.08351,1.08356,2024-05-29 14:00:00,0.0046,LOSS ❌ (0.00%),0,0.350277,LOW (<50%)
2024-05-29 15:00:00,BUY (BULLISH),2,1.08129,1.08345258,2024-05-30 14:00:00,0.2,WIN ✅ (+0.20%),1,0.73929185,HIGH (>70%)
2024-05-29 15:45:00,BUY (BULLISH),2,1.08106,1.0832221199999998,2024-05-30 12:45:00,0.2,WIN ✅ (+0.20%),1,0.64258784,MEDIUM (50-70%)
2024-05-29 19:15:00,BUY (BULLISH),2,1.08029,1.08245058,2024-05-30 12:30:00,0.2,WIN ✅ (+0.20%),1,0.7381241,HIGH (>70%)
2024-05-29 19:45:00,BUY (BULLISH),2,1.08014,1.08230028,2024-05-30 12:30:00,0.2,WIN ✅ (+0.20%),1,0.71924365,HIGH (>70%)
2024-05-29 20:30:00,BUY (BULLISH),2,1.07999,1.08214998,2024-05-30 12:30:00,0.2,WIN ✅ (+0.20%),1,0.84001195,HIGH (>70%)
2024-05-29 23:00:00,BUY (BULLISH),2,1.08015,1.0823102999999998,2024-05-30 12:30:00,0.2,WIN ✅ (+0.20%),1,0.88725704,HIGH (>70%)
2024-05-29 23:30:00,BUY (BULLISH),2,1.08006,1.08222012,2024-05-30 12:30:00,0.2,WIN ✅ (+0.20%),1,0.854067,HIGH (>70%)
2024-05-30 00:15:00,BUY (BULLISH),2,1.07992,1.08207984,2024-05-30 11:30:00,0.2,WIN ✅ (+0.20%),1,0.81827176,HIGH (>70%)
2024-05-30 05:30:00,BUY (BULLISH),2,1.07894,1.08109788,2024-05-30 08:15:00,0.2,WIN ✅ (+0.20%),1,0.85130996,HIGH (>70%)
2024-05-30 05:45:00,BUY (BULLISH),2,1.07896,1.0811179199999998,2024-05-30 08:30:00,0.2,WIN ✅ (+0.20%),1,0.70542663,HIGH (>70%)
2024-05-30 10:45:00,SELL (BEARISH),2,1.08171,1.08303,2024-05-30 14:00:00,-0.122,LOSS ❌ (0.12%),0,0.23887134,LOW (<50%)
2024-05-30 14:45:00,SELL (BEARISH),2,1.08403,1.08186194,2024-05-31 02:30:00,0.2,WIN ✅ (+0.20%),1,0.60464007,MEDIUM (50-70%)
2024-05-30 19:45:00,BUY (BULLISH),2,1.08298,1.08514596,2024-05-31 11:00:00,0.2,WIN ✅ (+0.20%),1,0.8477601,HIGH (>70%)
2024-05-31 01:15:00,BUY (BULLISH),2,1.08296,1.08512592,2024-05-31 11:00:00,0.2,WIN ✅ (+0.20%),1,0.7322284,HIGH (>70%)
2024-05-31 02:00:00,BUY (BULLISH),2,1.08198,1.08414396,2024-05-31 09:00:00,0.2,WIN ✅ (+0.20%),1,0.8759696,HIGH (>70%)
2024-05-31 09:30:00,SELL (BEARISH),2,1.08431,1.08721,2024-05-31 14:00:00,-0.2675,LOSS ❌ (0.27%),0,0.15088674,LOW (<50%)
2024-05-31 10:00:00,SELL (BEARISH),2,1.08466,1.08721,2024-05-31 14:00:00,-0.2351,LOSS ❌ (0.24%),0,0.15142219,LOW (<50%)
2024-05-31 10:15:00,SELL (BEARISH),2,1.08466,1.08721,2024-05-31 14:00:00,-0.2351,LOSS ❌ (0.24%),0,0.16414736,LOW (<50%)
2024-05-31 11:30:00,SELL (BEARISH),2,1.08522,1.08721,2024-05-31 14:00:00,-0.1834,LOSS ❌ (0.18%),0,0.08176879,LOW (<50%)
2024-05-31 16:00:00,BUY (BULLISH),2,1.08429,1.08493,2024-05-31 20:45:00,0.059,LOSS ❌ (0.06%),0,0.15459922,LOW (<50%)
2024-06-03 01:00:00,SELL (BEARISH),2,1.08556,1.08338888,2024-06-03 08:00:00,0.2,WIN ✅ (+0.20%),1,0.63708794,MEDIUM (50-70%)
2024-06-03 01:45:00,SELL (BEARISH),2,1.08573,1.08355854,2024-06-03 08:00:00,0.2,WIN ✅ (+0.20%),1,0.61175436,MEDIUM (50-70%)
2024-06-03 09:45:00,BUY (BULLISH),2,1.08344,1.08560688,2024-06-03 14:00:00,0.2,WIN ✅ (+0.20%),1,0.5904291,MEDIUM (50-70%)
2024-06-03 10:30:00,BUY (BULLISH),2,1.08322,1.0853864400000002,2024-06-03 14:00:00,0.2,WIN ✅ (+0.20%),1,0.7517722,HIGH (>70%)
2024-06-03 14:15:00,SELL (BEARISH),2,1.08782,1.08681,2024-06-04 14:00:00,0.0928,LOSS ❌ (-0.09%),0,0.07989975,LOW (<50%)
2024-06-03 15:45:00,SELL (BEARISH),2,1.08892,1.08674216,2024-06-04 10:00:00,0.2,WIN ✅ (+0.20%),1,0.801312,HIGH (>70%)
2024-06-03 16:00:00,SELL (BEARISH),2,1.08858,1.08640284,2024-06-04 10:30:00,0.2,WIN ✅ (+0.20%),1,0.87438923,HIGH (>70%)
2024-06-04 10:45:00,BUY (BULLISH),2,1.08659,1.08681,2024-06-04 14:00:00,0.0202,LOSS ❌ (0.02%),0,0.13325612,LOW (<50%)
2024-06-04 11:00:00,BUY (BULLISH),2,1.08653,1.08681,2024-06-04 14:00:00,0.0258,LOSS ❌ (0.03%),0,0.09440784,LOW (<50%)
2024-06-05 01:45:00,SELL (BEARISH),2,1.08836,1.08618328,2024-06-05 11:00:00,0.2,WIN ✅ (+0.20%),1,0.75268114,HIGH (>70%)
2024-06-05 08:15:00,BUY (BULLISH),2,1.08726,1.08647,2024-06-05 14:00:00,-0.0727,LOSS ❌ (-0.07%),0,0.25321513,LOW (<50%)
2024-06-05 10:30:00,BUY (BULLISH),2,1.08663,1.08880326,2024-06-05 13:30:00,0.2,WIN ✅ (+0.20%),1,0.84356076,HIGH (>70%)
2024-06-05 13:00:00,SELL (BEARISH),2,1.08826,1.08647,2024-06-05 14:00:00,0.1645,LOSS ❌ (-0.16%),0,0.3242193,LOW (<50%)
2024-06-06 01:30:00,SELL (BEARISH),2,1.08898,1.08680204,2024-06-06 11:15:00,0.2,WIN ✅ (+0.20%),1,0.5590542,MEDIUM (50-70%)
2024-06-06 08:30:00,BUY (BULLISH),2,1.0874,1.0895747999999998,2024-06-06 12:30:00,0.2,WIN ✅ (+0.20%),1,0.6503103,MEDIUM (50-70%)
2024-06-06 11:45:00,BUY (BULLISH),2,1.08672,1.08889344,2024-06-06 12:15:00,0.2,WIN ✅ (+0.20%),1,0.74638194,HIGH (>70%)
2024-06-06 12:30:00,SELL (BEARISH),2,1.08879,1.088,2024-06-06 14:00:00,0.0726,LOSS ❌ (-0.07%),0,0.16757703,LOW (<50%)
2024-06-06 19:00:00,SELL (BEARISH),2,1.08928,1.08710144,2024-06-07 12:30:00,0.2,WIN ✅ (+0.20%),1,0.74880767,HIGH (>70%)
2024-06-07 00:30:00,BUY (BULLISH),2,1.08881,1.08136,2024-06-07 14:00:00,-0.6842,LOSS ❌ (-0.68%),0,0.17673673,LOW (<50%)
2024-06-07 02:00:00,SELL (BEARISH),2,1.08945,1.0872711,2024-06-07 12:30:00,0.2,WIN ✅ (+0.20%),1,0.9158287,HIGH (>70%)
2024-06-07 02:45:00,SELL (BEARISH),2,1.08964,1.08746072,2024-06-07 12:30:00,0.2,WIN ✅ (+0.20%),1,0.82020175,HIGH (>70%)
2024-06-07 03:00:00,SELL (BEARISH),2,1.0896,1.0874208,2024-06-07 12:30:00,0.2,WIN ✅ (+0.20%),1,0.6901687,MEDIUM (50-70%)
2024-06-07 08:15:00,BUY (BULLISH),2,1.08892,1.08136,2024-06-07 14:00:00,-0.6943,LOSS ❌ (-0.69%),0,0.24714117,LOW (<50%)
2024-06-07 12:45:00,BUY (BULLISH),3,1.08328,1.08136,2024-06-07 14:00:00,-0.1772,LOSS ❌ (-0.18%),0,0.04548127,LOW (<50%)
2024-06-07 13:00:00,BUY (BULLISH),2,1.08262,1.08136,2024-06-07 14:00:00,-0.1164,LOSS ❌ (-0.12%),0,0.07594894,LOW (<50%)
2024-06-07 14:15:00,BUY (BULLISH),2,1.08175,1.08015,2024-06-07 20:45:00,-0.1479,LOSS ❌ (-0.15%),0,0.04315142,LOW (<50%)
2024-06-07 15:00:00,BUY (BULLISH),3,1.08119,1.08015,2024-06-07 20:45:00,-0.0962,LOSS ❌ (-0.10%),0,0.15247862,LOW (<50%)
2024-06-07 17:15:00,BUY (BULLISH),2,1.08015,1.08015,2024-06-07 20:45:00,0.0,LOSS ❌ (0.00%),0,0.07240501,LOW (<50%)
2024-06-07 17:30:00,BUY (BULLISH),2,1.0801,1.08015,2024-06-07 20:45:00,0.0046,LOSS ❌ (0.00%),0,0.084829696,LOW (<50%)
2024-06-10 05:15:00,BUY (BULLISH),2,1.07499,1.07369,2024-06-10 14:00:00,-0.1209,LOSS ❌ (-0.12%),0,0.11941408,LOW (<50%)
2024-06-10 05:30:00,BUY (BULLISH),2,1.07507,1.07369,2024-06-10 14:00:00,-0.1284,LOSS ❌ (-0.13%),0,0.24686596,LOW (<50%)
2024-06-10 17:30:00,SELL (BEARISH),2,1.07574,1.07358852,2024-06-11 11:00:00,0.2,WIN ✅ (+0.20%),1,0.7156147,HIGH (>70%)
2024-06-10 18:00:00,SELL (BEARISH),2,1.07586,1.07370828,2024-06-11 10:45:00,0.2,WIN ✅ (+0.20%),1,0.5862227,MEDIUM (50-70%)
2024-06-10 18:45:00,SELL (BEARISH),2,1.07612,1.07396776,2024-06-11 10:30:00,0.2,WIN ✅ (+0.20%),1,0.92293143,HIGH (>70%)
2024-06-10 19:15:00,SELL (BEARISH),2,1.07634,1.07418732,2024-06-11 09:15:00,0.2,WIN ✅ (+0.20%),1,0.5438261,MEDIUM (50-70%)
2024-06-11 02:15:00,SELL (BEARISH),2,1.07671,1.07455658,2024-06-11 08:45:00,0.2,WIN ✅ (+0.20%),1,0.62965626,MEDIUM (50-70%)
2024-06-11 02:30:00,SELL (BEARISH),2,1.07675,1.0745965000000002,2024-06-11 08:45:00,0.2,WIN ✅ (+0.20%),1,0.64008945,MEDIUM (50-70%)
2024-06-11 03:00:00,SELL (BEARISH),2,1.07681,1.07465638,2024-06-11 08:45:00,0.2,WIN ✅ (+0.20%),1,0.7198546,HIGH (>70%)
2024-06-11 03:45:00,SELL (BEARISH),2,1.07681,1.07465638,2024-06-11 08:45:00,0.2,WIN ✅ (+0.20%),1,0.83669007,HIGH (>70%)
2024-06-11 04:15:00,SELL (BEARISH),2,1.07692,1.07476616,2024-06-11 08:45:00,0.2,WIN ✅ (+0.20%),1,0.80984205,HIGH (>70%)
2024-06-11 06:30:00,SELL (BEARISH),2,1.07694,1.07478612,2024-06-11 08:45:00,0.2,WIN ✅ (+0.20%),1,0.6820344,MEDIUM (50-70%)
2024-06-11 11:15:00,BUY (BULLISH),2,1.07325,1.07267,2024-06-11 14:00:00,-0.054,LOSS ❌ (-0.05%),0,0.14596148,LOW (<50%)
2024-06-11 11:45:00,BUY (BULLISH),2,1.07286,1.07267,2024-06-11 14:00:00,-0.0177,LOSS ❌ (-0.02%),0,0.2584521,LOW (<50%)
2024-06-11 13:45:00,BUY (BULLISH),2,1.07236,1.07267,2024-06-11 14:00:00,0.0289,LOSS ❌ (0.03%),0,0.20868666,LOW (<50%)
2024-06-11 18:45:00,SELL (BEARISH),2,1.0743,1.0825,2024-06-12 14:00:00,-0.7633,LOSS ❌ (0.76%),0,0.17918204,LOW (<50%)
2024-06-11 19:15:00,SELL (BEARISH),2,1.07461,1.0825,2024-06-12 14:00:00,-0.7342,LOSS ❌ (0.73%),0,0.20143954,LOW (<50%)
2024-06-12 01:00:00,BUY (BULLISH),2,1.07357,1.0757171399999998,2024-06-12 10:45:00,0.2,WIN ✅ (+0.20%),1,0.7634613,HIGH (>70%)
2024-06-12 03:00:00,SELL (BEARISH),2,1.07408,1.0825,2024-06-12 14:00:00,-0.7839,LOSS ❌ (0.78%),0,0.2390543,LOW (<50%)
2024-06-12 06:30:00,SELL (BEARISH),2,1.07447,1.0825,2024-06-12 14:00:00,-0.7473,LOSS ❌ (0.75%),0,0.1272173,LOW (<50%)
2024-06-12 08:15:00,SELL (BEARISH),2,1.07516,1.0825,2024-06-12 14:00:00,-0.6827,LOSS ❌ (0.68%),0,0.1899947,LOW (<50%)
2024-06-12 12:45:00,SELL (BEARISH),2,1.08261,1.0825,2024-06-12 14:00:00,0.0102,LOSS ❌ (-0.01%),0,0.117152356,LOW (<50%)
2024-06-12 13:30:00,SELL (BEARISH),2,1.08316,1.0825,2024-06-12 14:00:00,0.0609,LOSS ❌ (-0.06%),0,0.108120255,LOW (<50%)
2024-06-12 14:00:00,SELL (BEARISH),2,1.0825,1.080335,2024-06-12 19:30:00,0.2,WIN ✅ (+0.20%),1,0.8598907,HIGH (>70%)
2024-06-12 14:30:00,SELL (BEARISH),3,1.08428,1.0821114399999998,2024-06-12 18:00:00,0.2,WIN ✅ (+0.20%),1,0.88408864,HIGH (>70%)
2024-06-12 14:45:00,SELL (BEARISH),2,1.08474,1.08257052,2024-06-12 18:00:00,0.2,WIN ✅ (+0.20%),1,0.8055755,HIGH (>70%)
2024-06-12 15:00:00,SELL (BEARISH),2,1.08463,1.08246074,2024-06-12 18:00:00,0.2,WIN ✅ (+0.20%),1,0.7006243,HIGH (>70%)
2024-06-12 19:30:00,BUY (BULLISH),2,1.08079,1.07825,2024-06-13 14:00:00,-0.235,LOSS ❌ (-0.24%),0,0.12308559,LOW (<50%)
2024-06-13 01:00:00,SELL (BEARISH),2,1.08132,1.07915736,2024-06-13 11:00:00,0.2,WIN ✅ (+0.20%),1,0.8094869,HIGH (>70%)
2024-06-13 04:30:00,BUY (BULLISH),2,1.08035,1.07825,2024-06-13 14:00:00,-0.1944,LOSS ❌ (-0.19%),0,0.18469913,LOW (<50%)
2024-06-13 07:15:00,SELL (BEARISH),2,1.08082,1.07865836,2024-06-13 11:30:00,0.2,WIN ✅ (+0.20%),1,0.6310571,MEDIUM (50-70%)
2024-06-13 07:45:00,SELL (BEARISH),2,1.08139,1.0792272200000002,2024-06-13 11:00:00,0.2,WIN ✅ (+0.20%),1,0.685473,MEDIUM (50-70%)
2024-06-13 11:00:00,BUY (BULLISH),2,1.07934,1.08149868,2024-06-13 12:30:00,0.2,WIN ✅ (+0.20%),1,0.71811634,HIGH (>70%)
2024-06-13 12:30:00,SELL (BEARISH),2,1.07989,1.07825,2024-06-13 14:00:00,0.1519,LOSS ❌ (-0.15%),0,0.19026718,LOW (<50%)
2024-06-13 14:45:00,BUY (BULLISH),2,1.07711,1.06762,2024-06-14 14:00:00,-0.8811,LOSS ❌ (-0.88%),0,0.16816175,LOW (<50%)
2024-06-13 15:00:00,BUY (BULLISH),2,1.0766,1.06762,2024-06-14 14:00:00,-0.8341,LOSS ❌ (-0.83%),0,0.13305715,LOW (<50%)
2024-06-14 01:30:00,SELL (BEARISH),2,1.07394,1.0717921199999998,2024-06-14 06:30:00,0.2,WIN ✅ (+0.20%),1,0.8030005,HIGH (>70%)
2024-06-14 02:45:00,SELL (BEARISH),2,1.07425,1.0721014999999998,2024-06-14 06:30:00,0.2,WIN ✅ (+0.20%),1,0.7417063,HIGH (>70%)
2024-06-14 03:00:00,SELL (BEARISH),2,1.0743,1.0721514,2024-06-14 06:30:00,0.2,WIN ✅ (+0.20%),1,0.6662364,MEDIUM (50-70%)
2024-06-14 04:45:00,BUY (BULLISH),2,1.07359,1.06762,2024-06-14 14:00:00,-0.5561,LOSS ❌ (-0.56%),0,0.18710762,LOW (<50%)
2024-06-14 05:30:00,BUY (BULLISH),2,1.07354,1.06762,2024-06-14 14:00:00,-0.5514,LOSS ❌ (-0.55%),0,0.16078307,LOW (<50%)
2024-06-14 07:15:00,BUY (BULLISH),2,1.07166,1.06762,2024-06-14 14:00:00,-0.377,LOSS ❌ (-0.38%),0,0.18638997,LOW (<50%)
2024-06-14 13:30:00,BUY (BULLISH),3,1.06737,1.06762,2024-06-14 14:00:00,0.0234,LOSS ❌ (0.02%),0,0.3296069,LOW (<50%)
2024-06-14 13:45:00,BUY (BULLISH),2,1.06688,1.06762,2024-06-14 14:00:00,0.0694,LOSS ❌ (0.07%),0,0.21050106,LOW (<50%)
2024-06-16 21:15:00,SELL (BEARISH),2,1.07056,1.07146,2024-06-17 14:00:00,-0.0841,LOSS ❌ (0.08%),0,0.42528704,LOW (<50%)
2024-06-17 09:30:00,SELL (BEARISH),3,1.07105,1.07146,2024-06-17 14:00:00,-0.0383,LOSS ❌ (0.04%),0,0.25655812,LOW (<50%)
2024-06-17 11:00:00,SELL (BEARISH),2,1.07104,1.07146,2024-06-17 14:00:00,-0.0392,LOSS ❌ (0.04%),0,0.16393057,LOW (<50%)
2024-06-17 11:30:00,SELL (BEARISH),2,1.07155,1.07146,2024-06-17 14:00:00,0.0084,LOSS ❌ (-0.01%),0,0.1815117,LOW (<50%)
2024-06-17 15:15:00,SELL (BEARISH),2,1.07215,1.07469,2024-06-18 14:00:00,-0.2369,LOSS ❌ (0.24%),0,0.32334095,LOW (<50%)
2024-06-17 18:15:00,SELL (BEARISH),2,1.0731,1.0709537999999998,2024-06-18 11:45:00,0.2,WIN ✅ (+0.20%),1,0.61397296,MEDIUM (50-70%)
2024-06-17 18:45:00,SELL (BEARISH),2,1.07358,1.07143284,2024-06-18 11:00:00,0.2,WIN ✅ (+0.20%),1,0.8556751,HIGH (>70%)
2024-06-17 23:45:00,SELL (BEARISH),2,1.07395,1.0718021,2024-06-18 05:30:00,0.2,WIN ✅ (+0.20%),1,0.7378614,HIGH (>70%)
2024-06-18 01:45:00,BUY (BULLISH),2,1.07274,1.07488548,2024-06-18 13:45:00,0.2,WIN ✅ (+0.20%),1,0.7608265,HIGH (>70%)
2024-06-18 03:15:00,BUY (BULLISH),2,1.07217,1.07431434,2024-06-18 13:45:00,0.2,WIN ✅ (+0.20%),1,0.7913143,HIGH (>70%)
2024-06-18 03:30:00,BUY (BULLISH),2,1.07226,1.07440452,2024-06-18 13:45:00,0.2,WIN ✅ (+0.20%),1,0.75792515,HIGH (>70%)
2024-06-18 05:00:00,BUY (BULLISH),2,1.07207,1.07421414,2024-06-18 13:45:00,0.2,WIN ✅ (+0.20%),1,0.7733623,HIGH (>70%)
2024-06-18 07:00:00,SELL (BEARISH),2,1.07325,1.0711035,2024-06-18 11:30:00,0.2,WIN ✅ (+0.20%),1,0.8264947,HIGH (>70%)
2024-06-18 07:15:00,SELL (BEARISH),2,1.07334,1.07119332,2024-06-18 11:30:00,0.2,WIN ✅ (+0.20%),1,0.90093,HIGH (>70%)
2024-06-18 08:30:00,BUY (BULLISH),2,1.07195,1.0740939,2024-06-18 13:45:00,0.2,WIN ✅ (+0.20%),1,0.5739666,MEDIUM (50-70%)
2024-06-19 01:15:00,BUY (BULLISH),2,1.07353,1.07443,2024-06-19 14:00:00,0.0838,LOSS ❌ (0.08%),0,0.23511843,LOW (<50%)
2024-06-19 04:45:00,BUY (BULLISH),2,1.07354,1.07443,2024-06-19 14:00:00,0.0829,LOSS ❌ (0.08%),0,0.2264497,LOW (<50%)
2024-06-19 05:15:00,BUY (BULLISH),2,1.07364,1.07443,2024-06-19 14:00:00,0.0736,LOSS ❌ (0.07%),0,0.13263498,LOW (<50%)
2024-06-19 08:45:00,SELL (BEARISH),2,1.07399,1.07443,2024-06-19 14:00:00,-0.041,LOSS ❌ (0.04%),0,0.2204647,LOW (<50%)
2024-06-19 09:15:00,SELL (BEARISH),2,1.07409,1.07443,2024-06-19 14:00:00,-0.0317,LOSS ❌ (0.03%),0,0.09164976,LOW (<50%)
2024-06-19 22:00:00,SELL (BEARISH),2,1.0745,1.072351,2024-06-20 08:00:00,0.2,WIN ✅ (+0.20%),1,0.4825835,LOW (<50%)
2024-06-20 02:15:00,BUY (BULLISH),2,1.07429,1.07253,2024-06-20 14:00:00,-0.1638,LOSS ❌ (-0.16%),0,0.19514471,LOW (<50%)
2024-06-20 16:30:00,BUY (BULLISH),2,1.07074,1.06924,2024-06-21 14:00:00,-0.1401,LOSS ❌ (-0.14%),0,0.15707757,LOW (<50%)
2024-06-21 05:00:00,SELL (BEARISH),2,1.0718,1.0696564000000002,2024-06-21 07:15:00,0.2,WIN ✅ (+0.20%),1,0.80476826,HIGH (>70%)
2024-06-24 01:15:00,BUY (BULLISH),2,1.06875,1.0708875,2024-06-24 07:30:00,0.2,WIN ✅ (+0.20%),1,0.82980114,HIGH (>70%)
2024-06-24 08:15:00,SELL (BEARISH),2,1.07139,1.07397,2024-06-24 14:00:00,-0.2408,LOSS ❌ (0.24%),0,0.07021139,LOW (<50%)
2024-06-24 11:00:00,SELL (BEARISH),2,1.073,1.07397,2024-06-24 14:00:00,-0.0904,LOSS ❌ (0.09%),0,0.215378,LOW (<50%)
2024-06-24 13:15:00,SELL (BEARISH),2,1.07375,1.07397,2024-06-24 14:00:00,-0.0205,LOSS ❌ (0.02%),0,0.14774287,LOW (<50%)
2024-06-24 13:30:00,SELL (BEARISH),2,1.07372,1.07397,2024-06-24 14:00:00,-0.0233,LOSS ❌ (0.02%),0,0.23043573,LOW (<50%)
2024-06-24 17:15:00,BUY (BULLISH),2,1.07231,1.06946,2024-06-25 14:00:00,-0.2658,LOSS ❌ (-0.27%),0,0.12544595,LOW (<50%)
2024-06-25 02:15:00,SELL (BEARISH),2,1.07354,1.07139292,2024-06-25 11:15:00,0.2,WIN ✅ (+0.20%),1,0.84783006,HIGH (>70%)
2024-06-25 18:30:00,SELL (BEARISH),2,1.07161,1.06946678,2024-06-26 06:45:00,0.2,WIN ✅ (+0.20%),1,0.87348825,HIGH (>70%)
2024-06-25 18:45:00,SELL (BEARISH),2,1.07156,1.06941688,2024-06-26 06:45:00,0.2,WIN ✅ (+0.20%),1,0.6880297,MEDIUM (50-70%)
2024-06-25 23:30:00,BUY (BULLISH),2,1.07095,1.06854,2024-06-26 14:00:00,-0.225,LOSS ❌ (-0.23%),0,0.11659115,LOW (<50%)
2024-06-26 01:15:00,SELL (BEARISH),2,1.07131,1.06916738,2024-06-26 07:00:00,0.2,WIN ✅ (+0.20%),1,0.8460943,HIGH (>70%)
2024-06-26 01:30:00,SELL (BEARISH),2,1.07132,1.06917736,2024-06-26 07:00:00,0.2,WIN ✅ (+0.20%),1,0.78914905,HIGH (>70%)
2024-06-26 02:00:00,SELL (BEARISH),2,1.07149,1.06934702,2024-06-26 06:45:00,0.2,WIN ✅ (+0.20%),1,0.7475698,HIGH (>70%)
2024-06-26 05:30:00,BUY (BULLISH),2,1.07058,1.06854,2024-06-26 14:00:00,-0.1906,LOSS ❌ (-0.19%),0,0.32928842,LOW (<50%)
2024-06-26 14:45:00,SELL (BEARISH),2,1.06799,1.07195,2024-06-27 14:00:00,-0.3708,LOSS ❌ (0.37%),0,0.25040403,LOW (<50%)
2024-06-27 00:45:00,BUY (BULLISH),2,1.06778,1.06991556,2024-06-27 09:45:00,0.2,WIN ✅ (+0.20%),1,0.939005,HIGH (>70%)
2024-06-27 01:30:00,SELL (BEARISH),2,1.06839,1.07195,2024-06-27 14:00:00,-0.3332,LOSS ❌ (0.33%),0,0.20953748,LOW (<50%)
2024-06-27 02:00:00,SELL (BEARISH),2,1.06889,1.07195,2024-06-27 14:00:00,-0.2863,LOSS ❌ (0.29%),0,0.077466555,LOW (<50%)
2024-06-27 03:30:00,SELL (BEARISH),2,1.06907,1.07195,2024-06-27 14:00:00,-0.2694,LOSS ❌ (0.27%),0,0.26948223,LOW (<50%)
2024-06-28 06:30:00,SELL (BEARISH),2,1.06958,1.0705,2024-06-28 14:00:00,-0.086,LOSS ❌ (0.09%),0,0.24037002,LOW (<50%)
2024-06-28 10:30:00,SELL (BEARISH),2,1.07045,1.0705,2024-06-28 14:00:00,-0.0047,LOSS ❌ (0.00%),0,0.06923528,LOW (<50%)
2024-06-28 14:45:00,SELL (BEARISH),2,1.07179,1.07138,2024-06-28 20:45:00,0.0383,LOSS ❌ (-0.04%),0,0.1866952,LOW (<50%)
2024-06-28 17:00:00,SELL (BEARISH),2,1.07216,1.07138,2024-06-28 20:45:00,0.0728,LOSS ❌ (-0.07%),0,0.19092876,LOW (<50%)
2024-06-28 17:15:00,SELL (BEARISH),2,1.0718,1.07138,2024-06-28 20:45:00,0.0392,LOSS ❌ (-0.04%),0,0.10836886,LOW (<50%)
2024-07-01 08:00:00,BUY (BULLISH),2,1.07565,1.07483,2024-07-01 14:00:00,-0.0762,LOSS ❌ (-0.08%),0,0.22510314,LOW (<50%)
2024-07-01 10:45:00,BUY (BULLISH),2,1.07483,1.07483,2024-07-01 14:00:00,0.0,LOSS ❌ (0.00%),0,0.1697391,LOW (<50%)
2024-07-01 12:30:00,BUY (BULLISH),2,1.0742,1.0763484,2024-07-01 14:00:00,0.2,WIN ✅ (+0.20%),1,0.6718745,MEDIUM (50-70%)
2024-07-02 00:45:00,BUY (BULLISH),2,1.07343,1.07295,2024-07-02 14:00:00,-0.0447,LOSS ❌ (-0.04%),0,0.20469913,LOW (<50%)
2024-07-02 01:00:00,BUY (BULLISH),2,1.07336,1.07295,2024-07-02 14:00:00,-0.0382,LOSS ❌ (-0.04%),0,0.27610528,LOW (<50%)
2024-07-02 01:15:00,BUY (BULLISH),2,1.07329,1.07295,2024-07-02 14:00:00,-0.0317,LOSS ❌ (-0.03%),0,0.2466998,LOW (<50%)
2024-07-02 04:45:00,BUY (BULLISH),2,1.07291,1.07295,2024-07-02 14:00:00,0.0037,LOSS ❌ (0.00%),0,0.20838757,LOW (<50%)
2024-07-02 05:00:00,BUY (BULLISH),2,1.07282,1.07295,2024-07-02 14:00:00,0.0121,LOSS ❌ (0.01%),0,0.39783555,LOW (<50%)
2024-07-02 13:00:00,SELL (BEARISH),2,1.07319,1.07295,2024-07-02 14:00:00,0.0224,LOSS ❌ (-0.02%),0,0.23432541,LOW (<50%)
2024-07-02 19:30:00,SELL (BEARISH),2,1.07452,1.08135,2024-07-03 14:00:00,-0.6356,LOSS ❌ (0.64%),0,0.24528354,LOW (<50%)
2024-07-02 20:15:00,SELL (BEARISH),2,1.07455,1.08135,2024-07-03 14:00:00,-0.6328,LOSS ❌ (0.63%),0,0.17741857,LOW (<50%)
2024-07-03 14:15:00,SELL (BEARISH),2,1.08031,1.0781493800000002,2024-07-03 18:00:00,0.2,WIN ✅ (+0.20%),1,0.81002444,HIGH (>70%)
2024-07-04 00:00:00,SELL (BEARISH),2,1.07906,1.0801,2024-07-04 14:00:00,-0.0964,LOSS ❌ (0.10%),0,0.19639981,LOW (<50%)
2024-07-04 01:00:00,SELL (BEARISH),2,1.07912,1.0801,2024-07-04 14:00:00,-0.0908,LOSS ❌ (0.09%),0,0.248125,LOW (<50%)
2024-07-04 03:00:00,BUY (BULLISH),2,1.07858,1.0801,2024-07-04 14:00:00,0.1409,LOSS ❌ (0.14%),0,0.11656725,LOW (<50%)
2024-07-04 03:45:00,BUY (BULLISH),2,1.07848,1.0801,2024-07-04 14:00:00,0.1502,LOSS ❌ (0.15%),0,0.23209146,LOW (<50%)
2024-07-04 07:45:00,SELL (BEARISH),2,1.07941,1.0801,2024-07-04 14:00:00,-0.0639,LOSS ❌ (0.06%),0,0.32994902,LOW (<50%)
2024-07-04 14:00:00,SELL (BEARISH),2,1.0801,1.08152,2024-07-05 14:00:00,-0.1315,LOSS ❌ (0.13%),0,0.2491869,LOW (<50%)
2024-07-04 22:00:00,SELL (BEARISH),2,1.08106,1.08152,2024-07-05 14:00:00,-0.0426,LOSS ❌ (0.04%),0,0.20669754,LOW (<50%)
2024-07-04 22:15:00,BUY (BULLISH),2,1.08104,1.08320208,2024-07-05 12:30:00,0.2,WIN ✅ (+0.20%),1,0.8694863,HIGH (>70%)
2024-07-05 19:30:00,SELL (BEARISH),2,1.08412,1.08365,2024-07-05 20:45:00,0.0434,LOSS ❌ (-0.04%),0,0.36325476,LOW (<50%)
2024-07-08 06:15:00,BUY (BULLISH),2,1.08157,1.08373314,2024-07-08 07:45:00,0.2,WIN ✅ (+0.20%),1,0.8760327,HIGH (>70%)
2024-07-08 13:00:00,SELL (BEARISH),2,1.08429,1.08418,2024-07-08 14:00:00,0.0101,LOSS ❌ (-0.01%),0,0.2697045,LOW (<50%)
2024-07-08 13:15:00,SELL (BEARISH),2,1.08437,1.08418,2024-07-08 14:00:00,0.0175,LOSS ❌ (-0.02%),0,0.38187346,LOW (<50%)
2024-07-08 18:15:00,BUY (BULLISH),2,1.08284,1.082,2024-07-09 14:00:00,-0.0776,LOSS ❌ (-0.08%),0,0.23778792,LOW (<50%)
2024-07-08 23:45:00,SELL (BEARISH),2,1.08301,1.082,2024-07-09 14:00:00,0.0933,LOSS ❌ (-0.09%),0,0.17279327,LOW (<50%)
2024-07-09 20:15:00,SELL (BEARISH),2,1.08149,1.08226,2024-07-10 14:00:00,-0.0712,LOSS ❌ (0.07%),0,0.31148782,LOW (<50%)
2024-07-10 00:00:00,SELL (BEARISH),2,1.08139,1.08226,2024-07-10 14:00:00,-0.0805,LOSS ❌ (0.08%),0,0.111446425,LOW (<50%)
2024-07-10 00:15:00,SELL (BEARISH),2,1.08143,1.08226,2024-07-10 14:00:00,-0.0768,LOSS ❌ (0.08%),0,0.075074375,LOW (<50%)
2024-07-10 02:30:00,SELL (BEARISH),2,1.08157,1.08226,2024-07-10 14:00:00,-0.0638,LOSS ❌ (0.06%),0,0.11362096,LOW (<50%)
2024-07-10 05:00:00,SELL (BEARISH),2,1.08187,1.08226,2024-07-10 14:00:00,-0.036,LOSS ❌ (0.04%),0,0.13025646,LOW (<50%)
2024-07-10 07:00:00,SELL (BEARISH),2,1.0821,1.08226,2024-07-10 14:00:00,-0.0148,LOSS ❌ (0.01%),0,0.17918633,LOW (<50%)
2024-07-10 11:45:00,SELL (BEARISH),2,1.08252,1.08226,2024-07-10 14:00:00,0.024,LOSS ❌ (-0.02%),0,0.3191692,LOW (<50%)
2024-07-10 12:15:00,SELL (BEARISH),2,1.08245,1.08226,2024-07-10 14:00:00,0.0176,LOSS ❌ (-0.02%),0,0.2609856,LOW (<50%)
2024-07-10 23:15:00,SELL (BEARISH),2,1.08347,1.08794,2024-07-11 14:00:00,-0.4126,LOSS ❌ (0.41%),0,0.16850738,LOW (<50%)
2024-07-11 02:30:00,SELL (BEARISH),2,1.08383,1.08794,2024-07-11 14:00:00,-0.3792,LOSS ❌ (0.38%),0,0.26991883,LOW (<50%)
2024-07-11 08:00:00,SELL (BEARISH),2,1.08394,1.08794,2024-07-11 14:00:00,-0.369,LOSS ❌ (0.37%),0,0.12627149,LOW (<50%)
2024-07-11 12:00:00,SELL (BEARISH),2,1.0854,1.08794,2024-07-11 14:00:00,-0.234,LOSS ❌ (0.23%),0,0.23783061,LOW (<50%)
2024-07-11 12:45:00,SELL (BEARISH),2,1.08864,1.08794,2024-07-11 14:00:00,0.0643,LOSS ❌ (-0.06%),0,0.15145494,LOW (<50%)
2024-07-12 02:00:00,BUY (BULLISH),2,1.0864,1.0885728,2024-07-12 08:30:00,0.2,WIN ✅ (+0.20%),1,0.6966366,MEDIUM (50-70%)
2024-07-12 02:15:00,BUY (BULLISH),2,1.08643,1.08860286,2024-07-12 08:30:00,0.2,WIN ✅ (+0.20%),1,0.7466519,HIGH (>70%)
2024-07-12 06:45:00,BUY (BULLISH),2,1.08646,1.08863292,2024-07-12 08:30:00,0.2,WIN ✅ (+0.20%),1,0.6153396,MEDIUM (50-70%)
2024-07-12 09:00:00,SELL (BEARISH),2,1.0886,1.08979,2024-07-12 14:00:00,-0.1093,LOSS ❌ (0.11%),0,0.15176082,LOW (<50%)
2024-07-12 11:15:00,SELL (BEARISH),2,1.08898,1.08979,2024-07-12 14:00:00,-0.0744,LOSS ❌ (0.07%),0,0.33281294,LOW (<50%)
2024-07-15 06:00:00,SELL (BEARISH),2,1.08944,1.09126,2024-07-15 14:00:00,-0.1671,LOSS ❌ (0.17%),0,0.18245871,LOW (<50%)
2024-07-15 06:45:00,BUY (BULLISH),2,1.08891,1.09108782,2024-07-15 09:30:00,0.2,WIN ✅ (+0.20%),1,0.5770974,MEDIUM (50-70%)
2024-07-15 09:30:00,SELL (BEARISH),2,1.09098,1.09126,2024-07-15 14:00:00,-0.0257,LOSS ❌ (0.03%),0,0.1368189,LOW (<50%)
2024-07-15 10:00:00,SELL (BEARISH),2,1.09128,1.09126,2024-07-15 14:00:00,0.0018,LOSS ❌ (-0.00%),0,0.20104305,LOW (<50%)
2024-07-15 10:15:00,SELL (BEARISH),2,1.09125,1.09126,2024-07-15 14:00:00,-0.0009,LOSS ❌ (0.00%),0,0.23017026,LOW (<50%)
2024-07-15 21:00:00,BUY (BULLISH),2,1.08938,1.08782,2024-07-16 14:00:00,-0.1432,LOSS ❌ (-0.14%),0,0.35227248,LOW (<50%)
2024-07-16 01:00:00,BUY (BULLISH),2,1.08916,1.08782,2024-07-16 14:00:00,-0.123,LOSS ❌ (-0.12%),0,0.21133627,LOW (<50%)
2024-07-16 02:15:00,BUY (BULLISH),2,1.089,1.08782,2024-07-16 14:00:00,-0.1084,LOSS ❌ (-0.11%),0,0.15287189,LOW (<50%)
2024-07-16 06:30:00,BUY (BULLISH),2,1.08856,1.08782,2024-07-16 14:00:00,-0.068,LOSS ❌ (-0.07%),0,0.1404143,LOW (<50%)
2024-07-16 07:30:00,SELL (BEARISH),2,1.08958,1.08740084,2024-07-16 13:00:00,0.2,WIN ✅ (+0.20%),1,0.5669214,MEDIUM (50-70%)
2024-07-16 08:15:00,SELL (BEARISH),2,1.08976,1.08758048,2024-07-16 12:45:00,0.2,WIN ✅ (+0.20%),1,0.6016405,MEDIUM (50-70%)
2024-07-16 09:00:00,SELL (BEARISH),2,1.08995,1.0877701,2024-07-16 12:45:00,0.2,WIN ✅ (+0.20%),1,0.6756252,MEDIUM (50-70%)
2024-07-16 18:00:00,SELL (BEARISH),2,1.0891,1.09333,2024-07-17 14:00:00,-0.3884,LOSS ❌ (0.39%),0,0.3103801,LOW (<50%)
2024-07-16 23:45:00,SELL (BEARISH),2,1.09016,1.09333,2024-07-17 14:00:00,-0.2908,LOSS ❌ (0.29%),0,0.13589875,LOW (<50%)
2024-07-17 02:00:00,SELL (BEARISH),2,1.09015,1.09333,2024-07-17 14:00:00,-0.2917,LOSS ❌ (0.29%),0,0.1569713,LOW (<50%)
2024-07-17 20:45:00,SELL (BEARISH),2,1.09392,1.09173216,2024-07-18 13:15:00,0.2,WIN ✅ (+0.20%),1,0.93303996,HIGH (>70%)
2024-07-17 23:15:00,SELL (BEARISH),2,1.09399,1.09180202,2024-07-18 13:15:00,0.2,WIN ✅ (+0.20%),1,0.9421261,HIGH (>70%)
2024-07-17 23:30:00,SELL (BEARISH),2,1.09401,1.09182198,2024-07-18 13:15:00,0.2,WIN ✅ (+0.20%),1,0.9443353,HIGH (>70%)
2024-07-18 01:00:00,BUY (BULLISH),2,1.09358,1.09066,2024-07-18 14:00:00,-0.267,LOSS ❌ (-0.27%),0,0.11682298,LOW (<50%)
2024-07-18 02:00:00,BUY (BULLISH),2,1.09338,1.09066,2024-07-18 14:00:00,-0.2488,LOSS ❌ (-0.25%),0,0.16248271,LOW (<50%)
2024-07-18 04:00:00,BUY (BULLISH),2,1.09325,1.09066,2024-07-18 14:00:00,-0.2369,LOSS ❌ (-0.24%),0,0.20149116,LOW (<50%)
2024-07-18 06:30:00,BUY (BULLISH),2,1.09302,1.09066,2024-07-18 14:00:00,-0.2159,LOSS ❌ (-0.22%),0,0.1329543,LOW (<50%)
2024-07-18 19:15:00,BUY (BULLISH),2,1.08951,1.08862,2024-07-19 14:00:00,-0.0817,LOSS ❌ (-0.08%),0,0.29938865,LOW (<50%)
2024-07-18 23:30:00,SELL (BEARISH),2,1.09004,1.08785992,2024-07-19 08:15:00,0.2,WIN ✅ (+0.20%),1,0.7201722,HIGH (>70%)
2024-07-18 23:45:00,SELL (BEARISH),2,1.08999,1.08781002,2024-07-19 08:30:00,0.2,WIN ✅ (+0.20%),1,0.69902676,MEDIUM (50-70%)
2024-07-19 00:15:00,BUY (BULLISH),2,1.08949,1.08862,2024-07-19 14:00:00,-0.0799,LOSS ❌ (-0.08%),0,0.21006131,LOW (<50%)
2024-07-19 01:00:00,BUY (BULLISH),2,1.0891,1.08862,2024-07-19 14:00:00,-0.0441,LOSS ❌ (-0.04%),0,0.28547448,LOW (<50%)
2024-07-19 05:00:00,BUY (BULLISH),2,1.08861,1.08862,2024-07-19 14:00:00,0.0009,LOSS ❌ (0.00%),0,0.112847425,LOW (<50%)
2024-07-19 06:45:00,BUY (BULLISH),2,1.08846,1.08862,2024-07-19 14:00:00,0.0147,LOSS ❌ (0.01%),0,0.093878165,LOW (<50%)
2024-07-19 11:30:00,SELL (BEARISH),2,1.08899,1.08862,2024-07-19 14:00:00,0.034,LOSS ❌ (-0.03%),0,0.28733823,LOW (<50%)
2024-07-21 23:00:00,SELL (BEARISH),2,1.08993,1.08775014,2024-07-22 12:45:00,0.2,WIN ✅ (+0.20%),1,0.82036895,HIGH (>70%)
2024-07-22 05:15:00,BUY (BULLISH),2,1.08848,1.08765,2024-07-22 14:00:00,-0.0763,LOSS ❌ (-0.08%),0,0.1993555,LOW (<50%)
2024-07-22 09:30:00,SELL (BEARISH),2,1.08924,1.08765,2024-07-22 14:00:00,0.146,LOSS ❌ (-0.15%),0,0.21071638,LOW (<50%)
2024-07-23 01:15:00,SELL (BEARISH),2,1.08917,1.08699166,2024-07-23 08:00:00,0.2,WIN ✅ (+0.20%),1,0.5869444,MEDIUM (50-70%)
2024-07-23 06:30:00,BUY (BULLISH),2,1.08838,1.08531,2024-07-23 14:00:00,-0.2821,LOSS ❌ (-0.28%),0,0.13794675,LOW (<50%)
2024-07-23 10:30:00,BUY (BULLISH),2,1.08572,1.08531,2024-07-23 14:00:00,-0.0378,LOSS ❌ (-0.04%),0,0.15391216,LOW (<50%)
2024-07-23 13:30:00,BUY (BULLISH),2,1.08501,1.08531,2024-07-23 14:00:00,0.0276,LOSS ❌ (0.03%),0,0.15444916,LOW (<50%)
2024-07-24 00:15:00,BUY (BULLISH),2,1.08478,1.08633,2024-07-24 14:00:00,0.1429,LOSS ❌ (0.14%),0,0.104140304,LOW (<50%)
2024-07-24 00:30:00,BUY (BULLISH),2,1.08472,1.08633,2024-07-24 14:00:00,0.1484,LOSS ❌ (0.15%),0,0.06310428,LOW (<50%)
2024-07-24 02:45:00,BUY (BULLISH),2,1.08425,1.08633,2024-07-24 14:00:00,0.1918,LOSS ❌ (0.19%),0,0.09255014,LOW (<50%)
2024-07-24 19:00:00,BUY (BULLISH),2,1.0837,1.08422,2024-07-25 14:00:00,0.048,LOSS ❌ (0.05%),0,0.20176148,LOW (<50%)
2024-07-25 00:15:00,BUY (BULLISH),2,1.08364,1.08580728,2024-07-25 10:15:00,0.2,WIN ✅ (+0.20%),1,0.74893767,HIGH (>70%)
2024-07-25 03:30:00,SELL (BEARISH),2,1.08425,1.08422,2024-07-25 14:00:00,0.0028,LOSS ❌ (-0.00%),0,0.17847067,LOW (<50%)
2024-07-25 06:45:00,BUY (BULLISH),2,1.08342,1.08558684,2024-07-25 08:00:00,0.2,WIN ✅ (+0.20%),1,0.6934219,MEDIUM (50-70%)
2024-07-25 15:15:00,SELL (BEARISH),2,1.08575,1.08665,2024-07-26 14:00:00,-0.0829,LOSS ❌ (0.08%),0,0.20889528,LOW (<50%)
2024-07-25 20:00:00,BUY (BULLISH),2,1.08458,1.08674916,2024-07-26 14:00:00,0.2,WIN ✅ (+0.20%),1,0.734055,HIGH (>70%)
2024-07-25 20:30:00,BUY (BULLISH),2,1.08449,1.08665898,2024-07-26 13:45:00,0.2,WIN ✅ (+0.20%),1,0.5987962,MEDIUM (50-70%)
2024-07-26 06:15:00,BUY (BULLISH),2,1.08519,1.08665,2024-07-26 14:00:00,0.1345,LOSS ❌ (0.13%),0,0.24995078,LOW (<50%)
2024-07-26 20:45:00,BUY (BULLISH),2,1.08551,1.08213,2024-07-29 20:45:00,-0.3114,LOSS ❌ (-0.31%),0,0.073856324,LOW (<50%)
2024-07-28 23:15:00,BUY (BULLISH),2,1.08539,1.08109,2024-07-29 14:00:00,-0.3962,LOSS ❌ (-0.40%),0,0.17399567,LOW (<50%)
2024-07-28 23:30:00,BUY (BULLISH),2,1.08539,1.08109,2024-07-29 14:00:00,-0.3962,LOSS ❌ (-0.40%),0,0.18587281,LOW (<50%)
2024-07-29 01:30:00,SELL (BEARISH),2,1.08656,1.08438688,2024-07-29 07:45:00,0.2,WIN ✅ (+0.20%),1,0.76480585,HIGH (>70%)
2024-07-29 05:45:00,BUY (BULLISH),2,1.08586,1.08109,2024-07-29 14:00:00,-0.4393,LOSS ❌ (-0.44%),0,0.15118131,LOW (<50%)
2024-07-29 06:00:00,BUY (BULLISH),2,1.08595,1.08109,2024-07-29 14:00:00,-0.4475,LOSS ❌ (-0.45%),0,0.20141408,LOW (<50%)
2024-07-29 08:15:00,BUY (BULLISH),2,1.0838,1.08109,2024-07-29 14:00:00,-0.25,LOSS ❌ (-0.25%),0,0.0999992,LOW (<50%)
2024-07-29 09:15:00,BUY (BULLISH),2,1.08279,1.08109,2024-07-29 14:00:00,-0.157,LOSS ❌ (-0.16%),0,0.15080896,LOW (<50%)
2024-07-29 12:00:00,BUY (BULLISH),2,1.08168,1.08109,2024-07-29 14:00:00,-0.0545,LOSS ❌ (-0.05%),0,0.13899995,LOW (<50%)
2024-07-29 12:45:00,BUY (BULLISH),2,1.08157,1.08109,2024-07-29 14:00:00,-0.0444,LOSS ❌ (-0.04%),0,0.13748944,LOW (<50%)
2024-07-29 14:00:00,BUY (BULLISH),2,1.08109,1.08325218,2024-07-30 08:30:00,0.2,WIN ✅ (+0.20%),1,0.7208277,HIGH (>70%)
2024-07-29 17:45:00,SELL (BEARISH),2,1.08247,1.0803050600000002,2024-07-30 12:45:00,0.2,WIN ✅ (+0.20%),1,0.8251197,HIGH (>70%)
2024-07-30 00:30:00,BUY (BULLISH),2,1.08167,1.07994,2024-07-30 14:00:00,-0.1599,LOSS ❌ (-0.16%),0,0.12881869,LOW (<50%)
2024-07-30 01:30:00,BUY (BULLISH),2,1.08155,1.07994,2024-07-30 14:00:00,-0.1489,LOSS ❌ (-0.15%),0,0.112682216,LOW (<50%)
2024-07-31 02:00:00,SELL (BEARISH),2,1.08214,1.08397,2024-07-31 14:00:00,-0.1691,LOSS ❌ (0.17%),0,0.18814592,LOW (<50%)
2024-07-31 02:45:00,SELL (BEARISH),2,1.08262,1.08397,2024-07-31 14:00:00,-0.1247,LOSS ❌ (0.12%),0,0.10667258,LOW (<50%)
2024-07-31 09:45:00,SELL (BEARISH),2,1.08254,1.08397,2024-07-31 14:00:00,-0.1321,LOSS ❌ (0.13%),0,0.16714329,LOW (<50%)
2024-07-31 11:15:00,SELL (BEARISH),2,1.08356,1.08397,2024-07-31 14:00:00,-0.0378,LOSS ❌ (0.04%),0,0.3472815,LOW (<50%)
2024-07-31 12:30:00,SELL (BEARISH),2,1.08411,1.08397,2024-07-31 14:00:00,0.0129,LOSS ❌ (-0.01%),0,0.20899996,LOW (<50%)
2024-08-01 03:30:00,SELL (BEARISH),2,1.08312,1.08095376,2024-08-01 07:15:00,0.2,WIN ✅ (+0.20%),1,0.7159936,HIGH (>70%)
2024-08-01 08:15:00,BUY (BULLISH),2,1.07838,1.08053676,2024-08-01 12:30:00,0.2,WIN ✅ (+0.20%),1,0.85740876,HIGH (>70%)
2024-08-01 16:45:00,BUY (BULLISH),2,1.0786,1.0807572,2024-08-02 06:00:00,0.2,WIN ✅ (+0.20%),1,0.8348257,HIGH (>70%)
2024-08-02 03:15:00,SELL (BEARISH),2,1.07931,1.09085,2024-08-02 14:00:00,-1.0692,LOSS ❌ (1.07%),0,0.2653337,LOW (<50%)
2024-08-02 05:00:00,SELL (BEARISH),2,1.07972,1.09085,2024-08-02 14:00:00,-1.0308,LOSS ❌ (1.03%),0,0.31453583,LOW (<50%)
2024-08-02 09:15:00,SELL (BEARISH),2,1.08213,1.09085,2024-08-02 14:00:00,-0.8058,LOSS ❌ (0.81%),0,0.16402853,LOW (<50%)
2024-08-02 13:15:00,SELL (BEARISH),2,1.08938,1.09085,2024-08-02 14:00:00,-0.1349,LOSS ❌ (0.13%),0,0.08234674,LOW (<50%)
2024-08-05 08:00:00,SELL (BEARISH),2,1.09665,1.0944566999999998,2024-08-05 10:00:00,0.2,WIN ✅ (+0.20%),1,0.96581185,HIGH (>70%)
2024-08-05 17:30:00,BUY (BULLISH),2,1.09516,1.09219,2024-08-06 14:00:00,-0.2712,LOSS ❌ (-0.27%),0,0.2112458,LOW (<50%)
2024-08-06 06:15:00,BUY (BULLISH),2,1.09445,1.09219,2024-08-06 14:00:00,-0.2065,LOSS ❌ (-0.21%),0,0.23454173,LOW (<50%)
2024-08-06 06:45:00,BUY (BULLISH),2,1.09386,1.09219,2024-08-06 14:00:00,-0.1527,LOSS ❌ (-0.15%),0,0.081328236,LOW (<50%)
2024-08-06 08:00:00,BUY (BULLISH),2,1.09265,1.09219,2024-08-06 14:00:00,-0.0421,LOSS ❌ (-0.04%),0,0.10326406,LOW (<50%)
2024-08-06 10:30:00,BUY (BULLISH),2,1.09085,1.09219,2024-08-06 14:00:00,0.1228,LOSS ❌ (0.12%),0,0.034358505,LOW (<50%)
2024-08-06 10:45:00,BUY (BULLISH),3,1.0908,1.09219,2024-08-06 14:00:00,0.1274,LOSS ❌ (0.13%),0,0.058620542,LOW (<50%)
2024-08-06 11:15:00,BUY (BULLISH),2,1.09072,1.09219,2024-08-06 14:00:00,0.1348,LOSS ❌ (0.13%),0,0.04352561,LOW (<50%)
2024-08-06 14:15:00,SELL (BEARISH),2,1.09256,1.09195,2024-08-07 14:00:00,0.0558,LOSS ❌ (-0.06%),0,0.14361148,LOW (<50%)
2024-08-07 05:30:00,BUY (BULLISH),2,1.09092,1.09195,2024-08-07 14:00:00,0.0944,LOSS ❌ (0.09%),0,0.21524884,LOW (<50%)
2024-08-07 06:00:00,BUY (BULLISH),2,1.09109,1.09195,2024-08-07 14:00:00,0.0788,LOSS ❌ (0.08%),0,0.26685175,LOW (<50%)
2024-08-07 14:45:00,SELL (BEARISH),2,1.09313,1.09094374,2024-08-08 12:30:00,0.2,WIN ✅ (+0.20%),1,0.63835204,MEDIUM (50-70%)
2024-08-07 15:00:00,SELL (BEARISH),2,1.09308,1.09089384,2024-08-08 12:30:00,0.2,WIN ✅ (+0.20%),1,0.4394664,LOW (<50%)
2024-08-07 22:45:00,SELL (BEARISH),2,1.09265,1.0904646999999998,2024-08-08 12:30:00,0.2,WIN ✅ (+0.20%),1,0.82995564,HIGH (>70%)
2024-08-08 02:45:00,SELL (BEARISH),2,1.09333,1.09114334,2024-08-08 12:30:00,0.2,WIN ✅ (+0.20%),1,0.6823557,MEDIUM (50-70%)
2024-08-08 13:45:00,BUY (BULLISH),2,1.08924,1.08969,2024-08-08 14:00:00,0.0413,LOSS ❌ (0.04%),0,0.24176057,LOW (<50%)
2024-08-08 20:30:00,SELL (BEARISH),2,1.09176,1.09243,2024-08-09 14:00:00,-0.0614,LOSS ❌ (0.06%),0,0.3135182,LOW (<50%)
2024-08-08 20:45:00,SELL (BEARISH),2,1.0918,1.09243,2024-08-09 14:00:00,-0.0577,LOSS ❌ (0.06%),0,0.2027751,LOW (<50%)
2024-08-08 23:00:00,SELL (BEARISH),2,1.09174,1.09243,2024-08-09 14:00:00,-0.0632,LOSS ❌ (0.06%),0,0.22998205,LOW (<50%)
2024-08-09 00:00:00,BUY (BULLISH),2,1.09142,1.09243,2024-08-09 14:00:00,0.0925,LOSS ❌ (0.09%),0,0.21847427,LOW (<50%)
2024-08-09 00:45:00,BUY (BULLISH),2,1.09126,1.09243,2024-08-09 14:00:00,0.1072,LOSS ❌ (0.11%),0,0.20775858,LOW (<50%)
2024-08-09 07:00:00,SELL (BEARISH),2,1.09262,1.09243,2024-08-09 14:00:00,0.0174,LOSS ❌ (-0.02%),0,0.18645176,LOW (<50%)
2024-08-09 08:45:00,BUY (BULLISH),2,1.09171,1.09243,2024-08-09 14:00:00,0.066,LOSS ❌ (0.07%),0,0.16537282,LOW (<50%)
2024-08-09 20:45:00,BUY (BULLISH),2,1.09152,1.09370304,2024-08-12 15:00:00,0.2,WIN ✅ (+0.20%),1,0.48150137,LOW (<50%)
2024-08-12 00:45:00,SELL (BEARISH),2,1.09179,1.09184,2024-08-12 14:00:00,-0.0046,LOSS ❌ (0.00%),0,0.30092165,LOW (<50%)
2024-08-12 06:45:00,SELL (BEARISH),2,1.09208,1.09184,2024-08-12 14:00:00,0.022,LOSS ❌ (-0.02%),0,0.27326044,LOW (<50%)
2024-08-12 10:15:00,SELL (BEARISH),2,1.09287,1.09184,2024-08-12 14:00:00,0.0942,LOSS ❌ (-0.09%),0,0.22585559,LOW (<50%)
2024-08-13 03:15:00,SELL (BEARISH),2,1.09366,1.09147268,2024-08-13 09:00:00,0.2,WIN ✅ (+0.20%),1,0.7516628,HIGH (>70%)
2024-08-13 03:30:00,SELL (BEARISH),2,1.09374,1.09155252,2024-08-13 09:00:00,0.2,WIN ✅ (+0.20%),1,0.8540596,HIGH (>70%)
2024-08-13 13:45:00,SELL (BEARISH),2,1.09583,1.09562,2024-08-13 14:00:00,0.0192,LOSS ❌ (-0.02%),0,0.2103827,LOW (<50%)
2024-08-13 19:00:00,SELL (BEARISH),2,1.09986,1.10275,2024-08-14 14:00:00,-0.2628,LOSS ❌ (0.26%),0,0.049304377,LOW (<50%)
2024-08-14 02:15:00,BUY (BULLISH),2,1.09911,1.10130822,2024-08-14 08:45:00,0.2,WIN ✅ (+0.20%),1,0.86195266,HIGH (>70%)
2024-08-14 03:00:00,BUY (BULLISH),2,1.09909,1.1012881799999998,2024-08-14 08:45:00,0.2,WIN ✅ (+0.20%),1,0.7943434,HIGH (>70%)
2024-08-14 03:30:00,BUY (BULLISH),2,1.09897,1.10116794,2024-08-14 08:45:00,0.2,WIN ✅ (+0.20%),1,0.85995144,HIGH (>70%)
2024-08-14 03:45:00,BUY (BULLISH),2,1.09896,1.10115792,2024-08-14 08:45:00,0.2,WIN ✅ (+0.20%),1,0.812913,HIGH (>70%)
2024-08-14 06:00:00,BUY (BULLISH),2,1.09897,1.10116794,2024-08-14 08:45:00,0.2,WIN ✅ (+0.20%),1,0.71865463,HIGH (>70%)
2024-08-14 06:45:00,SELL (BEARISH),2,1.09945,1.10275,2024-08-14 14:00:00,-0.3002,LOSS ❌ (0.30%),0,0.25375667,LOW (<50%)
2024-08-14 08:00:00,SELL (BEARISH),2,1.10058,1.10275,2024-08-14 14:00:00,-0.1972,LOSS ❌ (0.20%),0,0.17883715,LOW (<50%)
2024-08-14 13:00:00,SELL (BEARISH),2,1.10298,1.10275,2024-08-14 14:00:00,0.0209,LOSS ❌ (-0.02%),0,0.13303982,LOW (<50%)
2024-08-14 13:30:00,SELL (BEARISH),2,1.10408,1.10275,2024-08-14 14:00:00,0.1205,LOSS ❌ (-0.12%),0,0.20844236,LOW (<50%)
2024-08-14 13:45:00,SELL (BEARISH),2,1.10372,1.10275,2024-08-14 14:00:00,0.0879,LOSS ❌ (-0.09%),0,0.16386333,LOW (<50%)
2024-08-14 21:00:00,BUY (BULLISH),2,1.10116,1.09663,2024-08-15 14:00:00,-0.4114,LOSS ❌ (-0.41%),0,0.21071896,LOW (<50%)
2024-08-15 01:30:00,BUY (BULLISH),2,1.10041,1.09663,2024-08-15 14:00:00,-0.3435,LOSS ❌ (-0.34%),0,0.30660307,LOW (<50%)
2024-08-15 07:15:00,SELL (BEARISH),2,1.10118,1.09897764,2024-08-15 12:30:00,0.2,WIN ✅ (+0.20%),1,0.7422957,HIGH (>70%)
2024-08-15 20:15:00,BUY (BULLISH),2,1.09714,1.09933428,2024-08-16 10:45:00,0.2,WIN ✅ (+0.20%),1,0.7746349,HIGH (>70%)
2024-08-15 20:45:00,BUY (BULLISH),2,1.09708,1.09927416,2024-08-16 10:45:00,0.2,WIN ✅ (+0.20%),1,0.7938838,HIGH (>70%)
2024-08-16 00:30:00,SELL (BEARISH),2,1.09743,1.09909,2024-08-16 14:00:00,-0.1513,LOSS ❌ (0.15%),0,0.3834169,LOW (<50%)
2024-08-16 02:45:00,SELL (BEARISH),2,1.0981,1.09909,2024-08-16 14:00:00,-0.0902,LOSS ❌ (0.09%),0,0.19043633,LOW (<50%)
2024-08-16 05:00:00,SELL (BEARISH),2,1.0982,1.09909,2024-08-16 14:00:00,-0.081,LOSS ❌ (0.08%),0,0.20446531,LOW (<50%)
2024-08-16 08:15:00,SELL (BEARISH),2,1.09883,1.09909,2024-08-16 14:00:00,-0.0237,LOSS ❌ (0.02%),0,0.16491385,LOW (<50%)
2024-08-16 18:00:00,SELL (BEARISH),2,1.10119,1.10273,2024-08-16 20:45:00,-0.1398,LOSS ❌ (0.14%),0,0.10561037,LOW (<50%)
2024-08-16 20:00:00,SELL (BEARISH),2,1.10232,1.10273,2024-08-16 20:45:00,-0.0372,LOSS ❌ (0.04%),0,0.06546336,LOW (<50%)
2024-08-19 00:45:00,SELL (BEARISH),2,1.10299,1.1053,2024-08-19 14:00:00,-0.2094,LOSS ❌ (0.21%),0,0.25328776,LOW (<50%)
2024-08-19 03:15:00,SELL (BEARISH),2,1.10364,1.1053,2024-08-19 14:00:00,-0.1504,LOSS ❌ (0.15%),0,0.31167787,LOW (<50%)
2024-08-19 04:45:00,SELL (BEARISH),2,1.10393,1.1053,2024-08-19 14:00:00,-0.1241,LOSS ❌ (0.12%),0,0.14970732,LOW (<50%)
2024-08-19 05:15:00,SELL (BEARISH),2,1.10407,1.1053,2024-08-19 14:00:00,-0.1114,LOSS ❌ (0.11%),0,0.16645598,LOW (<50%)
2024-08-19 05:45:00,SELL (BEARISH),2,1.10471,1.1053,2024-08-19 14:00:00,-0.0534,LOSS ❌ (0.05%),0,0.09393982,LOW (<50%)
2024-08-19 09:15:00,BUY (BULLISH),2,1.10375,1.1053,2024-08-19 14:00:00,0.1404,LOSS ❌ (0.14%),0,0.23679087,LOW (<50%)
2024-08-19 18:30:00,SELL (BEARISH),2,1.10828,1.10962,2024-08-20 14:00:00,-0.1209,LOSS ❌ (0.12%),0,0.20618095,LOW (<50%)
2024-08-19 19:45:00,SELL (BEARISH),2,1.10832,1.10962,2024-08-20 14:00:00,-0.1173,LOSS ❌ (0.12%),0,0.17482133,LOW (<50%)
2024-08-20 00:30:00,BUY (BULLISH),2,1.10814,1.11035628,2024-08-20 13:00:00,0.2,WIN ✅ (+0.20%),1,0.89881366,HIGH (>70%)
2024-08-20 05:15:00,BUY (BULLISH),2,1.10748,1.10969496,2024-08-20 12:45:00,0.2,WIN ✅ (+0.20%),1,0.5396163,MEDIUM (50-70%)
2024-08-20 14:45:00,SELL (BEARISH),3,1.11114,1.11215,2024-08-21 14:00:00,-0.0909,LOSS ❌ (0.09%),0,0.2137268,LOW (<50%)
2024-08-20 16:15:00,SELL (BEARISH),2,1.11164,1.11215,2024-08-21 14:00:00,-0.0459,LOSS ❌ (0.05%),0,0.17433634,LOW (<50%)
2024-08-20 20:30:00,SELL (BEARISH),2,1.11289,1.11066422,2024-08-21 14:00:00,0.2,WIN ✅ (+0.20%),1,0.77487504,HIGH (>70%)
2024-08-20 20:45:00,SELL (BEARISH),2,1.11294,1.11071412,2024-08-21 14:00:00,0.2,WIN ✅ (+0.20%),1,0.55613106,MEDIUM (50-70%)
2024-08-20 23:30:00,SELL (BEARISH),2,1.11297,1.11074406,2024-08-21 14:00:00,0.2,WIN ✅ (+0.20%),1,0.93625635,HIGH (>70%)
2024-08-21 03:45:00,BUY (BULLISH),2,1.11206,1.11215,2024-08-21 14:00:00,0.0081,LOSS ❌ (0.01%),0,0.14953645,LOW (<50%)
2024-08-21 04:15:00,BUY (BULLISH),2,1.11188,1.11215,2024-08-21 14:00:00,0.0243,LOSS ❌ (0.02%),0,0.21199673,LOW (<50%)
2024-08-21 05:45:00,BUY (BULLISH),2,1.11173,1.11215,2024-08-21 14:00:00,0.0378,LOSS ❌ (0.04%),0,0.2743392,LOW (<50%)
2024-08-21 06:00:00,BUY (BULLISH),2,1.11165,1.11215,2024-08-21 14:00:00,0.045,LOSS ❌ (0.04%),0,0.2107593,LOW (<50%)
2024-08-21 15:45:00,SELL (BEARISH),2,1.11417,1.11194166,2024-08-22 13:45:00,0.2,WIN ✅ (+0.20%),1,0.7690447,HIGH (>70%)
2024-08-21 16:30:00,SELL (BEARISH),2,1.11464,1.11241072,2024-08-22 13:45:00,0.2,WIN ✅ (+0.20%),1,0.7838034,HIGH (>70%)
2024-08-22 22:30:00,SELL (BEARISH),2,1.11147,1.1165,2024-08-23 14:00:00,-0.4526,LOSS ❌ (0.45%),0,0.22409822,LOW (<50%)
2024-08-22 23:45:00,SELL (BEARISH),2,1.11157,1.1165,2024-08-23 14:00:00,-0.4435,LOSS ❌ (0.44%),0,0.25412032,LOW (<50%)
2024-08-23 00:30:00,SELL (BEARISH),2,1.1118,1.1165,2024-08-23 14:00:00,-0.4227,LOSS ❌ (0.42%),0,0.2073712,LOW (<50%)
2024-08-23 13:15:00,BUY (BULLISH),2,1.11093,1.11315186,2024-08-23 14:00:00,0.2,WIN ✅ (+0.20%),1,0.68091786,MEDIUM (50-70%)
2024-08-23 14:15:00,SELL (BEARISH),2,1.11694,1.11913,2024-08-23 20:45:00,-0.1961,LOSS ❌ (0.20%),0,0.25675717,LOW (<50%)
2024-08-23 14:45:00,SELL (BEARISH),2,1.11744,1.11913,2024-08-23 20:45:00,-0.1512,LOSS ❌ (0.15%),0,0.1760551,LOW (<50%)
2024-08-26 03:45:00,BUY (BULLISH),2,1.1183,1.11644,2024-08-26 14:00:00,-0.1663,LOSS ❌ (-0.17%),0,0.19651932,LOW (<50%)
2024-08-26 07:00:00,BUY (BULLISH),2,1.11809,1.11644,2024-08-26 14:00:00,-0.1476,LOSS ❌ (-0.15%),0,0.23215443,LOW (<50%)
2024-08-26 07:30:00,BUY (BULLISH),2,1.11766,1.11644,2024-08-26 14:00:00,-0.1092,LOSS ❌ (-0.11%),0,0.1204044,LOW (<50%)
2024-08-26 10:00:00,BUY (BULLISH),2,1.11745,1.11644,2024-08-26 14:00:00,-0.0904,LOSS ❌ (-0.09%),0,0.08806453,LOW (<50%)
2024-08-26 20:00:00,BUY (BULLISH),2,1.116,1.11645,2024-08-27 14:00:00,0.0403,LOSS ❌ (0.04%),0,0.26039353,LOW (<50%)
2024-08-27 01:45:00,SELL (BEARISH),2,1.11689,1.11645,2024-08-27 14:00:00,0.0394,LOSS ❌ (-0.04%),0,0.24891421,LOW (<50%)
2024-08-27 07:15:00,SELL (BEARISH),2,1.11671,1.11645,2024-08-27 14:00:00,0.0233,LOSS ❌ (-0.02%),0,0.3529468,LOW (<50%)
2024-08-27 08:30:00,SELL (BEARISH),2,1.11727,1.11503546,2024-08-27 12:30:00,0.2,WIN ✅ (+0.20%),1,0.79743344,HIGH (>70%)
2024-08-27 12:30:00,BUY (BULLISH),2,1.11551,1.11645,2024-08-27 14:00:00,0.0843,LOSS ❌ (0.08%),0,0.19854975,LOW (<50%)
2024-08-28 02:30:00,BUY (BULLISH),2,1.11727,1.11169,2024-08-28 14:00:00,-0.4994,LOSS ❌ (-0.50%),0,0.20082892,LOW (<50%)
2024-08-28 03:30:00,BUY (BULLISH),2,1.11654,1.11169,2024-08-28 14:00:00,-0.4344,LOSS ❌ (-0.43%),0,0.17071103,LOW (<50%)
2024-08-28 10:15:00,BUY (BULLISH),2,1.11273,1.11169,2024-08-28 14:00:00,-0.0935,LOSS ❌ (-0.09%),0,0.18812181,LOW (<50%)
2024-08-28 10:45:00,BUY (BULLISH),2,1.11249,1.11169,2024-08-28 14:00:00,-0.0719,LOSS ❌ (-0.07%),0,0.12366832,LOW (<50%)
2024-08-28 17:45:00,BUY (BULLISH),2,1.11064,1.1128612800000002,2024-08-29 00:00:00,0.2,WIN ✅ (+0.20%),1,0.89926785,HIGH (>70%)
2024-08-29 00:30:00,SELL (BEARISH),2,1.11298,1.11075404,2024-08-29 08:00:00,0.2,WIN ✅ (+0.20%),1,0.7040902,HIGH (>70%)
2024-08-29 01:00:00,SELL (BEARISH),2,1.11308,1.11085384,2024-08-29 08:00:00,0.2,WIN ✅ (+0.20%),1,0.81126165,HIGH (>70%)
2024-08-29 03:30:00,SELL (BEARISH),2,1.11327,1.11104346,2024-08-29 08:00:00,0.2,WIN ✅ (+0.20%),1,0.86358863,HIGH (>70%)
2024-08-29 04:00:00,SELL (BEARISH),2,1.11352,1.11129296,2024-08-29 08:00:00,0.2,WIN ✅ (+0.20%),1,0.7252787,HIGH (>70%)
2024-08-29 06:00:00,SELL (BEARISH),2,1.1135,1.111273,2024-08-29 08:00:00,0.2,WIN ✅ (+0.20%),1,0.8019614,HIGH (>70%)
2024-08-29 13:30:00,BUY (BULLISH),2,1.10795,1.10743,2024-08-29 14:00:00,-0.0469,LOSS ❌ (-0.05%),0,0.15874895,LOW (<50%)
2024-08-29 14:00:00,BUY (BULLISH),2,1.10743,1.10732,2024-08-30 14:00:00,-0.0099,LOSS ❌ (-0.01%),0,0.41924703,LOW (<50%)
2024-08-29 14:30:00,BUY (BULLISH),2,1.10684,1.1090536800000002,2024-08-30 08:15:00,0.2,WIN ✅ (+0.20%),1,0.81992936,HIGH (>70%)
2024-08-29 23:15:00,SELL (BEARISH),2,1.10806,1.10584388,2024-08-30 12:45:00,0.2,WIN ✅ (+0.20%),1,0.76776403,HIGH (>70%)
2024-08-30 02:00:00,BUY (BULLISH),2,1.10715,1.1093643,2024-08-30 08:30:00,0.2,WIN ✅ (+0.20%),1,0.86098474,HIGH (>70%)
2024-08-30 13:00:00,BUY (BULLISH),2,1.106,1.10732,2024-08-30 14:00:00,0.1193,LOSS ❌ (0.12%),0,0.069295414,LOW (<50%)
2024-08-30 15:45:00,BUY (BULLISH),2,1.10594,1.10463,2024-08-30 20:45:00,-0.1185,LOSS ❌ (-0.12%),0,0.17205873,LOW (<50%)
2024-08-30 16:30:00,BUY (BULLISH),2,1.10478,1.10463,2024-08-30 20:45:00,-0.0136,LOSS ❌ (-0.01%),0,0.22423866,LOW (<50%)
2024-09-02 00:00:00,BUY (BULLISH),2,1.10452,1.10672904,2024-09-02 06:45:00,0.2,WIN ✅ (+0.20%),1,0.6356025,MEDIUM (50-70%)
2024-09-02 00:45:00,SELL (BEARISH),2,1.10531,1.10644,2024-09-02 14:00:00,-0.1022,LOSS ❌ (0.10%),0,0.1797594,LOW (<50%)
2024-09-02 19:15:00,SELL (BEARISH),2,1.10714,1.10492572,2024-09-03 08:45:00,0.2,WIN ✅ (+0.20%),1,0.9692414,HIGH (>70%)
2024-09-02 19:45:00,SELL (BEARISH),2,1.10719,1.1049756199999998,2024-09-03 08:15:00,0.2,WIN ✅ (+0.20%),1,0.90790564,HIGH (>70%)
2024-09-03 03:30:00,BUY (BULLISH),2,1.10582,1.10482,2024-09-03 14:00:00,-0.0904,LOSS ❌ (-0.09%),0,0.1984496,LOW (<50%)
2024-09-03 06:15:00,BUY (BULLISH),2,1.10556,1.10482,2024-09-03 14:00:00,-0.0669,LOSS ❌ (-0.07%),0,0.27935794,LOW (<50%)
2024-09-03 17:00:00,BUY (BULLISH),2,1.10334,1.10554668,2024-09-04 01:45:00,0.2,WIN ✅ (+0.20%),1,0.6590545,MEDIUM (50-70%)
2024-09-03 21:45:00,SELL (BEARISH),2,1.10441,1.10667,2024-09-04 14:00:00,-0.2046,LOSS ❌ (0.20%),0,0.31974888,LOW (<50%)
2024-09-03 22:45:00,SELL (BEARISH),2,1.10453,1.10667,2024-09-04 14:00:00,-0.1937,LOSS ❌ (0.19%),0,0.1486849,LOW (<50%)
2024-09-03 23:00:00,SELL (BEARISH),2,1.10449,1.10667,2024-09-04 14:00:00,-0.1974,LOSS ❌ (0.20%),0,0.13784651,LOW (<50%)
2024-09-03 23:45:00,SELL (BEARISH),2,1.10482,1.10667,2024-09-04 14:00:00,-0.1674,LOSS ❌ (0.17%),0,0.3516774,LOW (<50%)
2024-09-04 00:00:00,SELL (BEARISH),2,1.10474,1.10667,2024-09-04 14:00:00,-0.1747,LOSS ❌ (0.17%),0,0.33219796,LOW (<50%)
2024-09-04 01:45:00,SELL (BEARISH),2,1.10526,1.10667,2024-09-04 14:00:00,-0.1276,LOSS ❌ (0.13%),0,0.43166962,LOW (<50%)
2024-09-04 02:30:00,SELL (BEARISH),2,1.10544,1.10667,2024-09-04 14:00:00,-0.1113,LOSS ❌ (0.11%),0,0.38024163,LOW (<50%)
2024-09-04 04:45:00,SELL (BEARISH),2,1.10559,1.10667,2024-09-04 14:00:00,-0.0977,LOSS ❌ (0.10%),0,0.23489517,LOW (<50%)
2024-09-04 05:30:00,SELL (BEARISH),2,1.10575,1.10667,2024-09-04 14:00:00,-0.0832,LOSS ❌ (0.08%),0,0.35459375,LOW (<50%)
2024-09-04 14:45:00,SELL (BEARISH),2,1.10894,1.10672212,2024-09-04 17:45:00,0.2,WIN ✅ (+0.20%),1,0.6894366,MEDIUM (50-70%)
2024-09-05 04:15:00,BUY (BULLISH),2,1.10753,1.1097450599999998,2024-09-05 08:15:00,0.2,WIN ✅ (+0.20%),1,0.84458864,HIGH (>70%)
2024-09-05 09:00:00,SELL (BEARISH),2,1.10983,1.10913,2024-09-05 14:00:00,0.0631,LOSS ❌ (-0.06%),0,0.15911901,LOW (<50%)
2024-09-05 14:00:00,BUY (BULLISH),2,1.10913,1.11134826,2024-09-06 00:45:00,0.2,WIN ✅ (+0.20%),1,0.61207354,MEDIUM (50-70%)
2024-09-05 14:45:00,BUY (BULLISH),3,1.10792,1.11013584,2024-09-05 16:00:00,0.2,WIN ✅ (+0.20%),1,0.84576607,HIGH (>70%)
2024-09-05 23:45:00,SELL (BEARISH),2,1.11107,1.10884786,2024-09-06 12:30:00,0.2,WIN ✅ (+0.20%),1,0.8588648,HIGH (>70%)
2024-09-06 00:00:00,SELL (BEARISH),2,1.11107,1.10884786,2024-09-06 12:30:00,0.2,WIN ✅ (+0.20%),1,0.94492537,HIGH (>70%)
2024-09-06 00:30:00,SELL (BEARISH),2,1.11103,1.10880794,2024-09-06 12:30:00,0.2,WIN ✅ (+0.20%),1,0.8805311,HIGH (>70%)
2024-09-06 03:45:00,SELL (BEARISH),2,1.11147,1.10924706,2024-09-06 12:30:00,0.2,WIN ✅ (+0.20%),1,0.8943041,HIGH (>70%)
2024-09-06 04:30:00,SELL (BEARISH),2,1.11159,1.10936682,2024-09-06 12:30:00,0.2,WIN ✅ (+0.20%),1,0.9419558,HIGH (>70%)
2024-09-06 04:45:00,SELL (BEARISH),2,1.11155,1.1093269,2024-09-06 12:30:00,0.2,WIN ✅ (+0.20%),1,0.8698364,HIGH (>70%)
2024-09-06 09:30:00,BUY (BULLISH),2,1.11084,1.11306168,2024-09-06 12:30:00,0.2,WIN ✅ (+0.20%),1,0.46182215,LOW (<50%)
2024-09-06 11:00:00,BUY (BULLISH),2,1.11066,1.11288132,2024-09-06 12:30:00,0.2,WIN ✅ (+0.20%),1,0.628476,MEDIUM (50-70%)
2024-09-06 12:30:00,BUY (BULLISH),2,1.11338,1.10881,2024-09-06 14:00:00,-0.4105,LOSS ❌ (-0.41%),0,0.06838687,LOW (<50%)
2024-09-06 13:45:00,BUY (BULLISH),2,1.1083,1.10881,2024-09-06 14:00:00,0.046,LOSS ❌ (0.05%),0,0.1775529,LOW (<50%)
2024-09-09 04:15:00,BUY (BULLISH),2,1.10787,1.10377,2024-09-09 14:00:00,-0.3701,LOSS ❌ (-0.37%),0,0.06481665,LOW (<50%)
2024-09-10 05:30:00,SELL (BEARISH),2,1.10408,1.10187184,2024-09-10 13:45:00,0.2,WIN ✅ (+0.20%),1,0.78681767,HIGH (>70%)
2024-09-10 11:45:00,BUY (BULLISH),2,1.10309,1.10208,2024-09-10 14:00:00,-0.0916,LOSS ❌ (-0.09%),0,0.17873833,LOW (<50%)
2024-09-10 12:45:00,BUY (BULLISH),2,1.10295,1.10208,2024-09-10 14:00:00,-0.0789,LOSS ❌ (-0.08%),0,0.19084373,LOW (<50%)
2024-09-10 21:00:00,BUY (BULLISH),2,1.10187,1.1040737399999998,2024-09-11 02:00:00,0.2,WIN ✅ (+0.20%),1,0.49935877,LOW (<50%)
2024-09-10 21:15:00,BUY (BULLISH),2,1.10186,1.10406372,2024-09-11 02:00:00,0.2,WIN ✅ (+0.20%),1,0.7757323,HIGH (>70%)
2024-09-11 12:45:00,BUY (BULLISH),2,1.1016,1.10122,2024-09-11 14:00:00,-0.0345,LOSS ❌ (-0.03%),0,0.12323763,LOW (<50%)
2024-09-11 14:30:00,BUY (BULLISH),2,1.1004,1.1026008,2024-09-11 19:15:00,0.2,WIN ✅ (+0.20%),1,0.6248865,MEDIUM (50-70%)
2024-09-11 14:45:00,BUY (BULLISH),2,1.101,1.103202,2024-09-12 13:00:00,0.2,WIN ✅ (+0.20%),1,0.7273545,HIGH (>70%)
2024-09-12 00:30:00,BUY (BULLISH),2,1.10073,1.10293146,2024-09-12 12:30:00,0.2,WIN ✅ (+0.20%),1,0.7939769,HIGH (>70%)
2024-09-12 03:30:00,SELL (BEARISH),2,1.10124,1.10351,2024-09-12 14:00:00,-0.2061,LOSS ❌ (0.21%),0,0.14071482,LOW (<50%)
2024-09-12 03:45:00,SELL (BEARISH),2,1.10132,1.10351,2024-09-12 14:00:00,-0.1989,LOSS ❌ (0.20%),0,0.18132503,LOW (<50%)
2024-09-12 05:15:00,SELL (BEARISH),2,1.10164,1.10351,2024-09-12 14:00:00,-0.1697,LOSS ❌ (0.17%),0,0.17988282,LOW (<50%)
2024-09-12 14:30:00,SELL (BEARISH),2,1.104,1.10899,2024-09-13 14:00:00,-0.452,LOSS ❌ (0.45%),0,0.13737068,LOW (<50%)
2024-09-12 14:45:00,SELL (BEARISH),3,1.10396,1.10899,2024-09-13 14:00:00,-0.4556,LOSS ❌ (0.46%),0,0.19749974,LOW (<50%)
2024-09-12 16:00:00,SELL (BEARISH),2,1.10439,1.10899,2024-09-13 14:00:00,-0.4165,LOSS ❌ (0.42%),0,0.06687412,LOW (<50%)
2024-09-12 16:15:00,SELL (BEARISH),2,1.10413,1.10899,2024-09-13 14:00:00,-0.4402,LOSS ❌ (0.44%),0,0.08733877,LOW (<50%)
2024-09-12 17:00:00,SELL (BEARISH),2,1.1046,1.10899,2024-09-13 14:00:00,-0.3974,LOSS ❌ (0.40%),0,0.1492967,LOW (<50%)
2024-09-12 23:15:00,SELL (BEARISH),2,1.10748,1.10899,2024-09-13 14:00:00,-0.1363,LOSS ❌ (0.14%),0,0.25012493,LOW (<50%)
2024-09-13 00:15:00,SELL (BEARISH),2,1.10822,1.10899,2024-09-13 14:00:00,-0.0695,LOSS ❌ (0.07%),0,0.18211585,LOW (<50%)
2024-09-13 01:00:00,SELL (BEARISH),2,1.10866,1.10899,2024-09-13 14:00:00,-0.0298,LOSS ❌ (0.03%),0,0.10315924,LOW (<50%)
2024-09-13 02:15:00,SELL (BEARISH),2,1.10884,1.10899,2024-09-13 14:00:00,-0.0135,LOSS ❌ (0.01%),0,0.22992839,LOW (<50%)
2024-09-13 16:15:00,BUY (BULLISH),2,1.10818,1.10727,2024-09-13 20:45:00,-0.0821,LOSS ❌ (-0.08%),0,0.2750991,LOW (<50%)
2024-09-13 19:00:00,BUY (BULLISH),2,1.10778,1.10727,2024-09-13 20:45:00,-0.046,LOSS ❌ (-0.05%),0,0.072488576,LOW (<50%)
2024-09-15 22:45:00,SELL (BEARISH),2,1.10865,1.11244,2024-09-16 14:00:00,-0.3419,LOSS ❌ (0.34%),0,0.28929344,LOW (<50%)
2024-09-16 00:30:00,SELL (BEARISH),2,1.10908,1.11244,2024-09-16 14:00:00,-0.303,LOSS ❌ (0.30%),0,0.10448129,LOW (<50%)
2024-09-16 20:00:00,SELL (BEARISH),2,1.1129,1.11262,2024-09-17 14:00:00,0.0252,LOSS ❌ (-0.03%),0,0.43282208,LOW (<50%)
2024-09-17 04:15:00,BUY (BULLISH),2,1.11229,1.11451458,2024-09-17 08:45:00,0.2,WIN ✅ (+0.20%),1,0.84952796,HIGH (>70%)
2024-09-17 06:30:00,SELL (BEARISH),2,1.11305,1.11262,2024-09-17 14:00:00,0.0386,LOSS ❌ (-0.04%),0,0.3017498,LOW (<50%)
2024-09-17 12:45:00,BUY (BULLISH),2,1.11244,1.11262,2024-09-17 14:00:00,0.0162,LOSS ❌ (0.02%),0,0.26352426,LOW (<50%)
2024-09-18 00:00:00,SELL (BEARISH),2,1.11225,1.11288,2024-09-18 14:00:00,-0.0566,LOSS ❌ (0.06%),0,0.294664,LOW (<50%)
2024-09-18 01:00:00,SELL (BEARISH),2,1.11258,1.11288,2024-09-18 14:00:00,-0.027,LOSS ❌ (0.03%),0,0.15457651,LOW (<50%)
2024-09-18 01:15:00,SELL (BEARISH),2,1.1126,1.11288,2024-09-18 14:00:00,-0.0252,LOSS ❌ (0.03%),0,0.21431504,LOW (<50%)
2024-09-18 08:30:00,SELL (BEARISH),2,1.11306,1.11288,2024-09-18 14:00:00,0.0162,LOSS ❌ (-0.02%),0,0.2246225,LOW (<50%)
2024-09-18 18:15:00,SELL (BEARISH),2,1.11713,1.11489574,2024-09-18 18:45:00,0.2,WIN ✅ (+0.20%),1,0.81947696,HIGH (>70%)
2024-09-18 18:30:00,SELL (BEARISH),2,1.116,1.113768,2024-09-18 19:00:00,0.2,WIN ✅ (+0.20%),1,0.69855994,MEDIUM (50-70%)
2024-09-19 05:30:00,SELL (BEARISH),2,1.11285,1.11198,2024-09-19 14:00:00,0.0782,LOSS ❌ (-0.08%),0,0.17975543,LOW (<50%)
2024-09-19 06:15:00,SELL (BEARISH),2,1.11312,1.11198,2024-09-19 14:00:00,0.1024,LOSS ❌ (-0.10%),0,0.0993965,LOW (<50%)
2024-09-19 07:45:00,SELL (BEARISH),2,1.11455,1.1123208999999998,2024-09-19 13:30:00,0.2,WIN ✅ (+0.20%),1,0.6972556,MEDIUM (50-70%)
2024-09-19 09:15:00,SELL (BEARISH),2,1.11702,1.11478596,2024-09-19 12:30:00,0.2,WIN ✅ (+0.20%),1,0.76351506,HIGH (>70%)
2024-09-19 13:00:00,BUY (BULLISH),2,1.11353,1.11198,2024-09-19 14:00:00,-0.1392,LOSS ❌ (-0.14%),0,0.17630045,LOW (<50%)
2024-09-19 13:45:00,BUY (BULLISH),2,1.11213,1.11198,2024-09-19 14:00:00,-0.0135,LOSS ❌ (-0.01%),0,0.19109383,LOW (<50%)
2024-09-19 14:00:00,BUY (BULLISH),2,1.11198,1.11420396,2024-09-19 15:15:00,0.2,WIN ✅ (+0.20%),1,0.93875754,HIGH (>70%)
2024-09-19 17:00:00,SELL (BEARISH),2,1.11539,1.11418,2024-09-20 14:00:00,0.1085,LOSS ❌ (-0.11%),0,0.13552704,LOW (<50%)
2024-09-20 00:00:00,BUY (BULLISH),2,1.11581,1.11804162,2024-09-20 07:00:00,0.2,WIN ✅ (+0.20%),1,0.9272517,HIGH (>70%)
2024-09-20 02:15:00,BUY (BULLISH),2,1.11592,1.11815184,2024-09-20 07:00:00,0.2,WIN ✅ (+0.20%),1,0.78041047,HIGH (>70%)
2024-09-20 03:30:00,SELL (BEARISH),2,1.1166,1.1143668,2024-09-20 14:00:00,0.2,WIN ✅ (+0.20%),1,0.89375144,HIGH (>70%)
2024-09-20 06:45:00,SELL (BEARISH),2,1.11761,1.11537478,2024-09-20 08:15:00,0.2,WIN ✅ (+0.20%),1,0.80557424,HIGH (>70%)
2024-09-23 03:15:00,SELL (BEARISH),2,1.11639,1.11415722,2024-09-23 07:00:00,0.2,WIN ✅ (+0.20%),1,0.8467438,HIGH (>70%)
2024-09-23 05:15:00,SELL (BEARISH),2,1.1164,1.1141672,2024-09-23 07:00:00,0.2,WIN ✅ (+0.20%),1,0.7703629,HIGH (>70%)
2024-09-23 14:30:00,SELL (BEARISH),2,1.11361,1.11138278,2024-09-23 19:15:00,0.2,WIN ✅ (+0.20%),1,0.80605704,HIGH (>70%)
2024-09-23 19:15:00,BUY (BULLISH),2,1.11148,1.11370296,2024-09-24 08:00:00,0.2,WIN ✅ (+0.20%),1,0.78802145,HIGH (>70%)
2024-09-23 20:15:00,BUY (BULLISH),2,1.11122,1.11344244,2024-09-24 08:00:00,0.2,WIN ✅ (+0.20%),1,0.7198213,HIGH (>70%)
2024-09-24 02:15:00,BUY (BULLISH),2,1.11043,1.11265086,2024-09-24 07:30:00,0.2,WIN ✅ (+0.20%),1,0.7438397,HIGH (>70%)
2024-09-24 02:30:00,BUY (BULLISH),2,1.11041,1.11263082,2024-09-24 07:30:00,0.2,WIN ✅ (+0.20%),1,0.8432582,HIGH (>70%)
2024-09-24 04:45:00,SELL (BEARISH),2,1.11164,1.11549,2024-09-24 14:00:00,-0.3463,LOSS ❌ (0.35%),0,0.2387871,LOW (<50%)
2024-09-24 05:00:00,SELL (BEARISH),2,1.11162,1.11549,2024-09-24 14:00:00,-0.3481,LOSS ❌ (0.35%),0,0.22543573,LOW (<50%)
2024-09-24 08:15:00,SELL (BEARISH),2,1.1137,1.11549,2024-09-24 14:00:00,-0.1607,LOSS ❌ (0.16%),0,0.2041031,LOW (<50%)
2024-09-24 18:00:00,SELL (BEARISH),2,1.11615,1.11848,2024-09-25 14:00:00,-0.2088,LOSS ❌ (0.21%),0,0.13510217,LOW (<50%)
2024-09-24 20:15:00,SELL (BEARISH),2,1.11761,1.11848,2024-09-25 14:00:00,-0.0778,LOSS ❌ (0.08%),0,0.123797506,LOW (<50%)
2024-09-25 00:45:00,SELL (BEARISH),2,1.11928,1.11848,2024-09-25 14:00:00,0.0715,LOSS ❌ (-0.07%),0,0.18913732,LOW (<50%)
2024-09-25 08:45:00,BUY (BULLISH),2,1.11845,1.1206869,2024-09-25 12:30:00,0.2,WIN ✅ (+0.20%),1,0.65407985,MEDIUM (50-70%)
2024-09-25 12:30:00,SELL (BEARISH),2,1.11948,1.11848,2024-09-25 14:00:00,0.0893,LOSS ❌ (-0.09%),0,0.09532005,LOW (<50%)
2024-09-25 15:30:00,BUY (BULLISH),3,1.11573,1.1139,2024-09-26 14:00:00,-0.164,LOSS ❌ (-0.16%),0,0.1523307,LOW (<50%)
2024-09-25 16:00:00,BUY (BULLISH),3,1.11421,1.11643842,2024-09-26 12:15:00,0.2,WIN ✅ (+0.20%),1,0.9365326,HIGH (>70%)
2024-09-26 00:30:00,SELL (BEARISH),2,1.11352,1.1139,2024-09-26 14:00:00,-0.0341,LOSS ❌ (0.03%),0,0.21112424,LOW (<50%)
2024-09-26 01:00:00,SELL (BEARISH),2,1.11361,1.1139,2024-09-26 14:00:00,-0.026,LOSS ❌ (0.03%),0,0.22467819,LOW (<50%)
2024-09-26 08:15:00,BUY (BULLISH),2,1.11352,1.11574704,2024-09-26 11:00:00,0.2,WIN ✅ (+0.20%),1,0.7210888,HIGH (>70%)
2024-09-26 11:00:00,SELL (BEARISH),2,1.11566,1.1134286800000002,2024-09-26 14:00:00,0.2,WIN ✅ (+0.20%),1,0.69233537,MEDIUM (50-70%)
2024-09-26 11:45:00,SELL (BEARISH),2,1.11536,1.11312928,2024-09-26 14:00:00,0.2,WIN ✅ (+0.20%),1,0.5996165,MEDIUM (50-70%)
2024-09-26 14:00:00,BUY (BULLISH),3,1.1139,1.1161278,2024-09-26 14:30:00,0.2,WIN ✅ (+0.20%),1,0.82337105,HIGH (>70%)
2024-09-26 14:45:00,SELL (BEARISH),3,1.11645,1.1142170999999998,2024-09-27 06:45:00,0.2,WIN ✅ (+0.20%),1,0.8582362,HIGH (>70%)
2024-09-26 15:45:00,SELL (BEARISH),2,1.11824,1.1160035199999998,2024-09-27 05:15:00,0.2,WIN ✅ (+0.20%),1,0.72678417,HIGH (>70%)
2024-09-27 00:15:00,BUY (BULLISH),2,1.1171,1.1193342,2024-09-27 12:45:00,0.2,WIN ✅ (+0.20%),1,0.9335628,HIGH (>70%)
2024-09-27 01:15:00,BUY (BULLISH),2,1.11693,1.11916386,2024-09-27 12:45:00,0.2,WIN ✅ (+0.20%),1,0.8515714,HIGH (>70%)
2024-09-27 01:45:00,BUY (BULLISH),2,1.11639,1.11862278,2024-09-27 12:45:00,0.2,WIN ✅ (+0.20%),1,0.7786595,HIGH (>70%)
2024-09-27 13:00:00,SELL (BEARISH),2,1.11956,1.11772,2024-09-27 14:00:00,0.1644,LOSS ❌ (-0.16%),0,0.20066078,LOW (<50%)
2024-09-27 15:45:00,BUY (BULLISH),3,1.11581,1.11607,2024-09-27 20:45:00,0.0233,LOSS ❌ (0.02%),0,0.15915677,LOW (<50%)
2024-09-27 16:15:00,BUY (BULLISH),2,1.11545,1.11607,2024-09-27 20:45:00,0.0556,LOSS ❌ (0.06%),0,0.100285225,LOW (<50%)
2024-09-30 00:15:00,SELL (BEARISH),2,1.11703,1.11636,2024-09-30 14:00:00,0.06,LOSS ❌ (-0.06%),0,0.16704597,LOW (<50%)
2024-09-30 03:45:00,BUY (BULLISH),2,1.11578,1.11801156,2024-09-30 08:00:00,0.2,WIN ✅ (+0.20%),1,0.65571094,MEDIUM (50-70%)
2024-09-30 15:30:00,BUY (BULLISH),2,1.11406,1.10822,2024-10-01 14:00:00,-0.5242,LOSS ❌ (-0.52%),0,0.12390804,LOW (<50%)
2024-09-30 15:45:00,BUY (BULLISH),2,1.11438,1.10822,2024-10-01 14:00:00,-0.5528,LOSS ❌ (-0.55%),0,0.2927107,LOW (<50%)
2024-09-30 18:15:00,BUY (BULLISH),2,1.11209,1.11431418,2024-10-01 05:30:00,0.2,WIN ✅ (+0.20%),1,0.7417699,HIGH (>70%)
2024-10-01 05:30:00,SELL (BEARISH),2,1.11414,1.11191172,2024-10-01 07:00:00,0.2,WIN ✅ (+0.20%),1,0.7685924,HIGH (>70%)
2024-10-01 08:15:00,BUY (BULLISH),2,1.11109,1.10822,2024-10-01 14:00:00,-0.2583,LOSS ❌ (-0.26%),0,0.16289732,LOW (<50%)
2024-10-01 08:45:00,BUY (BULLISH),2,1.11023,1.10822,2024-10-01 14:00:00,-0.181,LOSS ❌ (-0.18%),0,0.13730723,LOW (<50%)
2024-10-01 10:00:00,BUY (BULLISH),2,1.10926,1.10822,2024-10-01 14:00:00,-0.0938,LOSS ❌ (-0.09%),0,0.23722999,LOW (<50%)
2024-10-01 10:45:00,BUY (BULLISH),2,1.10866,1.10822,2024-10-01 14:00:00,-0.0397,LOSS ❌ (-0.04%),0,0.19455265,LOW (<50%)
2024-10-01 11:30:00,BUY (BULLISH),2,1.10837,1.10822,2024-10-01 14:00:00,-0.0135,LOSS ❌ (-0.01%),0,0.16324651,LOW (<50%)
2024-10-01 11:45:00,BUY (BULLISH),3,1.10842,1.10822,2024-10-01 14:00:00,-0.018,LOSS ❌ (-0.02%),0,0.21633044,LOW (<50%)
2024-10-01 12:15:00,BUY (BULLISH),2,1.10791,1.10822,2024-10-01 14:00:00,0.028,LOSS ❌ (0.03%),0,0.19523415,LOW (<50%)
2024-10-01 13:45:00,BUY (BULLISH),2,1.10707,1.10822,2024-10-01 14:00:00,0.1039,LOSS ❌ (0.10%),0,0.06445031,LOW (<50%)
2024-10-01 14:00:00,BUY (BULLISH),2,1.10822,1.10498,2024-10-02 14:00:00,-0.2924,LOSS ❌ (-0.29%),0,0.17457856,LOW (<50%)
2024-10-01 16:45:00,BUY (BULLISH),3,1.1054,1.1076108,2024-10-01 19:30:00,0.2,WIN ✅ (+0.20%),1,0.758586,HIGH (>70%)
2024-10-01 17:15:00,BUY (BULLISH),2,1.1052,1.1074104,2024-10-01 19:15:00,0.2,WIN ✅ (+0.20%),1,0.80385023,HIGH (>70%)
2024-10-01 23:30:00,BUY (BULLISH),2,1.10652,1.10498,2024-10-02 14:00:00,-0.1392,LOSS ❌ (-0.14%),0,0.2847123,LOW (<50%)
2024-10-02 01:45:00,SELL (BEARISH),2,1.10718,1.10496564,2024-10-02 13:30:00,0.2,WIN ✅ (+0.20%),1,0.7920246,HIGH (>70%)
2024-10-02 05:30:00,BUY (BULLISH),2,1.10563,1.1078412599999998,2024-10-02 08:15:00,0.2,WIN ✅ (+0.20%),1,0.6857541,MEDIUM (50-70%)
2024-10-02 12:45:00,BUY (BULLISH),2,1.10531,1.10498,2024-10-02 14:00:00,-0.0299,LOSS ❌ (-0.03%),0,0.08555711,LOW (<50%)
2024-10-02 15:00:00,BUY (BULLISH),2,1.10376,1.10266,2024-10-03 14:00:00,-0.0997,LOSS ❌ (-0.10%),0,0.12187087,LOW (<50%)
2024-10-03 00:30:00,BUY (BULLISH),2,1.10387,1.10266,2024-10-03 14:00:00,-0.1096,LOSS ❌ (-0.11%),0,0.21313564,LOW (<50%)
2024-10-03 03:00:00,BUY (BULLISH),2,1.10349,1.10266,2024-10-03 14:00:00,-0.0752,LOSS ❌ (-0.08%),0,0.21368177,LOW (<50%)
2024-10-03 06:45:00,SELL (BEARISH),2,1.10375,1.10266,2024-10-03 14:00:00,0.0988,LOSS ❌ (-0.10%),0,0.3597841,LOW (<50%)
2024-10-03 23:00:00,SELL (BEARISH),2,1.10341,1.10120318,2024-10-04 12:30:00,0.2,WIN ✅ (+0.20%),1,0.79671586,HIGH (>70%)
2024-10-03 23:45:00,SELL (BEARISH),2,1.10349,1.10128302,2024-10-04 12:30:00,0.2,WIN ✅ (+0.20%),1,0.7638617,HIGH (>70%)
2024-10-04 02:00:00,BUY (BULLISH),2,1.10304,1.09743,2024-10-04 14:00:00,-0.5086,LOSS ❌ (-0.51%),0,0.45203263,LOW (<50%)
2024-10-04 03:30:00,BUY (BULLISH),2,1.10256,1.09743,2024-10-04 14:00:00,-0.4653,LOSS ❌ (-0.47%),0,0.13482487,LOW (<50%)
2024-10-04 04:00:00,BUY (BULLISH),2,1.10273,1.09743,2024-10-04 14:00:00,-0.4806,LOSS ❌ (-0.48%),0,0.13913772,LOW (<50%)
2024-10-04 13:00:00,BUY (BULLISH),2,1.09723,1.09743,2024-10-04 14:00:00,0.0182,LOSS ❌ (0.02%),0,0.13073863,LOW (<50%)
2024-10-04 15:45:00,BUY (BULLISH),2,1.09602,1.09722,2024-10-04 20:45:00,0.1095,LOSS ❌ (0.11%),0,0.062275562,LOW (<50%)
2024-10-04 16:30:00,BUY (BULLISH),2,1.0958,1.09722,2024-10-04 20:45:00,0.1296,LOSS ❌ (0.13%),0,0.11295581,LOW (<50%)
2024-10-07 17:00:00,SELL (BEARISH),2,1.09839,1.09757,2024-10-08 14:00:00,0.0747,LOSS ❌ (-0.07%),0,0.28459623,LOW (<50%)
2024-10-07 19:00:00,BUY (BULLISH),2,1.0969,1.0990938,2024-10-08 07:30:00,0.2,WIN ✅ (+0.20%),1,0.7103493,HIGH (>70%)
2024-10-08 00:45:00,SELL (BEARISH),2,1.09814,1.09757,2024-10-08 14:00:00,0.0519,LOSS ❌ (-0.05%),0,0.18080263,LOW (<50%)
2024-10-08 05:15:00,SELL (BEARISH),2,1.09837,1.09757,2024-10-08 14:00:00,0.0728,LOSS ❌ (-0.07%),0,0.22320357,LOW (<50%)
2024-10-08 06:00:00,SELL (BEARISH),2,1.09835,1.09757,2024-10-08 14:00:00,0.071,LOSS ❌ (-0.07%),0,0.31632394,LOW (<50%)
2024-10-08 12:45:00,BUY (BULLISH),2,1.09756,1.09757,2024-10-08 14:00:00,0.0009,LOSS ❌ (0.00%),0,0.08429929,LOW (<50%)
2024-10-08 20:15:00,SELL (BEARISH),2,1.09782,1.09562436,2024-10-09 07:00:00,0.2,WIN ✅ (+0.20%),1,0.81795245,HIGH (>70%)
2024-10-08 20:30:00,SELL (BEARISH),2,1.09781,1.09561438,2024-10-09 07:00:00,0.2,WIN ✅ (+0.20%),1,0.7716668,HIGH (>70%)
2024-10-09 01:30:00,BUY (BULLISH),2,1.09722,1.09574,2024-10-09 14:00:00,-0.1349,LOSS ❌ (-0.13%),0,0.09310613,LOW (<50%)
2024-10-09 03:15:00,BUY (BULLISH),2,1.09694,1.09574,2024-10-09 14:00:00,-0.1094,LOSS ❌ (-0.11%),0,0.16148444,LOW (<50%)
2024-10-09 04:45:00,BUY (BULLISH),2,1.09629,1.09574,2024-10-09 14:00:00,-0.0502,LOSS ❌ (-0.05%),0,0.10662674,LOW (<50%)
2024-10-09 17:45:00,BUY (BULLISH),2,1.09387,1.09359,2024-10-10 14:00:00,-0.0256,LOSS ❌ (-0.03%),0,0.38809863,LOW (<50%)
2024-10-10 00:45:00,SELL (BEARISH),2,1.09403,1.09184194,2024-10-10 12:30:00,0.2,WIN ✅ (+0.20%),1,0.61528033,MEDIUM (50-70%)
2024-10-10 05:15:00,BUY (BULLISH),2,1.09394,1.09359,2024-10-10 14:00:00,-0.032,LOSS ❌ (-0.03%),0,0.16671987,LOW (<50%)
2024-10-10 06:00:00,BUY (BULLISH),2,1.09381,1.09359,2024-10-10 14:00:00,-0.0201,LOSS ❌ (-0.02%),0,0.2425365,LOW (<50%)
2024-10-10 07:00:00,BUY (BULLISH),2,1.09364,1.09359,2024-10-10 14:00:00,-0.0046,LOSS ❌ (-0.00%),0,0.2518936,LOW (<50%)
2024-10-11 03:00:00,SELL (BEARISH),2,1.09368,1.09405,2024-10-11 14:00:00,-0.0338,LOSS ❌ (0.03%),0,0.13886131,LOW (<50%)
2024-10-11 03:45:00,SELL (BEARISH),2,1.09392,1.09405,2024-10-11 14:00:00,-0.0119,LOSS ❌ (0.01%),0,0.30188757,LOW (<50%)
2024-10-11 07:15:00,BUY (BULLISH),2,1.09366,1.09405,2024-10-11 14:00:00,0.0357,LOSS ❌ (0.04%),0,0.29079118,LOW (<50%)
2024-10-11 08:00:00,SELL (BEARISH),2,1.09445,1.09405,2024-10-11 14:00:00,0.0365,LOSS ❌ (-0.04%),0,0.27678993,LOW (<50%)
2024-10-13 21:15:00,BUY (BULLISH),2,1.09316,1.09088,2024-10-14 14:00:00,-0.2086,LOSS ❌ (-0.21%),0,0.065600544,LOW (<50%)
2024-10-13 22:00:00,BUY (BULLISH),2,1.09314,1.09088,2024-10-14 14:00:00,-0.2067,LOSS ❌ (-0.21%),0,0.30620703,LOW (<50%)
2024-10-13 23:15:00,BUY (BULLISH),2,1.09255,1.09088,2024-10-14 14:00:00,-0.1529,LOSS ❌ (-0.15%),0,0.19012205,LOW (<50%)
2024-10-13 23:45:00,BUY (BULLISH),2,1.09227,1.09088,2024-10-14 14:00:00,-0.1273,LOSS ❌ (-0.13%),0,0.17586628,LOW (<50%)
2024-10-14 08:00:00,SELL (BEARISH),2,1.09281,1.09062438,2024-10-14 13:00:00,0.2,WIN ✅ (+0.20%),1,0.7183504,HIGH (>70%)
2024-10-14 12:45:00,BUY (BULLISH),2,1.09091,1.09088,2024-10-14 14:00:00,-0.0027,LOSS ❌ (-0.00%),0,0.15780687,LOW (<50%)
2024-10-14 22:45:00,SELL (BEARISH),2,1.09083,1.08864834,2024-10-15 06:00:00,0.2,WIN ✅ (+0.20%),1,0.6600596,MEDIUM (50-70%)
2024-10-15 03:15:00,BUY (BULLISH),2,1.09014,1.09052,2024-10-15 14:00:00,0.0349,LOSS ❌ (0.03%),0,0.08428499,LOW (<50%)
2024-10-15 04:30:00,BUY (BULLISH),2,1.08929,1.09146858,2024-10-15 08:45:00,0.2,WIN ✅ (+0.20%),1,0.5200123,MEDIUM (50-70%)
2024-10-15 08:45:00,SELL (BEARISH),2,1.09099,1.09052,2024-10-15 14:00:00,0.0431,LOSS ❌ (-0.04%),0,0.2845933,LOW (<50%)
2024-10-15 17:45:00,BUY (BULLISH),2,1.08846,1.08835,2024-10-16 14:00:00,-0.0101,LOSS ❌ (-0.01%),0,0.24950863,LOW (<50%)
2024-10-15 21:45:00,SELL (BEARISH),2,1.0892,1.08835,2024-10-16 14:00:00,0.078,LOSS ❌ (-0.08%),0,0.2928352,LOW (<50%)
2024-10-16 00:00:00,BUY (BULLISH),2,1.08833,1.08835,2024-10-16 14:00:00,0.0018,LOSS ❌ (0.00%),0,0.16870302,LOW (<50%)
2024-10-16 02:45:00,SELL (BEARISH),2,1.08922,1.08835,2024-10-16 14:00:00,0.0799,LOSS ❌ (-0.08%),0,0.1616215,LOW (<50%)
2024-10-16 12:15:00,SELL (BEARISH),2,1.08977,1.08835,2024-10-16 14:00:00,0.1303,LOSS ❌ (-0.13%),0,0.09170386,LOW (<50%)
2024-10-16 17:30:00,BUY (BULLISH),2,1.08628,1.08257,2024-10-17 14:00:00,-0.3415,LOSS ❌ (-0.34%),0,0.13908829,LOW (<50%)
2024-10-16 17:45:00,BUY (BULLISH),2,1.08619,1.08257,2024-10-17 14:00:00,-0.3333,LOSS ❌ (-0.33%),0,0.13510002,LOW (<50%)
2024-10-16 18:30:00,BUY (BULLISH),2,1.08574,1.08257,2024-10-17 14:00:00,-0.292,LOSS ❌ (-0.29%),0,0.21674328,LOW (<50%)
2024-10-16 19:00:00,BUY (BULLISH),2,1.0856,1.08257,2024-10-17 14:00:00,-0.2791,LOSS ❌ (-0.28%),0,0.23289284,LOW (<50%)
2024-10-17 13:15:00,BUY (BULLISH),2,1.08135,1.0835127,2024-10-17 13:45:00,0.2,WIN ✅ (+0.20%),1,0.6385899,MEDIUM (50-70%)
2024-10-17 21:30:00,SELL (BEARISH),2,1.08314,1.08605,2024-10-18 14:00:00,-0.2687,LOSS ❌ (0.27%),0,0.16841802,LOW (<50%)
2024-10-17 21:45:00,SELL (BEARISH),2,1.08315,1.08605,2024-10-18 14:00:00,-0.2677,LOSS ❌ (0.27%),0,0.09391663,LOW (<50%)
2024-10-17 22:00:00,SELL (BEARISH),2,1.08309,1.08605,2024-10-18 14:00:00,-0.2733,LOSS ❌ (0.27%),0,0.28054193,LOW (<50%)
2024-10-18 02:00:00,SELL (BEARISH),2,1.08338,1.08605,2024-10-18 14:00:00,-0.2465,LOSS ❌ (0.25%),0,0.19288458,LOW (<50%)
2024-10-18 09:30:00,BUY (BULLISH),2,1.08353,1.0856970600000002,2024-10-18 12:30:00,0.2,WIN ✅ (+0.20%),1,0.6769793,MEDIUM (50-70%)
2024-10-18 11:45:00,SELL (BEARISH),2,1.08479,1.08605,2024-10-18 14:00:00,-0.1162,LOSS ❌ (0.12%),0,0.23881334,LOW (<50%)
2024-10-18 13:00:00,SELL (BEARISH),2,1.08593,1.08605,2024-10-18 14:00:00,-0.0111,LOSS ❌ (0.01%),0,0.1175448,LOW (<50%)
2024-10-21 06:15:00,BUY (BULLISH),2,1.08558,1.08454,2024-10-21 14:00:00,-0.0958,LOSS ❌ (-0.10%),0,0.06619444,LOW (<50%)
2024-10-21 06:45:00,BUY (BULLISH),2,1.0852,1.08454,2024-10-21 14:00:00,-0.0608,LOSS ❌ (-0.06%),0,0.23494332,LOW (<50%)
2024-10-21 16:45:00,BUY (BULLISH),2,1.08183,1.08011,2024-10-22 14:00:00,-0.159,LOSS ❌ (-0.16%),0,0.24383101,LOW (<50%)
2024-10-21 18:00:00,BUY (BULLISH),2,1.08153,1.08369306,2024-10-22 07:30:00,0.2,WIN ✅ (+0.20%),1,0.6026028,MEDIUM (50-70%)
2024-10-22 02:00:00,SELL (BEARISH),2,1.08195,1.08011,2024-10-22 14:00:00,0.1701,LOSS ❌ (-0.17%),0,0.16090086,LOW (<50%)
2024-10-22 05:00:00,SELL (BEARISH),2,1.08204,1.08011,2024-10-22 14:00:00,0.1784,LOSS ❌ (-0.18%),0,0.08846207,LOW (<50%)
2024-10-22 06:45:00,SELL (BEARISH),2,1.08251,1.08034498,2024-10-22 13:30:00,0.2,WIN ✅ (+0.20%),1,0.69913024,MEDIUM (50-70%)
2024-10-22 07:45:00,SELL (BEARISH),2,1.08363,1.08146274,2024-10-22 09:45:00,0.2,WIN ✅ (+0.20%),1,0.63847065,MEDIUM (50-70%)
2024-10-22 10:00:00,BUY (BULLISH),2,1.08155,1.08011,2024-10-22 14:00:00,-0.1331,LOSS ❌ (-0.13%),0,0.17692791,LOW (<50%)
2024-10-22 12:30:00,BUY (BULLISH),2,1.08166,1.08011,2024-10-22 14:00:00,-0.1433,LOSS ❌ (-0.14%),0,0.1348776,LOW (<50%)
2024-10-22 18:15:00,BUY (BULLISH),2,1.08016,1.07764,2024-10-23 14:00:00,-0.2333,LOSS ❌ (-0.23%),0,0.29031247,LOW (<50%)
2024-10-22 18:30:00,BUY (BULLISH),2,1.08013,1.07764,2024-10-23 14:00:00,-0.2305,LOSS ❌ (-0.23%),0,0.31896383,LOW (<50%)
2024-10-22 20:00:00,BUY (BULLISH),2,1.07952,1.07764,2024-10-23 14:00:00,-0.1742,LOSS ❌ (-0.17%),0,0.22598855,LOW (<50%)
2024-10-23 00:45:00,SELL (BEARISH),2,1.07947,1.07731106,2024-10-23 11:30:00,0.2,WIN ✅ (+0.20%),1,0.8310382,HIGH (>70%)
2024-10-23 05:15:00,SELL (BEARISH),2,1.08043,1.07826914,2024-10-23 07:15:00,0.2,WIN ✅ (+0.20%),1,0.5190958,MEDIUM (50-70%)
2024-10-23 08:15:00,BUY (BULLISH),2,1.0781,1.07764,2024-10-23 14:00:00,-0.0427,LOSS ❌ (-0.04%),0,0.27512112,LOW (<50%)
2024-10-23 17:45:00,BUY (BULLISH),2,1.07683,1.07898366,2024-10-24 04:15:00,0.2,WIN ✅ (+0.20%),1,0.62243104,MEDIUM (50-70%)
2024-10-25 00:15:00,BUY (BULLISH),2,1.08214,1.08357,2024-10-25 14:00:00,0.1321,LOSS ❌ (0.13%),0,0.221117,LOW (<50%)
2024-10-25 00:45:00,BUY (BULLISH),2,1.08215,1.08357,2024-10-25 14:00:00,0.1312,LOSS ❌ (0.13%),0,0.43247724,LOW (<50%)
2024-10-25 06:00:00,BUY (BULLISH),2,1.08203,1.08357,2024-10-25 14:00:00,0.1423,LOSS ❌ (0.14%),0,0.22161523,LOW (<50%)
2024-10-25 06:45:00,BUY (BULLISH),2,1.08152,1.08368304,2024-10-25 08:15:00,0.2,WIN ✅ (+0.20%),1,0.69175744,MEDIUM (50-70%)
2024-10-25 16:15:00,BUY (BULLISH),2,1.08086,1.07955,2024-10-25 20:45:00,-0.1212,LOSS ❌ (-0.12%),0,0.101269364,LOW (<50%)
2024-10-25 17:15:00,BUY (BULLISH),2,1.08031,1.07955,2024-10-25 20:45:00,-0.0704,LOSS ❌ (-0.07%),0,0.11152304,LOW (<50%)
2024-10-25 17:45:00,BUY (BULLISH),2,1.08028,1.07955,2024-10-25 20:45:00,-0.0676,LOSS ❌ (-0.07%),0,0.19230735,LOW (<50%)
2024-10-25 18:15:00,BUY (BULLISH),2,1.08007,1.07955,2024-10-25 20:45:00,-0.0481,LOSS ❌ (-0.05%),0,0.12686469,LOW (<50%)
2024-10-27 21:15:00,BUY (BULLISH),2,1.07903,1.08118806,2024-10-28 08:15:00,0.2,WIN ✅ (+0.20%),1,0.7388319,HIGH (>70%)
2024-10-28 05:15:00,BUY (BULLISH),2,1.07837,1.08052674,2024-10-28 08:00:00,0.2,WIN ✅ (+0.20%),1,0.77514285,HIGH (>70%)
2024-10-28 06:45:00,SELL (BEARISH),2,1.07938,1.08183,2024-10-28 14:00:00,-0.227,LOSS ❌ (0.23%),0,0.19568154,LOW (<50%)
2024-10-28 07:30:00,SELL (BEARISH),2,1.07988,1.08183,2024-10-28 14:00:00,-0.1806,LOSS ❌ (0.18%),0,0.3390649,LOW (<50%)
2024-10-28 18:15:00,BUY (BULLISH),2,1.08113,1.07913,2024-10-29 14:00:00,-0.185,LOSS ❌ (-0.18%),0,0.32608768,LOW (<50%)
2024-10-29 00:00:00,SELL (BEARISH),2,1.08169,1.07952662,2024-10-29 12:00:00,0.2,WIN ✅ (+0.20%),1,0.43658432,LOW (<50%)
2024-10-29 12:00:00,BUY (BULLISH),2,1.07983,1.07913,2024-10-29 14:00:00,-0.0648,LOSS ❌ (-0.06%),0,0.3427707,LOW (<50%)
2024-10-29 12:45:00,BUY (BULLISH),2,1.07771,1.07986542,2024-10-29 14:00:00,0.2,WIN ✅ (+0.20%),1,0.6977319,MEDIUM (50-70%)
2024-10-29 20:15:00,SELL (BEARISH),2,1.08144,1.08519,2024-10-30 14:00:00,-0.3468,LOSS ❌ (0.35%),0,0.1413984,LOW (<50%)
2024-10-29 23:15:00,SELL (BEARISH),2,1.08205,1.08519,2024-10-30 14:00:00,-0.2902,LOSS ❌ (0.29%),0,0.24164324,LOW (<50%)
2024-10-30 00:15:00,SELL (BEARISH),2,1.08234,1.08519,2024-10-30 14:00:00,-0.2633,LOSS ❌ (0.26%),0,0.2878653,LOW (<50%)
2024-10-30 03:30:00,BUY (BULLISH),2,1.08147,1.08363294,2024-10-30 08:00:00,0.2,WIN ✅ (+0.20%),1,0.84212714,HIGH (>70%)
2024-10-30 04:00:00,BUY (BULLISH),2,1.0814,1.0835628,2024-10-30 08:00:00,0.2,WIN ✅ (+0.20%),1,0.72410905,HIGH (>70%)
2024-10-30 06:45:00,SELL (BEARISH),2,1.08232,1.08519,2024-10-30 14:00:00,-0.2652,LOSS ❌ (0.27%),0,0.0838578,LOW (<50%)
2024-10-30 12:30:00,BUY (BULLISH),2,1.08104,1.08320208,2024-10-30 13:45:00,0.2,WIN ✅ (+0.20%),1,0.7865261,HIGH (>70%)
2024-10-30 14:15:00,SELL (BEARISH),2,1.0847,1.08586,2024-10-31 14:00:00,-0.1069,LOSS ❌ (0.11%),0,0.19386,LOW (<50%)
2024-10-30 14:30:00,SELL (BEARISH),2,1.08534,1.08586,2024-10-31 14:00:00,-0.0479,LOSS ❌ (0.05%),0,0.2351757,LOW (<50%)
2024-10-30 14:45:00,SELL (BEARISH),2,1.08486,1.08586,2024-10-31 14:00:00,-0.0922,LOSS ❌ (0.09%),0,0.1706159,LOW (<50%)
2024-10-30 15:15:00,SELL (BEARISH),2,1.08562,1.08586,2024-10-31 14:00:00,-0.0221,LOSS ❌ (0.02%),0,0.32784593,LOW (<50%)
2024-10-30 15:45:00,SELL (BEARISH),3,1.08634,1.08586,2024-10-31 14:00:00,0.0442,LOSS ❌ (-0.04%),0,0.32385978,LOW (<50%)
2024-10-30 18:15:00,SELL (BEARISH),2,1.08678,1.0846064400000002,2024-10-31 01:45:00,0.2,WIN ✅ (+0.20%),1,0.8664696,HIGH (>70%)
2024-10-30 18:45:00,SELL (BEARISH),2,1.08689,1.08471622,2024-10-31 01:45:00,0.2,WIN ✅ (+0.20%),1,0.8188636,HIGH (>70%)
2024-10-30 21:15:00,BUY (BULLISH),2,1.08578,1.08795156,2024-10-31 12:30:00,0.2,WIN ✅ (+0.20%),1,0.65530515,MEDIUM (50-70%)
2024-10-31 12:45:00,SELL (BEARISH),2,1.08794,1.08576412,2024-10-31 13:45:00,0.2,WIN ✅ (+0.20%),1,0.6332573,MEDIUM (50-70%)
2024-10-31 14:00:00,BUY (BULLISH),3,1.08586,1.08803172,2024-10-31 20:00:00,0.2,WIN ✅ (+0.20%),1,0.6716432,MEDIUM (50-70%)
2024-10-31 15:00:00,BUY (BULLISH),2,1.08562,1.08779124,2024-10-31 20:00:00,0.2,WIN ✅ (+0.20%),1,0.73012084,HIGH (>70%)
2024-10-31 15:45:00,BUY (BULLISH),2,1.08551,1.08768102,2024-10-31 19:45:00,0.2,WIN ✅ (+0.20%),1,0.6045424,MEDIUM (50-70%)
2024-10-31 21:00:00,SELL (BEARISH),2,1.08835,1.0861733,2024-11-01 08:00:00,0.2,WIN ✅ (+0.20%),1,0.64637053,MEDIUM (50-70%)
2024-11-01 01:45:00,BUY (BULLISH),2,1.08795,1.0901259,2024-11-01 12:30:00,0.2,WIN ✅ (+0.20%),1,0.7683612,HIGH (>70%)
2024-11-01 02:45:00,BUY (BULLISH),2,1.0878,1.0899756,2024-11-01 12:30:00,0.2,WIN ✅ (+0.20%),1,0.80323833,HIGH (>70%)
2024-11-01 03:15:00,BUY (BULLISH),2,1.08761,1.08978522,2024-11-01 12:30:00,0.2,WIN ✅ (+0.20%),1,0.8196348,HIGH (>70%)
2024-11-01 05:45:00,BUY (BULLISH),2,1.08713,1.08930426,2024-11-01 12:30:00,0.2,WIN ✅ (+0.20%),1,0.5227828,MEDIUM (50-70%)
2024-11-01 08:15:00,BUY (BULLISH),2,1.08601,1.08818202,2024-11-01 12:30:00,0.2,WIN ✅ (+0.20%),1,0.8738442,HIGH (>70%)
2024-11-01 10:00:00,BUY (BULLISH),2,1.08571,1.08788142,2024-11-01 12:30:00,0.2,WIN ✅ (+0.20%),1,0.69540024,MEDIUM (50-70%)
2024-11-01 14:30:00,BUY (BULLISH),2,1.08523,1.08327,2024-11-01 20:45:00,-0.1806,LOSS ❌ (-0.18%),0,0.20778476,LOW (<50%)
2024-11-01 17:45:00,BUY (BULLISH),2,1.08358,1.08327,2024-11-01 20:45:00,-0.0286,LOSS ❌ (-0.03%),0,0.19880685,LOW (<50%)
2024-11-01 20:15:00,BUY (BULLISH),2,1.0832,1.08327,2024-11-01 20:45:00,0.0065,LOSS ❌ (0.01%),0,0.21848716,LOW (<50%)
2024-11-04 01:30:00,SELL (BEARISH),2,1.08842,1.09052,2024-11-04 14:00:00,-0.1929,LOSS ❌ (0.19%),0,0.16900192,LOW (<50%)
2024-11-04 03:45:00,SELL (BEARISH),2,1.09011,1.09052,2024-11-04 14:00:00,-0.0376,LOSS ❌ (0.04%),0,0.09826408,LOW (<50%)
2024-11-04 17:00:00,BUY (BULLISH),2,1.0883,1.09032,2024-11-05 14:00:00,0.1856,LOSS ❌ (0.19%),0,0.12971017,LOW (<50%)
2024-11-04 20:00:00,BUY (BULLISH),2,1.08785,1.0900257,2024-11-05 11:15:00,0.2,WIN ✅ (+0.20%),1,0.70510775,HIGH (>70%)
2024-11-04 20:30:00,BUY (BULLISH),2,1.08777,1.08994554,2024-11-05 11:15:00,0.2,WIN ✅ (+0.20%),1,0.7947468,HIGH (>70%)
2024-11-05 00:00:00,BUY (BULLISH),2,1.08739,1.08956478,2024-11-05 09:00:00,0.2,WIN ✅ (+0.20%),1,0.88853186,HIGH (>70%)
2024-11-05 00:30:00,BUY (BULLISH),2,1.08746,1.0896349200000002,2024-11-05 09:00:00,0.2,WIN ✅ (+0.20%),1,0.8324407,HIGH (>70%)
2024-11-05 02:15:00,SELL (BEARISH),2,1.08784,1.09032,2024-11-05 14:00:00,-0.228,LOSS ❌ (0.23%),0,0.15871526,LOW (<50%)
2024-11-05 02:30:00,SELL (BEARISH),2,1.08775,1.09032,2024-11-05 14:00:00,-0.2363,LOSS ❌ (0.24%),0,0.23858917,LOW (<50%)
2024-11-05 06:00:00,SELL (BEARISH),2,1.0878,1.09032,2024-11-05 14:00:00,-0.2317,LOSS ❌ (0.23%),0,0.26012546,LOW (<50%)
2024-11-05 11:00:00,SELL (BEARISH),2,1.08944,1.09032,2024-11-05 14:00:00,-0.0808,LOSS ❌ (0.08%),0,0.20883696,LOW (<50%)
2024-11-05 14:30:00,SELL (BEARISH),2,1.09064,1.08845872,2024-11-06 00:00:00,0.2,WIN ✅ (+0.20%),1,0.6337297,MEDIUM (50-70%)
2024-11-05 15:30:00,SELL (BEARISH),2,1.09042,1.08823916,2024-11-06 00:15:00,0.2,WIN ✅ (+0.20%),1,0.5719618,MEDIUM (50-70%)
2024-11-06 01:00:00,BUY (BULLISH),2,1.08415,1.07179,2024-11-06 14:00:00,-1.1401,LOSS ❌ (-1.14%),0,0.14908409,LOW (<50%)
2024-11-06 13:00:00,BUY (BULLISH),2,1.07038,1.07179,2024-11-06 14:00:00,0.1317,LOSS ❌ (0.13%),0,0.14072117,LOW (<50%)
2024-11-07 03:45:00,SELL (BEARISH),2,1.07395,1.07819,2024-11-07 14:00:00,-0.3948,LOSS ❌ (0.39%),0,0.36721402,LOW (<50%)
2024-11-07 08:45:00,SELL (BEARISH),2,1.07685,1.0746963,2024-11-07 09:45:00,0.2,WIN ✅ (+0.20%),1,0.6485356,MEDIUM (50-70%)
2024-11-07 13:15:00,SELL (BEARISH),2,1.07853,1.07819,2024-11-07 14:00:00,0.0315,LOSS ❌ (-0.03%),0,0.23753123,LOW (<50%)
2024-11-07 13:45:00,SELL (BEARISH),2,1.07919,1.07819,2024-11-07 14:00:00,0.0927,LOSS ❌ (-0.09%),0,0.22635174,LOW (<50%)
2024-11-07 15:30:00,SELL (BEARISH),2,1.08108,1.07891784,2024-11-07 16:15:00,0.2,WIN ✅ (+0.20%),1,0.79913026,HIGH (>70%)
2024-11-07 19:00:00,BUY (BULLISH),2,1.07878,1.07566,2024-11-08 14:00:00,-0.2892,LOSS ❌ (-0.29%),0,0.2044565,LOW (<50%)
2024-11-07 19:30:00,BUY (BULLISH),2,1.07755,1.0797051,2024-11-07 20:00:00,0.2,WIN ✅ (+0.20%),1,0.8061463,HIGH (>70%)
2024-11-08 06:15:00,BUY (BULLISH),2,1.0777,1.07566,2024-11-08 14:00:00,-0.1893,LOSS ❌ (-0.19%),0,0.36625266,LOW (<50%)
2024-11-08 09:00:00,SELL (BEARISH),2,1.07845,1.0762931,2024-11-08 13:15:00,0.2,WIN ✅ (+0.20%),1,0.72758824,HIGH (>70%)
2024-11-08 09:15:00,SELL (BEARISH),2,1.07805,1.0758938999999998,2024-11-08 13:30:00,0.2,WIN ✅ (+0.20%),1,0.5838243,MEDIUM (50-70%)
2024-11-08 11:30:00,SELL (BEARISH),2,1.07908,1.07692184,2024-11-08 12:15:00,0.2,WIN ✅ (+0.20%),1,0.61982274,MEDIUM (50-70%)
2024-11-08 15:00:00,BUY (BULLISH),2,1.07452,1.07151,2024-11-08 21:45:00,-0.2801,LOSS ❌ (-0.28%),0,0.16220097,LOW (<50%)
2024-11-08 15:15:00,BUY (BULLISH),2,1.07422,1.07151,2024-11-08 21:45:00,-0.2523,LOSS ❌ (-0.25%),0,0.097553134,LOW (<50%)
2024-11-11 09:30:00,BUY (BULLISH),2,1.06735,1.06557,2024-11-11 14:00:00,-0.1668,LOSS ❌ (-0.17%),0,0.14126411,LOW (<50%)
2024-11-11 11:15:00,BUY (BULLISH),2,1.06619,1.06557,2024-11-11 14:00:00,-0.0582,LOSS ❌ (-0.06%),0,0.24848476,LOW (<50%)
2024-11-11 11:30:00,BUY (BULLISH),2,1.0663,1.06557,2024-11-11 14:00:00,-0.0685,LOSS ❌ (-0.07%),0,0.24074554,LOW (<50%)
2024-11-11 12:30:00,BUY (BULLISH),2,1.06591,1.06557,2024-11-11 14:00:00,-0.0319,LOSS ❌ (-0.03%),0,0.31567308,LOW (<50%)
2024-11-11 13:30:00,BUY (BULLISH),2,1.06447,1.06557,2024-11-11 14:00:00,0.1033,LOSS ❌ (0.10%),0,0.058742616,LOW (<50%)
2024-11-11 14:45:00,BUY (BULLISH),3,1.06423,1.06222,2024-11-12 14:00:00,-0.1889,LOSS ❌ (-0.19%),0,0.057029277,LOW (<50%)
2024-11-12 02:45:00,BUY (BULLISH),2,1.06431,1.06222,2024-11-12 14:00:00,-0.1964,LOSS ❌ (-0.20%),0,0.19572955,LOW (<50%)
2024-11-12 06:15:00,BUY (BULLISH),2,1.06361,1.06222,2024-11-12 14:00:00,-0.1307,LOSS ❌ (-0.13%),0,0.48014322,LOW (<50%)
2024-11-12 09:30:00,BUY (BULLISH),2,1.06167,1.06222,2024-11-12 14:00:00,0.0518,LOSS ❌ (0.05%),0,0.18012652,LOW (<50%)
2024-11-12 10:30:00,BUY (BULLISH),3,1.06147,1.06222,2024-11-12 14:00:00,0.0707,LOSS ❌ (0.07%),0,0.5774442,MEDIUM (50-70%)
2024-11-12 12:30:00,BUY (BULLISH),2,1.06161,1.06222,2024-11-12 14:00:00,0.0575,LOSS ❌ (0.06%),0,0.3191779,LOW (<50%)
2024-11-12 15:15:00,BUY (BULLISH),2,1.06081,1.06293162,2024-11-13 09:45:00,0.2,WIN ✅ (+0.20%),1,0.61147267,MEDIUM (50-70%)
2024-11-12 15:45:00,BUY (BULLISH),2,1.06088,1.06300176,2024-11-13 11:45:00,0.2,WIN ✅ (+0.20%),1,0.7427496,HIGH (>70%)
2024-11-12 16:45:00,BUY (BULLISH),3,1.05977,1.06188954,2024-11-12 20:45:00,0.2,WIN ✅ (+0.20%),1,0.7118706,HIGH (>70%)
2024-11-12 17:00:00,BUY (BULLISH),3,1.05975,1.0618695,2024-11-12 20:45:00,0.2,WIN ✅ (+0.20%),1,0.817923,HIGH (>70%)
2024-11-13 01:45:00,SELL (BEARISH),2,1.06276,1.0606344799999998,2024-11-13 07:15:00,0.2,WIN ✅ (+0.20%),1,0.864086,HIGH (>70%)
2024-11-13 12:00:00,SELL (BEARISH),2,1.06293,1.06328,2024-11-13 14:00:00,-0.0329,LOSS ❌ (0.03%),0,0.15330596,LOW (<50%)
2024-11-13 13:30:00,SELL (BEARISH),2,1.06316,1.06328,2024-11-13 14:00:00,-0.0113,LOSS ❌ (0.01%),0,0.07679233,LOW (<50%)
2024-11-13 14:30:00,BUY (BULLISH),2,1.06151,1.05425,2024-11-14 14:00:00,-0.6839,LOSS ❌ (-0.68%),0,0.33082026,LOW (<50%)
2024-11-14 08:00:00,SELL (BEARISH),2,1.05507,1.05295986,2024-11-14 09:15:00,0.2,WIN ✅ (+0.20%),1,0.8200837,HIGH (>70%)
2024-11-14 09:30:00,BUY (BULLISH),3,1.05233,1.05443466,2024-11-14 12:45:00,0.2,WIN ✅ (+0.20%),1,0.7838304,HIGH (>70%)
2024-11-14 09:45:00,BUY (BULLISH),2,1.052,1.0541040000000002,2024-11-14 12:45:00,0.2,WIN ✅ (+0.20%),1,0.79778296,HIGH (>70%)
2024-11-14 10:30:00,BUY (BULLISH),2,1.05118,1.05328236,2024-11-14 11:45:00,0.2,WIN ✅ (+0.20%),1,0.8354487,HIGH (>70%)
2024-11-14 14:30:00,SELL (BEARISH),2,1.0556,1.0534888,2024-11-14 20:00:00,0.2,WIN ✅ (+0.20%),1,0.9007382,HIGH (>70%)
2024-11-14 15:45:00,SELL (BEARISH),2,1.05744,1.05532512,2024-11-14 18:15:00,0.2,WIN ✅ (+0.20%),1,0.9440011,HIGH (>70%)
2024-11-14 16:15:00,SELL (BEARISH),2,1.05768,1.05556464,2024-11-14 17:30:00,0.2,WIN ✅ (+0.20%),1,0.907239,HIGH (>70%)
2024-11-14 20:45:00,BUY (BULLISH),2,1.05199,1.05409398,2024-11-15 01:15:00,0.2,WIN ✅ (+0.20%),1,0.8707353,HIGH (>70%)
2024-11-15 04:15:00,SELL (BEARISH),2,1.05437,1.05487,2024-11-15 14:00:00,-0.0474,LOSS ❌ (0.05%),0,0.2833267,LOW (<50%)
2024-11-15 07:30:00,SELL (BEARISH),2,1.05571,1.05487,2024-11-15 14:00:00,0.0796,LOSS ❌ (-0.08%),0,0.11884335,LOW (<50%)
2024-11-15 08:45:00,SELL (BEARISH),2,1.05695,1.0548361,2024-11-15 14:00:00,0.2,WIN ✅ (+0.20%),1,0.6818311,MEDIUM (50-70%)
2024-11-15 09:15:00,SELL (BEARISH),2,1.05695,1.0548361,2024-11-15 14:00:00,0.2,WIN ✅ (+0.20%),1,0.8925959,HIGH (>70%)
2024-11-15 13:30:00,BUY (BULLISH),2,1.05628,1.05487,2024-11-15 14:00:00,-0.1335,LOSS ❌ (-0.13%),0,0.36445656,LOW (<50%)
2024-11-15 14:45:00,BUY (BULLISH),2,1.05314,1.05524628,2024-11-15 17:00:00,0.2,WIN ✅ (+0.20%),1,0.91516525,HIGH (>70%)
2024-11-15 20:30:00,BUY (BULLISH),3,1.05228,1.05373,2024-11-15 21:45:00,0.1378,LOSS ❌ (0.14%),0,0.14834444,LOW (<50%)
2024-11-18 11:00:00,BUY (BULLISH),2,1.0539,1.0560078000000002,2024-11-18 13:45:00,0.2,WIN ✅ (+0.20%),1,0.7446896,HIGH (>70%)
2024-11-18 11:30:00,BUY (BULLISH),2,1.05386,1.05596772,2024-11-18 13:30:00,0.2,WIN ✅ (+0.20%),1,0.69552416,MEDIUM (50-70%)
2024-11-18 14:30:00,SELL (BEARISH),2,1.05687,1.05475626,2024-11-19 09:15:00,0.2,WIN ✅ (+0.20%),1,0.84911203,HIGH (>70%)
2024-11-18 15:45:00,SELL (BEARISH),2,1.05731,1.05519538,2024-11-19 09:15:00,0.2,WIN ✅ (+0.20%),1,0.8928766,HIGH (>70%)
2024-11-18 17:00:00,SELL (BEARISH),2,1.05812,1.0560037599999998,2024-11-19 09:15:00,0.2,WIN ✅ (+0.20%),1,0.6309939,MEDIUM (50-70%)
2024-11-18 18:30:00,SELL (BEARISH),2,1.05922,1.05710156,2024-11-19 08:30:00,0.2,WIN ✅ (+0.20%),1,0.7662492,HIGH (>70%)
2024-11-19 00:45:00,BUY (BULLISH),2,1.05894,1.05889,2024-11-19 14:00:00,-0.0047,LOSS ❌ (-0.00%),0,0.27115467,LOW (<50%)
2024-11-19 05:00:00,BUY (BULLISH),2,1.05873,1.05889,2024-11-19 14:00:00,0.0151,LOSS ❌ (0.02%),0,0.4188636,LOW (<50%)
2024-11-19 15:30:00,SELL (BEARISH),2,1.05937,1.05725126,2024-11-19 16:30:00,0.2,WIN ✅ (+0.20%),1,0.919201,HIGH (>70%)
2024-11-19 23:45:00,SELL (BEARISH),2,1.06067,1.05854866,2024-11-20 06:00:00,0.2,WIN ✅ (+0.20%),1,0.87126136,HIGH (>70%)
2024-11-20 00:00:00,SELL (BEARISH),2,1.06061,1.05848878,2024-11-20 06:00:00,0.2,WIN ✅ (+0.20%),1,0.53698134,MEDIUM (50-70%)
2024-11-20 04:00:00,BUY (BULLISH),2,1.05886,1.05498,2024-11-20 14:00:00,-0.3664,LOSS ❌ (-0.37%),0,0.1052522,LOW (<50%)
2024-11-20 08:45:00,BUY (BULLISH),2,1.0564,1.05498,2024-11-20 14:00:00,-0.1344,LOSS ❌ (-0.13%),0,0.20211129,LOW (<50%)
2024-11-20 09:00:00,BUY (BULLISH),2,1.05679,1.05498,2024-11-20 14:00:00,-0.1713,LOSS ❌ (-0.17%),0,0.14963186,LOW (<50%)
2024-11-20 09:15:00,BUY (BULLISH),2,1.05586,1.05498,2024-11-20 14:00:00,-0.0833,LOSS ❌ (-0.08%),0,0.10124825,LOW (<50%)
2024-11-20 09:30:00,BUY (BULLISH),2,1.056,1.05498,2024-11-20 14:00:00,-0.0966,LOSS ❌ (-0.10%),0,0.13162243,LOW (<50%)
2024-11-20 10:45:00,BUY (BULLISH),2,1.05484,1.05498,2024-11-20 14:00:00,0.0133,LOSS ❌ (0.01%),0,0.0474006,LOW (<50%)
2024-11-20 11:00:00,BUY (BULLISH),2,1.05472,1.05498,2024-11-20 14:00:00,0.0247,LOSS ❌ (0.02%),0,0.2839502,LOW (<50%)
2024-11-20 11:15:00,BUY (BULLISH),3,1.05472,1.05498,2024-11-20 14:00:00,0.0247,LOSS ❌ (0.02%),0,0.10231139,LOW (<50%)
2024-11-20 14:45:00,BUY (BULLISH),2,1.05245,1.0545549,2024-11-21 00:00:00,0.2,WIN ✅ (+0.20%),1,0.9173128,HIGH (>70%)
2024-11-20 16:00:00,BUY (BULLISH),2,1.05168,1.05378336,2024-11-20 19:00:00,0.2,WIN ✅ (+0.20%),1,0.80774343,HIGH (>70%)
2024-11-20 21:15:00,SELL (BEARISH),2,1.0542,1.0520916,2024-11-21 09:15:00,0.2,WIN ✅ (+0.20%),1,0.7777537,HIGH (>70%)
2024-11-20 23:45:00,SELL (BEARISH),2,1.05453,1.05242094,2024-11-21 08:30:00,0.2,WIN ✅ (+0.20%),1,0.8361865,HIGH (>70%)
2024-11-21 00:00:00,SELL (BEARISH),2,1.05446,1.05235108,2024-11-21 09:15:00,0.2,WIN ✅ (+0.20%),1,0.8665821,HIGH (>70%)
2024-11-21 00:45:00,SELL (BEARISH),2,1.05452,1.05241096,2024-11-21 08:30:00,0.2,WIN ✅ (+0.20%),1,0.729254,HIGH (>70%)
2024-11-21 01:00:00,SELL (BEARISH),2,1.0546,1.0524908,2024-11-21 08:30:00,0.2,WIN ✅ (+0.20%),1,0.8642701,HIGH (>70%)
2024-11-21 02:15:00,SELL (BEARISH),2,1.05486,1.05275028,2024-11-21 08:15:00,0.2,WIN ✅ (+0.20%),1,0.9009531,HIGH (>70%)
2024-11-21 02:45:00,SELL (BEARISH),2,1.05491,1.05280018,2024-11-21 08:15:00,0.2,WIN ✅ (+0.20%),1,0.7853298,HIGH (>70%)
2024-11-21 09:30:00,BUY (BULLISH),2,1.05155,1.0536531,2024-11-21 13:30:00,0.2,WIN ✅ (+0.20%),1,0.68936557,MEDIUM (50-70%)
2024-11-21 15:00:00,SELL (BEARISH),3,1.05348,1.05137304,2024-11-21 15:45:00,0.2,WIN ✅ (+0.20%),1,0.8274572,HIGH (>70%)
2024-11-21 16:45:00,BUY (BULLISH),2,1.04739,1.04948478,2024-11-22 08:00:00,0.2,WIN ✅ (+0.20%),1,0.85576254,HIGH (>70%)
2024-11-22 16:15:00,BUY (BULLISH),2,1.03952,1.04159904,2024-11-22 17:30:00,0.2,WIN ✅ (+0.20%),1,0.88441426,HIGH (>70%)
2024-11-24 22:45:00,SELL (BEARISH),2,1.04781,1.04571438,2024-11-24 23:00:00,0.2,WIN ✅ (+0.20%),1,0.9026705,HIGH (>70%)
2024-11-25 08:15:00,BUY (BULLISH),2,1.04531,1.04740062,2024-11-25 09:00:00,0.2,WIN ✅ (+0.20%),1,0.826624,HIGH (>70%)
2024-11-25 09:45:00,SELL (BEARISH),2,1.04891,1.05266,2024-11-25 14:00:00,-0.3575,LOSS ❌ (0.36%),0,0.32535204,LOW (<50%)
2024-11-25 13:30:00,SELL (BEARISH),2,1.05193,1.05266,2024-11-25 14:00:00,-0.0694,LOSS ❌ (0.07%),0,0.09335289,LOW (<50%)
2024-11-25 14:00:00,SELL (BEARISH),2,1.05266,1.05055468,2024-11-25 14:30:00,0.2,WIN ✅ (+0.20%),1,0.9150158,HIGH (>70%)
2024-11-25 16:45:00,BUY (BULLISH),2,1.04772,1.04981544,2024-11-25 18:30:00,0.2,WIN ✅ (+0.20%),1,0.9477903,HIGH (>70%)
2024-11-26 00:15:00,BUY (BULLISH),2,1.04529,1.04738058,2024-11-26 03:45:00,0.2,WIN ✅ (+0.20%),1,0.8188139,HIGH (>70%)
2024-11-26 10:45:00,SELL (BEARISH),3,1.05165,1.0495467,2024-11-26 14:00:00,0.2,WIN ✅ (+0.20%),1,0.8163828,HIGH (>70%)
2024-11-26 11:45:00,SELL (BEARISH),2,1.05129,1.04918742,2024-11-26 14:00:00,0.2,WIN ✅ (+0.20%),1,0.93213403,HIGH (>70%)
2024-11-26 12:30:00,SELL (BEARISH),2,1.05369,1.05158262,2024-11-26 13:00:00,0.2,WIN ✅ (+0.20%),1,0.71344125,HIGH (>70%)
2024-11-26 14:00:00,BUY (BULLISH),2,1.04929,1.05138858,2024-11-27 08:00:00,0.2,WIN ✅ (+0.20%),1,0.9285327,HIGH (>70%)
2024-11-26 15:30:00,BUY (BULLISH),2,1.04912,1.05121824,2024-11-27 08:00:00,0.2,WIN ✅ (+0.20%),1,0.84341705,HIGH (>70%)
2024-11-26 16:15:00,BUY (BULLISH),2,1.04726,1.04935452,2024-11-27 00:00:00,0.2,WIN ✅ (+0.20%),1,0.900805,HIGH (>70%)
2024-11-26 18:30:00,BUY (BULLISH),2,1.04643,1.04852286,2024-11-26 21:00:00,0.2,WIN ✅ (+0.20%),1,0.7011868,HIGH (>70%)
2024-11-27 02:30:00,BUY (BULLISH),2,1.0484,1.0504968,2024-11-27 08:00:00,0.2,WIN ✅ (+0.20%),1,0.8698314,HIGH (>70%)
2024-11-27 05:15:00,BUY (BULLISH),2,1.04783,1.04992566,2024-11-27 07:30:00,0.2,WIN ✅ (+0.20%),1,0.85564846,HIGH (>70%)
2024-11-27 07:45:00,SELL (BEARISH),2,1.04978,1.05647,2024-11-27 14:00:00,-0.6373,LOSS ❌ (0.64%),0,0.13213794,LOW (<50%)
2024-11-27 14:00:00,SELL (BEARISH),2,1.05647,1.05435706,2024-11-27 15:00:00,0.2,WIN ✅ (+0.20%),1,0.8919778,HIGH (>70%)
2024-11-27 15:45:00,SELL (BEARISH),2,1.05702,1.05490596,2024-11-28 01:00:00,0.2,WIN ✅ (+0.20%),1,0.8696513,HIGH (>70%)
2024-11-27 16:45:00,SELL (BEARISH),2,1.05739,1.05527522,2024-11-28 00:45:00,0.2,WIN ✅ (+0.20%),1,0.7414672,HIGH (>70%)
2024-11-27 17:15:00,SELL (BEARISH),3,1.05814,1.05602372,2024-11-27 19:45:00,0.2,WIN ✅ (+0.20%),1,0.8592317,HIGH (>70%)
2024-11-28 08:00:00,BUY (BULLISH),2,1.0541,1.05381,2024-11-28 14:00:00,-0.0275,LOSS ❌ (-0.03%),0,0.27423844,LOW (<50%)
2024-11-28 15:00:00,SELL (BEARISH),2,1.05545,1.05471,2024-11-29 14:00:00,0.0701,LOSS ❌ (-0.07%),0,0.24821948,LOW (<50%)
2024-11-28 23:45:00,SELL (BEARISH),2,1.05597,1.05471,2024-11-29 14:00:00,0.1193,LOSS ❌ (-0.12%),0,0.35120127,LOW (<50%)
2024-11-29 00:15:00,SELL (BEARISH),2,1.05617,1.05471,2024-11-29 14:00:00,0.1382,LOSS ❌ (-0.14%),0,0.3067555,LOW (<50%)
2024-11-29 08:15:00,BUY (BULLISH),2,1.05689,1.05471,2024-11-29 14:00:00,-0.2063,LOSS ❌ (-0.21%),0,0.21368936,LOW (<50%)
2024-11-29 12:30:00,BUY (BULLISH),2,1.05526,1.05471,2024-11-29 14:00:00,-0.0521,LOSS ❌ (-0.05%),0,0.2939358,LOW (<50%)
2024-11-29 12:45:00,BUY (BULLISH),2,1.05639,1.05471,2024-11-29 14:00:00,-0.159,LOSS ❌ (-0.16%),0,0.3281206,LOW (<50%)
2024-11-29 14:15:00,BUY (BULLISH),2,1.05497,1.05707994,2024-11-29 18:00:00,0.2,WIN ✅ (+0.20%),1,0.76196516,HIGH (>70%)
2024-11-29 16:45:00,BUY (BULLISH),2,1.05461,1.05671922,2024-11-29 17:45:00,0.2,WIN ✅ (+0.20%),1,0.8572345,HIGH (>70%)
2024-11-29 19:15:00,SELL (BEARISH),2,1.05773,1.05741,2024-11-29 21:45:00,0.0303,LOSS ❌ (-0.03%),0,0.14493006,LOW (<50%)
2024-11-29 19:30:00,SELL (BEARISH),2,1.05779,1.05741,2024-11-29 21:45:00,0.0359,LOSS ❌ (-0.04%),0,0.19674325,LOW (<50%)
2024-12-02 00:00:00,BUY (BULLISH),2,1.05391,1.05079,2024-12-02 14:00:00,-0.296,LOSS ❌ (-0.30%),0,0.22722808,LOW (<50%)
2024-12-02 00:30:00,BUY (BULLISH),2,1.05331,1.05079,2024-12-02 14:00:00,-0.2392,LOSS ❌ (-0.24%),0,0.1300214,LOW (<50%)
2024-12-02 03:15:00,BUY (BULLISH),2,1.05228,1.05079,2024-12-02 14:00:00,-0.1416,LOSS ❌ (-0.14%),0,0.12297498,LOW (<50%)
2024-12-02 04:45:00,BUY (BULLISH),2,1.0523,1.05079,2024-12-02 14:00:00,-0.1435,LOSS ❌ (-0.14%),0,0.104647875,LOW (<50%)
2024-12-02 05:15:00,BUY (BULLISH),2,1.05217,1.05079,2024-12-02 14:00:00,-0.1312,LOSS ❌ (-0.13%),0,0.14011116,LOW (<50%)
2024-12-02 08:00:00,BUY (BULLISH),2,1.05075,1.0528515,2024-12-02 12:00:00,0.2,WIN ✅ (+0.20%),1,0.7807629,HIGH (>70%)
2024-12-02 12:00:00,SELL (BEARISH),2,1.05327,1.05116346,2024-12-02 12:30:00,0.2,WIN ✅ (+0.20%),1,0.7383787,HIGH (>70%)
2024-12-02 12:45:00,BUY (BULLISH),2,1.05006,1.05079,2024-12-02 14:00:00,0.0695,LOSS ❌ (0.07%),0,0.4456219,LOW (<50%)
2024-12-02 15:45:00,BUY (BULLISH),2,1.04687,1.04896374,2024-12-02 16:15:00,0.2,WIN ✅ (+0.20%),1,0.80200005,HIGH (>70%)
2024-12-02 16:00:00,BUY (BULLISH),2,1.04711,1.04920422,2024-12-02 16:15:00,0.2,WIN ✅ (+0.20%),1,0.8549061,HIGH (>70%)
2024-12-03 07:30:00,SELL (BEARISH),2,1.05022,1.05252,2024-12-03 14:00:00,-0.219,LOSS ❌ (0.22%),0,0.11761184,LOW (<50%)
2024-12-03 09:15:00,SELL (BEARISH),2,1.05193,1.05252,2024-12-03 14:00:00,-0.0561,LOSS ❌ (0.06%),0,0.35560662,LOW (<50%)
2024-12-03 15:30:00,BUY (BULLISH),2,1.05082,1.05292164,2024-12-03 17:45:00,0.2,WIN ✅ (+0.20%),1,0.6854523,MEDIUM (50-70%)
2024-12-03 17:45:00,SELL (BEARISH),2,1.0528,1.0506944,2024-12-03 19:45:00,0.2,WIN ✅ (+0.20%),1,0.86091095,HIGH (>70%)
2024-12-03 18:00:00,SELL (BEARISH),2,1.05297,1.05086406,2024-12-03 19:45:00,0.2,WIN ✅ (+0.20%),1,0.838542,HIGH (>70%)
2024-12-04 01:00:00,BUY (BULLISH),2,1.04986,1.05195972,2024-12-04 05:30:00,0.2,WIN ✅ (+0.20%),1,0.9202545,HIGH (>70%)
2024-12-04 03:30:00,BUY (BULLISH),2,1.04919,1.05128838,2024-12-04 04:45:00,0.2,WIN ✅ (+0.20%),1,0.8420938,HIGH (>70%)
2024-12-04 13:30:00,BUY (BULLISH),2,1.04834,1.04795,2024-12-04 14:00:00,-0.0372,LOSS ❌ (-0.04%),0,0.2534538,LOW (<50%)
2024-12-04 13:45:00,BUY (BULLISH),3,1.04832,1.04795,2024-12-04 14:00:00,-0.0353,LOSS ❌ (-0.04%),0,0.3216397,LOW (<50%)
2024-12-04 14:00:00,BUY (BULLISH),2,1.04795,1.0500459,2024-12-04 15:00:00,0.2,WIN ✅ (+0.20%),1,0.8928971,HIGH (>70%)
2024-12-04 20:15:00,BUY (BULLISH),2,1.05106,1.05316212,2024-12-05 07:00:00,0.2,WIN ✅ (+0.20%),1,0.8799091,HIGH (>70%)
2024-12-05 04:00:00,SELL (BEARISH),2,1.05227,1.05766,2024-12-05 14:00:00,-0.5122,LOSS ❌ (0.51%),0,0.36592558,LOW (<50%)
2024-12-05 04:15:00,SELL (BEARISH),2,1.05227,1.05766,2024-12-05 14:00:00,-0.5122,LOSS ❌ (0.51%),0,0.35865688,LOW (<50%)
2024-12-06 01:45:00,BUY (BULLISH),2,1.05682,1.05893364,2024-12-06 08:00:00,0.2,WIN ✅ (+0.20%),1,0.85971534,HIGH (>70%)
2024-12-06 07:00:00,BUY (BULLISH),2,1.05731,1.05942462,2024-12-06 13:30:00,0.2,WIN ✅ (+0.20%),1,0.87312967,HIGH (>70%)
2024-12-06 14:00:00,BUY (BULLISH),2,1.05821,1.05645,2024-12-06 21:45:00,-0.1663,LOSS ❌ (-0.17%),0,0.18480743,LOW (<50%)
2024-12-06 15:15:00,BUY (BULLISH),2,1.0565,1.05645,2024-12-06 21:45:00,-0.0047,LOSS ❌ (-0.00%),0,0.21799405,LOW (<50%)
2024-12-06 19:00:00,BUY (BULLISH),2,1.05439,1.05649878,2024-12-06 21:15:00,0.2,WIN ✅ (+0.20%),1,0.71775395,HIGH (>70%)
2024-12-09 02:30:00,BUY (BULLISH),2,1.05518,1.05729036,2024-12-09 09:00:00,0.2,WIN ✅ (+0.20%),1,0.7661638,HIGH (>70%)
2024-12-09 09:00:00,SELL (BEARISH),2,1.057,1.0577,2024-12-09 14:00:00,-0.0662,LOSS ❌ (0.07%),0,0.16152157,LOW (<50%)
2024-12-09 09:15:00,SELL (BEARISH),2,1.05727,1.0577,2024-12-09 14:00:00,-0.0407,LOSS ❌ (0.04%),0,0.17343187,LOW (<50%)
2024-12-09 10:15:00,SELL (BEARISH),2,1.05805,1.0559339,2024-12-09 12:30:00,0.2,WIN ✅ (+0.20%),1,0.74792695,HIGH (>70%)
2024-12-09 10:30:00,SELL (BEARISH),2,1.05827,1.05615346,2024-12-09 12:30:00,0.2,WIN ✅ (+0.20%),1,0.69731957,MEDIUM (50-70%)
2024-12-09 10:45:00,SELL (BEARISH),2,1.058,1.055884,2024-12-09 12:45:00,0.2,WIN ✅ (+0.20%),1,0.7827203,HIGH (>70%)
2024-12-09 15:30:00,SELL (BEARISH),2,1.05825,1.0561334999999998,2024-12-09 18:30:00,0.2,WIN ✅ (+0.20%),1,0.87945557,HIGH (>70%)
2024-12-09 16:00:00,SELL (BEARISH),2,1.05873,1.05661254,2024-12-09 18:00:00,0.2,WIN ✅ (+0.20%),1,0.833051,HIGH (>70%)
2024-12-10 09:30:00,BUY (BULLISH),2,1.05279,1.05283,2024-12-10 14:00:00,0.0038,LOSS ❌ (0.00%),0,0.13080546,LOW (<50%)
2024-12-10 09:45:00,BUY (BULLISH),2,1.05308,1.05283,2024-12-10 14:00:00,-0.0237,LOSS ❌ (-0.02%),0,0.26188266,LOW (<50%)
2024-12-10 15:45:00,BUY (BULLISH),2,1.05035,1.0524507,2024-12-10 18:45:00,0.2,WIN ✅ (+0.20%),1,0.76793355,HIGH (>70%)
2024-12-10 23:30:00,SELL (BEARISH),2,1.05309,1.05098382,2024-12-11 07:00:00,0.2,WIN ✅ (+0.20%),1,0.8814413,HIGH (>70%)
2024-12-10 23:45:00,SELL (BEARISH),2,1.05306,1.05095388,2024-12-11 07:00:00,0.2,WIN ✅ (+0.20%),1,0.8429171,HIGH (>70%)
2024-12-11 01:45:00,SELL (BEARISH),2,1.05343,1.05132314,2024-12-11 07:00:00,0.2,WIN ✅ (+0.20%),1,0.8759011,HIGH (>70%)
2024-12-11 04:00:00,BUY (BULLISH),2,1.05284,1.05176,2024-12-11 14:00:00,-0.1026,LOSS ❌ (-0.10%),0,0.20647609,LOW (<50%)
2024-12-11 10:00:00,BUY (BULLISH),2,1.04934,1.05143868,2024-12-11 12:15:00,0.2,WIN ✅ (+0.20%),1,0.7627454,HIGH (>70%)
2024-12-11 13:45:00,SELL (BEARISH),2,1.05238,1.05176,2024-12-11 14:00:00,0.0589,LOSS ❌ (-0.06%),0,0.32374173,LOW (<50%)
2024-12-11 15:45:00,BUY (BULLISH),2,1.04903,1.05112806,2024-12-11 16:45:00,0.2,WIN ✅ (+0.20%),1,0.8892847,HIGH (>70%)
2024-12-12 13:15:00,BUY (BULLISH),2,1.04809,1.04771,2024-12-12 14:00:00,-0.0363,LOSS ❌ (-0.04%),0,0.13636892,LOW (<50%)
2024-12-12 15:00:00,SELL (BEARISH),2,1.05028,1.0481794400000002,2024-12-12 15:30:00,0.2,WIN ✅ (+0.20%),1,0.79616624,HIGH (>70%)
2024-12-12 21:15:00,BUY (BULLISH),2,1.04671,1.04880342,2024-12-13 09:45:00,0.2,WIN ✅ (+0.20%),1,0.7460624,HIGH (>70%)
2024-12-13 01:30:00,BUY (BULLISH),2,1.04669,1.04878338,2024-12-13 09:45:00,0.2,WIN ✅ (+0.20%),1,0.95541525,HIGH (>70%)
2024-12-13 02:15:00,BUY (BULLISH),2,1.04644,1.04853288,2024-12-13 09:45:00,0.2,WIN ✅ (+0.20%),1,0.8970035,HIGH (>70%)
2024-12-13 02:30:00,BUY (BULLISH),2,1.04638,1.04847276,2024-12-13 09:45:00,0.2,WIN ✅ (+0.20%),1,0.82528985,HIGH (>70%)
2024-12-13 10:00:00,SELL (BEARISH),2,1.04899,1.05032,2024-12-13 14:00:00,-0.1268,LOSS ❌ (0.13%),0,0.07901953,LOW (<50%)
2024-12-13 10:30:00,SELL (BEARISH),2,1.04885,1.05032,2024-12-13 14:00:00,-0.1402,LOSS ❌ (0.14%),0,0.15828586,LOW (<50%)
2024-12-13 15:00:00,BUY (BULLISH),2,1.04863,1.05018,2024-12-13 21:45:00,0.1478,LOSS ❌ (0.15%),0,0.1545669,LOW (<50%)
2024-12-13 15:45:00,BUY (BULLISH),2,1.04887,1.05018,2024-12-13 21:45:00,0.1249,LOSS ❌ (0.12%),0,0.2541627,LOW (<50%)
2024-12-15 23:15:00,SELL (BEARISH),2,1.0505,1.048399,2024-12-16 11:45:00,0.2,WIN ✅ (+0.20%),1,0.5394167,MEDIUM (50-70%)
2024-12-16 01:15:00,SELL (BEARISH),2,1.05198,1.04987604,2024-12-16 10:00:00,0.2,WIN ✅ (+0.20%),1,0.82793534,HIGH (>70%)
2024-12-16 10:15:00,BUY (BULLISH),2,1.0501,1.04972,2024-12-16 14:00:00,-0.0362,LOSS ❌ (-0.04%),0,0.46832356,LOW (<50%)
2024-12-16 11:00:00,BUY (BULLISH),2,1.04899,1.04972,2024-12-16 14:00:00,0.0696,LOSS ❌ (0.07%),0,0.11026512,LOW (<50%)
2024-12-16 11:45:00,BUY (BULLISH),2,1.04902,1.04972,2024-12-16 14:00:00,0.0667,LOSS ❌ (0.07%),0,0.32138923,LOW (<50%)
2024-12-16 15:45:00,SELL (BEARISH),2,1.05062,1.04851876,2024-12-17 08:30:00,0.2,WIN ✅ (+0.20%),1,0.81695,HIGH (>70%)
2024-12-16 16:00:00,SELL (BEARISH),2,1.05038,1.04827924,2024-12-17 09:00:00,0.2,WIN ✅ (+0.20%),1,0.78686225,HIGH (>70%)
2024-12-16 16:45:00,SELL (BEARISH),2,1.05109,1.04898782,2024-12-17 08:30:00,0.2,WIN ✅ (+0.20%),1,0.8340841,HIGH (>70%)
2024-12-16 17:00:00,SELL (BEARISH),2,1.05118,1.04907764,2024-12-17 08:30:00,0.2,WIN ✅ (+0.20%),1,0.92180866,HIGH (>70%)
2024-12-16 17:15:00,SELL (BEARISH),3,1.05121,1.04910758,2024-12-17 08:30:00,0.2,WIN ✅ (+0.20%),1,0.8046595,HIGH (>70%)
2024-12-16 18:45:00,SELL (BEARISH),2,1.05201,1.04990598,2024-12-17 06:15:00,0.2,WIN ✅ (+0.20%),1,0.8547257,HIGH (>70%)
2024-12-16 19:00:00,SELL (BEARISH),2,1.05153,1.04942694,2024-12-17 08:15:00,0.2,WIN ✅ (+0.20%),1,0.71094453,HIGH (>70%)
2024-12-17 04:15:00,BUY (BULLISH),2,1.05103,1.05066,2024-12-17 14:00:00,-0.0352,LOSS ❌ (-0.04%),0,0.10525823,LOW (<50%)
2024-12-17 05:00:00,BUY (BULLISH),2,1.0508,1.05066,2024-12-17 14:00:00,-0.0133,LOSS ❌ (-0.01%),0,0.09146883,LOW (<50%)
2024-12-17 05:15:00,BUY (BULLISH),2,1.05087,1.05066,2024-12-17 14:00:00,-0.02,LOSS ❌ (-0.02%),0,0.3406834,LOW (<50%)
2024-12-17 08:00:00,BUY (BULLISH),2,1.04967,1.05066,2024-12-17 14:00:00,0.0943,LOSS ❌ (0.09%),0,0.25579038,LOW (<50%)
2024-12-17 14:15:00,SELL (BEARISH),2,1.05059,1.04848882,2024-12-17 20:45:00,0.2,WIN ✅ (+0.20%),1,0.6675671,MEDIUM (50-70%)
2024-12-17 17:00:00,SELL (BEARISH),2,1.04995,1.04914,2024-12-18 14:00:00,0.0771,LOSS ❌ (-0.08%),0,0.14094669,LOW (<50%)
2024-12-17 18:45:00,BUY (BULLISH),2,1.04931,1.04914,2024-12-18 14:00:00,-0.0162,LOSS ❌ (-0.02%),0,0.37435004,LOW (<50%)
2024-12-17 20:45:00,BUY (BULLISH),2,1.04878,1.05087756,2024-12-18 06:30:00,0.2,WIN ✅ (+0.20%),1,0.7613107,HIGH (>70%)
2024-12-18 06:15:00,SELL (BEARISH),2,1.05058,1.04847884,2024-12-18 13:15:00,0.2,WIN ✅ (+0.20%),1,0.6876739,MEDIUM (50-70%)
2024-12-18 07:00:00,SELL (BEARISH),2,1.05106,1.04895788,2024-12-18 08:00:00,0.2,WIN ✅ (+0.20%),1,0.91462755,HIGH (>70%)
2024-12-18 16:00:00,BUY (BULLISH),3,1.04742,1.03999,2024-12-19 14:00:00,-0.7094,LOSS ❌ (-0.71%),0,0.31537235,LOW (<50%)
2024-12-18 16:30:00,BUY (BULLISH),2,1.04707,1.04916414,2024-12-18 18:30:00,0.2,WIN ✅ (+0.20%),1,0.8099791,HIGH (>70%)
2024-12-18 16:45:00,BUY (BULLISH),2,1.04687,1.04896374,2024-12-18 18:30:00,0.2,WIN ✅ (+0.20%),1,0.71309024,HIGH (>70%)
2024-12-18 20:15:00,BUY (BULLISH),2,1.03556,1.03763112,2024-12-19 00:45:00,0.2,WIN ✅ (+0.20%),1,0.86002237,HIGH (>70%)
2024-12-18 22:00:00,BUY (BULLISH),2,1.03453,1.03659906,2024-12-19 00:15:00,0.2,WIN ✅ (+0.20%),1,0.8633675,HIGH (>70%)
2024-12-19 01:15:00,SELL (BEARISH),2,1.03747,1.03999,2024-12-19 14:00:00,-0.2429,LOSS ❌ (0.24%),0,0.13003556,LOW (<50%)
2024-12-19 03:00:00,SELL (BEARISH),2,1.03791,1.03999,2024-12-19 14:00:00,-0.2004,LOSS ❌ (0.20%),0,0.05813255,LOW (<50%)
2024-12-19 09:30:00,SELL (BEARISH),3,1.04189,1.03980622,2024-12-19 12:45:00,0.2,WIN ✅ (+0.20%),1,0.8853946,HIGH (>70%)
2024-12-19 13:00:00,BUY (BULLISH),2,1.03994,1.03999,2024-12-19 14:00:00,0.0048,LOSS ❌ (0.00%),0,0.1219852,LOW (<50%)
2024-12-19 16:15:00,BUY (BULLISH),2,1.0382,1.0402764,2024-12-20 13:30:00,0.2,WIN ✅ (+0.20%),1,0.86744,HIGH (>70%)
2024-12-19 17:00:00,BUY (BULLISH),2,1.03647,1.03854294,2024-12-20 08:00:00,0.2,WIN ✅ (+0.20%),1,0.7591472,HIGH (>70%)
2024-12-20 07:15:00,SELL (BEARISH),2,1.03776,1.03956,2024-12-20 14:00:00,-0.1735,LOSS ❌ (0.17%),0,0.21681628,LOW (<50%)
2024-12-20 12:15:00,SELL (BEARISH),2,1.03979,1.03956,2024-12-20 14:00:00,0.0221,LOSS ❌ (-0.02%),0,0.10386989,LOW (<50%)
2024-12-20 16:45:00,SELL (BEARISH),2,1.04279,1.0427,2024-12-20 21:45:00,0.0086,LOSS ❌ (-0.01%),0,0.24416657,LOW (<50%)
2024-12-20 17:15:00,SELL (BEARISH),3,1.04379,1.0427,2024-12-20 21:45:00,0.1044,LOSS ❌ (-0.10%),0,0.2565862,LOW (<50%)
2024-12-20 19:30:00,SELL (BEARISH),3,1.04433,1.04224134,2024-12-20 21:30:00,0.2,WIN ✅ (+0.20%),1,0.94757974,HIGH (>70%)
2024-12-20 19:45:00,SELL (BEARISH),2,1.04445,1.0423611000000002,2024-12-20 21:30:00,0.2,WIN ✅ (+0.20%),1,0.8680299,HIGH (>70%)
2024-12-23 04:30:00,SELL (BEARISH),2,1.04413,1.04204174,2024-12-23 07:45:00,0.2,WIN ✅ (+0.20%),1,0.8071865,HIGH (>70%)
2024-12-23 12:15:00,BUY (BULLISH),2,1.03894,1.04039,2024-12-23 14:00:00,0.1396,LOSS ❌ (0.14%),0,0.105457686,LOW (<50%)
2024-12-23 15:00:00,BUY (BULLISH),2,1.03922,1.04129844,2024-12-23 17:00:00,0.2,WIN ✅ (+0.20%),1,0.7462981,HIGH (>70%)
2024-12-23 16:30:00,SELL (BEARISH),2,1.04071,1.03987,2024-12-24 14:00:00,0.0807,LOSS ❌ (-0.08%),0,0.11188777,LOW (<50%)
2024-12-23 16:45:00,SELL (BEARISH),3,1.04074,1.03987,2024-12-24 14:00:00,0.0836,LOSS ❌ (-0.08%),0,0.23429978,LOW (<50%)
2024-12-24 00:30:00,BUY (BULLISH),2,1.03991,1.03987,2024-12-24 14:00:00,-0.0038,LOSS ❌ (-0.00%),0,0.17657907,LOW (<50%)
2024-12-24 03:30:00,BUY (BULLISH),2,1.03948,1.03987,2024-12-24 14:00:00,0.0375,LOSS ❌ (0.04%),0,0.09621235,LOW (<50%)
2024-12-26 10:30:00,SELL (BEARISH),2,1.04013,1.04006,2024-12-26 14:00:00,0.0067,LOSS ❌ (-0.01%),0,0.2440482,LOW (<50%)
2024-12-27 01:15:00,BUY (BULLISH),2,1.04162,1.04370324,2024-12-27 11:45:00,0.2,WIN ✅ (+0.20%),1,0.8647388,HIGH (>70%)
2024-12-27 03:15:00,BUY (BULLISH),2,1.04083,1.04291166,2024-12-27 11:15:00,0.2,WIN ✅ (+0.20%),1,0.80332774,HIGH (>70%)
2024-12-27 12:00:00,SELL (BEARISH),2,1.04382,1.04334,2024-12-27 14:00:00,0.046,LOSS ❌ (-0.05%),0,0.23471119,LOW (<50%)
2024-12-27 17:15:00,BUY (BULLISH),2,1.04189,1.04218,2024-12-27 21:45:00,0.0278,LOSS ❌ (0.03%),0,0.2016284,LOW (<50%)
2024-12-30 07:30:00,BUY (BULLISH),2,1.04255,1.0446351,2024-12-30 11:15:00,0.2,WIN ✅ (+0.20%),1,0.90526927,HIGH (>70%)
2024-12-30 10:45:00,SELL (BEARISH),3,1.04378,1.0416924399999998,2024-12-30 13:45:00,0.2,WIN ✅ (+0.20%),1,0.8928484,HIGH (>70%)
2024-12-30 11:30:00,SELL (BEARISH),3,1.04466,1.04257068,2024-12-30 13:45:00,0.2,WIN ✅ (+0.20%),1,0.84515315,HIGH (>70%)
2024-12-30 11:45:00,SELL (BEARISH),2,1.04476,1.04267048,2024-12-30 13:45:00,0.2,WIN ✅ (+0.20%),1,0.74843204,HIGH (>70%)
2024-12-30 14:00:00,BUY (BULLISH),2,1.04016,1.04224032,2024-12-31 09:30:00,0.2,WIN ✅ (+0.20%),1,0.905516,HIGH (>70%)
2024-12-30 15:45:00,BUY (BULLISH),2,1.038,1.040076,2024-12-30 18:30:00,0.2,WIN ✅ (+0.20%),1,0.8394748,HIGH (>70%)
2024-12-31 01:45:00,SELL (BEARISH),2,1.04116,1.03907768,2024-12-31 13:00:00,0.2,WIN ✅ (+0.20%),1,0.88355994,HIGH (>70%)
2024-12-31 12:30:00,BUY (BULLISH),2,1.04028,1.03875,2024-12-31 14:00:00,-0.1471,LOSS ❌ (-0.15%),0,0.17009199,LOW (<50%)
2024-12-31 13:15:00,BUY (BULLISH),2,1.03903,1.03875,2024-12-31 14:00:00,-0.0269,LOSS ❌ (-0.03%),0,0.3263825,LOW (<50%)
2024-12-31 14:00:00,BUY (BULLISH),2,1.03875,1.03526,2024-12-31 21:45:00,-0.336,LOSS ❌ (-0.34%),0,0.17131594,LOW (<50%)
2024-12-31 14:30:00,BUY (BULLISH),2,1.03787,1.03526,2024-12-31 21:45:00,-0.2515,LOSS ❌ (-0.25%),0,0.05639527,LOW (<50%)
2024-12-31 14:45:00,BUY (BULLISH),2,1.03756,1.03526,2024-12-31 21:45:00,-0.2217,LOSS ❌ (-0.22%),0,0.08276512,LOW (<50%)
2024-12-31 15:00:00,BUY (BULLISH),2,1.0385,1.03526,2024-12-31 21:45:00,-0.312,LOSS ❌ (-0.31%),0,0.152347,LOW (<50%)
2024-12-31 17:30:00,BUY (BULLISH),3,1.03467,1.03526,2024-12-31 21:45:00,0.057,LOSS ❌ (0.06%),0,0.07620441,LOW (<50%)
2025-01-02 13:00:00,BUY (BULLISH),3,1.03171,1.03104,2025-01-02 14:00:00,-0.0649,LOSS ❌ (-0.06%),0,0.107095376,LOW (<50%)
2025-01-02 13:15:00,BUY (BULLISH),3,1.03179,1.03104,2025-01-02 14:00:00,-0.0727,LOSS ❌ (-0.07%),0,0.09351831,LOW (<50%)
2025-01-02 13:30:00,BUY (BULLISH),2,1.03241,1.03104,2025-01-02 14:00:00,-0.1327,LOSS ❌ (-0.13%),0,0.11899221,LOW (<50%)
2025-01-02 15:00:00,BUY (BULLISH),3,1.03034,1.02895,2025-01-03 14:00:00,-0.1349,LOSS ❌ (-0.13%),0,0.08046104,LOW (<50%)
2025-01-02 21:45:00,SELL (BEARISH),2,1.02671,1.02465658,2025-01-02 22:00:00,0.2,WIN ✅ (+0.20%),1,0.87581897,HIGH (>70%)
2025-01-03 02:45:00,SELL (BEARISH),2,1.02719,1.02895,2025-01-03 14:00:00,-0.1713,LOSS ❌ (0.17%),0,0.16453366,LOW (<50%)
2025-01-03 06:15:00,SELL (BEARISH),2,1.02733,1.02895,2025-01-03 14:00:00,-0.1577,LOSS ❌ (0.16%),0,0.07423247,LOW (<50%)
2025-01-03 11:45:00,SELL (BEARISH),2,1.0297,1.02895,2025-01-03 14:00:00,0.0728,LOSS ❌ (-0.07%),0,0.15678033,LOW (<50%)
2025-01-03 15:30:00,BUY (BULLISH),2,1.02831,1.03036662,2025-01-03 17:15:00,0.2,WIN ✅ (+0.20%),1,0.6873036,MEDIUM (50-70%)
2025-01-06 01:15:00,SELL (BEARISH),2,1.03067,1.04099,2025-01-06 14:00:00,-1.0013,LOSS ❌ (1.00%),0,0.19693553,LOW (<50%)
2025-01-06 03:00:00,SELL (BEARISH),2,1.03158,1.04099,2025-01-06 14:00:00,-0.9122,LOSS ❌ (0.91%),0,0.17663564,LOW (<50%)
2025-01-07 04:30:00,SELL (BEARISH),2,1.03925,1.03899,2025-01-07 14:00:00,0.025,LOSS ❌ (-0.03%),0,0.28286943,LOW (<50%)
2025-01-07 10:15:00,SELL (BEARISH),2,1.04223,1.04014554,2025-01-07 12:30:00,0.2,WIN ✅ (+0.20%),1,0.79445785,HIGH (>70%)
2025-01-07 13:45:00,BUY (BULLISH),3,1.03961,1.03899,2025-01-07 14:00:00,-0.0596,LOSS ❌ (-0.06%),0,0.107265554,LOW (<50%)
2025-01-07 15:45:00,BUY (BULLISH),2,1.03724,1.02985,2025-01-08 14:00:00,-0.7125,LOSS ❌ (-0.71%),0,0.10471216,LOW (<50%)
2025-01-07 17:15:00,BUY (BULLISH),2,1.03688,1.02985,2025-01-08 14:00:00,-0.678,LOSS ❌ (-0.68%),0,0.15268289,LOW (<50%)
2025-01-07 18:45:00,BUY (BULLISH),2,1.0354,1.02985,2025-01-08 14:00:00,-0.536,LOSS ❌ (-0.54%),0,0.0485833,LOW (<50%)
2025-01-07 20:00:00,BUY (BULLISH),2,1.03499,1.02985,2025-01-08 14:00:00,-0.4966,LOSS ❌ (-0.50%),0,0.14847524,LOW (<50%)
2025-01-07 21:45:00,BUY (BULLISH),2,1.03402,1.02985,2025-01-08 14:00:00,-0.4033,LOSS ❌ (-0.40%),0,0.028351165,LOW (<50%)
2025-01-08 09:15:00,BUY (BULLISH),2,1.03203,1.02985,2025-01-08 14:00:00,-0.2112,LOSS ❌ (-0.21%),0,0.052381296,LOW (<50%)
2025-01-08 16:30:00,SELL (BEARISH),2,1.03049,1.02842902,2025-01-09 08:00:00,0.2,WIN ✅ (+0.20%),1,0.7886156,HIGH (>70%)
2025-01-08 18:45:00,SELL (BEARISH),2,1.03124,1.02917752,2025-01-09 07:45:00,0.2,WIN ✅ (+0.20%),1,0.83366257,HIGH (>70%)
2025-01-08 19:00:00,SELL (BEARISH),3,1.03124,1.02917752,2025-01-09 07:45:00,0.2,WIN ✅ (+0.20%),1,0.90798694,HIGH (>70%)
2025-01-09 02:15:00,SELL (BEARISH),2,1.03165,1.0295867,2025-01-09 07:30:00,0.2,WIN ✅ (+0.20%),1,0.7406907,HIGH (>70%)
2025-01-09 13:30:00,SELL (BEARISH),2,1.03121,1.03121,2025-01-09 14:00:00,0.0,LOSS ❌ (-0.00%),0,0.21912134,LOW (<50%)
2025-01-09 23:45:00,BUY (BULLISH),2,1.02962,1.02535,2025-01-10 14:00:00,-0.4147,LOSS ❌ (-0.41%),0,0.05736346,LOW (<50%)
2025-01-10 00:30:00,BUY (BULLISH),2,1.02933,1.02535,2025-01-10 14:00:00,-0.3867,LOSS ❌ (-0.39%),0,0.1082003,LOW (<50%)
2025-01-13 01:15:00,SELL (BEARISH),2,1.02447,1.02242106,2025-01-13 03:30:00,0.2,WIN ✅ (+0.20%),1,0.7302236,HIGH (>70%)
2025-01-13 22:45:00,SELL (BEARISH),3,1.02581,1.02509,2025-01-14 14:00:00,0.0702,LOSS ❌ (-0.07%),0,0.20210268,LOW (<50%)
2025-01-13 23:30:00,SELL (BEARISH),3,1.02694,1.02488612,2025-01-14 00:15:00,0.2,WIN ✅ (+0.20%),1,0.82851505,HIGH (>70%)
2025-01-14 12:15:00,BUY (BULLISH),2,1.02526,1.02509,2025-01-14 14:00:00,-0.0166,LOSS ❌ (-0.02%),0,0.16178772,LOW (<50%)
2025-01-14 13:30:00,SELL (BEARISH),2,1.02529,1.02509,2025-01-14 14:00:00,0.0195,LOSS ❌ (-0.02%),0,0.04703741,LOW (<50%)
2025-01-14 14:30:00,SELL (BEARISH),2,1.0268,1.03335,2025-01-15 14:00:00,-0.6379,LOSS ❌ (0.64%),0,0.12959297,LOW (<50%)
2025-01-14 16:15:00,SELL (BEARISH),2,1.02858,1.03335,2025-01-15 14:00:00,-0.4637,LOSS ❌ (0.46%),0,0.23131263,LOW (<50%)
2025-01-15 01:30:00,BUY (BULLISH),2,1.03001,1.03207002,2025-01-15 13:30:00,0.2,WIN ✅ (+0.20%),1,0.9480814,HIGH (>70%)
2025-01-15 05:15:00,SELL (BEARISH),2,1.03014,1.03335,2025-01-15 14:00:00,-0.3116,LOSS ❌ (0.31%),0,0.30890936,LOW (<50%)
2025-01-15 16:00:00,BUY (BULLISH),2,1.02939,1.02724,2025-01-16 14:00:00,-0.2089,LOSS ❌ (-0.21%),0,0.09194741,LOW (<50%)
2025-01-16 05:15:00,BUY (BULLISH),2,1.02853,1.02724,2025-01-16 14:00:00,-0.1254,LOSS ❌ (-0.13%),0,0.12803304,LOW (<50%)
2025-01-16 05:45:00,BUY (BULLISH),2,1.0282,1.02724,2025-01-16 14:00:00,-0.0934,LOSS ❌ (-0.09%),0,0.16352104,LOW (<50%)
2025-01-16 13:30:00,BUY (BULLISH),2,1.02784,1.02724,2025-01-16 14:00:00,-0.0584,LOSS ❌ (-0.06%),0,0.10123288,LOW (<50%)
2025-01-16 15:00:00,SELL (BEARISH),2,1.02915,1.02739,2025-01-17 14:00:00,0.171,LOSS ❌ (-0.17%),0,0.13106279,LOW (<50%)
2025-01-16 15:15:00,SELL (BEARISH),2,1.02979,1.02773042,2025-01-17 07:30:00,0.2,WIN ✅ (+0.20%),1,0.75307626,HIGH (>70%)
2025-01-16 15:30:00,SELL (BEARISH),2,1.0301,1.0280398,2025-01-17 07:15:00,0.2,WIN ✅ (+0.20%),1,0.7181449,HIGH (>70%)
2025-01-16 16:00:00,SELL (BEARISH),2,1.02916,1.02739,2025-01-17 14:00:00,0.172,LOSS ❌ (-0.17%),0,0.07636775,LOW (<50%)
2025-01-17 00:45:00,SELL (BEARISH),2,1.03044,1.02837912,2025-01-17 07:00:00,0.2,WIN ✅ (+0.20%),1,0.59240025,MEDIUM (50-70%)
2025-01-17 04:45:00,BUY (BULLISH),2,1.02933,1.02739,2025-01-17 14:00:00,-0.1885,LOSS ❌ (-0.19%),0,0.120514214,LOW (<50%)
2025-01-17 05:15:00,BUY (BULLISH),2,1.02925,1.02739,2025-01-17 14:00:00,-0.1807,LOSS ❌ (-0.18%),0,0.3010092,LOW (<50%)
2025-01-17 07:30:00,BUY (BULLISH),2,1.02816,1.03021632,2025-01-17 09:00:00,0.2,WIN ✅ (+0.20%),1,0.6734329,MEDIUM (50-70%)
2025-01-17 11:15:00,SELL (BEARISH),2,1.03071,1.02864858,2025-01-17 13:15:00,0.2,WIN ✅ (+0.20%),1,0.82639414,HIGH (>70%)
2025-01-17 14:15:00,BUY (BULLISH),2,1.0279,1.0299558,2025-01-17 14:45:00,0.2,WIN ✅ (+0.20%),1,0.7557758,HIGH (>70%)
2025-01-20 13:45:00,SELL (BEARISH),2,1.03977,1.03896,2025-01-20 14:00:00,0.0779,LOSS ❌ (-0.08%),0,0.107134275,LOW (<50%)
2025-01-20 14:00:00,SELL (BEARISH),2,1.03896,1.03688208,2025-01-20 17:15:00,0.2,WIN ✅ (+0.20%),1,0.904719,HIGH (>70%)
2025-01-20 15:15:00,SELL (BEARISH),2,1.04028,1.03819944,2025-01-20 17:00:00,0.2,WIN ✅ (+0.20%),1,0.9475396,HIGH (>70%)
2025-01-20 20:00:00,SELL (BEARISH),2,1.04287,1.04078426,2025-01-21 00:45:00,0.2,WIN ✅ (+0.20%),1,0.91877794,HIGH (>70%)
2025-01-21 15:15:00,SELL (BEARISH),2,1.03941,1.04182,2025-01-22 14:00:00,-0.2319,LOSS ❌ (0.23%),0,0.38292488,LOW (<50%)
2025-01-21 17:30:00,SELL (BEARISH),2,1.0426,1.0405148,2025-01-21 23:00:00,0.2,WIN ✅ (+0.20%),1,0.85400504,HIGH (>70%)
2025-01-22 06:15:00,BUY (BULLISH),2,1.04109,1.04317218,2025-01-22 09:15:00,0.2,WIN ✅ (+0.20%),1,0.9007736,HIGH (>70%)
2025-01-22 10:00:00,SELL (BEARISH),3,1.04454,1.04245092,2025-01-22 13:30:00,0.2,WIN ✅ (+0.20%),1,0.5921288,MEDIUM (50-70%)
2025-01-22 10:30:00,SELL (BEARISH),2,1.04518,1.04308964,2025-01-22 12:30:00,0.2,WIN ✅ (+0.20%),1,0.72985816,HIGH (>70%)
2025-01-22 14:15:00,BUY (BULLISH),2,1.04204,1.04125,2025-01-23 14:00:00,-0.0758,LOSS ❌ (-0.08%),0,0.16138045,LOW (<50%)
2025-01-22 14:30:00,BUY (BULLISH),2,1.04183,1.04125,2025-01-23 14:00:00,-0.0557,LOSS ❌ (-0.06%),0,0.20238134,LOW (<50%)
2025-01-22 17:15:00,BUY (BULLISH),2,1.04129,1.04125,2025-01-23 14:00:00,-0.0038,LOSS ❌ (-0.00%),0,0.16691254,LOW (<50%)
2025-01-22 23:15:00,BUY (BULLISH),2,1.04062,1.04125,2025-01-23 14:00:00,0.0605,LOSS ❌ (0.06%),0,0.24569947,LOW (<50%)
2025-01-23 15:15:00,BUY (BULLISH),2,1.03945,1.0415289,2025-01-23 16:15:00,0.2,WIN ✅ (+0.20%),1,0.6619707,MEDIUM (50-70%)
2025-01-23 16:00:00,BUY (BULLISH),3,1.03975,1.0418295,2025-01-23 16:30:00,0.2,WIN ✅ (+0.20%),1,0.83803993,HIGH (>70%)
2025-01-23 16:45:00,SELL (BEARISH),2,1.04192,1.04734,2025-01-24 14:00:00,-0.5202,LOSS ❌ (0.52%),0,0.19951418,LOW (<50%)
2025-01-24 01:30:00,BUY (BULLISH),2,1.04156,1.04364312,2025-01-24 02:15:00,0.2,WIN ✅ (+0.20%),1,0.89623046,HIGH (>70%)
2025-01-24 01:45:00,BUY (BULLISH),2,1.04154,1.04362308,2025-01-24 02:15:00,0.2,WIN ✅ (+0.20%),1,0.9233873,HIGH (>70%)
2025-01-24 08:15:00,SELL (BEARISH),2,1.04783,1.04734,2025-01-24 14:00:00,0.0468,LOSS ❌ (-0.05%),0,0.17458294,LOW (<50%)
2025-01-24 08:45:00,SELL (BEARISH),2,1.04931,1.04721138,2025-01-24 13:00:00,0.2,WIN ✅ (+0.20%),1,0.8832375,HIGH (>70%)
2025-01-24 13:30:00,BUY (BULLISH),2,1.04699,1.04734,2025-01-24 14:00:00,0.0334,LOSS ❌ (0.03%),0,0.18622243,LOW (<50%)
2025-01-24 15:30:00,SELL (BEARISH),2,1.05095,1.0488481,2025-01-24 20:30:00,0.2,WIN ✅ (+0.20%),1,0.75881416,HIGH (>70%)
2025-01-24 17:15:00,SELL (BEARISH),2,1.05124,1.04913752,2025-01-24 20:00:00,0.2,WIN ✅ (+0.20%),1,0.9333985,HIGH (>70%)
2025-01-26 23:30:00,BUY (BULLISH),2,1.04719,1.04928438,2025-01-27 09:15:00,0.2,WIN ✅ (+0.20%),1,0.6696892,MEDIUM (50-70%)
2025-01-27 08:15:00,SELL (BEARISH),2,1.04725,1.05181,2025-01-27 14:00:00,-0.4354,LOSS ❌ (0.44%),0,0.1949525,LOW (<50%)
2025-01-27 09:15:00,SELL (BEARISH),2,1.04823,1.05181,2025-01-27 14:00:00,-0.3415,LOSS ❌ (0.34%),0,0.12979001,LOW (<50%)
2025-01-27 11:30:00,SELL (BEARISH),2,1.0511,1.05181,2025-01-27 14:00:00,-0.0675,LOSS ❌ (0.07%),0,0.109068334,LOW (<50%)
2025-01-27 12:00:00,SELL (BEARISH),2,1.051,1.05181,2025-01-27 14:00:00,-0.0771,LOSS ❌ (0.08%),0,0.16601077,LOW (<50%)
2025-01-27 12:30:00,SELL (BEARISH),2,1.05154,1.05181,2025-01-27 14:00:00,-0.0257,LOSS ❌ (0.03%),0,0.37332606,LOW (<50%)
2025-01-27 13:00:00,SELL (BEARISH),2,1.05222,1.05181,2025-01-27 14:00:00,0.039,LOSS ❌ (-0.04%),0,0.12658729,LOW (<50%)
2025-01-27 18:30:00,BUY (BULLISH),2,1.04856,1.04288,2025-01-28 14:00:00,-0.5417,LOSS ❌ (-0.54%),0,0.21520822,LOW (<50%)
2025-01-27 23:30:00,BUY (BULLISH),2,1.04403,1.04288,2025-01-28 14:00:00,-0.1102,LOSS ❌ (-0.11%),0,0.05454712,LOW (<50%)
2025-01-28 02:00:00,BUY (BULLISH),2,1.04293,1.04288,2025-01-28 14:00:00,-0.0048,LOSS ❌ (-0.00%),0,0.15477003,LOW (<50%)
2025-01-28 09:30:00,SELL (BEARISH),2,1.04402,1.04193196,2025-01-28 12:00:00,0.2,WIN ✅ (+0.20%),1,0.7797867,HIGH (>70%)
2025-01-29 06:00:00,SELL (BEARISH),2,1.04407,1.04198186,2025-01-29 07:15:00,0.2,WIN ✅ (+0.20%),1,0.79016834,HIGH (>70%)
2025-01-29 10:15:00,BUY (BULLISH),2,1.0404,1.03962,2025-01-29 14:00:00,-0.075,LOSS ❌ (-0.07%),0,0.08738249,LOW (<50%)
2025-01-29 12:15:00,BUY (BULLISH),2,1.03952,1.03962,2025-01-29 14:00:00,0.0096,LOSS ❌ (0.01%),0,0.106464304,LOW (<50%)
2025-01-29 15:15:00,SELL (BEARISH),2,1.04066,1.04381,2025-01-30 14:00:00,-0.3027,LOSS ❌ (0.30%),0,0.17646326,LOW (<50%)
2025-01-29 15:45:00,SELL (BEARISH),2,1.04191,1.03982618,2025-01-29 19:00:00,0.2,WIN ✅ (+0.20%),1,0.8168948,HIGH (>70%)
2025-01-29 17:15:00,SELL (BEARISH),2,1.04222,1.04013556,2025-01-29 19:00:00,0.2,WIN ✅ (+0.20%),1,0.6937626,MEDIUM (50-70%)
2025-01-29 19:30:00,BUY (BULLISH),2,1.04229,1.04437458,2025-01-30 13:45:00,0.2,WIN ✅ (+0.20%),1,0.8023732,HIGH (>70%)
2025-01-29 19:45:00,SELL (BEARISH),2,1.0416,1.0395168,2025-01-30 11:00:00,0.2,WIN ✅ (+0.20%),1,0.76620203,HIGH (>70%)
2025-01-30 00:15:00,SELL (BEARISH),2,1.04267,1.04058466,2025-01-30 09:00:00,0.2,WIN ✅ (+0.20%),1,0.76856804,HIGH (>70%)
2025-01-30 05:00:00,BUY (BULLISH),2,1.04186,1.04394372,2025-01-30 13:45:00,0.2,WIN ✅ (+0.20%),1,0.8028769,HIGH (>70%)
2025-01-30 09:30:00,BUY (BULLISH),2,1.04051,1.04259102,2025-01-30 13:45:00,0.2,WIN ✅ (+0.20%),1,0.63147306,MEDIUM (50-70%)
2025-01-30 11:15:00,BUY (BULLISH),2,1.0394,1.0414788,2025-01-30 13:15:00,0.2,WIN ✅ (+0.20%),1,0.7822412,HIGH (>70%)
2025-01-30 11:45:00,BUY (BULLISH),2,1.03914,1.04121828,2025-01-30 13:15:00,0.2,WIN ✅ (+0.20%),1,0.80815667,HIGH (>70%)
2025-01-30 12:00:00,BUY (BULLISH),2,1.03939,1.04146878,2025-01-30 13:15:00,0.2,WIN ✅ (+0.20%),1,0.69401985,MEDIUM (50-70%)
2025-01-30 14:00:00,SELL (BEARISH),2,1.04381,1.04172238,2025-01-30 16:45:00,0.2,WIN ✅ (+0.20%),1,0.7604482,HIGH (>70%)
2025-01-30 23:00:00,BUY (BULLISH),3,1.03865,1.0407273,2025-01-31 07:30:00,0.2,WIN ✅ (+0.20%),1,0.8230928,HIGH (>70%)
2025-01-31 06:45:00,SELL (BEARISH),2,1.03942,1.03734116,2025-01-31 09:00:00,0.2,WIN ✅ (+0.20%),1,0.8614711,HIGH (>70%)
2025-01-31 15:00:00,BUY (BULLISH),2,1.03702,1.0390940400000002,2025-01-31 15:45:00,0.2,WIN ✅ (+0.20%),1,0.88173074,HIGH (>70%)
2025-02-02 23:00:00,BUY (BULLISH),2,1.02478,1.02682956,2025-02-03 12:15:00,0.2,WIN ✅ (+0.20%),1,0.8965755,HIGH (>70%)
2025-02-03 00:15:00,BUY (BULLISH),2,1.02364,1.02568728,2025-02-03 12:15:00,0.2,WIN ✅ (+0.20%),1,0.9302704,HIGH (>70%)
2025-02-03 09:15:00,SELL (BEARISH),2,1.02509,1.0230398200000002,2025-02-03 09:45:00,0.2,WIN ✅ (+0.20%),1,0.9253379,HIGH (>70%)
2025-02-03 09:30:00,SELL (BEARISH),2,1.02412,1.02611,2025-02-03 14:00:00,-0.1943,LOSS ❌ (0.19%),0,0.13086201,LOW (<50%)
2025-02-03 11:45:00,SELL (BEARISH),2,1.02519,1.02611,2025-02-03 14:00:00,-0.0897,LOSS ❌ (0.09%),0,0.15103652,LOW (<50%)
2025-02-03 12:30:00,SELL (BEARISH),2,1.02681,1.02611,2025-02-03 14:00:00,0.0682,LOSS ❌ (-0.07%),0,0.06652027,LOW (<50%)
2025-02-03 13:00:00,SELL (BEARISH),2,1.02774,1.02568452,2025-02-03 14:00:00,0.2,WIN ✅ (+0.20%),1,0.8608882,HIGH (>70%)
2025-02-03 21:45:00,SELL (BEARISH),2,1.03394,1.03187212,2025-02-04 00:30:00,0.2,WIN ✅ (+0.20%),1,0.7881486,HIGH (>70%)
2025-02-03 23:00:00,SELL (BEARISH),2,1.03457,1.03250086,2025-02-04 00:00:00,0.2,WIN ✅ (+0.20%),1,0.7864475,HIGH (>70%)
2025-02-04 09:30:00,SELL (BEARISH),2,1.0342,1.0321316,2025-02-04 12:00:00,0.2,WIN ✅ (+0.20%),1,0.8886919,HIGH (>70%)
2025-02-04 14:15:00,SELL (BEARISH),2,1.03493,1.04204,2025-02-05 14:00:00,-0.687,LOSS ❌ (0.69%),0,0.15878364,LOW (<50%)
2025-02-04 15:00:00,SELL (BEARISH),3,1.03584,1.04204,2025-02-05 14:00:00,-0.5985,LOSS ❌ (0.60%),0,0.11803548,LOW (<50%)
2025-02-04 15:15:00,SELL (BEARISH),2,1.03705,1.04204,2025-02-05 14:00:00,-0.4812,LOSS ❌ (0.48%),0,0.19871582,LOW (<50%)
2025-02-04 15:45:00,SELL (BEARISH),2,1.03799,1.04204,2025-02-05 14:00:00,-0.3902,LOSS ❌ (0.39%),0,0.3486498,LOW (<50%)
2025-02-04 16:45:00,SELL (BEARISH),2,1.0378,1.04204,2025-02-05 14:00:00,-0.4086,LOSS ❌ (0.41%),0,0.03620468,LOW (<50%)
2025-02-05 09:00:00,SELL (BEARISH),2,1.04088,1.04204,2025-02-05 14:00:00,-0.1114,LOSS ❌ (0.11%),0,0.26301652,LOW (<50%)
2025-02-05 10:45:00,SELL (BEARISH),3,1.04247,1.04038506,2025-02-05 13:45:00,0.2,WIN ✅ (+0.20%),1,0.8110762,HIGH (>70%)
2025-02-05 15:00:00,SELL (BEARISH),2,1.04248,1.0403950400000002,2025-02-05 20:00:00,0.2,WIN ✅ (+0.20%),1,0.83352524,HIGH (>70%)
2025-02-05 19:15:00,BUY (BULLISH),2,1.04132,1.03657,2025-02-06 14:00:00,-0.4562,LOSS ❌ (-0.46%),0,0.4371492,LOW (<50%)
2025-02-05 19:45:00,BUY (BULLISH),2,1.04067,1.03657,2025-02-06 14:00:00,-0.394,LOSS ❌ (-0.39%),0,0.33761585,LOW (<50%)
2025-02-06 10:30:00,BUY (BULLISH),2,1.03569,1.03657,2025-02-06 14:00:00,0.085,LOSS ❌ (0.08%),0,0.064002514,LOW (<50%)
2025-02-06 15:15:00,SELL (BEARISH),2,1.0366,1.03733,2025-02-07 14:00:00,-0.0704,LOSS ❌ (0.07%),0,0.13004413,LOW (<50%)
2025-02-06 17:45:00,SELL (BEARISH),2,1.03788,1.0358042399999998,2025-02-07 13:30:00,0.2,WIN ✅ (+0.20%),1,0.66034824,MEDIUM (50-70%)
2025-02-06 18:00:00,SELL (BEARISH),2,1.03797,1.03589406,2025-02-07 13:30:00,0.2,WIN ✅ (+0.20%),1,0.76805663,HIGH (>70%)
2025-02-06 18:45:00,SELL (BEARISH),2,1.03891,1.03683218,2025-02-07 12:30:00,0.2,WIN ✅ (+0.20%),1,0.8054877,HIGH (>70%)
2025-02-07 06:00:00,BUY (BULLISH),2,1.03747,1.03954494,2025-02-07 08:15:00,0.2,WIN ✅ (+0.20%),1,0.93206215,HIGH (>70%)
2025-02-07 06:15:00,BUY (BULLISH),2,1.03749,1.03956498,2025-02-07 08:30:00,0.2,WIN ✅ (+0.20%),1,0.9163921,HIGH (>70%)
2025-02-07 08:45:00,SELL (BEARISH),2,1.03974,1.0376605200000002,2025-02-07 12:00:00,0.2,WIN ✅ (+0.20%),1,0.8379615,HIGH (>70%)
2025-02-07 12:30:00,BUY (BULLISH),2,1.03715,1.0392243,2025-02-07 13:30:00,0.2,WIN ✅ (+0.20%),1,0.8022607,HIGH (>70%)
2025-02-07 13:30:00,SELL (BEARISH),2,1.03696,1.03733,2025-02-07 14:00:00,-0.0357,LOSS ❌ (0.04%),0,0.16066624,LOW (<50%)
2025-02-07 15:45:00,BUY (BULLISH),2,1.03548,1.03257,2025-02-07 21:45:00,-0.281,LOSS ❌ (-0.28%),0,0.12674265,LOW (<50%)
2025-02-07 16:45:00,BUY (BULLISH),2,1.03274,1.03480548,2025-02-07 17:00:00,0.2,WIN ✅ (+0.20%),1,0.9619928,HIGH (>70%)
2025-02-10 09:30:00,SELL (BEARISH),2,1.03292,1.03085416,2025-02-10 12:00:00,0.2,WIN ✅ (+0.20%),1,0.789007,HIGH (>70%)
2025-02-10 23:30:00,BUY (BULLISH),2,1.03,1.03206,2025-02-11 09:00:00,0.2,WIN ✅ (+0.20%),1,0.84026587,HIGH (>70%)
2025-02-11 03:00:00,BUY (BULLISH),2,1.02929,1.03134858,2025-02-11 08:30:00,0.2,WIN ✅ (+0.20%),1,0.83497417,HIGH (>70%)
2025-02-11 06:30:00,SELL (BEARISH),2,1.03077,1.03243,2025-02-11 14:00:00,-0.161,LOSS ❌ (0.16%),0,0.15251528,LOW (<50%)
2025-02-11 09:00:00,SELL (BEARISH),2,1.03179,1.03243,2025-02-11 14:00:00,-0.062,LOSS ❌ (0.06%),0,0.11232934,LOW (<50%)
2025-02-11 10:15:00,SELL (BEARISH),2,1.03218,1.03243,2025-02-11 14:00:00,-0.0242,LOSS ❌ (0.02%),0,0.05540034,LOW (<50%)
2025-02-11 14:30:00,SELL (BEARISH),2,1.03302,1.03394,2025-02-12 14:00:00,-0.0891,LOSS ❌ (0.09%),0,0.24032193,LOW (<50%)
2025-02-11 16:15:00,SELL (BEARISH),2,1.03484,1.03277032,2025-02-12 13:30:00,0.2,WIN ✅ (+0.20%),1,0.9405856,HIGH (>70%)
2025-02-11 16:30:00,SELL (BEARISH),2,1.03479,1.0327204200000002,2025-02-12 13:30:00,0.2,WIN ✅ (+0.20%),1,0.80858797,HIGH (>70%)
2025-02-12 01:00:00,BUY (BULLISH),2,1.03565,1.0377213,2025-02-12 07:45:00,0.2,WIN ✅ (+0.20%),1,0.88165647,HIGH (>70%)
2025-02-12 17:30:00,SELL (BEARISH),2,1.04053,1.03844894,2025-02-12 19:15:00,0.2,WIN ✅ (+0.20%),1,0.9475266,HIGH (>70%)
2025-02-12 18:00:00,SELL (BEARISH),2,1.04188,1.0397962399999998,2025-02-12 18:30:00,0.2,WIN ✅ (+0.20%),1,0.94625616,HIGH (>70%)
2025-02-13 06:15:00,SELL (BEARISH),2,1.04366,1.04157268,2025-02-13 08:30:00,0.2,WIN ✅ (+0.20%),1,0.9051746,HIGH (>70%)
2025-02-13 12:15:00,BUY (BULLISH),2,1.03943,1.0388,2025-02-13 14:00:00,-0.0606,LOSS ❌ (-0.06%),0,0.15213965,LOW (<50%)
2025-02-13 13:15:00,BUY (BULLISH),2,1.03864,1.0388,2025-02-13 14:00:00,0.0154,LOSS ❌ (0.02%),0,0.14309397,LOW (<50%)
2025-02-13 13:30:00,BUY (BULLISH),2,1.0399,1.0388,2025-02-13 14:00:00,-0.1058,LOSS ❌ (-0.11%),0,0.11403593,LOW (<50%)
2025-02-13 15:15:00,SELL (BEARISH),2,1.04245,1.0403651,2025-02-13 18:30:00,0.2,WIN ✅ (+0.20%),1,0.8271097,HIGH (>70%)
2025-02-13 18:30:00,BUY (BULLISH),2,1.04029,1.04237058,2025-02-13 19:00:00,0.2,WIN ✅ (+0.20%),1,0.8117332,HIGH (>70%)
2025-02-13 20:30:00,SELL (BEARISH),2,1.04557,1.0499,2025-02-14 14:00:00,-0.4141,LOSS ❌ (0.41%),0,0.22034347,LOW (<50%)
2025-02-13 22:30:00,SELL (BEARISH),2,1.04671,1.0499,2025-02-14 14:00:00,-0.3048,LOSS ❌ (0.30%),0,0.24731359,LOW (<50%)
2025-02-14 03:00:00,BUY (BULLISH),2,1.04559,1.04768118,2025-02-14 08:15:00,0.2,WIN ✅ (+0.20%),1,0.8590386,HIGH (>70%)
2025-02-14 05:30:00,BUY (BULLISH),2,1.0451,1.0471902,2025-02-14 08:15:00,0.2,WIN ✅ (+0.20%),1,0.70859706,HIGH (>70%)
2025-02-14 13:30:00,SELL (BEARISH),2,1.04842,1.0499,2025-02-14 14:00:00,-0.1412,LOSS ❌ (0.14%),0,0.13380045,LOW (<50%)
2025-02-14 14:15:00,SELL (BEARISH),3,1.04985,1.04904,2025-02-14 21:45:00,0.0772,LOSS ❌ (-0.08%),0,0.13044967,LOW (<50%)
2025-02-14 14:45:00,SELL (BEARISH),3,1.05084,1.04873832,2025-02-14 21:45:00,0.2,WIN ✅ (+0.20%),1,0.81832486,HIGH (>70%)
2025-02-17 21:30:00,SELL (BEARISH),2,1.04838,1.0462832400000002,2025-02-18 01:45:00,0.2,WIN ✅ (+0.20%),1,0.8062533,HIGH (>70%)
2025-02-18 00:00:00,SELL (BEARISH),2,1.04848,1.04638304,2025-02-18 01:15:00,0.2,WIN ✅ (+0.20%),1,0.76941097,HIGH (>70%)
2025-02-18 04:00:00,BUY (BULLISH),2,1.04622,1.0446,2025-02-18 14:00:00,-0.1548,LOSS ❌ (-0.15%),0,0.1869341,LOW (<50%)
2025-02-18 04:45:00,BUY (BULLISH),2,1.04568,1.0446,2025-02-18 14:00:00,-0.1033,LOSS ❌ (-0.10%),0,0.14190608,LOW (<50%)
2025-02-18 17:45:00,BUY (BULLISH),2,1.04455,1.04318,2025-02-19 14:00:00,-0.1312,LOSS ❌ (-0.13%),0,0.29820564,LOW (<50%)
2025-02-19 09:00:00,BUY (BULLISH),2,1.04406,1.04318,2025-02-19 14:00:00,-0.0843,LOSS ❌ (-0.08%),0,0.10089002,LOW (<50%)
2025-02-19 10:00:00,BUY (BULLISH),2,1.0428,1.04318,2025-02-19 14:00:00,0.0364,LOSS ❌ (0.04%),0,0.15707761,LOW (<50%)
2025-02-19 15:30:00,SELL (BEARISH),2,1.04308,1.04099384,2025-02-19 16:15:00,0.2,WIN ✅ (+0.20%),1,0.8596905,HIGH (>70%)
2025-02-19 17:00:00,BUY (BULLISH),2,1.04054,1.04262108,2025-02-19 19:15:00,0.2,WIN ✅ (+0.20%),1,0.6818926,MEDIUM (50-70%)
2025-02-20 10:30:00,SELL (BEARISH),2,1.04415,1.04472,2025-02-20 14:00:00,-0.0546,LOSS ❌ (0.05%),0,0.35607266,LOW (<50%)
2025-02-20 10:45:00,SELL (BEARISH),2,1.04418,1.04472,2025-02-20 14:00:00,-0.0517,LOSS ❌ (0.05%),0,0.19243537,LOW (<50%)
2025-02-20 16:45:00,SELL (BEARISH),2,1.04745,1.0475,2025-02-21 14:00:00,-0.0048,LOSS ❌ (0.00%),0,0.41104874,LOW (<50%)
2025-02-20 18:15:00,SELL (BEARISH),2,1.04905,1.0469519,2025-02-21 08:15:00,0.2,WIN ✅ (+0.20%),1,0.8972969,HIGH (>70%)
2025-02-20 23:30:00,SELL (BEARISH),2,1.05029,1.04818942,2025-02-21 08:15:00,0.2,WIN ✅ (+0.20%),1,0.83487725,HIGH (>70%)
2025-02-21 00:45:00,BUY (BULLISH),2,1.04897,1.0475,2025-02-21 14:00:00,-0.1401,LOSS ❌ (-0.14%),0,0.07531354,LOW (<50%)
2025-02-21 01:00:00,BUY (BULLISH),2,1.049,1.0475,2025-02-21 14:00:00,-0.143,LOSS ❌ (-0.14%),0,0.3015606,LOW (<50%)
2025-02-21 09:45:00,BUY (BULLISH),2,1.04688,1.0475,2025-02-21 14:00:00,0.0592,LOSS ❌ (0.06%),0,0.18426533,LOW (<50%)
2025-02-21 10:00:00,BUY (BULLISH),2,1.04667,1.0475,2025-02-21 14:00:00,0.0793,LOSS ❌ (0.08%),0,0.25094128,LOW (<50%)
2025-02-21 11:00:00,BUY (BULLISH),2,1.04669,1.0475,2025-02-21 14:00:00,0.0774,LOSS ❌ (0.08%),0,0.17467952,LOW (<50%)
2025-02-21 15:30:00,BUY (BULLISH),3,1.04546,1.04579,2025-02-21 21:45:00,0.0316,LOSS ❌ (0.03%),0,0.33078176,LOW (<50%)
2025-02-21 16:00:00,BUY (BULLISH),3,1.04536,1.04579,2025-02-21 21:45:00,0.0411,LOSS ❌ (0.04%),0,0.12839101,LOW (<50%)
2025-02-23 22:00:00,SELL (BEARISH),2,1.04666,1.04642,2025-02-24 14:00:00,0.0229,LOSS ❌ (-0.02%),0,0.36175233,LOW (<50%)
2025-02-24 00:30:00,SELL (BEARISH),2,1.04926,1.04716148,2025-02-24 08:15:00,0.2,WIN ✅ (+0.20%),1,0.68377656,MEDIUM (50-70%)
2025-02-24 01:15:00,SELL (BEARISH),3,1.05075,1.0486485,2025-02-24 07:45:00,0.2,WIN ✅ (+0.20%),1,0.801329,HIGH (>70%)
2025-02-24 02:00:00,SELL (BEARISH),2,1.05194,1.0498361200000002,2025-02-24 07:30:00,0.2,WIN ✅ (+0.20%),1,0.7875187,HIGH (>70%)
2025-02-24 02:45:00,SELL (BEARISH),2,1.05226,1.05015548,2025-02-24 06:45:00,0.2,WIN ✅ (+0.20%),1,0.8519152,HIGH (>70%)
2025-02-24 09:45:00,BUY (BULLISH),2,1.04717,1.04642,2025-02-24 14:00:00,-0.0716,LOSS ❌ (-0.07%),0,0.07039978,LOW (<50%)
2025-02-24 10:00:00,BUY (BULLISH),2,1.04736,1.04642,2025-02-24 14:00:00,-0.0897,LOSS ❌ (-0.09%),0,0.20670637,LOW (<50%)
2025-02-24 11:30:00,BUY (BULLISH),2,1.04703,1.04642,2025-02-24 14:00:00,-0.0583,LOSS ❌ (-0.06%),0,0.14713946,LOW (<50%)
2025-02-24 17:30:00,SELL (BEARISH),2,1.04771,1.0456145799999998,2025-02-25 08:00:00,0.2,WIN ✅ (+0.20%),1,0.84753096,HIGH (>70%)
2025-02-24 21:00:00,BUY (BULLISH),2,1.04654,1.04863308,2025-02-25 11:30:00,0.2,WIN ✅ (+0.20%),1,0.8008609,HIGH (>70%)
2025-02-24 23:15:00,BUY (BULLISH),2,1.0462,1.0482924,2025-02-25 11:30:00,0.2,WIN ✅ (+0.20%),1,0.75140035,HIGH (>70%)
2025-02-25 02:15:00,SELL (BEARISH),2,1.0468,1.04931,2025-02-25 14:00:00,-0.2398,LOSS ❌ (0.24%),0,0.61559325,MEDIUM (50-70%)
2025-02-25 03:00:00,SELL (BEARISH),2,1.04737,1.04931,2025-02-25 14:00:00,-0.1852,LOSS ❌ (0.19%),0,0.2227675,LOW (<50%)
2025-02-26 02:45:00,BUY (BULLISH),2,1.0506,1.04872,2025-02-26 14:00:00,-0.1789,LOSS ❌ (-0.18%),0,0.25287586,LOW (<50%)
2025-02-26 11:45:00,BUY (BULLISH),2,1.04912,1.04872,2025-02-26 14:00:00,-0.0381,LOSS ❌ (-0.04%),0,0.27603927,LOW (<50%)
2025-02-26 17:00:00,SELL (BEARISH),3,1.05139,1.04928722,2025-02-26 17:30:00,0.2,WIN ✅ (+0.20%),1,0.7791166,HIGH (>70%)
2025-02-26 17:30:00,SELL (BEARISH),2,1.04981,1.0477103799999998,2025-02-27 00:45:00,0.2,WIN ✅ (+0.20%),1,0.75156575,HIGH (>70%)
2025-02-27 02:30:00,BUY (BULLISH),2,1.04732,1.04338,2025-02-27 14:00:00,-0.3762,LOSS ❌ (-0.38%),0,0.18656568,LOW (<50%)
2025-02-27 04:45:00,BUY (BULLISH),2,1.04626,1.04835252,2025-02-27 09:45:00,0.2,WIN ✅ (+0.20%),1,0.82012504,HIGH (>70%)
2025-02-27 14:45:00,BUY (BULLISH),2,1.04198,1.04096,2025-02-28 14:00:00,-0.0979,LOSS ❌ (-0.10%),0,0.07556185,LOW (<50%)
2025-02-27 15:45:00,BUY (BULLISH),2,1.04147,1.04096,2025-02-28 14:00:00,-0.049,LOSS ❌ (-0.05%),0,0.17605707,LOW (<50%)
2025-02-27 16:15:00,BUY (BULLISH),3,1.04063,1.04096,2025-02-28 14:00:00,0.0317,LOSS ❌ (0.03%),0,0.08885393,LOW (<50%)
2025-02-27 16:30:00,BUY (BULLISH),2,1.04148,1.04096,2025-02-28 14:00:00,-0.0499,LOSS ❌ (-0.05%),0,0.07625461,LOW (<50%)
2025-02-27 17:30:00,BUY (BULLISH),2,1.04031,1.04096,2025-02-28 14:00:00,0.0625,LOSS ❌ (0.06%),0,0.07994805,LOW (<50%)
2025-02-27 17:45:00,BUY (BULLISH),2,1.0407,1.04096,2025-02-28 14:00:00,0.025,LOSS ❌ (0.02%),0,0.059230525,LOW (<50%)
2025-02-27 21:45:00,BUY (BULLISH),2,1.03974,1.04096,2025-02-28 14:00:00,0.1173,LOSS ❌ (0.12%),0,0.05694498,LOW (<50%)
2025-02-27 22:45:00,BUY (BULLISH),2,1.03943,1.04150886,2025-02-28 13:15:00,0.2,WIN ✅ (+0.20%),1,0.72168016,HIGH (>70%)
2025-02-28 15:30:00,SELL (BEARISH),2,1.04119,1.03910762,2025-02-28 17:15:00,0.2,WIN ✅ (+0.20%),1,0.7682544,HIGH (>70%)
2025-02-28 15:45:00,BUY (BULLISH),2,1.03997,1.03729,2025-02-28 21:45:00,-0.2577,LOSS ❌ (-0.26%),0,0.2619444,LOW (<50%)
2025-02-28 17:15:00,BUY (BULLISH),2,1.04045,1.03729,2025-02-28 21:45:00,-0.3037,LOSS ❌ (-0.30%),0,0.18415493,LOW (<50%)
2025-02-28 19:00:00,BUY (BULLISH),2,1.03672,1.03729,2025-02-28 21:45:00,0.055,LOSS ❌ (0.05%),0,0.27259395,LOW (<50%)
2025-03-02 23:15:00,SELL (BEARISH),2,1.04151,1.03942698,2025-03-03 08:15:00,0.2,WIN ✅ (+0.20%),1,0.91942173,HIGH (>70%)
2025-03-02 23:30:00,SELL (BEARISH),2,1.04171,1.03962658,2025-03-03 08:15:00,0.2,WIN ✅ (+0.20%),1,0.95159405,HIGH (>70%)
2025-03-03 01:00:00,SELL (BEARISH),2,1.04178,1.03969644,2025-03-03 08:15:00,0.2,WIN ✅ (+0.20%),1,0.881698,HIGH (>70%)
2025-03-03 01:45:00,SELL (BEARISH),2,1.04193,1.03984614,2025-03-03 08:15:00,0.2,WIN ✅ (+0.20%),1,0.82830644,HIGH (>70%)
2025-03-03 02:45:00,SELL (BEARISH),2,1.04195,1.0398661,2025-03-03 08:15:00,0.2,WIN ✅ (+0.20%),1,0.77716637,HIGH (>70%)
2025-03-03 06:45:00,BUY (BULLISH),2,1.0408,1.0428816,2025-03-03 10:00:00,0.2,WIN ✅ (+0.20%),1,0.76147693,HIGH (>70%)
2025-03-03 10:30:00,SELL (BEARISH),2,1.04351,1.0471,2025-03-03 14:00:00,-0.344,LOSS ❌ (0.34%),0,0.17550947,LOW (<50%)
2025-03-03 11:45:00,SELL (BEARISH),2,1.04523,1.0471,2025-03-03 14:00:00,-0.1789,LOSS ❌ (0.18%),0,0.37432206,LOW (<50%)
2025-03-03 12:45:00,SELL (BEARISH),2,1.04701,1.0471,2025-03-03 14:00:00,-0.0086,LOSS ❌ (0.01%),0,0.14536889,LOW (<50%)
2025-03-03 14:00:00,SELL (BEARISH),3,1.0471,1.05366,2025-03-04 14:00:00,-0.6265,LOSS ❌ (0.63%),0,0.18307607,LOW (<50%)
2025-03-03 14:45:00,SELL (BEARISH),2,1.04819,1.05366,2025-03-04 14:00:00,-0.5219,LOSS ❌ (0.52%),0,0.13552444,LOW (<50%)
2025-03-03 15:30:00,SELL (BEARISH),2,1.04925,1.0471515,2025-03-03 20:00:00,0.2,WIN ✅ (+0.20%),1,0.6688616,MEDIUM (50-70%)
2025-03-03 18:45:00,SELL (BEARISH),2,1.04868,1.05366,2025-03-04 14:00:00,-0.4749,LOSS ❌ (0.47%),0,0.15499508,LOW (<50%)
2025-03-03 20:00:00,BUY (BULLISH),2,1.04778,1.04987556,2025-03-04 07:45:00,0.2,WIN ✅ (+0.20%),1,0.896684,HIGH (>70%)
2025-03-03 20:30:00,BUY (BULLISH),2,1.04691,1.04900382,2025-03-03 21:15:00,0.2,WIN ✅ (+0.20%),1,0.74688816,HIGH (>70%)
2025-03-04 05:00:00,BUY (BULLISH),2,1.04783,1.04992566,2025-03-04 07:45:00,0.2,WIN ✅ (+0.20%),1,0.76498175,HIGH (>70%)
2025-03-04 08:45:00,SELL (BEARISH),2,1.05186,1.05366,2025-03-04 14:00:00,-0.1711,LOSS ❌ (0.17%),0,0.21506564,LOW (<50%)
2025-03-04 09:30:00,SELL (BEARISH),2,1.05215,1.05366,2025-03-04 14:00:00,-0.1435,LOSS ❌ (0.14%),0,0.5437689,MEDIUM (50-70%)
2025-03-04 09:45:00,SELL (BEARISH),2,1.05118,1.05366,2025-03-04 14:00:00,-0.2359,LOSS ❌ (0.24%),0,0.34009457,LOW (<50%)
2025-03-04 12:30:00,SELL (BEARISH),3,1.05492,1.05366,2025-03-04 14:00:00,0.1194,LOSS ❌ (-0.12%),0,0.34144926,LOW (<50%)
2025-03-04 12:45:00,SELL (BEARISH),2,1.05529,1.05317942,2025-03-04 13:30:00,0.2,WIN ✅ (+0.20%),1,0.90096676,HIGH (>70%)
2025-03-04 13:00:00,SELL (BEARISH),3,1.05527,1.0531594599999998,2025-03-04 13:30:00,0.2,WIN ✅ (+0.20%),1,0.88465405,HIGH (>70%)
2025-03-04 15:15:00,BUY (BULLISH),2,1.05147,1.05357294,2025-03-04 16:15:00,0.2,WIN ✅ (+0.20%),1,0.8871659,HIGH (>70%)
2025-03-04 19:00:00,SELL (BEARISH),2,1.05874,1.07355,2025-03-05 14:00:00,-1.3988,LOSS ❌ (1.40%),0,0.049013738,LOW (<50%)
2025-03-05 02:00:00,BUY (BULLISH),2,1.06094,1.06306188,2025-03-05 05:45:00,0.2,WIN ✅ (+0.20%),1,0.9009206,HIGH (>70%)
2025-03-05 02:30:00,BUY (BULLISH),2,1.06076,1.06288152,2025-03-05 05:45:00,0.2,WIN ✅ (+0.20%),1,0.89898205,HIGH (>70%)
2025-03-05 03:00:00,BUY (BULLISH),2,1.0606,1.0627212,2025-03-05 05:45:00,0.2,WIN ✅ (+0.20%),1,0.79237074,HIGH (>70%)
2025-03-05 07:00:00,SELL (BEARISH),3,1.0632,1.07355,2025-03-05 14:00:00,-0.9735,LOSS ❌ (0.97%),0,0.22358856,LOW (<50%)
2025-03-05 09:00:00,SELL (BEARISH),3,1.06985,1.0677103,2025-03-05 11:15:00,0.2,WIN ✅ (+0.20%),1,0.6712665,MEDIUM (50-70%)
2025-03-05 09:30:00,SELL (BEARISH),2,1.07098,1.06883804,2025-03-05 10:15:00,0.2,WIN ✅ (+0.20%),1,0.72821426,HIGH (>70%)
2025-03-05 13:45:00,SELL (BEARISH),2,1.07155,1.07355,2025-03-05 14:00:00,-0.1866,LOSS ❌ (0.19%),0,0.12558375,LOW (<50%)
2025-03-05 17:30:00,SELL (BEARISH),3,1.07844,1.08256,2025-03-06 14:00:00,-0.382,LOSS ❌ (0.38%),0,0.2195756,LOW (<50%)
2025-03-05 18:00:00,SELL (BEARISH),2,1.07754,1.08256,2025-03-06 14:00:00,-0.4659,LOSS ❌ (0.47%),0,0.15098368,LOW (<50%)
2025-03-05 20:00:00,SELL (BEARISH),3,1.079,1.08256,2025-03-06 14:00:00,-0.3299,LOSS ❌ (0.33%),0,0.22365609,LOW (<50%)
2025-03-06 00:00:00,SELL (BEARISH),2,1.07931,1.08256,2025-03-06 14:00:00,-0.3011,LOSS ❌ (0.30%),0,0.11032705,LOW (<50%)
2025-03-06 01:45:00,SELL (BEARISH),2,1.08149,1.07932702,2025-03-06 03:15:00,0.2,WIN ✅ (+0.20%),1,0.62713856,MEDIUM (50-70%)
2025-03-06 04:00:00,BUY (BULLISH),2,1.07875,1.0809075,2025-03-06 05:45:00,0.2,WIN ✅ (+0.20%),1,0.6927307,MEDIUM (50-70%)
2025-03-06 07:30:00,SELL (BEARISH),2,1.08152,1.07935696,2025-03-06 08:00:00,0.2,WIN ✅ (+0.20%),1,0.59848505,MEDIUM (50-70%)
2025-03-06 07:45:00,SELL (BEARISH),2,1.07988,1.08256,2025-03-06 14:00:00,-0.2482,LOSS ❌ (0.25%),0,0.28910178,LOW (<50%)
2025-03-06 09:15:00,BUY (BULLISH),2,1.07924,1.08139848,2025-03-06 13:15:00,0.2,WIN ✅ (+0.20%),1,0.790666,HIGH (>70%)
2025-03-06 09:30:00,BUY (BULLISH),3,1.07929,1.08144858,2025-03-06 13:15:00,0.2,WIN ✅ (+0.20%),1,0.8431928,HIGH (>70%)
2025-03-06 13:15:00,SELL (BEARISH),2,1.08156,1.08256,2025-03-06 14:00:00,-0.0925,LOSS ❌ (0.09%),0,0.18710165,LOW (<50%)
2025-03-06 15:00:00,SELL (BEARISH),2,1.08388,1.08171224,2025-03-06 15:45:00,0.2,WIN ✅ (+0.20%),1,0.92651063,HIGH (>70%)
2025-03-06 18:45:00,BUY (BULLISH),2,1.07835,1.0805067,2025-03-06 19:45:00,0.2,WIN ✅ (+0.20%),1,0.9353052,HIGH (>70%)
2025-03-07 02:15:00,SELL (BEARISH),2,1.07945,1.08572,2025-03-07 14:00:00,-0.5809,LOSS ❌ (0.58%),0,0.30660227,LOW (<50%)
2025-03-07 06:45:00,SELL (BEARISH),2,1.08231,1.08572,2025-03-07 14:00:00,-0.3151,LOSS ❌ (0.32%),0,0.15542181,LOW (<50%)
2025-03-07 08:45:00,SELL (BEARISH),2,1.08505,1.08572,2025-03-07 14:00:00,-0.0617,LOSS ❌ (0.06%),0,0.24145688,LOW (<50%)
2025-03-07 13:30:00,SELL (BEARISH),2,1.08688,1.08470624,2025-03-07 13:45:00,0.2,WIN ✅ (+0.20%),1,0.8872194,HIGH (>70%)
2025-03-07 15:30:00,BUY (BULLISH),2,1.08423,1.08639846,2025-03-07 15:45:00,0.2,WIN ✅ (+0.20%),1,0.7831396,HIGH (>70%)
2025-03-07 17:30:00,BUY (BULLISH),2,1.08352,1.08328,2025-03-07 21:45:00,-0.0222,LOSS ❌ (-0.02%),0,0.14530626,LOW (<50%)
2025-03-07 17:45:00,BUY (BULLISH),2,1.0843,1.08328,2025-03-07 21:45:00,-0.0941,LOSS ❌ (-0.09%),0,0.37235305,LOW (<50%)
2025-03-07 18:00:00,BUY (BULLISH),2,1.08324,1.08328,2025-03-07 21:45:00,0.0037,LOSS ❌ (0.00%),0,0.23561828,LOW (<50%)
2025-03-07 18:15:00,BUY (BULLISH),3,1.08321,1.08328,2025-03-07 21:45:00,0.0065,LOSS ❌ (0.01%),0,0.35837787,LOW (<50%)
2025-03-10 00:45:00,SELL (BEARISH),2,1.08639,1.08421722,2025-03-10 02:30:00,0.2,WIN ✅ (+0.20%),1,0.62609166,MEDIUM (50-70%)
2025-03-10 01:00:00,SELL (BEARISH),2,1.08665,1.0844767,2025-03-10 02:30:00,0.2,WIN ✅ (+0.20%),1,0.7771203,HIGH (>70%)
2025-03-10 05:00:00,BUY (BULLISH),2,1.08308,1.08524616,2025-03-10 09:45:00,0.2,WIN ✅ (+0.20%),1,0.686921,MEDIUM (50-70%)
2025-03-10 08:45:00,BUY (BULLISH),2,1.08096,1.08312192,2025-03-10 09:15:00,0.2,WIN ✅ (+0.20%),1,0.7381031,HIGH (>70%)
2025-03-10 09:15:00,SELL (BEARISH),2,1.08398,1.08181204,2025-03-10 11:00:00,0.2,WIN ✅ (+0.20%),1,0.7773618,HIGH (>70%)
2025-03-10 09:30:00,SELL (BEARISH),2,1.08419,1.08202162,2025-03-10 11:00:00,0.2,WIN ✅ (+0.20%),1,0.84486115,HIGH (>70%)
2025-03-10 18:30:00,BUY (BULLISH),2,1.08246,1.08462492,2025-03-11 00:00:00,0.2,WIN ✅ (+0.20%),1,0.7031819,HIGH (>70%)
2025-03-10 19:00:00,BUY (BULLISH),2,1.08216,1.08432432,2025-03-11 00:00:00,0.2,WIN ✅ (+0.20%),1,0.7316474,HIGH (>70%)
2025-03-11 00:30:00,SELL (BEARISH),2,1.08459,1.09108,2025-03-11 14:00:00,-0.5984,LOSS ❌ (0.60%),0,0.120534234,LOW (<50%)
2025-03-11 04:30:00,SELL (BEARISH),2,1.08558,1.09108,2025-03-11 14:00:00,-0.5066,LOSS ❌ (0.51%),0,0.109184265,LOW (<50%)
2025-03-11 05:45:00,BUY (BULLISH),2,1.0838,1.0859676,2025-03-11 06:15:00,0.2,WIN ✅ (+0.20%),1,0.6955629,MEDIUM (50-70%)
2025-03-11 06:30:00,SELL (BEARISH),2,1.0866,1.09108,2025-03-11 14:00:00,-0.4123,LOSS ❌ (0.41%),0,0.10105284,LOW (<50%)
2025-03-11 07:15:00,SELL (BEARISH),2,1.08754,1.09108,2025-03-11 14:00:00,-0.3255,LOSS ❌ (0.33%),0,0.41000095,LOW (<50%)
2025-03-11 07:45:00,SELL (BEARISH),2,1.08903,1.09108,2025-03-11 14:00:00,-0.1882,LOSS ❌ (0.19%),0,0.30701387,LOW (<50%)
2025-03-11 09:00:00,SELL (BEARISH),2,1.09089,1.08870822,2025-03-11 10:15:00,0.2,WIN ✅ (+0.20%),1,0.9104592,HIGH (>70%)
2025-03-11 13:45:00,SELL (BEARISH),2,1.09195,1.09108,2025-03-11 14:00:00,0.0797,LOSS ❌ (-0.08%),0,0.11271922,LOW (<50%)
2025-03-11 17:00:00,SELL (BEARISH),2,1.09301,1.09082398,2025-03-12 00:30:00,0.2,WIN ✅ (+0.20%),1,0.8857513,HIGH (>70%)
2025-03-11 17:30:00,SELL (BEARISH),2,1.09264,1.09045472,2025-03-12 02:45:00,0.2,WIN ✅ (+0.20%),1,0.8277448,HIGH (>70%)
2025-03-11 18:15:00,SELL (BEARISH),2,1.09409,1.09190182,2025-03-11 20:00:00,0.2,WIN ✅ (+0.20%),1,0.8060378,HIGH (>70%)
2025-03-12 00:45:00,BUY (BULLISH),2,1.09085,1.0930317,2025-03-12 12:30:00,0.2,WIN ✅ (+0.20%),1,0.64895964,MEDIUM (50-70%)
2025-03-12 02:30:00,BUY (BULLISH),2,1.09055,1.0927311,2025-03-12 12:30:00,0.2,WIN ✅ (+0.20%),1,0.8197692,HIGH (>70%)
2025-03-12 03:45:00,BUY (BULLISH),2,1.08969,1.09186938,2025-03-12 08:45:00,0.2,WIN ✅ (+0.20%),1,0.67234784,MEDIUM (50-70%)
2025-03-12 04:00:00,BUY (BULLISH),2,1.08972,1.09189944,2025-03-12 08:45:00,0.2,WIN ✅ (+0.20%),1,0.6678871,MEDIUM (50-70%)
2025-03-12 09:00:00,SELL (BEARISH),2,1.0919,1.0897162,2025-03-12 12:00:00,0.2,WIN ✅ (+0.20%),1,0.69492865,MEDIUM (50-70%)
2025-03-12 09:30:00,SELL (BEARISH),2,1.0919,1.0897162,2025-03-12 12:00:00,0.2,WIN ✅ (+0.20%),1,0.70618224,HIGH (>70%)
2025-03-12 12:15:00,BUY (BULLISH),2,1.08922,1.09139844,2025-03-12 12:30:00,0.2,WIN ✅ (+0.20%),1,0.55519015,MEDIUM (50-70%)
2025-03-12 12:30:00,SELL (BEARISH),2,1.08911,1.08851,2025-03-12 14:00:00,0.0551,LOSS ❌ (-0.06%),0,0.111401334,LOW (<50%)
2025-03-12 13:45:00,BUY (BULLISH),2,1.08818,1.08851,2025-03-12 14:00:00,0.0303,LOSS ❌ (0.03%),0,0.24255995,LOW (<50%)
2025-03-13 02:45:00,SELL (BEARISH),2,1.08951,1.08733098,2025-03-13 06:30:00,0.2,WIN ✅ (+0.20%),1,0.8311667,HIGH (>70%)
2025-03-13 04:00:00,BUY (BULLISH),2,1.08851,1.08611,2025-03-13 14:00:00,-0.2205,LOSS ❌ (-0.22%),0,0.24467278,LOW (<50%)
2025-03-13 06:15:00,BUY (BULLISH),2,1.08786,1.08611,2025-03-13 14:00:00,-0.1609,LOSS ❌ (-0.16%),0,0.10156212,LOW (<50%)
2025-03-13 08:15:00,BUY (BULLISH),2,1.08827,1.08611,2025-03-13 14:00:00,-0.1985,LOSS ❌ (-0.20%),0,0.18531689,LOW (<50%)
2025-03-13 13:15:00,BUY (BULLISH),2,1.08348,1.08564696,2025-03-13 14:00:00,0.2,WIN ✅ (+0.20%),1,0.8797258,HIGH (>70%)
2025-03-13 16:30:00,SELL (BEARISH),2,1.08727,1.08509546,2025-03-13 19:15:00,0.2,WIN ✅ (+0.20%),1,0.83562875,HIGH (>70%)
2025-03-13 19:30:00,BUY (BULLISH),2,1.0852,1.0873704,2025-03-14 10:15:00,0.2,WIN ✅ (+0.20%),1,0.8030796,HIGH (>70%)
2025-03-14 00:00:00,SELL (BEARISH),2,1.0855,1.083329,2025-03-14 07:00:00,0.2,WIN ✅ (+0.20%),1,0.70618665,HIGH (>70%)
2025-03-14 02:00:00,BUY (BULLISH),2,1.08407,1.08623814,2025-03-14 10:00:00,0.2,WIN ✅ (+0.20%),1,0.6593881,MEDIUM (50-70%)
2025-03-14 02:30:00,BUY (BULLISH),2,1.0835,1.085667,2025-03-14 09:30:00,0.2,WIN ✅ (+0.20%),1,0.8308114,HIGH (>70%)
2025-03-14 08:30:00,SELL (BEARISH),2,1.08497,1.08807,2025-03-14 14:00:00,-0.2857,LOSS ❌ (0.29%),0,0.21530114,LOW (<50%)
2025-03-14 10:00:00,SELL (BEARISH),2,1.08616,1.08807,2025-03-14 14:00:00,-0.1758,LOSS ❌ (0.18%),0,0.2203977,LOW (<50%)
2025-03-17 05:30:00,BUY (BULLISH),2,1.08769,1.08986538,2025-03-17 09:45:00,0.2,WIN ✅ (+0.20%),1,0.65605557,MEDIUM (50-70%)
2025-03-17 10:00:00,SELL (BEARISH),3,1.08999,1.09082,2025-03-17 14:00:00,-0.0761,LOSS ❌ (0.08%),0,0.1251202,LOW (<50%)
2025-03-17 10:30:00,SELL (BEARISH),3,1.09066,1.09082,2025-03-17 14:00:00,-0.0147,LOSS ❌ (0.01%),0,0.16683097,LOW (<50%)
2025-03-17 11:00:00,SELL (BEARISH),2,1.0906,1.09082,2025-03-17 14:00:00,-0.0202,LOSS ❌ (0.02%),0,0.15717666,LOW (<50%)
2025-03-17 14:15:00,SELL (BEARISH),2,1.09103,1.09095,2025-03-18 14:00:00,0.0073,LOSS ❌ (-0.01%),0,0.14265949,LOW (<50%)
2025-03-17 15:00:00,SELL (BEARISH),2,1.09175,1.0895665,2025-03-18 12:30:00,0.2,WIN ✅ (+0.20%),1,0.86930203,HIGH (>70%)
2025-03-17 23:30:00,BUY (BULLISH),2,1.09193,1.09411386,2025-03-18 08:00:00,0.2,WIN ✅ (+0.20%),1,0.86550254,HIGH (>70%)
2025-03-18 00:45:00,BUY (BULLISH),2,1.09157,1.09375314,2025-03-18 08:00:00,0.2,WIN ✅ (+0.20%),1,0.69040567,MEDIUM (50-70%)
2025-03-18 16:45:00,SELL (BEARISH),2,1.09383,1.0916423400000002,2025-03-19 07:00:00,0.2,WIN ✅ (+0.20%),1,0.89030033,HIGH (>70%)
2025-03-19 06:30:00,BUY (BULLISH),2,1.09236,1.08976,2025-03-19 14:00:00,-0.238,LOSS ❌ (-0.24%),0,0.209514,LOW (<50%)
2025-03-19 18:45:00,SELL (BEARISH),2,1.09077,1.08858846,2025-03-19 19:15:00,0.2,WIN ✅ (+0.20%),1,0.8005169,HIGH (>70%)
2025-03-20 05:30:00,BUY (BULLISH),2,1.08943,1.08351,2025-03-20 14:00:00,-0.5434,LOSS ❌ (-0.54%),0,0.06778609,LOW (<50%)
2025-03-20 08:45:00,BUY (BULLISH),3,1.0865,1.08351,2025-03-20 14:00:00,-0.2752,LOSS ❌ (-0.28%),0,0.21924976,LOW (<50%)
2025-03-20 10:15:00,BUY (BULLISH),2,1.08431,1.08351,2025-03-20 14:00:00,-0.0738,LOSS ❌ (-0.07%),0,0.26254937,LOW (<50%)
2025-03-20 12:30:00,BUY (BULLISH),2,1.08395,1.08351,2025-03-20 14:00:00,-0.0406,LOSS ❌ (-0.04%),0,0.061491776,LOW (<50%)
2025-03-20 12:45:00,BUY (BULLISH),2,1.08335,1.08351,2025-03-20 14:00:00,0.0148,LOSS ❌ (0.01%),0,0.16581322,LOW (<50%)
2025-03-20 19:45:00,SELL (BEARISH),2,1.08528,1.08310944,2025-03-21 04:15:00,0.2,WIN ✅ (+0.20%),1,0.5486153,MEDIUM (50-70%)
2025-03-21 04:45:00,BUY (BULLISH),2,1.08299,1.08515598,2025-03-21 12:00:00,0.2,WIN ✅ (+0.20%),1,0.6836125,MEDIUM (50-70%)
2025-03-21 14:30:00,BUY (BULLISH),2,1.08288,1.0813,2025-03-21 20:45:00,-0.1459,LOSS ❌ (-0.15%),0,0.29952762,LOW (<50%)
2025-03-23 22:00:00,SELL (BEARISH),2,1.08176,1.07959648,2025-03-24 13:45:00,0.2,WIN ✅ (+0.20%),1,0.81083417,HIGH (>70%)
2025-03-24 00:15:00,SELL (BEARISH),2,1.0838,1.0816324000000002,2025-03-24 13:45:00,0.2,WIN ✅ (+0.20%),1,0.87716687,HIGH (>70%)
2025-03-24 12:00:00,BUY (BULLISH),2,1.08287,1.08033,2025-03-24 14:00:00,-0.2346,LOSS ❌ (-0.23%),0,0.18772681,LOW (<50%)
2025-03-24 13:15:00,BUY (BULLISH),2,1.08219,1.08033,2025-03-24 14:00:00,-0.1719,LOSS ❌ (-0.17%),0,0.16564785,LOW (<50%)
2025-03-24 14:00:00,BUY (BULLISH),2,1.08033,1.08249066,2025-03-25 11:30:00,0.2,WIN ✅ (+0.20%),1,0.8290043,HIGH (>70%)
2025-03-25 01:15:00,SELL (BEARISH),2,1.08041,1.07824918,2025-03-25 08:00:00,0.2,WIN ✅ (+0.20%),1,0.7014514,HIGH (>70%)
2025-03-25 10:30:00,SELL (BEARISH),3,1.0816,1.08052,2025-03-25 14:00:00,0.0999,LOSS ❌ (-0.10%),0,0.08820181,LOW (<50%)
2025-03-25 11:45:00,SELL (BEARISH),2,1.08176,1.08052,2025-03-25 14:00:00,0.1146,LOSS ❌ (-0.11%),0,0.26048893,LOW (<50%)
2025-03-25 12:45:00,SELL (BEARISH),2,1.08248,1.08052,2025-03-25 14:00:00,0.1811,LOSS ❌ (-0.18%),0,0.13190006,LOW (<50%)
2025-03-25 15:45:00,BUY (BULLISH),2,1.08028,1.07876,2025-03-26 14:00:00,-0.1407,LOSS ❌ (-0.14%),0,0.22951053,LOW (<50%)
2025-03-25 21:00:00,BUY (BULLISH),2,1.07914,1.07876,2025-03-26 14:00:00,-0.0352,LOSS ❌ (-0.04%),0,0.48127666,LOW (<50%)
2025-03-25 23:00:00,BUY (BULLISH),2,1.07882,1.07876,2025-03-26 14:00:00,-0.0056,LOSS ❌ (-0.01%),0,0.21961859,LOW (<50%)
2025-03-26 02:30:00,SELL (BEARISH),2,1.0793,1.0771414,2025-03-26 13:15:00,0.2,WIN ✅ (+0.20%),1,0.70021147,HIGH (>70%)
2025-03-26 09:00:00,SELL (BEARISH),2,1.07984,1.0776803199999998,2025-03-26 13:15:00,0.2,WIN ✅ (+0.20%),1,0.6203512,MEDIUM (50-70%)
2025-03-26 09:15:00,SELL (BEARISH),2,1.07978,1.07762044,2025-03-26 13:15:00,0.2,WIN ✅ (+0.20%),1,0.5583203,MEDIUM (50-70%)
2025-03-26 09:30:00,SELL (BEARISH),2,1.07987,1.07771026,2025-03-26 13:15:00,0.2,WIN ✅ (+0.20%),1,0.35695603,LOW (<50%)
2025-03-26 13:30:00,BUY (BULLISH),2,1.07731,1.07876,2025-03-26 14:00:00,0.1346,LOSS ❌ (0.13%),0,0.19200559,LOW (<50%)
2025-03-26 15:45:00,BUY (BULLISH),2,1.07804,1.07823,2025-03-27 14:00:00,0.0176,LOSS ❌ (0.02%),0,0.25416028,LOW (<50%)
2025-03-26 17:30:00,BUY (BULLISH),2,1.076,1.078152,2025-03-27 04:00:00,0.2,WIN ✅ (+0.20%),1,0.82304204,HIGH (>70%)
2025-03-26 19:30:00,BUY (BULLISH),2,1.07493,1.07707986,2025-03-27 02:00:00,0.2,WIN ✅ (+0.20%),1,0.5226342,MEDIUM (50-70%)
2025-03-27 02:30:00,SELL (BEARISH),2,1.07764,1.07548472,2025-03-27 07:30:00,0.2,WIN ✅ (+0.20%),1,0.76098126,HIGH (>70%)
2025-03-27 07:30:00,BUY (BULLISH),2,1.07633,1.07848266,2025-03-27 11:00:00,0.2,WIN ✅ (+0.20%),1,0.6282382,MEDIUM (50-70%)
2025-03-28 00:15:00,BUY (BULLISH),2,1.07939,1.08154878,2025-03-28 13:45:00,0.2,WIN ✅ (+0.20%),1,0.6200185,MEDIUM (50-70%)
2025-03-28 10:00:00,BUY (BULLISH),3,1.07733,1.07948466,2025-03-28 13:00:00,0.2,WIN ✅ (+0.20%),1,0.9035602,HIGH (>70%)
2025-03-28 11:00:00,BUY (BULLISH),3,1.07691,1.07906382,2025-03-28 12:45:00,0.2,WIN ✅ (+0.20%),1,0.73260343,HIGH (>70%)
2025-03-28 13:00:00,SELL (BEARISH),2,1.0793,1.08156,2025-03-28 14:00:00,-0.2094,LOSS ❌ (0.21%),0,0.09198134,LOW (<50%)
2025-03-28 13:15:00,SELL (BEARISH),2,1.08038,1.08156,2025-03-28 14:00:00,-0.1092,LOSS ❌ (0.11%),0,0.10468462,LOW (<50%)
2025-03-28 14:00:00,SELL (BEARISH),2,1.08156,1.08293,2025-03-28 20:45:00,-0.1267,LOSS ❌ (0.13%),0,0.31622407,LOW (<50%)
2025-03-28 14:30:00,SELL (BEARISH),2,1.08238,1.08293,2025-03-28 20:45:00,-0.0508,LOSS ❌ (0.05%),0,0.18389882,LOW (<50%)
2025-03-28 15:30:00,SELL (BEARISH),2,1.08335,1.0811833,2025-03-28 17:15:00,0.2,WIN ✅ (+0.20%),1,0.93695146,HIGH (>70%)
2025-03-31 07:45:00,BUY (BULLISH),2,1.08315,1.08032,2025-03-31 14:00:00,-0.2613,LOSS ❌ (-0.26%),0,0.26988846,LOW (<50%)
2025-03-31 08:00:00,BUY (BULLISH),2,1.08222,1.08032,2025-03-31 14:00:00,-0.1756,LOSS ❌ (-0.18%),0,0.19250062,LOW (<50%)
2025-03-31 10:15:00,BUY (BULLISH),2,1.08154,1.08032,2025-03-31 14:00:00,-0.1128,LOSS ❌ (-0.11%),0,0.3412309,LOW (<50%)
2025-03-31 14:00:00,BUY (BULLISH),2,1.08032,1.08248064,2025-04-01 00:15:00,0.2,WIN ✅ (+0.20%),1,0.85877043,HIGH (>70%)
2025-03-31 14:45:00,BUY (BULLISH),2,1.08017,1.0823303400000002,2025-04-01 00:15:00,0.2,WIN ✅ (+0.20%),1,0.77388966,HIGH (>70%)
2025-03-31 18:45:00,SELL (BEARISH),3,1.08144,1.07927712,2025-04-01 10:00:00,0.2,WIN ✅ (+0.20%),1,0.79443735,HIGH (>70%)
2025-04-01 04:00:00,SELL (BEARISH),2,1.0827,1.0805346,2025-04-01 06:00:00,0.2,WIN ✅ (+0.20%),1,0.60596603,MEDIUM (50-70%)
2025-04-02 01:15:00,BUY (BULLISH),2,1.07886,1.08101772,2025-04-02 12:30:00,0.2,WIN ✅ (+0.20%),1,0.7255723,HIGH (>70%)
2025-04-02 05:45:00,BUY (BULLISH),2,1.07892,1.08107784,2025-04-02 12:30:00,0.2,WIN ✅ (+0.20%),1,0.4179156,LOW (<50%)
2025-04-02 13:15:00,SELL (BEARISH),3,1.08209,1.0823,2025-04-02 14:00:00,-0.0194,LOSS ❌ (0.02%),0,0.086549304,LOW (<50%)
2025-04-02 15:00:00,SELL (BEARISH),2,1.08544,1.08326912,2025-04-02 20:00:00,0.2,WIN ✅ (+0.20%),1,0.7353169,HIGH (>70%)
2025-04-02 15:30:00,SELL (BEARISH),2,1.08599,1.08381802,2025-04-02 20:00:00,0.2,WIN ✅ (+0.20%),1,0.6918293,MEDIUM (50-70%)
2025-04-02 20:00:00,BUY (BULLISH),2,1.08855,1.0907270999999998,2025-04-02 20:15:00,0.2,WIN ✅ (+0.20%),1,0.7995509,HIGH (>70%)
2025-04-02 20:15:00,SELL (BEARISH),2,1.08521,1.08303958,2025-04-02 20:30:00,0.2,WIN ✅ (+0.20%),1,0.86873263,HIGH (>70%)
2025-04-02 20:30:00,BUY (BULLISH),2,1.08183,1.08399366,2025-04-02 20:45:00,0.2,WIN ✅ (+0.20%),1,0.9681682,HIGH (>70%)
2025-04-02 22:00:00,BUY (BULLISH),2,1.0816,1.0837632,2025-04-02 22:45:00,0.2,WIN ✅ (+0.20%),1,0.98163605,HIGH (>70%)
2025-04-02 22:15:00,BUY (BULLISH),2,1.08217,1.08433434,2025-04-02 23:00:00,0.2,WIN ✅ (+0.20%),1,0.97489774,HIGH (>70%)
2025-04-03 01:45:00,SELL (BEARISH),3,1.09129,1.10977,2025-04-03 14:00:00,-1.6934,LOSS ❌ (1.69%),0,0.15697122,LOW (<50%)
2025-04-03 02:15:00,SELL (BEARISH),2,1.09216,1.10977,2025-04-03 14:00:00,-1.6124,LOSS ❌ (1.61%),0,0.111510426,LOW (<50%)
2025-04-03 05:45:00,SELL (BEARISH),2,1.0944,1.10977,2025-04-03 14:00:00,-1.4044,LOSS ❌ (1.40%),0,0.12457236,LOW (<50%)
2025-04-03 06:00:00,SELL (BEARISH),2,1.09452,1.10977,2025-04-03 14:00:00,-1.3933,LOSS ❌ (1.39%),0,0.11537009,LOW (<50%)
2025-04-03 07:00:00,SELL (BEARISH),2,1.09731,1.09511538,2025-04-03 07:15:00,0.2,WIN ✅ (+0.20%),1,0.88881665,HIGH (>70%)
2025-04-03 08:15:00,SELL (BEARISH),2,1.09882,1.10977,2025-04-03 14:00:00,-0.9965,LOSS ❌ (1.00%),0,0.20511195,LOW (<50%)
2025-04-03 16:30:00,BUY (BULLISH),2,1.10401,1.10621802,2025-04-03 22:30:00,0.2,WIN ✅ (+0.20%),1,0.97742665,HIGH (>70%)
2025-04-03 17:45:00,BUY (BULLISH),2,1.10241,1.10461482,2025-04-03 20:45:00,0.2,WIN ✅ (+0.20%),1,0.94249564,HIGH (>70%)
2025-04-03 19:45:00,BUY (BULLISH),2,1.10269,1.10489538,2025-04-03 20:45:00,0.2,WIN ✅ (+0.20%),1,0.7761384,HIGH (>70%)
2025-04-03 22:15:00,SELL (BEARISH),2,1.10578,1.10356844,2025-04-04 07:30:00,0.2,WIN ✅ (+0.20%),1,0.73121166,HIGH (>70%)
2025-04-04 01:45:00,SELL (BEARISH),2,1.10674,1.10452652,2025-04-04 07:30:00,0.2,WIN ✅ (+0.20%),1,0.76148814,HIGH (>70%)
2025-04-04 08:00:00,BUY (BULLISH),3,1.1003,1.1025006000000002,2025-04-04 10:15:00,0.2,WIN ✅ (+0.20%),1,0.94934964,HIGH (>70%)
2025-04-04 09:00:00,BUY (BULLISH),2,1.09782,1.10001564,2025-04-04 10:15:00,0.2,WIN ✅ (+0.20%),1,0.77775925,HIGH (>70%)
2025-04-04 09:45:00,BUY (BULLISH),2,1.09841,1.10060682,2025-04-04 10:15:00,0.2,WIN ✅ (+0.20%),1,0.88216597,HIGH (>70%)
2025-04-04 10:00:00,BUY (BULLISH),2,1.09867,1.10086734,2025-04-04 10:15:00,0.2,WIN ✅ (+0.20%),1,0.9532286,HIGH (>70%)
2025-04-04 11:30:00,SELL (BEARISH),2,1.10693,1.10471614,2025-04-04 12:00:00,0.2,WIN ✅ (+0.20%),1,0.96634877,HIGH (>70%)
2025-04-04 12:15:00,SELL (BEARISH),2,1.10794,1.10572412,2025-04-04 12:30:00,0.2,WIN ✅ (+0.20%),1,0.97184247,HIGH (>70%)
2025-04-04 12:30:00,SELL (BEARISH),2,1.10281,1.10060438,2025-04-04 13:45:00,0.2,WIN ✅ (+0.20%),1,0.9538462,HIGH (>70%)
2025-04-04 14:45:00,BUY (BULLISH),2,1.09858,1.1007771599999998,2025-04-04 15:45:00,0.2,WIN ✅ (+0.20%),1,0.9369432,HIGH (>70%)
2025-04-06 23:15:00,SELL (BEARISH),2,1.09869,1.09649262,2025-04-07 00:00:00,0.2,WIN ✅ (+0.20%),1,0.9364747,HIGH (>70%)
2025-04-07 05:00:00,SELL (BEARISH),2,1.09823,1.09603354,2025-04-07 09:15:00,0.2,WIN ✅ (+0.20%),1,0.78075904,HIGH (>70%)
2025-04-07 05:30:00,SELL (BEARISH),2,1.09901,1.09681198,2025-04-07 08:30:00,0.2,WIN ✅ (+0.20%),1,0.8874567,HIGH (>70%)
2025-04-07 06:00:00,SELL (BEARISH),2,1.10081,1.0986083800000002,2025-04-07 08:15:00,0.2,WIN ✅ (+0.20%),1,0.8997111,HIGH (>70%)
2025-04-07 06:45:00,SELL (BEARISH),2,1.10027,1.09806946,2025-04-07 08:15:00,0.2,WIN ✅ (+0.20%),1,0.87617534,HIGH (>70%)
2025-04-07 09:45:00,BUY (BULLISH),2,1.09622,1.09841244,2025-04-07 10:15:00,0.2,WIN ✅ (+0.20%),1,0.9714767,HIGH (>70%)
2025-04-07 14:30:00,BUY (BULLISH),2,1.09351,1.09569702,2025-04-08 01:30:00,0.2,WIN ✅ (+0.20%),1,0.91554594,HIGH (>70%)
2025-04-07 15:00:00,BUY (BULLISH),3,1.09209,1.09427418,2025-04-07 17:15:00,0.2,WIN ✅ (+0.20%),1,0.95081604,HIGH (>70%)
2025-04-07 15:30:00,BUY (BULLISH),2,1.09148,1.09366296,2025-04-07 17:00:00,0.2,WIN ✅ (+0.20%),1,0.9501136,HIGH (>70%)
2025-04-08 01:00:00,SELL (BEARISH),2,1.09459,1.09240082,2025-04-08 07:45:00,0.2,WIN ✅ (+0.20%),1,0.7040325,HIGH (>70%)
2025-04-08 01:45:00,SELL (BEARISH),3,1.09594,1.09374812,2025-04-08 07:45:00,0.2,WIN ✅ (+0.20%),1,0.7623803,HIGH (>70%)
2025-04-08 02:15:00,SELL (BEARISH),3,1.09669,1.09449662,2025-04-08 07:45:00,0.2,WIN ✅ (+0.20%),1,0.71040106,HIGH (>70%)
2025-04-08 02:45:00,SELL (BEARISH),2,1.09708,1.09488584,2025-04-08 07:30:00,0.2,WIN ✅ (+0.20%),1,0.8342954,HIGH (>70%)
2025-04-08 06:00:00,SELL (BEARISH),2,1.09765,1.0954547,2025-04-08 07:15:00,0.2,WIN ✅ (+0.20%),1,0.8208136,HIGH (>70%)
2025-04-08 09:00:00,BUY (BULLISH),2,1.09274,1.09492548,2025-04-08 12:00:00,0.2,WIN ✅ (+0.20%),1,0.9362619,HIGH (>70%)
2025-04-08 09:15:00,BUY (BULLISH),2,1.09171,1.09389342,2025-04-08 10:30:00,0.2,WIN ✅ (+0.20%),1,0.91998315,HIGH (>70%)
2025-04-08 09:30:00,BUY (BULLISH),2,1.09253,1.09471506,2025-04-08 12:00:00,0.2,WIN ✅ (+0.20%),1,0.8617716,HIGH (>70%)
2025-04-08 18:30:00,SELL (BEARISH),2,1.09548,1.10437,2025-04-09 14:00:00,-0.8115,LOSS ❌ (0.81%),0,0.27718097,LOW (<50%)
2025-04-08 19:15:00,SELL (BEARISH),2,1.09682,1.09462636,2025-04-08 20:15:00,0.2,WIN ✅ (+0.20%),1,0.8241185,HIGH (>70%)
2025-04-08 23:00:00,SELL (BEARISH),2,1.09737,1.10437,2025-04-09 14:00:00,-0.6379,LOSS ❌ (0.64%),0,0.3093529,LOW (<50%)
2025-04-08 23:30:00,SELL (BEARISH),3,1.09787,1.10437,2025-04-09 14:00:00,-0.5921,LOSS ❌ (0.59%),0,0.28135714,LOW (<50%)
2025-04-08 23:45:00,SELL (BEARISH),2,1.09772,1.10437,2025-04-09 14:00:00,-0.6058,LOSS ❌ (0.61%),0,0.21214363,LOW (<50%)
2025-04-09 04:00:00,SELL (BEARISH),2,1.10381,1.10160238,2025-04-09 07:45:00,0.2,WIN ✅ (+0.20%),1,0.88391286,HIGH (>70%)
2025-04-09 04:30:00,SELL (BEARISH),2,1.10579,1.10357842,2025-04-09 05:30:00,0.2,WIN ✅ (+0.20%),1,0.6524044,MEDIUM (50-70%)
2025-04-09 07:45:00,BUY (BULLISH),2,1.10151,1.10371302,2025-04-09 09:45:00,0.2,WIN ✅ (+0.20%),1,0.97584563,HIGH (>70%)
2025-04-09 08:00:00,BUY (BULLISH),3,1.10142,1.10362284,2025-04-09 09:30:00,0.2,WIN ✅ (+0.20%),1,0.98480725,HIGH (>70%)
2025-04-09 16:15:00,BUY (BULLISH),2,1.10273,1.10493546,2025-04-09 17:15:00,0.2,WIN ✅ (+0.20%),1,0.9714774,HIGH (>70%)
2025-04-09 16:30:00,BUY (BULLISH),2,1.10356,1.10576712,2025-04-09 17:15:00,0.2,WIN ✅ (+0.20%),1,0.7850806,HIGH (>70%)
2025-04-09 17:00:00,BUY (BULLISH),2,1.10242,1.10462484,2025-04-09 17:15:00,0.2,WIN ✅ (+0.20%),1,0.9424859,HIGH (>70%)
2025-04-10 00:15:00,SELL (BEARISH),2,1.09676,1.11284,2025-04-10 14:00:00,-1.4661,LOSS ❌ (1.47%),0,0.063005045,LOW (<50%)
2025-04-10 01:15:00,SELL (BEARISH),2,1.09832,1.09612336,2025-04-10 02:15:00,0.2,WIN ✅ (+0.20%),1,0.7407137,HIGH (>70%)
2025-04-10 03:15:00,SELL (BEARISH),2,1.09813,1.11284,2025-04-10 14:00:00,-1.3395,LOSS ❌ (1.34%),0,0.2285672,LOW (<50%)
2025-04-10 05:30:00,SELL (BEARISH),2,1.09858,1.09638284,2025-04-10 06:30:00,0.2,WIN ✅ (+0.20%),1,0.81684047,HIGH (>70%)
2025-04-10 07:15:00,SELL (BEARISH),2,1.09826,1.11284,2025-04-10 14:00:00,-1.3276,LOSS ❌ (1.33%),0,0.37233025,LOW (<50%)
2025-04-10 08:30:00,SELL (BEARISH),2,1.10291,1.11284,2025-04-10 14:00:00,-0.9003,LOSS ❌ (0.90%),0,0.3047176,LOW (<50%)
2025-04-10 09:15:00,SELL (BEARISH),2,1.10432,1.11284,2025-04-10 14:00:00,-0.7715,LOSS ❌ (0.77%),0,0.23657866,LOW (<50%)
2025-04-10 10:30:00,SELL (BEARISH),2,1.10708,1.11284,2025-04-10 14:00:00,-0.5203,LOSS ❌ (0.52%),0,0.10901065,LOW (<50%)
2025-04-10 11:00:00,SELL (BEARISH),3,1.10787,1.11284,2025-04-10 14:00:00,-0.4486,LOSS ❌ (0.45%),0,0.16583428,LOW (<50%)
2025-04-10 13:45:00,SELL (BEARISH),3,1.11265,1.11284,2025-04-10 14:00:00,-0.0171,LOSS ❌ (0.02%),0,0.1213519,LOW (<50%)
2025-04-10 14:00:00,SELL (BEARISH),2,1.11284,1.13775,2025-04-11 14:00:00,-2.2384,LOSS ❌ (2.24%),0,0.1133948,LOW (<50%)
2025-04-10 14:15:00,SELL (BEARISH),2,1.11352,1.13775,2025-04-11 14:00:00,-2.176,LOSS ❌ (2.18%),0,0.105773054,LOW (<50%)
2025-04-10 14:30:00,SELL (BEARISH),2,1.11409,1.13775,2025-04-11 14:00:00,-2.1237,LOSS ❌ (2.12%),0,0.10121435,LOW (<50%)
2025-04-10 18:30:00,SELL (BEARISH),3,1.12359,1.1213428200000002,2025-04-10 18:45:00,0.2,WIN ✅ (+0.20%),1,0.8418879,HIGH (>70%)
2025-04-10 23:00:00,SELL (BEARISH),2,1.1221,1.13775,2025-04-11 14:00:00,-1.3947,LOSS ❌ (1.39%),0,0.09432532,LOW (<50%)
2025-04-10 23:30:00,SELL (BEARISH),2,1.12253,1.13775,2025-04-11 14:00:00,-1.3559,LOSS ❌ (1.36%),0,0.21018012,LOW (<50%)
2025-04-11 00:00:00,SELL (BEARISH),3,1.1258,1.13775,2025-04-11 14:00:00,-1.0615,LOSS ❌ (1.06%),0,0.15843211,LOW (<50%)
2025-04-11 05:30:00,BUY (BULLISH),2,1.12749,1.12974498,2025-04-11 07:00:00,0.2,WIN ✅ (+0.20%),1,0.96634346,HIGH (>70%)
2025-04-11 06:15:00,BUY (BULLISH),3,1.12606,1.12831212,2025-04-11 06:45:00,0.2,WIN ✅ (+0.20%),1,0.9725538,HIGH (>70%)
2025-04-11 06:30:00,BUY (BULLISH),2,1.12642,1.12867284,2025-04-11 06:45:00,0.2,WIN ✅ (+0.20%),1,0.9781316,HIGH (>70%)
2025-04-11 07:30:00,SELL (BEARISH),2,1.13487,1.13260026,2025-04-11 10:45:00,0.2,WIN ✅ (+0.20%),1,0.9450613,HIGH (>70%)
2025-04-11 08:45:00,SELL (BEARISH),2,1.14267,1.14038466,2025-04-11 09:00:00,0.2,WIN ✅ (+0.20%),1,0.92066765,HIGH (>70%)
2025-04-11 15:15:00,BUY (BULLISH),2,1.13301,1.13527602,2025-04-11 20:30:00,0.2,WIN ✅ (+0.20%),1,0.9535374,HIGH (>70%)
2025-04-11 16:00:00,BUY (BULLISH),2,1.13137,1.13363274,2025-04-11 19:15:00,0.2,WIN ✅ (+0.20%),1,0.98579204,HIGH (>70%)
2025-04-11 20:15:00,SELL (BEARISH),2,1.13489,1.13538,2025-04-11 20:45:00,-0.0432,LOSS ❌ (0.04%),0,0.10448212,LOW (<50%)
2025-04-11 20:30:00,SELL (BEARISH),3,1.13486,1.13538,2025-04-11 20:45:00,-0.0458,LOSS ❌ (0.05%),0,0.11424918,LOW (<50%)
2025-04-14 01:30:00,SELL (BEARISH),3,1.13911,1.13683178,2025-04-14 03:00:00,0.2,WIN ✅ (+0.20%),1,0.9144448,HIGH (>70%)
2025-04-14 06:45:00,SELL (BEARISH),2,1.14166,1.1393766799999998,2025-04-14 07:30:00,0.2,WIN ✅ (+0.20%),1,0.9764494,HIGH (>70%)
2025-04-14 07:00:00,SELL (BEARISH),2,1.14092,1.13863816,2025-04-14 07:45:00,0.2,WIN ✅ (+0.20%),1,0.91028625,HIGH (>70%)
2025-04-15 01:30:00,BUY (BULLISH),2,1.13175,1.1340135,2025-04-15 02:30:00,0.2,WIN ✅ (+0.20%),1,0.87786883,HIGH (>70%)
2025-04-15 07:00:00,BUY (BULLISH),2,1.1342,1.1364684,2025-04-15 08:00:00,0.2,WIN ✅ (+0.20%),1,0.71003467,HIGH (>70%)
2025-04-15 08:00:00,SELL (BEARISH),3,1.13569,1.13341862,2025-04-15 09:00:00,0.2,WIN ✅ (+0.20%),1,0.9033277,HIGH (>70%)
2025-04-15 11:30:00,BUY (BULLISH),2,1.13207,1.12897,2025-04-15 14:00:00,-0.2738,LOSS ❌ (-0.27%),0,0.38719416,LOW (<50%)
2025-04-15 13:15:00,BUY (BULLISH),2,1.13105,1.12897,2025-04-15 14:00:00,-0.1839,LOSS ❌ (-0.18%),0,0.19039278,LOW (<50%)
2025-04-15 14:15:00,BUY (BULLISH),2,1.13103,1.13329206,2025-04-16 03:15:00,0.2,WIN ✅ (+0.20%),1,0.90578747,HIGH (>70%)
2025-04-15 15:45:00,BUY (BULLISH),2,1.12884,1.13109768,2025-04-16 00:00:00,0.2,WIN ✅ (+0.20%),1,0.83768994,HIGH (>70%)
2025-04-16 00:30:00,SELL (BEARISH),3,1.13122,1.13652,2025-04-16 14:00:00,-0.4685,LOSS ❌ (0.47%),0,0.11050532,LOW (<50%)
2025-04-16 01:00:00,SELL (BEARISH),2,1.13201,1.13652,2025-04-16 14:00:00,-0.3984,LOSS ❌ (0.40%),0,0.22419228,LOW (<50%)
2025-04-16 01:15:00,SELL (BEARISH),2,1.13222,1.13652,2025-04-16 14:00:00,-0.3798,LOSS ❌ (0.38%),0,0.21152401,LOW (<50%)
2025-04-16 01:30:00,SELL (BEARISH),2,1.13265,1.13652,2025-04-16 14:00:00,-0.3417,LOSS ❌ (0.34%),0,0.09196658,LOW (<50%)
2025-04-16 02:30:00,SELL (BEARISH),2,1.13298,1.13652,2025-04-16 14:00:00,-0.3125,LOSS ❌ (0.31%),0,0.1658092,LOW (<50%)
2025-04-16 03:00:00,SELL (BEARISH),2,1.13308,1.13652,2025-04-16 14:00:00,-0.3036,LOSS ❌ (0.30%),0,0.23939891,LOW (<50%)
2025-04-16 04:45:00,SELL (BEARISH),3,1.13459,1.13652,2025-04-16 14:00:00,-0.1701,LOSS ❌ (0.17%),0,0.2383831,LOW (<50%)
2025-04-16 05:00:00,SELL (BEARISH),2,1.13464,1.13652,2025-04-16 14:00:00,-0.1657,LOSS ❌ (0.17%),0,0.12217381,LOW (<50%)
2025-04-16 07:30:00,SELL (BEARISH),2,1.13808,1.13580384,2025-04-16 08:15:00,0.2,WIN ✅ (+0.20%),1,0.8504254,HIGH (>70%)
2025-04-16 14:00:00,SELL (BEARISH),2,1.13652,1.13424696,2025-04-17 12:15:00,0.2,WIN ✅ (+0.20%),1,0.7974708,HIGH (>70%)
2025-04-16 15:00:00,SELL (BEARISH),2,1.13788,1.13560424,2025-04-17 01:30:00,0.2,WIN ✅ (+0.20%),1,0.9275271,HIGH (>70%)
2025-04-16 16:00:00,SELL (BEARISH),2,1.13846,1.13618308,2025-04-16 17:30:00,0.2,WIN ✅ (+0.20%),1,0.8431601,HIGH (>70%)
2025-04-16 17:30:00,SELL (BEARISH),2,1.13841,1.13613318,2025-04-17 01:00:00,0.2,WIN ✅ (+0.20%),1,0.7846001,HIGH (>70%)
2025-04-16 17:45:00,SELL (BEARISH),2,1.13749,1.13521502,2025-04-17 05:30:00,0.2,WIN ✅ (+0.20%),1,0.788814,HIGH (>70%)
2025-04-17 01:30:00,BUY (BULLISH),2,1.13588,1.13815176,2025-04-17 08:30:00,0.2,WIN ✅ (+0.20%),1,0.8123573,HIGH (>70%)
2025-04-17 06:00:00,BUY (BULLISH),2,1.13515,1.1374203,2025-04-17 07:45:00,0.2,WIN ✅ (+0.20%),1,0.77727497,HIGH (>70%)
2025-04-17 08:00:00,SELL (BEARISH),2,1.13753,1.1352549399999998,2025-04-17 12:15:00,0.2,WIN ✅ (+0.20%),1,0.7148191,HIGH (>70%)
2025-04-17 08:30:00,SELL (BEARISH),2,1.13801,1.13573398,2025-04-17 10:45:00,0.2,WIN ✅ (+0.20%),1,0.9086079,HIGH (>70%)
2025-04-17 08:45:00,SELL (BEARISH),2,1.13783,1.13555434,2025-04-17 11:45:00,0.2,WIN ✅ (+0.20%),1,0.9391209,HIGH (>70%)
2025-04-17 14:15:00,SELL (BEARISH),2,1.13775,1.1354745,2025-04-17 14:45:00,0.2,WIN ✅ (+0.20%),1,0.80053663,HIGH (>70%)
2025-04-17 20:00:00,SELL (BEARISH),2,1.13754,1.13859,2025-04-18 14:00:00,-0.0923,LOSS ❌ (0.09%),0,0.17717317,LOW (<50%)
2025-04-18 14:15:00,SELL (BEARISH),2,1.13853,1.13936,2025-04-18 20:45:00,-0.0729,LOSS ❌ (0.07%),0,0.35370633,LOW (<50%)
2025-04-20 21:00:00,SELL (BEARISH),2,1.13955,1.1508,2025-04-21 14:00:00,-0.9872,LOSS ❌ (0.99%),0,0.34975,LOW (<50%)
2025-04-20 22:00:00,SELL (BEARISH),2,1.14188,1.1508,2025-04-21 14:00:00,-0.7812,LOSS ❌ (0.78%),0,0.19266194,LOW (<50%)
2025-04-20 22:15:00,SELL (BEARISH),2,1.14213,1.1508,2025-04-21 14:00:00,-0.7591,LOSS ❌ (0.76%),0,0.22889853,LOW (<50%)
2025-04-20 23:00:00,SELL (BEARISH),2,1.14383,1.1508,2025-04-21 14:00:00,-0.6094,LOSS ❌ (0.61%),0,0.1615771,LOW (<50%)
2025-04-20 23:15:00,SELL (BEARISH),2,1.14399,1.1508,2025-04-21 14:00:00,-0.5953,LOSS ❌ (0.60%),0,0.13444588,LOW (<50%)
2025-04-20 23:45:00,SELL (BEARISH),2,1.14488,1.1508,2025-04-21 14:00:00,-0.5171,LOSS ❌ (0.52%),0,0.108705156,LOW (<50%)
2025-04-21 00:30:00,SELL (BEARISH),2,1.14615,1.1508,2025-04-21 14:00:00,-0.4057,LOSS ❌ (0.41%),0,0.1141727,LOW (<50%)
2025-04-21 05:45:00,SELL (BEARISH),2,1.15309,1.15078382,2025-04-21 06:15:00,0.2,WIN ✅ (+0.20%),1,0.8436424,HIGH (>70%)
2025-04-21 06:00:00,SELL (BEARISH),2,1.15163,1.1508,2025-04-21 14:00:00,0.0721,LOSS ❌ (-0.07%),0,0.25836223,LOW (<50%)
2025-04-21 13:30:00,BUY (BULLISH),2,1.15147,1.1508,2025-04-21 14:00:00,-0.0582,LOSS ❌ (-0.06%),0,0.3178502,LOW (<50%)
2025-04-21 14:45:00,BUY (BULLISH),3,1.14974,1.15203948,2025-04-21 18:30:00,0.2,WIN ✅ (+0.20%),1,0.7594819,HIGH (>70%)
2025-04-21 15:15:00,BUY (BULLISH),2,1.14978,1.15207956,2025-04-21 18:30:00,0.2,WIN ✅ (+0.20%),1,0.87831545,HIGH (>70%)
2025-04-21 18:30:00,SELL (BEARISH),2,1.15194,1.14963612,2025-04-22 00:15:00,0.2,WIN ✅ (+0.20%),1,0.7708304,HIGH (>70%)
2025-04-21 19:00:00,SELL (BEARISH),2,1.15208,1.14977584,2025-04-22 00:00:00,0.2,WIN ✅ (+0.20%),1,0.8237253,HIGH (>70%)
2025-04-22 00:45:00,BUY (BULLISH),2,1.14901,1.15130802,2025-04-22 02:30:00,0.2,WIN ✅ (+0.20%),1,0.6646186,MEDIUM (50-70%)
2025-04-22 03:30:00,SELL (BEARISH),2,1.15389,1.15158222,2025-04-22 06:30:00,0.2,WIN ✅ (+0.20%),1,0.7462764,HIGH (>70%)
2025-04-22 05:45:00,SELL (BEARISH),2,1.15419,1.15188162,2025-04-22 06:30:00,0.2,WIN ✅ (+0.20%),1,0.6778818,MEDIUM (50-70%)
2025-04-22 07:00:00,BUY (BULLISH),2,1.14973,1.14652,2025-04-22 14:00:00,-0.2792,LOSS ❌ (-0.28%),0,0.25578198,LOW (<50%)
2025-04-22 07:45:00,BUY (BULLISH),2,1.15053,1.14652,2025-04-22 14:00:00,-0.3485,LOSS ❌ (-0.35%),0,0.30780795,LOW (<50%)
2025-04-22 13:00:00,BUY (BULLISH),2,1.14641,1.14652,2025-04-22 14:00:00,0.0096,LOSS ❌ (0.01%),0,0.35619298,LOW (<50%)
2025-04-22 16:00:00,BUY (BULLISH),2,1.14594,1.13683,2025-04-23 14:00:00,-0.795,LOSS ❌ (-0.79%),0,0.1666335,LOW (<50%)
2025-04-22 16:15:00,BUY (BULLISH),2,1.14509,1.13683,2025-04-23 14:00:00,-0.7213,LOSS ❌ (-0.72%),0,0.2204909,LOW (<50%)
2025-04-22 17:00:00,BUY (BULLISH),3,1.14341,1.13683,2025-04-23 14:00:00,-0.5755,LOSS ❌ (-0.58%),0,0.18310249,LOW (<50%)
2025-04-22 18:30:00,BUY (BULLISH),2,1.14312,1.13683,2025-04-23 14:00:00,-0.5502,LOSS ❌ (-0.55%),0,0.16775535,LOW (<50%)
2025-04-22 18:45:00,BUY (BULLISH),2,1.14269,1.13683,2025-04-23 14:00:00,-0.5128,LOSS ❌ (-0.51%),0,0.07094333,LOW (<50%)
2025-04-22 19:00:00,BUY (BULLISH),2,1.14238,1.13683,2025-04-23 14:00:00,-0.4858,LOSS ❌ (-0.49%),0,0.20272517,LOW (<50%)
2025-04-22 19:15:00,BUY (BULLISH),2,1.14272,1.13683,2025-04-23 14:00:00,-0.5154,LOSS ❌ (-0.52%),0,0.2632219,LOW (<50%)
2025-04-22 20:00:00,BUY (BULLISH),2,1.14275,1.13683,2025-04-23 14:00:00,-0.518,LOSS ❌ (-0.52%),0,0.29895246,LOW (<50%)
2025-04-22 20:45:00,BUY (BULLISH),2,1.14191,1.13683,2025-04-23 14:00:00,-0.4449,LOSS ❌ (-0.44%),0,0.087789014,LOW (<50%)
2025-04-22 22:30:00,BUY (BULLISH),2,1.13344,1.13570688,2025-04-22 23:00:00,0.2,WIN ✅ (+0.20%),1,0.82667595,HIGH (>70%)
2025-04-23 07:15:00,SELL (BEARISH),2,1.14016,1.1378796800000002,2025-04-23 13:45:00,0.2,WIN ✅ (+0.20%),1,0.7314254,HIGH (>70%)
2025-04-23 07:30:00,SELL (BEARISH),2,1.13923,1.13695154,2025-04-23 13:45:00,0.2,WIN ✅ (+0.20%),1,0.60401964,MEDIUM (50-70%)
2025-04-23 09:15:00,SELL (BEARISH),2,1.14298,1.14069404,2025-04-23 10:00:00,0.2,WIN ✅ (+0.20%),1,0.92710733,HIGH (>70%)
2025-04-23 09:30:00,SELL (BEARISH),2,1.14308,1.1407938400000002,2025-04-23 10:00:00,0.2,WIN ✅ (+0.20%),1,0.84875995,HIGH (>70%)
2025-04-23 13:30:00,BUY (BULLISH),2,1.13948,1.13683,2025-04-23 14:00:00,-0.2326,LOSS ❌ (-0.23%),0,0.3484077,LOW (<50%)
2025-04-23 14:00:00,BUY (BULLISH),2,1.13683,1.13910366,2025-04-24 08:00:00,0.2,WIN ✅ (+0.20%),1,0.9163921,HIGH (>70%)
2025-04-23 17:15:00,BUY (BULLISH),3,1.13315,1.1354163000000002,2025-04-24 01:15:00,0.2,WIN ✅ (+0.20%),1,0.9116233,HIGH (>70%)
2025-04-23 17:45:00,BUY (BULLISH),2,1.13292,1.13518584,2025-04-24 01:15:00,0.2,WIN ✅ (+0.20%),1,0.7757071,HIGH (>70%)
2025-04-23 18:00:00,BUY (BULLISH),3,1.13284,1.13510568,2025-04-24 01:15:00,0.2,WIN ✅ (+0.20%),1,0.85579425,HIGH (>70%)
2025-04-23 22:00:00,SELL (BEARISH),2,1.13371,1.13812,2025-04-24 14:00:00,-0.389,LOSS ❌ (0.39%),0,0.20492367,LOW (<50%)
2025-04-24 01:00:00,SELL (BEARISH),2,1.13448,1.13812,2025-04-24 14:00:00,-0.3209,LOSS ❌ (0.32%),0,0.33465698,LOW (<50%)
2025-04-24 01:45:00,SELL (BEARISH),2,1.13493,1.13812,2025-04-24 14:00:00,-0.2811,LOSS ❌ (0.28%),0,0.40189716,LOW (<50%)
2025-04-24 07:30:00,SELL (BEARISH),3,1.13724,1.13812,2025-04-24 14:00:00,-0.0774,LOSS ❌ (0.08%),0,0.16131526,LOW (<50%)
2025-04-24 10:00:00,SELL (BEARISH),2,1.13907,1.13679186,2025-04-24 12:15:00,0.2,WIN ✅ (+0.20%),1,0.89697057,HIGH (>70%)
2025-04-24 12:15:00,BUY (BULLISH),2,1.13654,1.13812,2025-04-24 14:00:00,0.139,LOSS ❌ (0.14%),0,0.25640875,LOW (<50%)
2025-04-24 12:30:00,BUY (BULLISH),2,1.13673,1.13812,2025-04-24 14:00:00,0.1223,LOSS ❌ (0.12%),0,0.2892324,LOW (<50%)
2025-04-24 15:15:00,BUY (BULLISH),2,1.13576,1.1380315200000002,2025-04-24 17:00:00,0.2,WIN ✅ (+0.20%),1,0.8215691,HIGH (>70%)
2025-04-24 15:30:00,BUY (BULLISH),2,1.13507,1.13734014,2025-04-24 16:30:00,0.2,WIN ✅ (+0.20%),1,0.86806864,HIGH (>70%)
2025-04-25 02:30:00,BUY (BULLISH),2,1.13446,1.13672892,2025-04-25 07:15:00,0.2,WIN ✅ (+0.20%),1,0.7679517,HIGH (>70%)
2025-04-25 04:00:00,BUY (BULLISH),3,1.13261,1.13487522,2025-04-25 06:30:00,0.2,WIN ✅ (+0.20%),1,0.8163683,HIGH (>70%)
2025-04-25 07:15:00,SELL (BEARISH),2,1.13589,1.13361822,2025-04-25 10:15:00,0.2,WIN ✅ (+0.20%),1,0.8475651,HIGH (>70%)
2025-04-25 13:15:00,BUY (BULLISH),2,1.13402,1.13628804,2025-04-25 14:00:00,0.2,WIN ✅ (+0.20%),1,0.5163706,MEDIUM (50-70%)
2025-04-25 13:30:00,BUY (BULLISH),3,1.13402,1.13628804,2025-04-25 14:00:00,0.2,WIN ✅ (+0.20%),1,0.88925695,HIGH (>70%)
2025-04-25 14:00:00,SELL (BEARISH),2,1.13641,1.13596,2025-04-25 20:45:00,0.0396,LOSS ❌ (-0.04%),0,0.20257206,LOW (<50%)
2025-04-25 14:30:00,SELL (BEARISH),3,1.13689,1.13596,2025-04-25 20:45:00,0.0818,LOSS ❌ (-0.08%),0,0.41185918,LOW (<50%)
2025-04-25 15:45:00,SELL (BEARISH),2,1.13799,1.13571402,2025-04-25 20:30:00,0.2,WIN ✅ (+0.20%),1,0.8691283,HIGH (>70%)
2025-04-25 16:00:00,SELL (BEARISH),2,1.13817,1.1358936599999998,2025-04-25 19:45:00,0.2,WIN ✅ (+0.20%),1,0.88303804,HIGH (>70%)
2025-04-25 20:15:00,BUY (BULLISH),2,1.13579,1.13596,2025-04-25 20:45:00,0.015,LOSS ❌ (0.01%),0,0.026892336,LOW (<50%)
2025-04-27 22:30:00,BUY (BULLISH),2,1.13496,1.13722992,2025-04-28 04:45:00,0.2,WIN ✅ (+0.20%),1,0.76716125,HIGH (>70%)
2025-04-28 05:15:00,SELL (BEARISH),2,1.13771,1.13543458,2025-04-28 06:30:00,0.2,WIN ✅ (+0.20%),1,0.6437305,MEDIUM (50-70%)
2025-04-28 13:30:00,SELL (BEARISH),2,1.13716,1.13575,2025-04-28 14:00:00,0.124,LOSS ❌ (-0.12%),0,0.26121303,LOW (<50%)
2025-04-28 16:45:00,SELL (BEARISH),2,1.14113,1.13884774,2025-04-29 01:45:00,0.2,WIN ✅ (+0.20%),1,0.97397995,HIGH (>70%)
2025-04-28 19:30:00,SELL (BEARISH),2,1.14208,1.13979584,2025-04-29 01:30:00,0.2,WIN ✅ (+0.20%),1,0.8189549,HIGH (>70%)
2025-04-28 19:45:00,SELL (BEARISH),3,1.14216,1.13987568,2025-04-29 01:00:00,0.2,WIN ✅ (+0.20%),1,0.9340305,HIGH (>70%)
2025-04-28 20:15:00,SELL (BEARISH),2,1.14233,1.14004534,2025-04-28 23:15:00,0.2,WIN ✅ (+0.20%),1,0.739887,HIGH (>70%)
2025-04-28 23:15:00,BUY (BULLISH),2,1.14059,1.1396,2025-04-29 14:00:00,-0.0868,LOSS ❌ (-0.09%),0,0.18229908,LOW (<50%)
2025-04-29 03:45:00,BUY (BULLISH),2,1.13903,1.14130806,2025-04-29 12:45:00,0.2,WIN ✅ (+0.20%),1,0.7198888,HIGH (>70%)
2025-04-29 07:45:00,SELL (BEARISH),2,1.14033,1.13804934,2025-04-29 09:45:00,0.2,WIN ✅ (+0.20%),1,0.8190653,HIGH (>70%)
2025-04-29 10:15:00,BUY (BULLISH),3,1.13804,1.1403160799999998,2025-04-29 12:30:00,0.2,WIN ✅ (+0.20%),1,0.8775754,HIGH (>70%)
2025-04-29 10:30:00,BUY (BULLISH),2,1.13773,1.1400054599999998,2025-04-29 12:30:00,0.2,WIN ✅ (+0.20%),1,0.7352017,HIGH (>70%)
2025-04-29 10:45:00,BUY (BULLISH),3,1.13777,1.14004554,2025-04-29 12:30:00,0.2,WIN ✅ (+0.20%),1,0.85110885,HIGH (>70%)
2025-04-29 11:45:00,BUY (BULLISH),2,1.13743,1.13970486,2025-04-29 12:30:00,0.2,WIN ✅ (+0.20%),1,0.6177088,MEDIUM (50-70%)
2025-04-29 12:15:00,BUY (BULLISH),2,1.13861,1.14088722,2025-04-29 12:45:00,0.2,WIN ✅ (+0.20%),1,0.63902247,MEDIUM (50-70%)
2025-04-29 12:45:00,SELL (BEARISH),2,1.14102,1.1396,2025-04-29 14:00:00,0.1245,LOSS ❌ (-0.12%),0,0.19202363,LOW (<50%)
2025-04-29 13:15:00,SELL (BEARISH),3,1.14072,1.1396,2025-04-29 14:00:00,0.0982,LOSS ❌ (-0.10%),0,0.36382195,LOW (<50%)
2025-04-29 14:00:00,SELL (BEARISH),3,1.1396,1.1373208,2025-04-30 01:45:00,0.2,WIN ✅ (+0.20%),1,0.7527659,HIGH (>70%)
2025-04-29 16:15:00,SELL (BEARISH),2,1.14122,1.1389375599999998,2025-04-29 17:45:00,0.2,WIN ✅ (+0.20%),1,0.8023776,HIGH (>70%)
2025-04-29 18:00:00,BUY (BULLISH),2,1.13834,1.13596,2025-04-30 14:00:00,-0.2091,LOSS ❌ (-0.21%),0,0.2394341,LOW (<50%)
2025-04-29 18:15:00,BUY (BULLISH),2,1.1378,1.13596,2025-04-30 14:00:00,-0.1617,LOSS ❌ (-0.16%),0,0.23144706,LOW (<50%)
2025-04-29 19:45:00,BUY (BULLISH),2,1.13813,1.13596,2025-04-30 14:00:00,-0.1907,LOSS ❌ (-0.19%),0,0.33400095,LOW (<50%)
2025-04-30 06:45:00,SELL (BEARISH),2,1.13897,1.13669206,2025-04-30 08:15:00,0.2,WIN ✅ (+0.20%),1,0.8328381,HIGH (>70%)
2025-04-30 09:45:00,BUY (BULLISH),2,1.1362,1.1384724000000002,2025-04-30 12:15:00,0.2,WIN ✅ (+0.20%),1,0.857151,HIGH (>70%)
2025-04-30 11:00:00,BUY (BULLISH),2,1.13638,1.13865276,2025-04-30 12:45:00,0.2,WIN ✅ (+0.20%),1,0.77801543,HIGH (>70%)
2025-04-30 12:45:00,SELL (BEARISH),2,1.13732,1.13504536,2025-04-30 14:00:00,0.2,WIN ✅ (+0.20%),1,0.596162,MEDIUM (50-70%)
2025-04-30 14:00:00,BUY (BULLISH),2,1.13596,1.12942,2025-05-01 14:00:00,-0.5757,LOSS ❌ (-0.58%),0,0.30196318,LOW (<50%)
2025-04-30 15:30:00,BUY (BULLISH),2,1.13352,1.13578704,2025-04-30 16:45:00,0.2,WIN ✅ (+0.20%),1,0.9061237,HIGH (>70%)
2025-04-30 20:15:00,BUY (BULLISH),2,1.13241,1.12942,2025-05-01 14:00:00,-0.264,LOSS ❌ (-0.26%),0,0.30848944,LOW (<50%)
2025-05-01 01:30:00,BUY (BULLISH),2,1.13107,1.13333214,2025-05-01 10:45:00,0.2,WIN ✅ (+0.20%),1,0.8605951,HIGH (>70%)
2025-05-01 07:15:00,BUY (BULLISH),2,1.12915,1.1314083,2025-05-01 08:00:00,0.2,WIN ✅ (+0.20%),1,0.62533295,MEDIUM (50-70%)
2025-05-01 08:30:00,SELL (BEARISH),2,1.13242,1.13015516,2025-05-01 14:00:00,0.2,WIN ✅ (+0.20%),1,0.73386675,HIGH (>70%)
2025-05-01 11:00:00,SELL (BEARISH),3,1.13312,1.13085376,2025-05-01 12:15:00,0.2,WIN ✅ (+0.20%),1,0.6046484,MEDIUM (50-70%)
2025-05-01 14:15:00,BUY (BULLISH),2,1.12907,1.13132814,2025-05-02 03:30:00,0.2,WIN ✅ (+0.20%),1,0.87665707,HIGH (>70%)
2025-05-01 14:30:00,BUY (BULLISH),2,1.12884,1.13109768,2025-05-02 03:30:00,0.2,WIN ✅ (+0.20%),1,0.77090895,HIGH (>70%)
2025-05-01 15:45:00,BUY (BULLISH),2,1.12788,1.13013576,2025-05-02 02:15:00,0.2,WIN ✅ (+0.20%),1,0.8789585,HIGH (>70%)
2025-05-01 20:00:00,SELL (BEARISH),2,1.12928,1.13686,2025-05-02 14:00:00,-0.6712,LOSS ❌ (0.67%),0,0.07626617,LOW (<50%)
2025-05-01 20:45:00,SELL (BEARISH),2,1.1291,1.13686,2025-05-02 14:00:00,-0.6873,LOSS ❌ (0.69%),0,0.22044826,LOW (<50%)
2025-05-02 06:30:00,SELL (BEARISH),2,1.1321,1.13686,2025-05-02 14:00:00,-0.4205,LOSS ❌ (0.42%),0,0.18588234,LOW (<50%)
2025-05-02 07:00:00,SELL (BEARISH),3,1.13251,1.13686,2025-05-02 14:00:00,-0.3841,LOSS ❌ (0.38%),0,0.21761881,LOW (<50%)
2025-05-02 07:45:00,SELL (BEARISH),3,1.13279,1.13052442,2025-05-02 12:30:00,0.2,WIN ✅ (+0.20%),1,0.8480312,HIGH (>70%)
2025-05-02 09:45:00,SELL (BEARISH),2,1.13499,1.13272002,2025-05-02 11:00:00,0.2,WIN ✅ (+0.20%),1,0.8493196,HIGH (>70%)
2025-05-02 12:30:00,BUY (BULLISH),2,1.13292,1.13518584,2025-05-02 13:15:00,0.2,WIN ✅ (+0.20%),1,0.91086763,HIGH (>70%)
2025-05-02 13:15:00,SELL (BEARISH),2,1.13473,1.13686,2025-05-02 14:00:00,-0.1877,LOSS ❌ (0.19%),0,0.42060006,LOW (<50%)
2025-05-02 14:00:00,SELL (BEARISH),2,1.13686,1.13458628,2025-05-02 15:15:00,0.2,WIN ✅ (+0.20%),1,0.89397204,HIGH (>70%)
2025-05-02 17:15:00,BUY (BULLISH),2,1.13128,1.13,2025-05-02 20:45:00,-0.1131,LOSS ❌ (-0.11%),0,0.24828966,LOW (<50%)
2025-05-02 17:30:00,BUY (BULLISH),2,1.13046,1.13,2025-05-02 20:45:00,-0.0407,LOSS ❌ (-0.04%),0,0.30578187,LOW (<50%)
2025-05-02 18:45:00,BUY (BULLISH),2,1.12994,1.13,2025-05-02 20:45:00,0.0053,LOSS ❌ (0.01%),0,0.3800075,LOW (<50%)
2025-05-04 23:45:00,SELL (BEARISH),2,1.13208,1.13462,2025-05-05 14:00:00,-0.2244,LOSS ❌ (0.22%),0,0.11843148,LOW (<50%)
2025-05-05 02:00:00,SELL (BEARISH),2,1.13334,1.13462,2025-05-05 14:00:00,-0.1129,LOSS ❌ (0.11%),0,0.28445268,LOW (<50%)
2025-05-05 02:15:00,SELL (BEARISH),2,1.13393,1.1316621400000002,2025-05-05 07:45:00,0.2,WIN ✅ (+0.20%),1,0.728517,HIGH (>70%)
2025-05-05 06:45:00,BUY (BULLISH),2,1.13259,1.13485518,2025-05-05 11:00:00,0.2,WIN ✅ (+0.20%),1,0.43843213,LOW (<50%)
2025-05-05 08:00:00,BUY (BULLISH),2,1.13251,1.13477502,2025-05-05 11:00:00,0.2,WIN ✅ (+0.20%),1,0.84591883,HIGH (>70%)
2025-05-05 10:45:00,SELL (BEARISH),2,1.13444,1.13462,2025-05-05 14:00:00,-0.0159,LOSS ❌ (0.02%),0,0.22690925,LOW (<50%)
2025-05-05 12:45:00,SELL (BEARISH),2,1.13596,1.13368808,2025-05-05 14:00:00,0.2,WIN ✅ (+0.20%),1,0.802431,HIGH (>70%)
2025-05-05 13:00:00,SELL (BEARISH),2,1.13614,1.13386772,2025-05-05 14:00:00,0.2,WIN ✅ (+0.20%),1,0.6618106,MEDIUM (50-70%)
2025-05-05 14:30:00,BUY (BULLISH),2,1.13418,1.13521,2025-05-06 14:00:00,0.0908,LOSS ❌ (0.09%),0,0.33758512,LOW (<50%)
2025-05-05 15:00:00,BUY (BULLISH),2,1.13305,1.1353160999999998,2025-05-06 13:45:00,0.2,WIN ✅ (+0.20%),1,0.80807817,HIGH (>70%)
2025-05-05 15:15:00,BUY (BULLISH),2,1.1329,1.1351658,2025-05-06 13:45:00,0.2,WIN ✅ (+0.20%),1,0.8276214,HIGH (>70%)
2025-05-05 16:15:00,BUY (BULLISH),3,1.13012,1.13238024,2025-05-06 04:15:00,0.2,WIN ✅ (+0.20%),1,0.9481281,HIGH (>70%)
2025-05-05 16:45:00,BUY (BULLISH),2,1.13019,1.13245038,2025-05-06 04:45:00,0.2,WIN ✅ (+0.20%),1,0.8983922,HIGH (>70%)
2025-05-05 17:45:00,BUY (BULLISH),2,1.12996,1.13221992,2025-05-06 04:15:00,0.2,WIN ✅ (+0.20%),1,0.7869412,HIGH (>70%)
2025-05-05 18:00:00,BUY (BULLISH),2,1.13012,1.13238024,2025-05-06 04:15:00,0.2,WIN ✅ (+0.20%),1,0.7149,HIGH (>70%)
2025-05-06 03:45:00,SELL (BEARISH),2,1.13147,1.13521,2025-05-06 14:00:00,-0.3305,LOSS ❌ (0.33%),0,0.0530145,LOW (<50%)
2025-05-06 07:45:00,SELL (BEARISH),2,1.13386,1.13159228,2025-05-06 09:45:00,0.2,WIN ✅ (+0.20%),1,0.69172615,MEDIUM (50-70%)
2025-05-06 08:15:00,SELL (BEARISH),2,1.13402,1.13175196,2025-05-06 09:15:00,0.2,WIN ✅ (+0.20%),1,0.8330828,HIGH (>70%)
2025-05-06 13:30:00,SELL (BEARISH),3,1.13443,1.13521,2025-05-06 14:00:00,-0.0688,LOSS ❌ (0.07%),0,0.31140178,LOW (<50%)
2025-05-06 14:15:00,SELL (BEARISH),2,1.13453,1.13556,2025-05-07 14:00:00,-0.0908,LOSS ❌ (0.09%),0,0.23267542,LOW (<50%)
2025-05-06 17:15:00,SELL (BEARISH),2,1.13665,1.1343767,2025-05-06 22:00:00,0.2,WIN ✅ (+0.20%),1,0.8827759,HIGH (>70%)
2025-05-06 19:00:00,SELL (BEARISH),2,1.13701,1.13473598,2025-05-06 22:00:00,0.2,WIN ✅ (+0.20%),1,0.8267602,HIGH (>70%)
2025-05-06 19:45:00,SELL (BEARISH),2,1.13724,1.13496552,2025-05-06 22:00:00,0.2,WIN ✅ (+0.20%),1,0.8765142,HIGH (>70%)
2025-05-07 00:15:00,BUY (BULLISH),2,1.13304,1.13530608,2025-05-07 05:00:00,0.2,WIN ✅ (+0.20%),1,0.84576446,HIGH (>70%)
2025-05-07 15:30:00,BUY (BULLISH),2,1.13468,1.13096,2025-05-08 14:00:00,-0.3278,LOSS ❌ (-0.33%),0,0.16134691,LOW (<50%)
2025-05-07 17:30:00,BUY (BULLISH),3,1.1338,1.1360675999999998,2025-05-07 18:00:00,0.2,WIN ✅ (+0.20%),1,0.83888346,HIGH (>70%)
2025-05-07 17:45:00,BUY (BULLISH),2,1.13397,1.13623794,2025-05-07 18:00:00,0.2,WIN ✅ (+0.20%),1,0.8791834,HIGH (>70%)
2025-05-07 18:00:00,BUY (BULLISH),2,1.13573,1.13096,2025-05-08 14:00:00,-0.42,LOSS ❌ (-0.42%),0,0.20916885,LOW (<50%)
2025-05-07 18:30:00,BUY (BULLISH),2,1.13378,1.13096,2025-05-08 14:00:00,-0.2487,LOSS ❌ (-0.25%),0,0.19813807,LOW (<50%)
2025-05-07 18:45:00,BUY (BULLISH),2,1.13336,1.13096,2025-05-08 14:00:00,-0.2118,LOSS ❌ (-0.21%),0,0.35645226,LOW (<50%)
2025-05-07 19:15:00,BUY (BULLISH),2,1.13172,1.13096,2025-05-08 14:00:00,-0.0672,LOSS ❌ (-0.07%),0,0.26026475,LOW (<50%)
2025-05-07 19:30:00,BUY (BULLISH),2,1.13071,1.13297142,2025-05-08 01:45:00,0.2,WIN ✅ (+0.20%),1,0.81898135,HIGH (>70%)
2025-05-07 20:15:00,BUY (BULLISH),2,1.13006,1.1323201200000002,2025-05-08 01:45:00,0.2,WIN ✅ (+0.20%),1,0.8334504,HIGH (>70%)
2025-05-08 02:00:00,SELL (BEARISH),2,1.13227,1.13000546,2025-05-08 05:00:00,0.2,WIN ✅ (+0.20%),1,0.83863413,HIGH (>70%)
2025-05-08 03:00:00,SELL (BEARISH),2,1.13338,1.13111324,2025-05-08 05:00:00,0.2,WIN ✅ (+0.20%),1,0.802725,HIGH (>70%)
2025-05-08 05:00:00,BUY (BULLISH),2,1.1302,1.13096,2025-05-08 14:00:00,0.0672,LOSS ❌ (0.07%),0,0.23068137,LOW (<50%)
2025-05-08 05:15:00,BUY (BULLISH),2,1.13066,1.13096,2025-05-08 14:00:00,0.0265,LOSS ❌ (0.03%),0,0.18695927,LOW (<50%)
2025-05-08 05:45:00,BUY (BULLISH),3,1.13036,1.13096,2025-05-08 14:00:00,0.0531,LOSS ❌ (0.05%),0,0.22276194,LOW (<50%)
2025-05-08 07:00:00,BUY (BULLISH),2,1.12767,1.12992534,2025-05-08 08:00:00,0.2,WIN ✅ (+0.20%),1,0.8845411,HIGH (>70%)
2025-05-08 11:15:00,SELL (BEARISH),2,1.12896,1.13096,2025-05-08 14:00:00,-0.1772,LOSS ❌ (0.18%),0,0.22087896,LOW (<50%)
2025-05-08 12:15:00,SELL (BEARISH),2,1.13061,1.13096,2025-05-08 14:00:00,-0.031,LOSS ❌ (0.03%),0,0.20444137,LOW (<50%)
2025-05-08 12:30:00,SELL (BEARISH),2,1.13076,1.13096,2025-05-08 14:00:00,-0.0177,LOSS ❌ (0.02%),0,0.07322892,LOW (<50%)
2025-05-08 15:00:00,BUY (BULLISH),2,1.12869,1.12709,2025-05-09 14:00:00,-0.1418,LOSS ❌ (-0.14%),0,0.4177732,LOW (<50%)
2025-05-08 16:15:00,BUY (BULLISH),2,1.12281,1.12505562,2025-05-09 07:30:00,0.2,WIN ✅ (+0.20%),1,0.8893697,HIGH (>70%)
2025-05-08 17:00:00,BUY (BULLISH),2,1.12247,1.12471494,2025-05-09 07:00:00,0.2,WIN ✅ (+0.20%),1,0.8743926,HIGH (>70%)
2025-05-08 17:45:00,BUY (BULLISH),2,1.12262,1.12486524,2025-05-09 07:30:00,0.2,WIN ✅ (+0.20%),1,0.8328797,HIGH (>70%)
2025-05-08 19:30:00,BUY (BULLISH),2,1.12181,1.12405362,2025-05-09 06:00:00,0.2,WIN ✅ (+0.20%),1,0.8471868,HIGH (>70%)
2025-05-09 08:30:00,SELL (BEARISH),2,1.12524,1.12709,2025-05-09 14:00:00,-0.1644,LOSS ❌ (0.16%),0,0.14120787,LOW (<50%)
2025-05-09 09:00:00,SELL (BEARISH),2,1.12533,1.12709,2025-05-09 14:00:00,-0.1564,LOSS ❌ (0.16%),0,0.1282322,LOW (<50%)
2025-05-09 11:15:00,SELL (BEARISH),3,1.12532,1.12709,2025-05-09 14:00:00,-0.1573,LOSS ❌ (0.16%),0,0.1123037,LOW (<50%)
2025-05-09 13:45:00,SELL (BEARISH),2,1.12581,1.12709,2025-05-09 14:00:00,-0.1137,LOSS ❌ (0.11%),0,0.24262708,LOW (<50%)
2025-05-12 07:45:00,BUY (BULLISH),3,1.11048,1.11270096,2025-05-12 08:30:00,0.2,WIN ✅ (+0.20%),1,0.94902474,HIGH (>70%)
2025-05-12 10:45:00,BUY (BULLISH),2,1.10793,1.11014586,2025-05-12 11:15:00,0.2,WIN ✅ (+0.20%),1,0.9677968,HIGH (>70%)
2025-05-12 17:30:00,BUY (BULLISH),2,1.10795,1.1101659,2025-05-13 00:00:00,0.2,WIN ✅ (+0.20%),1,0.7944719,HIGH (>70%)
2025-05-12 18:30:00,BUY (BULLISH),2,1.1077,1.1099154,2025-05-12 23:45:00,0.2,WIN ✅ (+0.20%),1,0.83769935,HIGH (>70%)
2025-05-13 01:15:00,SELL (BEARISH),2,1.11039,1.11319,2025-05-13 14:00:00,-0.2522,LOSS ❌ (0.25%),0,0.21167286,LOW (<50%)
2025-05-13 07:15:00,SELL (BEARISH),2,1.11152,1.11319,2025-05-13 14:00:00,-0.1502,LOSS ❌ (0.15%),0,0.098015435,LOW (<50%)
2025-05-13 07:45:00,SELL (BEARISH),2,1.11155,1.11319,2025-05-13 14:00:00,-0.1475,LOSS ❌ (0.15%),0,0.24219956,LOW (<50%)
2025-05-13 12:45:00,SELL (BEARISH),3,1.11303,1.11319,2025-05-13 14:00:00,-0.0144,LOSS ❌ (0.01%),0,0.06991924,LOW (<50%)
2025-05-13 13:15:00,SELL (BEARISH),2,1.11414,1.11319,2025-05-13 14:00:00,0.0853,LOSS ❌ (-0.09%),0,0.10247485,LOW (<50%)
2025-05-13 13:30:00,SELL (BEARISH),2,1.11456,1.11319,2025-05-13 14:00:00,0.1229,LOSS ❌ (-0.12%),0,0.09353746,LOW (<50%)
2025-05-13 15:30:00,SELL (BEARISH),2,1.11725,1.12165,2025-05-14 14:00:00,-0.3938,LOSS ❌ (0.39%),0,0.13308671,LOW (<50%)
2025-05-13 15:45:00,SELL (BEARISH),2,1.11747,1.12165,2025-05-14 14:00:00,-0.3741,LOSS ❌ (0.37%),0,0.08776234,LOW (<50%)
2025-05-13 16:00:00,SELL (BEARISH),2,1.11692,1.12165,2025-05-14 14:00:00,-0.4235,LOSS ❌ (0.42%),0,0.1917088,LOW (<50%)
2025-05-13 18:15:00,SELL (BEARISH),2,1.11785,1.12165,2025-05-14 14:00:00,-0.3399,LOSS ❌ (0.34%),0,0.0876631,LOW (<50%)
2025-05-13 19:00:00,SELL (BEARISH),2,1.11851,1.12165,2025-05-14 14:00:00,-0.2807,LOSS ❌ (0.28%),0,0.0993109,LOW (<50%)
2025-05-13 20:30:00,SELL (BEARISH),2,1.11928,1.12165,2025-05-14 14:00:00,-0.2117,LOSS ❌ (0.21%),0,0.06940263,LOW (<50%)
2025-05-14 06:00:00,BUY (BULLISH),2,1.11854,1.12077708,2025-05-14 07:30:00,0.2,WIN ✅ (+0.20%),1,0.5022024,MEDIUM (50-70%)
2025-05-14 08:15:00,SELL (BEARISH),2,1.12403,1.12178194,2025-05-14 11:15:00,0.2,WIN ✅ (+0.20%),1,0.8565332,HIGH (>70%)
2025-05-14 09:45:00,SELL (BEARISH),2,1.1252,1.1229496,2025-05-14 10:45:00,0.2,WIN ✅ (+0.20%),1,0.8021314,HIGH (>70%)
2025-05-14 14:00:00,BUY (BULLISH),2,1.12165,1.12051,2025-05-15 14:00:00,-0.1016,LOSS ❌ (-0.10%),0,0.1371227,LOW (<50%)
2025-05-14 14:15:00,BUY (BULLISH),2,1.12129,1.12051,2025-05-15 14:00:00,-0.0696,LOSS ❌ (-0.07%),0,0.11762251,LOW (<50%)
2025-05-14 15:15:00,BUY (BULLISH),2,1.12078,1.12051,2025-05-15 14:00:00,-0.0241,LOSS ❌ (-0.02%),0,0.30275086,LOW (<50%)
2025-05-14 15:30:00,BUY (BULLISH),2,1.12013,1.12237026,2025-05-15 06:45:00,0.2,WIN ✅ (+0.20%),1,0.8364786,HIGH (>70%)
2025-05-14 15:45:00,BUY (BULLISH),2,1.12048,1.12272096,2025-05-15 06:45:00,0.2,WIN ✅ (+0.20%),1,0.61484253,MEDIUM (50-70%)
2025-05-14 19:00:00,BUY (BULLISH),2,1.11734,1.11957468,2025-05-15 01:00:00,0.2,WIN ✅ (+0.20%),1,0.82583493,HIGH (>70%)
2025-05-14 19:45:00,BUY (BULLISH),2,1.1167,1.1189334,2025-05-15 00:15:00,0.2,WIN ✅ (+0.20%),1,0.76360697,HIGH (>70%)
2025-05-14 20:00:00,BUY (BULLISH),3,1.11672,1.11895344,2025-05-15 00:30:00,0.2,WIN ✅ (+0.20%),1,0.5742588,MEDIUM (50-70%)
2025-05-14 23:30:00,SELL (BEARISH),2,1.11863,1.12051,2025-05-15 14:00:00,-0.1681,LOSS ❌ (0.17%),0,0.122248046,LOW (<50%)
2025-05-15 00:30:00,SELL (BEARISH),2,1.11872,1.12051,2025-05-15 14:00:00,-0.16,LOSS ❌ (0.16%),0,0.3257411,LOW (<50%)
2025-05-15 01:15:00,SELL (BEARISH),2,1.1195,1.12051,2025-05-15 14:00:00,-0.0902,LOSS ❌ (0.09%),0,0.11197196,LOW (<50%)
2025-05-15 07:00:00,SELL (BEARISH),2,1.12185,1.1196063,2025-05-15 07:45:00,0.2,WIN ✅ (+0.20%),1,0.7227338,HIGH (>70%)
2025-05-15 11:15:00,BUY (BULLISH),2,1.11942,1.12165884,2025-05-15 13:00:00,0.2,WIN ✅ (+0.20%),1,0.55003434,MEDIUM (50-70%)
2025-05-15 12:30:00,SELL (BEARISH),2,1.12015,1.12051,2025-05-15 14:00:00,-0.0321,LOSS ❌ (0.03%),0,0.13385832,LOW (<50%)
2025-05-15 12:45:00,SELL (BEARISH),2,1.12095,1.12051,2025-05-15 14:00:00,0.0393,LOSS ❌ (-0.04%),0,0.15870215,LOW (<50%)
2025-05-15 13:15:00,SELL (BEARISH),2,1.12018,1.12051,2025-05-15 14:00:00,-0.0295,LOSS ❌ (0.03%),0,0.1806285,LOW (<50%)
2025-05-15 14:45:00,BUY (BULLISH),2,1.119,1.121238,2025-05-16 05:00:00,0.2,WIN ✅ (+0.20%),1,0.6101811,MEDIUM (50-70%)
2025-05-15 15:45:00,BUY (BULLISH),2,1.11847,1.12070694,2025-05-16 00:45:00,0.2,WIN ✅ (+0.20%),1,0.7826629,HIGH (>70%)
2025-05-15 22:15:00,SELL (BEARISH),2,1.11869,1.11858,2025-05-16 14:00:00,0.0098,LOSS ❌ (-0.01%),0,0.16397962,LOW (<50%)
2025-05-15 23:30:00,SELL (BEARISH),2,1.11912,1.11858,2025-05-16 14:00:00,0.0483,LOSS ❌ (-0.05%),0,0.23135537,LOW (<50%)
2025-05-16 14:45:00,BUY (BULLISH),2,1.11565,1.11619,2025-05-16 20:45:00,0.0484,LOSS ❌ (0.05%),0,0.09666929,LOW (<50%)
2025-05-16 15:00:00,BUY (BULLISH),2,1.1155,1.11619,2025-05-16 20:45:00,0.0619,LOSS ❌ (0.06%),0,0.24540344,LOW (<50%)
2025-05-16 15:30:00,BUY (BULLISH),2,1.11468,1.11619,2025-05-16 20:45:00,0.1355,LOSS ❌ (0.14%),0,0.24226956,LOW (<50%)
2025-05-16 15:45:00,BUY (BULLISH),2,1.11406,1.11628812,2025-05-16 20:45:00,0.2,WIN ✅ (+0.20%),1,0.89116657,HIGH (>70%)
2025-05-16 16:15:00,BUY (BULLISH),2,1.11409,1.11631818,2025-05-16 20:45:00,0.2,WIN ✅ (+0.20%),1,0.7329795,HIGH (>70%)
2025-05-18 23:15:00,SELL (BEARISH),2,1.11916,1.12506,2025-05-19 14:00:00,-0.5272,LOSS ❌ (0.53%),0,0.14381896,LOW (<50%)
2025-05-19 07:45:00,SELL (BEARISH),2,1.12381,1.12506,2025-05-19 14:00:00,-0.1112,LOSS ❌ (0.11%),0,0.13064763,LOW (<50%)
2025-05-19 08:15:00,SELL (BEARISH),2,1.12469,1.12506,2025-05-19 14:00:00,-0.0329,LOSS ❌ (0.03%),0,0.12735869,LOW (<50%)
2025-05-19 08:30:00,SELL (BEARISH),2,1.12444,1.12506,2025-05-19 14:00:00,-0.0551,LOSS ❌ (0.06%),0,0.10703684,LOW (<50%)
2025-05-19 10:00:00,SELL (BEARISH),3,1.12771,1.12545458,2025-05-19 13:00:00,0.2,WIN ✅ (+0.20%),1,0.65519655,MEDIUM (50-70%)
2025-05-19 14:00:00,BUY (BULLISH),2,1.12506,1.12731012,2025-05-20 07:30:00,0.2,WIN ✅ (+0.20%),1,0.90350395,HIGH (>70%)
2025-05-19 14:30:00,BUY (BULLISH),2,1.12518,1.12743036,2025-05-20 07:30:00,0.2,WIN ✅ (+0.20%),1,0.9432081,HIGH (>70%)
2025-05-19 16:00:00,BUY (BULLISH),2,1.12367,1.12591734,2025-05-20 06:00:00,0.2,WIN ✅ (+0.20%),1,0.749561,HIGH (>70%)
2025-05-19 16:15:00,BUY (BULLISH),2,1.12344,1.12568688,2025-05-20 05:30:00,0.2,WIN ✅ (+0.20%),1,0.7655103,HIGH (>70%)
2025-05-19 17:30:00,BUY (BULLISH),2,1.12284,1.12508568,2025-05-20 05:15:00,0.2,WIN ✅ (+0.20%),1,0.62842476,MEDIUM (50-70%)
2025-05-20 00:30:00,BUY (BULLISH),2,1.1222,1.1244444,2025-05-20 01:15:00,0.2,WIN ✅ (+0.20%),1,0.7870901,HIGH (>70%)
2025-05-20 07:15:00,SELL (BEARISH),2,1.12705,1.1247959,2025-05-20 10:00:00,0.2,WIN ✅ (+0.20%),1,0.6945247,MEDIUM (50-70%)
2025-05-20 10:30:00,BUY (BULLISH),2,1.12456,1.12603,2025-05-20 14:00:00,0.1307,LOSS ❌ (0.13%),0,0.17862937,LOW (<50%)
2025-05-20 15:00:00,SELL (BEARISH),2,1.12607,1.13465,2025-05-21 14:00:00,-0.7619,LOSS ❌ (0.76%),0,0.1573398,LOW (<50%)
2025-05-20 17:45:00,SELL (BEARISH),2,1.12735,1.13465,2025-05-21 14:00:00,-0.6475,LOSS ❌ (0.65%),0,0.119730584,LOW (<50%)
2025-05-20 18:15:00,SELL (BEARISH),2,1.12777,1.13465,2025-05-21 14:00:00,-0.6101,LOSS ❌ (0.61%),0,0.118465975,LOW (<50%)
2025-05-20 19:45:00,SELL (BEARISH),2,1.12801,1.13465,2025-05-21 14:00:00,-0.5886,LOSS ❌ (0.59%),0,0.10903408,LOW (<50%)
2025-05-20 23:15:00,SELL (BEARISH),2,1.12832,1.13465,2025-05-21 14:00:00,-0.561,LOSS ❌ (0.56%),0,0.18074901,LOW (<50%)
2025-05-21 00:00:00,SELL (BEARISH),2,1.12879,1.13465,2025-05-21 14:00:00,-0.5191,LOSS ❌ (0.52%),0,0.22361375,LOW (<50%)
2025-05-21 08:45:00,BUY (BULLISH),2,1.13223,1.13449446,2025-05-21 10:15:00,0.2,WIN ✅ (+0.20%),1,0.7158169,HIGH (>70%)
2025-05-21 16:00:00,SELL (BEARISH),2,1.13453,1.13226094,2025-05-21 19:45:00,0.2,WIN ✅ (+0.20%),1,0.77353525,HIGH (>70%)
2025-05-21 17:00:00,SELL (BEARISH),2,1.13499,1.13272002,2025-05-21 19:30:00,0.2,WIN ✅ (+0.20%),1,0.8637696,HIGH (>70%)
2025-05-21 19:00:00,BUY (BULLISH),2,1.13368,1.12871,2025-05-22 14:00:00,-0.4384,LOSS ❌ (-0.44%),0,0.3838288,LOW (<50%)
2025-05-21 19:30:00,BUY (BULLISH),3,1.1329,1.12871,2025-05-22 14:00:00,-0.3698,LOSS ❌ (-0.37%),0,0.097135544,LOW (<50%)
2025-05-21 19:45:00,BUY (BULLISH),2,1.13271,1.12871,2025-05-22 14:00:00,-0.3531,LOSS ❌ (-0.35%),0,0.3675318,LOW (<50%)
2025-05-21 20:00:00,BUY (BULLISH),2,1.13226,1.12871,2025-05-22 14:00:00,-0.3135,LOSS ❌ (-0.31%),0,0.15301296,LOW (<50%)
2025-05-22 02:15:00,SELL (BEARISH),2,1.13385,1.1315823,2025-05-22 07:00:00,0.2,WIN ✅ (+0.20%),1,0.84381026,HIGH (>70%)
2025-05-22 02:45:00,SELL (BEARISH),2,1.13379,1.13152242,2025-05-22 07:00:00,0.2,WIN ✅ (+0.20%),1,0.6177954,MEDIUM (50-70%)
2025-05-22 07:30:00,BUY (BULLISH),2,1.13127,1.12871,2025-05-22 14:00:00,-0.2263,LOSS ❌ (-0.23%),0,0.22087719,LOW (<50%)
2025-05-22 09:30:00,BUY (BULLISH),2,1.13017,1.12871,2025-05-22 14:00:00,-0.1292,LOSS ❌ (-0.13%),0,0.16744365,LOW (<50%)
2025-05-22 10:00:00,BUY (BULLISH),2,1.12957,1.12871,2025-05-22 14:00:00,-0.0761,LOSS ❌ (-0.08%),0,0.26870015,LOW (<50%)
2025-05-22 12:30:00,BUY (BULLISH),2,1.12927,1.12871,2025-05-22 14:00:00,-0.0496,LOSS ❌ (-0.05%),0,0.21231633,LOW (<50%)
2025-05-22 12:45:00,BUY (BULLISH),2,1.12947,1.12871,2025-05-22 14:00:00,-0.0673,LOSS ❌ (-0.07%),0,0.16910513,LOW (<50%)
2025-05-22 14:00:00,BUY (BULLISH),2,1.12871,1.1309674200000002,2025-05-23 01:30:00,0.2,WIN ✅ (+0.20%),1,0.8604876,HIGH (>70%)
2025-05-22 17:00:00,BUY (BULLISH),2,1.12673,1.12898346,2025-05-23 00:15:00,0.2,WIN ✅ (+0.20%),1,0.70912665,HIGH (>70%)
2025-05-22 23:00:00,SELL (BEARISH),2,1.12858,1.13351,2025-05-23 14:00:00,-0.4368,LOSS ❌ (0.44%),0,0.29524866,LOW (<50%)
2025-05-23 06:00:00,SELL (BEARISH),2,1.13216,1.12989568,2025-05-23 11:45:00,0.2,WIN ✅ (+0.20%),1,0.69171816,MEDIUM (50-70%)
2025-05-23 07:30:00,SELL (BEARISH),2,1.13354,1.13127292,2025-05-23 11:45:00,0.2,WIN ✅ (+0.20%),1,0.82779926,HIGH (>70%)
2025-05-23 09:30:00,SELL (BEARISH),3,1.13467,1.13240066,2025-05-23 11:45:00,0.2,WIN ✅ (+0.20%),1,0.7609425,HIGH (>70%)
2025-05-23 09:45:00,SELL (BEARISH),2,1.13487,1.13260026,2025-05-23 11:45:00,0.2,WIN ✅ (+0.20%),1,0.88109845,HIGH (>70%)
2025-05-23 10:15:00,SELL (BEARISH),2,1.13472,1.13245056,2025-05-23 11:45:00,0.2,WIN ✅ (+0.20%),1,0.9041359,HIGH (>70%)
2025-05-23 11:15:00,SELL (BEARISH),2,1.13559,1.1333188200000002,2025-05-23 11:30:00,0.2,WIN ✅ (+0.20%),1,0.8896164,HIGH (>70%)
2025-05-23 11:30:00,SELL (BEARISH),2,1.13339,1.13112322,2025-05-23 11:45:00,0.2,WIN ✅ (+0.20%),1,0.7316065,HIGH (>70%)
2025-05-23 11:45:00,BUY (BULLISH),2,1.13211,1.13437422,2025-05-23 12:30:00,0.2,WIN ✅ (+0.20%),1,0.9518615,HIGH (>70%)
2025-05-23 12:00:00,BUY (BULLISH),2,1.13087,1.13313174,2025-05-23 12:30:00,0.2,WIN ✅ (+0.20%),1,0.97416073,HIGH (>70%)
2025-05-23 16:45:00,SELL (BEARISH),2,1.13579,1.13551,2025-05-23 20:45:00,0.0247,LOSS ❌ (-0.02%),0,0.43098563,LOW (<50%)
2025-05-23 17:45:00,SELL (BEARISH),2,1.13603,1.13551,2025-05-23 20:45:00,0.0458,LOSS ❌ (-0.05%),0,0.122222796,LOW (<50%)
2025-05-23 18:00:00,SELL (BEARISH),2,1.13664,1.13551,2025-05-23 20:45:00,0.0994,LOSS ❌ (-0.10%),0,0.18405825,LOW (<50%)
2025-05-23 18:15:00,SELL (BEARISH),2,1.13631,1.13551,2025-05-23 20:45:00,0.0704,LOSS ❌ (-0.07%),0,0.070760526,LOW (<50%)
2025-05-25 23:15:00,SELL (BEARISH),2,1.13789,1.13792,2025-05-26 14:00:00,-0.0026,LOSS ❌ (0.00%),0,0.24786921,LOW (<50%)
2025-05-26 00:00:00,SELL (BEARISH),2,1.13772,1.13792,2025-05-26 14:00:00,-0.0176,LOSS ❌ (0.02%),0,0.19312403,LOW (<50%)
2025-05-26 00:30:00,SELL (BEARISH),2,1.13893,1.13792,2025-05-26 14:00:00,0.0887,LOSS ❌ (-0.09%),0,0.28627223,LOW (<50%)
2025-05-26 02:00:00,SELL (BEARISH),3,1.14131,1.13902738,2025-05-26 07:30:00,0.2,WIN ✅ (+0.20%),1,0.8434354,HIGH (>70%)
2025-05-26 07:30:00,BUY (BULLISH),2,1.13957,1.13792,2025-05-26 14:00:00,-0.1448,LOSS ❌ (-0.14%),0,0.18545318,LOW (<50%)
2025-05-26 08:15:00,BUY (BULLISH),2,1.13894,1.13792,2025-05-26 14:00:00,-0.0896,LOSS ❌ (-0.09%),0,0.18146828,LOW (<50%)
2025-05-26 08:45:00,BUY (BULLISH),2,1.13842,1.13792,2025-05-26 14:00:00,-0.0439,LOSS ❌ (-0.04%),0,0.2691032,LOW (<50%)
2025-05-26 09:15:00,BUY (BULLISH),2,1.13802,1.13792,2025-05-26 14:00:00,-0.0088,LOSS ❌ (-0.01%),0,0.16169833,LOW (<50%)
2025-05-26 20:00:00,SELL (BEARISH),2,1.13847,1.13619306,2025-05-27 07:15:00,0.2,WIN ✅ (+0.20%),1,0.9041104,HIGH (>70%)
2025-05-27 07:30:00,BUY (BULLISH),2,1.13497,1.13723994,2025-05-27 13:00:00,0.2,WIN ✅ (+0.20%),1,0.78357065,HIGH (>70%)
2025-05-27 13:00:00,SELL (BEARISH),2,1.13673,1.13571,2025-05-27 14:00:00,0.0897,LOSS ❌ (-0.09%),0,0.22580945,LOW (<50%)
2025-05-27 13:30:00,SELL (BEARISH),2,1.13688,1.13460624,2025-05-27 14:00:00,0.2,WIN ✅ (+0.20%),1,0.72353995,HIGH (>70%)
2025-05-27 14:30:00,BUY (BULLISH),2,1.13413,1.13188,2025-05-28 14:00:00,-0.1984,LOSS ❌ (-0.20%),0,0.32479912,LOW (<50%)
2025-05-27 15:15:00,BUY (BULLISH),2,1.13378,1.13188,2025-05-28 14:00:00,-0.1676,LOSS ❌ (-0.17%),0,0.2977465,LOW (<50%)
2025-05-28 00:30:00,SELL (BEARISH),2,1.13443,1.13216114,2025-05-28 01:00:00,0.2,WIN ✅ (+0.20%),1,0.80060875,HIGH (>70%)
2025-05-28 03:15:00,BUY (BULLISH),2,1.13022,1.13248044,2025-05-28 07:30:00,0.2,WIN ✅ (+0.20%),1,0.8022009,HIGH (>70%)
2025-05-28 05:30:00,BUY (BULLISH),2,1.12985,1.1321097,2025-05-28 07:15:00,0.2,WIN ✅ (+0.20%),1,0.6936345,MEDIUM (50-70%)
2025-05-28 08:00:00,SELL (BEARISH),2,1.13238,1.13011524,2025-05-28 13:00:00,0.2,WIN ✅ (+0.20%),1,0.8599236,HIGH (>70%)
2025-05-28 09:30:00,SELL (BEARISH),2,1.13383,1.13156234,2025-05-28 12:00:00,0.2,WIN ✅ (+0.20%),1,0.6713668,MEDIUM (50-70%)
2025-05-28 12:15:00,BUY (BULLISH),2,1.13125,1.13188,2025-05-28 14:00:00,0.0557,LOSS ❌ (0.06%),0,0.2736905,LOW (<50%)
2025-05-28 13:30:00,BUY (BULLISH),2,1.13034,1.13188,2025-05-28 14:00:00,0.1362,LOSS ❌ (0.14%),0,0.10075102,LOW (<50%)
2025-05-28 15:30:00,BUY (BULLISH),2,1.12877,1.13102754,2025-05-29 12:30:00,0.2,WIN ✅ (+0.20%),1,0.91322726,HIGH (>70%)
2025-05-29 06:30:00,SELL (BEARISH),3,1.12694,1.13564,2025-05-29 14:00:00,-0.772,LOSS ❌ (0.77%),0,0.09741174,LOW (<50%)
2025-05-29 06:45:00,SELL (BEARISH),2,1.1271,1.13564,2025-05-29 14:00:00,-0.7577,LOSS ❌ (0.76%),0,0.19328855,LOW (<50%)
2025-05-29 09:30:00,SELL (BEARISH),2,1.12805,1.13564,2025-05-29 14:00:00,-0.6728,LOSS ❌ (0.67%),0,0.115742385,LOW (<50%)
2025-05-29 10:00:00,SELL (BEARISH),2,1.12834,1.13564,2025-05-29 14:00:00,-0.647,LOSS ❌ (0.65%),0,0.148243,LOW (<50%)
2025-05-29 13:00:00,SELL (BEARISH),2,1.13447,1.13564,2025-05-29 14:00:00,-0.1031,LOSS ❌ (0.10%),0,0.23906456,LOW (<50%)
2025-05-29 14:15:00,SELL (BEARISH),2,1.1349,1.1326302,2025-05-30 08:45:00,0.2,WIN ✅ (+0.20%),1,0.8842778,HIGH (>70%)
2025-05-29 15:30:00,SELL (BEARISH),2,1.13649,1.13421702,2025-05-30 06:00:00,0.2,WIN ✅ (+0.20%),1,0.9027191,HIGH (>70%)
2025-05-29 15:45:00,SELL (BEARISH),2,1.13693,1.13465614,2025-05-30 03:45:00,0.2,WIN ✅ (+0.20%),1,0.9049739,HIGH (>70%)
2025-05-29 16:15:00,SELL (BEARISH),2,1.13694,1.13466612,2025-05-30 03:45:00,0.2,WIN ✅ (+0.20%),1,0.8983488,HIGH (>70%)
2025-05-29 18:00:00,SELL (BEARISH),2,1.13822,1.13594356,2025-05-30 01:45:00,0.2,WIN ✅ (+0.20%),1,0.9396592,HIGH (>70%)
2025-05-30 02:15:00,BUY (BULLISH),2,1.13552,1.13302,2025-05-30 14:00:00,-0.2202,LOSS ❌ (-0.22%),0,0.12964031,LOW (<50%)
2025-05-30 02:30:00,BUY (BULLISH),2,1.13523,1.13302,2025-05-30 14:00:00,-0.1947,LOSS ❌ (-0.19%),0,0.113795705,LOW (<50%)
2025-05-30 03:30:00,BUY (BULLISH),2,1.13482,1.13302,2025-05-30 14:00:00,-0.1586,LOSS ❌ (-0.16%),0,0.27305722,LOW (<50%)
2025-05-30 03:45:00,BUY (BULLISH),2,1.13492,1.13302,2025-05-30 14:00:00,-0.1674,LOSS ❌ (-0.17%),0,0.2070603,LOW (<50%)
2025-05-30 05:00:00,BUY (BULLISH),2,1.13453,1.13302,2025-05-30 14:00:00,-0.1331,LOSS ❌ (-0.13%),0,0.22674803,LOW (<50%)
2025-05-30 07:15:00,BUY (BULLISH),2,1.13328,1.13554656,2025-05-30 12:30:00,0.2,WIN ✅ (+0.20%),1,0.8262579,HIGH (>70%)
2025-05-30 09:00:00,BUY (BULLISH),2,1.13294,1.13520588,2025-05-30 12:00:00,0.2,WIN ✅ (+0.20%),1,0.8273008,HIGH (>70%)
2025-05-30 12:15:00,SELL (BEARISH),2,1.13508,1.1328098400000002,2025-05-30 13:15:00,0.2,WIN ✅ (+0.20%),1,0.55562687,MEDIUM (50-70%)
2025-05-30 17:30:00,SELL (BEARISH),2,1.13651,1.13474,2025-05-30 20:45:00,0.1557,LOSS ❌ (-0.16%),0,0.24973863,LOW (<50%)
2025-06-02 09:15:00,SELL (BEARISH),2,1.14323,1.14094354,2025-06-02 11:45:00,0.2,WIN ✅ (+0.20%),1,0.68496996,MEDIUM (50-70%)
2025-06-02 13:30:00,BUY (BULLISH),2,1.14164,1.14392328,2025-06-02 14:00:00,0.2,WIN ✅ (+0.20%),1,0.5767436,MEDIUM (50-70%)
2025-06-02 14:15:00,SELL (BEARISH),2,1.14431,1.14202138,2025-06-02 16:15:00,0.2,WIN ✅ (+0.20%),1,0.70431,HIGH (>70%)
2025-06-02 14:30:00,SELL (BEARISH),2,1.14412,1.14183176,2025-06-02 16:30:00,0.2,WIN ✅ (+0.20%),1,0.71862465,HIGH (>70%)
2025-06-02 20:15:00,SELL (BEARISH),2,1.1445,1.142211,2025-06-03 02:30:00,0.2,WIN ✅ (+0.20%),1,0.7228086,HIGH (>70%)
2025-06-02 23:45:00,SELL (BEARISH),2,1.14528,1.14298944,2025-06-03 01:30:00,0.2,WIN ✅ (+0.20%),1,0.857273,HIGH (>70%)
2025-06-03 02:00:00,BUY (BULLISH),2,1.14274,1.1378,2025-06-03 14:00:00,-0.4323,LOSS ❌ (-0.43%),0,0.1528418,LOW (<50%)
2025-06-03 08:15:00,BUY (BULLISH),3,1.14104,1.1378,2025-06-03 14:00:00,-0.284,LOSS ❌ (-0.28%),0,0.22940888,LOW (<50%)
2025-06-03 09:00:00,BUY (BULLISH),3,1.14122,1.1378,2025-06-03 14:00:00,-0.2997,LOSS ❌ (-0.30%),0,0.30205533,LOW (<50%)
2025-06-03 10:15:00,BUY (BULLISH),2,1.14019,1.1378,2025-06-03 14:00:00,-0.2096,LOSS ❌ (-0.21%),0,0.17138429,LOW (<50%)
2025-06-03 10:30:00,BUY (BULLISH),2,1.14081,1.1378,2025-06-03 14:00:00,-0.2638,LOSS ❌ (-0.26%),0,0.176647,LOW (<50%)
2025-06-03 10:45:00,BUY (BULLISH),2,1.13975,1.1378,2025-06-03 14:00:00,-0.1711,LOSS ❌ (-0.17%),0,0.30550182,LOW (<50%)
2025-06-03 12:30:00,BUY (BULLISH),2,1.13807,1.1378,2025-06-03 14:00:00,-0.0237,LOSS ❌ (-0.02%),0,0.14018139,LOW (<50%)
2025-06-03 13:30:00,BUY (BULLISH),2,1.13908,1.1378,2025-06-03 14:00:00,-0.1124,LOSS ❌ (-0.11%),0,0.25511515,LOW (<50%)
2025-06-03 14:00:00,BUY (BULLISH),2,1.1378,1.1400756,2025-06-04 08:30:00,0.2,WIN ✅ (+0.20%),1,0.7972964,HIGH (>70%)
2025-06-03 23:15:00,SELL (BEARISH),2,1.13757,1.14212,2025-06-04 14:00:00,-0.4,LOSS ❌ (0.40%),0,0.3674124,LOW (<50%)
2025-06-04 08:45:00,SELL (BEARISH),3,1.13992,1.13764016,2025-06-04 10:30:00,0.2,WIN ✅ (+0.20%),1,0.83916795,HIGH (>70%)
2025-06-04 14:45:00,SELL (BEARISH),2,1.14322,1.14093356,2025-06-05 03:45:00,0.2,WIN ✅ (+0.20%),1,0.80844903,HIGH (>70%)
2025-06-04 16:45:00,SELL (BEARISH),2,1.14326,1.14097348,2025-06-05 03:45:00,0.2,WIN ✅ (+0.20%),1,0.79681677,HIGH (>70%)
2025-06-05 18:45:00,BUY (BULLISH),2,1.14417,1.14041,2025-06-06 14:00:00,-0.3286,LOSS ❌ (-0.33%),0,0.13980134,LOW (<50%)
2025-06-06 05:30:00,BUY (BULLISH),2,1.14314,1.14041,2025-06-06 14:00:00,-0.2388,LOSS ❌ (-0.24%),0,0.26901534,LOW (<50%)
2025-06-06 12:30:00,SELL (BEARISH),2,1.1399,1.1376202,2025-06-06 13:15:00,0.2,WIN ✅ (+0.20%),1,0.8479083,HIGH (>70%)
2025-06-08 22:15:00,SELL (BEARISH),2,1.14033,1.14068,2025-06-09 14:00:00,-0.0307,LOSS ❌ (0.03%),0,0.16860896,LOW (<50%)
2025-06-08 22:30:00,SELL (BEARISH),2,1.14033,1.14068,2025-06-09 14:00:00,-0.0307,LOSS ❌ (0.03%),0,0.20278014,LOW (<50%)
2025-06-09 12:15:00,BUY (BULLISH),2,1.14084,1.14068,2025-06-09 14:00:00,-0.014,LOSS ❌ (-0.01%),0,0.16655955,LOW (<50%)
2025-06-09 13:15:00,BUY (BULLISH),2,1.1395,1.14068,2025-06-09 14:00:00,0.1036,LOSS ❌ (0.10%),0,0.2109334,LOW (<50%)
2025-06-09 18:30:00,SELL (BEARISH),2,1.14287,1.14058426,2025-06-10 01:30:00,0.2,WIN ✅ (+0.20%),1,0.72660303,HIGH (>70%)
2025-06-10 00:15:00,SELL (BEARISH),2,1.14322,1.14093356,2025-06-10 01:30:00,0.2,WIN ✅ (+0.20%),1,0.7215817,HIGH (>70%)
2025-06-10 09:30:00,SELL (BEARISH),2,1.14125,1.14318,2025-06-10 14:00:00,-0.1691,LOSS ❌ (0.17%),0,0.3092217,LOW (<50%)
2025-06-10 09:45:00,SELL (BEARISH),2,1.14163,1.14318,2025-06-10 14:00:00,-0.1358,LOSS ❌ (0.14%),0,0.17259806,LOW (<50%)
2025-06-10 10:30:00,SELL (BEARISH),3,1.14222,1.14318,2025-06-10 14:00:00,-0.084,LOSS ❌ (0.08%),0,0.25125602,LOW (<50%)
2025-06-10 23:45:00,SELL (BEARISH),2,1.14372,1.1414325600000002,2025-06-11 01:45:00,0.2,WIN ✅ (+0.20%),1,0.78672034,HIGH (>70%)
2025-06-11 09:15:00,SELL (BEARISH),3,1.14402,1.14724,2025-06-11 14:00:00,-0.2815,LOSS ❌ (0.28%),0,0.046051674,LOW (<50%)
2025-06-11 09:30:00,SELL (BEARISH),2,1.14372,1.14724,2025-06-11 14:00:00,-0.3078,LOSS ❌ (0.31%),0,0.19753014,LOW (<50%)
2025-06-11 15:45:00,SELL (BEARISH),3,1.1489,1.15865,2025-06-12 14:00:00,-0.8486,LOSS ❌ (0.85%),0,0.16741477,LOW (<50%)
2025-06-12 09:15:00,SELL (BEARISH),2,1.15573,1.15865,2025-06-12 14:00:00,-0.2527,LOSS ❌ (0.25%),0,0.12048007,LOW (<50%)
2025-06-12 10:30:00,SELL (BEARISH),2,1.15811,1.15865,2025-06-12 14:00:00,-0.0466,LOSS ❌ (0.05%),0,0.13410406,LOW (<50%)
2025-06-12 10:45:00,SELL (BEARISH),2,1.15927,1.15865,2025-06-12 14:00:00,0.0535,LOSS ❌ (-0.05%),0,0.08511239,LOW (<50%)
2025-06-12 15:30:00,BUY (BULLISH),3,1.15717,1.15948434,2025-06-12 23:30:00,0.2,WIN ✅ (+0.20%),1,0.9002502,HIGH (>70%)
2025-06-12 16:45:00,BUY (BULLISH),2,1.15758,1.15989516,2025-06-12 23:45:00,0.2,WIN ✅ (+0.20%),1,0.59406376,MEDIUM (50-70%)
2025-06-12 17:15:00,BUY (BULLISH),2,1.15688,1.15919376,2025-06-12 22:00:00,0.2,WIN ✅ (+0.20%),1,0.8348679,HIGH (>70%)
2025-06-12 21:15:00,SELL (BEARISH),2,1.15867,1.15635266,2025-06-13 00:15:00,0.2,WIN ✅ (+0.20%),1,0.865618,HIGH (>70%)
2025-06-13 00:15:00,BUY (BULLISH),2,1.15818,1.15399,2025-06-13 14:00:00,-0.3618,LOSS ❌ (-0.36%),0,0.1781931,LOW (<50%)
2025-06-13 01:15:00,BUY (BULLISH),2,1.15493,1.15399,2025-06-13 14:00:00,-0.0814,LOSS ❌ (-0.08%),0,0.15383919,LOW (<50%)
2025-06-13 01:30:00,BUY (BULLISH),2,1.15443,1.15399,2025-06-13 14:00:00,-0.0381,LOSS ❌ (-0.04%),0,0.15423296,LOW (<50%)
2025-06-13 02:45:00,BUY (BULLISH),2,1.15449,1.15399,2025-06-13 14:00:00,-0.0433,LOSS ❌ (-0.04%),0,0.24207258,LOW (<50%)
2025-06-13 03:15:00,BUY (BULLISH),2,1.1532,1.1555064,2025-06-13 07:00:00,0.2,WIN ✅ (+0.20%),1,0.9241292,HIGH (>70%)
2025-06-13 05:30:00,BUY (BULLISH),2,1.15248,1.15478496,2025-06-13 07:00:00,0.2,WIN ✅ (+0.20%),1,0.7890147,HIGH (>70%)
2025-06-13 07:00:00,SELL (BEARISH),2,1.15543,1.15311914,2025-06-13 08:00:00,0.2,WIN ✅ (+0.20%),1,0.8099508,HIGH (>70%)
2025-06-13 10:30:00,BUY (BULLISH),2,1.15117,1.15347234,2025-06-13 14:00:00,0.2,WIN ✅ (+0.20%),1,0.79180413,HIGH (>70%)
2025-06-13 10:45:00,BUY (BULLISH),2,1.15044,1.15274088,2025-06-13 14:00:00,0.2,WIN ✅ (+0.20%),1,0.8088168,HIGH (>70%)
2025-06-13 14:30:00,SELL (BEARISH),2,1.1538,1.155,2025-06-13 20:45:00,-0.104,LOSS ❌ (0.10%),0,0.22086118,LOW (<50%)
2025-06-13 15:30:00,SELL (BEARISH),2,1.15623,1.15391754,2025-06-13 17:30:00,0.2,WIN ✅ (+0.20%),1,0.8639804,HIGH (>70%)
2025-06-15 21:30:00,BUY (BULLISH),3,1.15321,1.15551642,2025-06-16 05:15:00,0.2,WIN ✅ (+0.20%),1,0.6766579,MEDIUM (50-70%)
2025-06-16 02:00:00,BUY (BULLISH),2,1.15317,1.15547634,2025-06-16 05:15:00,0.2,WIN ✅ (+0.20%),1,0.5230058,MEDIUM (50-70%)
2025-06-16 05:30:00,SELL (BEARISH),2,1.15559,1.16091,2025-06-16 14:00:00,-0.4604,LOSS ❌ (0.46%),0,0.108110406,LOW (<50%)
2025-06-16 07:30:00,SELL (BEARISH),2,1.15831,1.16091,2025-06-16 14:00:00,-0.2245,LOSS ❌ (0.22%),0,0.21855974,LOW (<50%)
2025-06-16 07:45:00,SELL (BEARISH),2,1.15784,1.16091,2025-06-16 14:00:00,-0.2651,LOSS ❌ (0.27%),0,0.19572218,LOW (<50%)
2025-06-16 13:15:00,SELL (BEARISH),3,1.15952,1.16091,2025-06-16 14:00:00,-0.1199,LOSS ❌ (0.12%),0,0.19801666,LOW (<50%)
2025-06-16 13:45:00,SELL (BEARISH),2,1.1601,1.16091,2025-06-16 14:00:00,-0.0698,LOSS ❌ (0.07%),0,0.12091779,LOW (<50%)
2025-06-16 22:45:00,BUY (BULLISH),2,1.15556,1.15787112,2025-06-17 12:30:00,0.2,WIN ✅ (+0.20%),1,0.48364335,LOW (<50%)
2025-06-17 00:30:00,BUY (BULLISH),2,1.15464,1.15694928,2025-06-17 06:30:00,0.2,WIN ✅ (+0.20%),1,0.8613369,HIGH (>70%)
2025-06-17 03:30:00,SELL (BEARISH),2,1.15612,1.15521,2025-06-17 14:00:00,0.0787,LOSS ❌ (-0.08%),0,0.09577475,LOW (<50%)
2025-06-17 04:15:00,SELL (BEARISH),2,1.1564,1.15521,2025-06-17 14:00:00,0.1029,LOSS ❌ (-0.10%),0,0.13956164,LOW (<50%)
2025-06-17 07:30:00,BUY (BULLISH),2,1.15547,1.15778094,2025-06-17 12:30:00,0.2,WIN ✅ (+0.20%),1,0.6643222,MEDIUM (50-70%)
2025-06-17 17:15:00,BUY (BULLISH),2,1.15014,1.15157,2025-06-18 14:00:00,0.1243,LOSS ❌ (0.12%),0,0.21013555,LOW (<50%)
2025-06-17 18:30:00,BUY (BULLISH),2,1.14813,1.15042626,2025-06-18 03:30:00,0.2,WIN ✅ (+0.20%),1,0.9289179,HIGH (>70%)
2025-06-17 18:45:00,BUY (BULLISH),2,1.14792,1.15021584,2025-06-18 03:15:00,0.2,WIN ✅ (+0.20%),1,0.85734373,HIGH (>70%)
2025-06-17 20:15:00,BUY (BULLISH),2,1.14836,1.15065672,2025-06-18 04:45:00,0.2,WIN ✅ (+0.20%),1,0.7896307,HIGH (>70%)
2025-06-18 14:00:00,SELL (BEARISH),2,1.15157,1.14926686,2025-06-18 17:30:00,0.2,WIN ✅ (+0.20%),1,0.84823996,HIGH (>70%)
2025-06-18 15:30:00,SELL (BEARISH),2,1.15223,1.14992554,2025-06-18 17:30:00,0.2,WIN ✅ (+0.20%),1,0.7224473,HIGH (>70%)
2025-06-18 19:00:00,BUY (BULLISH),2,1.14845,1.14781,2025-06-19 14:00:00,-0.0557,LOSS ❌ (-0.06%),0,0.20440501,LOW (<50%)
2025-06-19 08:45:00,SELL (BEARISH),2,1.14763,1.14781,2025-06-19 14:00:00,-0.0157,LOSS ❌ (0.02%),0,0.14964521,LOW (<50%)
2025-06-19 09:00:00,SELL (BEARISH),2,1.14747,1.14781,2025-06-19 14:00:00,-0.0296,LOSS ❌ (0.03%),0,0.30092576,LOW (<50%)
2025-06-19 14:30:00,BUY (BULLISH),2,1.14698,1.14927396,2025-06-19 19:15:00,0.2,WIN ✅ (+0.20%),1,0.6067949,MEDIUM (50-70%)
2025-06-19 14:45:00,BUY (BULLISH),2,1.14682,1.14911364,2025-06-19 19:00:00,0.2,WIN ✅ (+0.20%),1,0.6180546,MEDIUM (50-70%)
2025-06-19 18:30:00,SELL (BEARISH),2,1.14844,1.15134,2025-06-20 14:00:00,-0.2525,LOSS ❌ (0.25%),0,0.15460914,LOW (<50%)
2025-06-19 19:30:00,SELL (BEARISH),2,1.14963,1.15134,2025-06-20 14:00:00,-0.1487,LOSS ❌ (0.15%),0,0.20571704,LOW (<50%)
2025-06-20 03:15:00,SELL (BEARISH),2,1.15219,1.15134,2025-06-20 14:00:00,0.0738,LOSS ❌ (-0.07%),0,0.29649848,LOW (<50%)
2025-06-20 07:00:00,BUY (BULLISH),2,1.15155,1.15134,2025-06-20 14:00:00,-0.0182,LOSS ❌ (-0.02%),0,0.14864899,LOW (<50%)
2025-06-20 14:15:00,BUY (BULLISH),2,1.15079,1.15309158,2025-06-20 16:15:00,0.2,WIN ✅ (+0.20%),1,0.60073686,MEDIUM (50-70%)
2025-06-20 14:45:00,BUY (BULLISH),2,1.15131,1.15361262,2025-06-20 16:45:00,0.2,WIN ✅ (+0.20%),1,0.7012654,HIGH (>70%)
2025-06-23 09:30:00,BUY (BULLISH),2,1.14694,1.1492338800000002,2025-06-23 13:45:00,0.2,WIN ✅ (+0.20%),1,0.82369596,HIGH (>70%)
2025-06-23 13:45:00,SELL (BEARISH),2,1.14893,1.15198,2025-06-23 14:00:00,-0.2655,LOSS ❌ (0.27%),0,0.14488441,LOW (<50%)
2025-06-23 14:45:00,SELL (BEARISH),2,1.15306,1.16068,2025-06-24 14:00:00,-0.6609,LOSS ❌ (0.66%),0,0.11809698,LOW (<50%)
2025-06-23 15:30:00,SELL (BEARISH),2,1.15448,1.15217104,2025-06-23 16:30:00,0.2,WIN ✅ (+0.20%),1,0.5534831,MEDIUM (50-70%)
2025-06-23 16:45:00,SELL (BEARISH),2,1.15444,1.16068,2025-06-24 14:00:00,-0.5405,LOSS ❌ (0.54%),0,0.21650712,LOW (<50%)
2025-06-23 18:00:00,SELL (BEARISH),2,1.15706,1.16068,2025-06-24 14:00:00,-0.3129,LOSS ❌ (0.31%),0,0.11130885,LOW (<50%)
2025-06-23 18:15:00,SELL (BEARISH),3,1.15702,1.16068,2025-06-24 14:00:00,-0.3163,LOSS ❌ (0.32%),0,0.22255413,LOW (<50%)
2025-06-23 18:45:00,SELL (BEARISH),3,1.15739,1.16068,2025-06-24 14:00:00,-0.2843,LOSS ❌ (0.28%),0,0.05788114,LOW (<50%)
2025-06-23 20:00:00,SELL (BEARISH),3,1.15784,1.16068,2025-06-24 14:00:00,-0.2453,LOSS ❌ (0.25%),0,0.04557889,LOW (<50%)
2025-06-23 20:15:00,SELL (BEARISH),2,1.15787,1.16068,2025-06-24 14:00:00,-0.2427,LOSS ❌ (0.24%),0,0.09748679,LOW (<50%)
2025-06-23 20:30:00,SELL (BEARISH),2,1.1579,1.16068,2025-06-24 14:00:00,-0.2401,LOSS ❌ (0.24%),0,0.074226916,LOW (<50%)
2025-06-24 00:45:00,SELL (BEARISH),2,1.15988,1.16068,2025-06-24 14:00:00,-0.069,LOSS ❌ (0.07%),0,0.07077701,LOW (<50%)
2025-06-24 07:30:00,BUY (BULLISH),2,1.15973,1.16068,2025-06-24 14:00:00,0.0819,LOSS ❌ (0.08%),0,0.23575425,LOW (<50%)
2025-06-24 07:45:00,BUY (BULLISH),2,1.15919,1.16150838,2025-06-24 09:30:00,0.2,WIN ✅ (+0.20%),1,0.8458975,HIGH (>70%)
2025-06-24 13:30:00,BUY (BULLISH),2,1.15836,1.16067672,2025-06-24 14:00:00,0.2,WIN ✅ (+0.20%),1,0.788808,HIGH (>70%)
2025-06-24 22:15:00,BUY (BULLISH),2,1.1606,1.1629212,2025-06-25 01:00:00,0.2,WIN ✅ (+0.20%),1,0.6634116,MEDIUM (50-70%)
2025-06-25 14:45:00,SELL (BEARISH),2,1.16206,1.17155,2025-06-26 14:00:00,-0.8167,LOSS ❌ (0.82%),0,0.051415615,LOW (<50%)
2025-06-25 15:15:00,SELL (BEARISH),2,1.16244,1.17155,2025-06-26 14:00:00,-0.7837,LOSS ❌ (0.78%),0,0.054840297,LOW (<50%)
2025-06-25 16:15:00,SELL (BEARISH),2,1.16324,1.17155,2025-06-26 14:00:00,-0.7144,LOSS ❌ (0.71%),0,0.12677743,LOW (<50%)
2025-06-25 18:00:00,SELL (BEARISH),2,1.16428,1.17155,2025-06-26 14:00:00,-0.6244,LOSS ❌ (0.62%),0,0.12948017,LOW (<50%)
2025-06-25 19:15:00,SELL (BEARISH),2,1.16625,1.17155,2025-06-26 14:00:00,-0.4544,LOSS ❌ (0.45%),0,0.047418892,LOW (<50%)
2025-06-26 08:15:00,SELL (BEARISH),2,1.17291,1.17056418,2025-06-26 11:15:00,0.2,WIN ✅ (+0.20%),1,0.6854664,MEDIUM (50-70%)
2025-06-26 12:00:00,BUY (BULLISH),2,1.16971,1.17204942,2025-06-26 13:30:00,0.2,WIN ✅ (+0.20%),1,0.90413415,HIGH (>70%)
2025-06-26 12:30:00,BUY (BULLISH),2,1.17092,1.17155,2025-06-26 14:00:00,0.0538,LOSS ❌ (0.05%),0,0.26116323,LOW (<50%)
2025-06-26 21:00:00,BUY (BULLISH),2,1.16975,1.1720895,2025-06-27 07:00:00,0.2,WIN ✅ (+0.20%),1,0.81765896,HIGH (>70%)
2025-06-26 21:15:00,BUY (BULLISH),2,1.16966,1.1719993199999998,2025-06-27 07:00:00,0.2,WIN ✅ (+0.20%),1,0.6882731,MEDIUM (50-70%)
2025-06-27 06:00:00,BUY (BULLISH),2,1.16887,1.17120774,2025-06-27 06:45:00,0.2,WIN ✅ (+0.20%),1,0.7768127,HIGH (>70%)
2025-06-27 13:00:00,SELL (BEARISH),2,1.17364,1.1728,2025-06-27 14:00:00,0.0716,LOSS ❌ (-0.07%),0,0.118677914,LOW (<50%)
2025-06-27 17:30:00,BUY (BULLISH),2,1.17052,1.17157,2025-06-27 20:45:00,0.0897,LOSS ❌ (0.09%),0,0.1790734,LOW (<50%)
2025-06-27 18:00:00,BUY (BULLISH),2,1.16953,1.17186906,2025-06-27 20:45:00,0.2,WIN ✅ (+0.20%),1,0.8958391,HIGH (>70%)
2025-06-27 18:15:00,BUY (BULLISH),2,1.16943,1.17176886,2025-06-27 20:45:00,0.2,WIN ✅ (+0.20%),1,0.8402895,HIGH (>70%)
2025-06-27 18:30:00,BUY (BULLISH),2,1.16929,1.17162858,2025-06-27 20:45:00,0.2,WIN ✅ (+0.20%),1,0.9249245,HIGH (>70%)
2025-06-30 14:45:00,SELL (BEARISH),2,1.17383,1.17914,2025-07-01 14:00:00,-0.4524,LOSS ❌ (0.45%),0,0.08939875,LOW (<50%)
2025-06-30 15:15:00,SELL (BEARISH),2,1.1745,1.17914,2025-07-01 14:00:00,-0.3951,LOSS ❌ (0.40%),0,0.17618108,LOW (<50%)
2025-06-30 18:00:00,SELL (BEARISH),2,1.17692,1.17914,2025-07-01 14:00:00,-0.1886,LOSS ❌ (0.19%),0,0.28348762,LOW (<50%)
2025-06-30 18:30:00,SELL (BEARISH),2,1.17745,1.17914,2025-07-01 14:00:00,-0.1435,LOSS ❌ (0.14%),0,0.30137885,LOW (<50%)
2025-06-30 20:30:00,SELL (BEARISH),2,1.17845,1.17914,2025-07-01 14:00:00,-0.0586,LOSS ❌ (0.06%),0,0.16518319,LOW (<50%)
2025-07-01 00:30:00,SELL (BEARISH),2,1.17911,1.17675178,2025-07-01 07:00:00,0.2,WIN ✅ (+0.20%),1,0.8977366,HIGH (>70%)
2025-07-01 08:30:00,SELL (BEARISH),2,1.17925,1.17914,2025-07-01 14:00:00,0.0093,LOSS ❌ (-0.01%),0,0.3459615,LOW (<50%)
2025-07-01 09:15:00,SELL (BEARISH),2,1.18143,1.17906714,2025-07-01 14:00:00,0.2,WIN ✅ (+0.20%),1,0.8243842,HIGH (>70%)
2025-07-01 14:30:00,BUY (BULLISH),2,1.17834,1.18069668,2025-07-02 00:45:00,0.2,WIN ✅ (+0.20%),1,0.93521506,HIGH (>70%)
2025-07-01 14:45:00,BUY (BULLISH),2,1.17792,1.1802758400000002,2025-07-01 20:30:00,0.2,WIN ✅ (+0.20%),1,0.94424504,HIGH (>70%)
2025-07-01 15:30:00,BUY (BULLISH),3,1.17709,1.17944418,2025-07-01 20:00:00,0.2,WIN ✅ (+0.20%),1,0.89681584,HIGH (>70%)
2025-07-01 16:00:00,BUY (BULLISH),2,1.17701,1.17936402,2025-07-01 20:00:00,0.2,WIN ✅ (+0.20%),1,0.8682355,HIGH (>70%)
2025-07-01 16:45:00,BUY (BULLISH),2,1.17652,1.17887304,2025-07-01 19:00:00,0.2,WIN ✅ (+0.20%),1,0.8168715,HIGH (>70%)
2025-07-01 23:45:00,SELL (BEARISH),2,1.18049,1.17812902,2025-07-02 06:30:00,0.2,WIN ✅ (+0.20%),1,0.86070067,HIGH (>70%)
2025-07-02 01:00:00,SELL (BEARISH),2,1.18064,1.17827872,2025-07-02 06:30:00,0.2,WIN ✅ (+0.20%),1,0.8415054,HIGH (>70%)
2025-07-02 02:00:00,BUY (BULLISH),2,1.17932,1.17559,2025-07-02 14:00:00,-0.3163,LOSS ❌ (-0.32%),0,0.18744169,LOW (<50%)
2025-07-02 06:45:00,BUY (BULLISH),2,1.17811,1.17559,2025-07-02 14:00:00,-0.2139,LOSS ❌ (-0.21%),0,0.10019347,LOW (<50%)
2025-07-02 07:30:00,BUY (BULLISH),2,1.17778,1.17559,2025-07-02 14:00:00,-0.1859,LOSS ❌ (-0.19%),0,0.15617481,LOW (<50%)
2025-07-02 12:15:00,SELL (BEARISH),2,1.17774,1.17538452,2025-07-02 14:00:00,0.2,WIN ✅ (+0.20%),1,0.8033505,HIGH (>70%)
2025-07-02 16:00:00,SELL (BEARISH),2,1.17871,1.17635258,2025-07-03 12:30:00,0.2,WIN ✅ (+0.20%),1,0.92000484,HIGH (>70%)
2025-07-02 17:15:00,SELL (BEARISH),2,1.17929,1.1769314199999998,2025-07-03 12:30:00,0.2,WIN ✅ (+0.20%),1,0.7799174,HIGH (>70%)
2025-07-02 18:45:00,SELL (BEARISH),2,1.17992,1.17756016,2025-07-03 12:30:00,0.2,WIN ✅ (+0.20%),1,0.80200684,HIGH (>70%)
2025-07-03 01:15:00,SELL (BEARISH),2,1.18091,1.17854818,2025-07-03 11:45:00,0.2,WIN ✅ (+0.20%),1,0.93312883,HIGH (>70%)
2025-07-03 03:00:00,BUY (BULLISH),2,1.17974,1.17607,2025-07-03 14:00:00,-0.3111,LOSS ❌ (-0.31%),0,0.17257418,LOW (<50%)
2025-07-03 04:00:00,BUY (BULLISH),2,1.17909,1.17607,2025-07-03 14:00:00,-0.2561,LOSS ❌ (-0.26%),0,0.17413822,LOW (<50%)
2025-07-03 04:45:00,BUY (BULLISH),2,1.1789,1.17607,2025-07-03 14:00:00,-0.2401,LOSS ❌ (-0.24%),0,0.10006312,LOW (<50%)
2025-07-04 05:30:00,SELL (BEARISH),2,1.17836,1.17825,2025-07-04 14:00:00,0.0093,LOSS ❌ (-0.01%),0,0.23255396,LOW (<50%)
2025-07-04 12:15:00,BUY (BULLISH),2,1.17662,1.17825,2025-07-04 14:00:00,0.1385,LOSS ❌ (0.14%),0,0.070874386,LOW (<50%)
2025-07-04 12:30:00,BUY (BULLISH),2,1.17666,1.17825,2025-07-04 14:00:00,0.1351,LOSS ❌ (0.14%),0,0.08831255,LOW (<50%)
2025-07-06 21:00:00,SELL (BEARISH),2,1.17828,1.17592344,2025-07-07 06:30:00,0.2,WIN ✅ (+0.20%),1,0.92852074,HIGH (>70%)
2025-07-07 02:30:00,BUY (BULLISH),2,1.17701,1.17355,2025-07-07 14:00:00,-0.294,LOSS ❌ (-0.29%),0,0.15105256,LOW (<50%)
2025-07-07 04:45:00,BUY (BULLISH),2,1.17657,1.17355,2025-07-07 14:00:00,-0.2567,LOSS ❌ (-0.26%),0,0.18146412,LOW (<50%)
2025-07-07 05:00:00,BUY (BULLISH),2,1.17662,1.17355,2025-07-07 14:00:00,-0.2609,LOSS ❌ (-0.26%),0,0.15890631,LOW (<50%)
2025-07-07 07:00:00,BUY (BULLISH),2,1.17556,1.17355,2025-07-07 14:00:00,-0.171,LOSS ❌ (-0.17%),0,0.10095565,LOW (<50%)
2025-07-07 08:15:00,BUY (BULLISH),2,1.17384,1.17355,2025-07-07 14:00:00,-0.0247,LOSS ❌ (-0.02%),0,0.26864377,LOW (<50%)
2025-07-07 09:00:00,BUY (BULLISH),2,1.17262,1.17355,2025-07-07 14:00:00,0.0793,LOSS ❌ (0.08%),0,0.14816363,LOW (<50%)
2025-07-07 16:15:00,BUY (BULLISH),2,1.17254,1.17488508,2025-07-08 04:00:00,0.2,WIN ✅ (+0.20%),1,0.58334166,MEDIUM (50-70%)
2025-07-07 17:00:00,BUY (BULLISH),2,1.16983,1.17216966,2025-07-07 19:00:00,0.2,WIN ✅ (+0.20%),1,0.87267303,HIGH (>70%)
2025-07-07 23:15:00,SELL (BEARISH),2,1.17345,1.1711031,2025-07-08 13:00:00,0.2,WIN ✅ (+0.20%),1,0.6967875,MEDIUM (50-70%)
2025-07-08 07:45:00,SELL (BEARISH),2,1.17597,1.17361806,2025-07-08 10:15:00,0.2,WIN ✅ (+0.20%),1,0.59654105,MEDIUM (50-70%)
2025-07-08 14:15:00,BUY (BULLISH),2,1.16944,1.17177888,2025-07-08 17:00:00,0.2,WIN ✅ (+0.20%),1,0.8206743,HIGH (>70%)
2025-07-08 18:00:00,SELL (BEARISH),3,1.17236,1.17001528,2025-07-09 11:45:00,0.2,WIN ✅ (+0.20%),1,0.86756176,HIGH (>70%)
2025-07-08 19:00:00,SELL (BEARISH),2,1.17248,1.17013504,2025-07-09 04:00:00,0.2,WIN ✅ (+0.20%),1,0.8503432,HIGH (>70%)
2025-07-09 03:15:00,BUY (BULLISH),2,1.17061,1.17147,2025-07-09 14:00:00,0.0735,LOSS ❌ (0.07%),0,0.086853765,LOW (<50%)
2025-07-09 13:00:00,SELL (BEARISH),2,1.17167,1.17147,2025-07-09 14:00:00,0.0171,LOSS ❌ (-0.02%),0,0.13468465,LOW (<50%)
2025-07-09 13:15:00,SELL (BEARISH),2,1.17139,1.17147,2025-07-09 14:00:00,-0.0068,LOSS ❌ (0.01%),0,0.20038274,LOW (<50%)
2025-07-09 14:15:00,SELL (BEARISH),2,1.17189,1.1695462200000002,2025-07-10 13:30:00,0.2,WIN ✅ (+0.20%),1,0.75057024,HIGH (>70%)
2025-07-10 00:30:00,SELL (BEARISH),2,1.17457,1.17222086,2025-07-10 11:00:00,0.2,WIN ✅ (+0.20%),1,0.6236085,MEDIUM (50-70%)
2025-07-10 20:30:00,SELL (BEARISH),2,1.16976,1.16742048,2025-07-11 00:15:00,0.2,WIN ✅ (+0.20%),1,0.8348105,HIGH (>70%)
2025-07-10 22:15:00,SELL (BEARISH),2,1.17038,1.16803924,2025-07-11 00:15:00,0.2,WIN ✅ (+0.20%),1,0.88077384,HIGH (>70%)
2025-07-10 22:45:00,SELL (BEARISH),2,1.17055,1.1682089,2025-07-11 00:15:00,0.2,WIN ✅ (+0.20%),1,0.9280944,HIGH (>70%)
2025-07-11 10:00:00,SELL (BEARISH),2,1.16937,1.16835,2025-07-11 14:00:00,0.0872,LOSS ❌ (-0.09%),0,0.2040643,LOW (<50%)
2025-07-11 14:15:00,BUY (BULLISH),2,1.16812,1.16871,2025-07-11 20:45:00,0.0505,LOSS ❌ (0.05%),0,0.1255749,LOW (<50%)
2025-07-14 11:00:00,SELL (BEARISH),2,1.16939,1.16835,2025-07-14 14:00:00,0.0889,LOSS ❌ (-0.09%),0,0.15616763,LOW (<50%)
2025-07-14 11:15:00,SELL (BEARISH),2,1.16948,1.16835,2025-07-14 14:00:00,0.0966,LOSS ❌ (-0.10%),0,0.22643963,LOW (<50%)
2025-07-14 16:00:00,BUY (BULLISH),2,1.1667,1.1690334,2025-07-15 07:30:00,0.2,WIN ✅ (+0.20%),1,0.77467394,HIGH (>70%)
2025-07-14 17:15:00,BUY (BULLISH),2,1.16636,1.16869272,2025-07-15 06:00:00,0.2,WIN ✅ (+0.20%),1,0.69555455,MEDIUM (50-70%)
2025-07-15 13:15:00,BUY (BULLISH),2,1.16669,1.16357,2025-07-15 14:00:00,-0.2674,LOSS ❌ (-0.27%),0,0.16543008,LOW (<50%)
2025-07-15 13:45:00,BUY (BULLISH),2,1.16428,1.16357,2025-07-15 14:00:00,-0.061,LOSS ❌ (-0.06%),0,0.26079494,LOW (<50%)
2025-07-15 14:45:00,BUY (BULLISH),3,1.16182,1.15701,2025-07-16 14:00:00,-0.414,LOSS ❌ (-0.41%),0,0.14542794,LOW (<50%)
2025-07-15 16:45:00,BUY (BULLISH),2,1.15958,1.1618991600000002,2025-07-16 04:45:00,0.2,WIN ✅ (+0.20%),1,0.78940606,HIGH (>70%)
2025-07-15 17:00:00,BUY (BULLISH),3,1.15966,1.16197932,2025-07-16 05:45:00,0.2,WIN ✅ (+0.20%),1,0.7880707,HIGH (>70%)
2025-07-15 23:45:00,SELL (BEARISH),2,1.16069,1.15836862,2025-07-16 13:15:00,0.2,WIN ✅ (+0.20%),1,0.86396396,HIGH (>70%)
2025-07-16 01:30:00,SELL (BEARISH),2,1.16129,1.15896742,2025-07-16 13:15:00,0.2,WIN ✅ (+0.20%),1,0.8935237,HIGH (>70%)
2025-07-16 01:45:00,SELL (BEARISH),2,1.16133,1.15900734,2025-07-16 13:15:00,0.2,WIN ✅ (+0.20%),1,0.6726542,MEDIUM (50-70%)
2025-07-16 04:30:00,SELL (BEARISH),2,1.16135,1.1590273000000002,2025-07-16 13:00:00,0.2,WIN ✅ (+0.20%),1,0.8188324,HIGH (>70%)
2025-07-16 05:15:00,SELL (BEARISH),2,1.1617,1.1593766,2025-07-16 12:15:00,0.2,WIN ✅ (+0.20%),1,0.86538875,HIGH (>70%)
2025-07-16 06:15:00,SELL (BEARISH),2,1.16217,1.15984566,2025-07-16 12:15:00,0.2,WIN ✅ (+0.20%),1,0.9244547,HIGH (>70%)
2025-07-16 10:15:00,BUY (BULLISH),2,1.16128,1.15701,2025-07-16 14:00:00,-0.3677,LOSS ❌ (-0.37%),0,0.11301712,LOW (<50%)
2025-07-16 11:30:00,BUY (BULLISH),2,1.16103,1.15701,2025-07-16 14:00:00,-0.3462,LOSS ❌ (-0.35%),0,0.17683114,LOW (<50%)
2025-07-16 14:30:00,BUY (BULLISH),3,1.15686,1.15917372,2025-07-16 14:45:00,0.2,WIN ✅ (+0.20%),1,0.6401354,MEDIUM (50-70%)
2025-07-16 15:00:00,SELL (BEARISH),2,1.16197,1.15964606,2025-07-17 06:15:00,0.2,WIN ✅ (+0.20%),1,0.9294329,HIGH (>70%)
2025-07-16 15:30:00,SELL (BEARISH),2,1.16889,1.16655222,2025-07-16 15:45:00,0.2,WIN ✅ (+0.20%),1,0.95807195,HIGH (>70%)
2025-07-17 15:30:00,SELL (BEARISH),2,1.15977,1.16558,2025-07-18 14:00:00,-0.501,LOSS ❌ (0.50%),0,0.074083716,LOW (<50%)
2025-07-17 15:45:00,SELL (BEARISH),2,1.15961,1.16558,2025-07-18 14:00:00,-0.5148,LOSS ❌ (0.51%),0,0.2800365,LOW (<50%)
2025-07-17 23:30:00,SELL (BEARISH),2,1.16171,1.16558,2025-07-18 14:00:00,-0.3331,LOSS ❌ (0.33%),0,0.2251972,LOW (<50%)
2025-07-18 00:15:00,SELL (BEARISH),2,1.16206,1.16558,2025-07-18 14:00:00,-0.3029,LOSS ❌ (0.30%),0,0.09598572,LOW (<50%)
2025-07-18 06:00:00,BUY (BULLISH),2,1.16167,1.16399334,2025-07-18 08:15:00,0.2,WIN ✅ (+0.20%),1,0.85302615,HIGH (>70%)
2025-07-18 13:45:00,SELL (BEARISH),2,1.16662,1.16558,2025-07-18 14:00:00,0.0891,LOSS ❌ (-0.09%),0,0.11995153,LOW (<50%)
2025-07-18 14:00:00,SELL (BEARISH),2,1.16558,1.16324884,2025-07-18 16:15:00,0.2,WIN ✅ (+0.20%),1,0.5013077,MEDIUM (50-70%)
2025-07-18 19:30:00,BUY (BULLISH),2,1.16186,1.16247,2025-07-18 20:45:00,0.0525,LOSS ❌ (0.05%),0,0.091192454,LOW (<50%)
2025-07-20 21:45:00,SELL (BEARISH),2,1.1633,1.16773,2025-07-21 14:00:00,-0.3808,LOSS ❌ (0.38%),0,0.21551871,LOW (<50%)
2025-07-21 05:30:00,SELL (BEARISH),2,1.16316,1.16773,2025-07-21 14:00:00,-0.3929,LOSS ❌ (0.39%),0,0.20352037,LOW (<50%)
2025-07-21 07:00:00,SELL (BEARISH),2,1.16418,1.16773,2025-07-21 14:00:00,-0.3049,LOSS ❌ (0.30%),0,0.13001809,LOW (<50%)
2025-07-21 12:00:00,SELL (BEARISH),2,1.16682,1.16773,2025-07-21 14:00:00,-0.078,LOSS ❌ (0.08%),0,0.16483647,LOW (<50%)
2025-07-22 16:30:00,SELL (BEARISH),3,1.17569,1.17333862,2025-07-23 00:00:00,0.2,WIN ✅ (+0.20%),1,0.80557215,HIGH (>70%)
2025-07-23 13:00:00,BUY (BULLISH),2,1.17246,1.17297,2025-07-23 14:00:00,0.0435,LOSS ❌ (0.04%),0,0.22690591,LOW (<50%)
2025-07-23 15:15:00,SELL (BEARISH),2,1.17334,1.1787,2025-07-24 14:00:00,-0.4568,LOSS ❌ (0.46%),0,0.12826271,LOW (<50%)
2025-07-23 16:00:00,SELL (BEARISH),2,1.17429,1.1787,2025-07-24 14:00:00,-0.3755,LOSS ❌ (0.38%),0,0.16896285,LOW (<50%)
2025-07-23 17:00:00,SELL (BEARISH),2,1.17564,1.17328872,2025-07-24 12:30:00,0.2,WIN ✅ (+0.20%),1,0.9527692,HIGH (>70%)
2025-07-23 17:15:00,SELL (BEARISH),3,1.17569,1.17333862,2025-07-24 12:30:00,0.2,WIN ✅ (+0.20%),1,0.9116856,HIGH (>70%)
2025-07-23 18:30:00,SELL (BEARISH),3,1.17716,1.17480568,2025-07-24 09:45:00,0.2,WIN ✅ (+0.20%),1,0.89639556,HIGH (>70%)
2025-07-23 18:45:00,SELL (BEARISH),3,1.1771,1.1747458,2025-07-24 09:45:00,0.2,WIN ✅ (+0.20%),1,0.93013537,HIGH (>70%)
2025-07-23 19:00:00,SELL (BEARISH),2,1.17725,1.1748955,2025-07-24 09:45:00,0.2,WIN ✅ (+0.20%),1,0.8060141,HIGH (>70%)
2025-07-23 20:00:00,SELL (BEARISH),2,1.17731,1.17495538,2025-07-24 09:30:00,0.2,WIN ✅ (+0.20%),1,0.8487119,HIGH (>70%)
2025-07-23 20:15:00,SELL (BEARISH),2,1.17727,1.17491546,2025-07-24 09:45:00,0.2,WIN ✅ (+0.20%),1,0.8968496,HIGH (>70%)
2025-07-24 10:15:00,BUY (BULLISH),2,1.17482,1.17716964,2025-07-24 13:15:00,0.2,WIN ✅ (+0.20%),1,0.74696803,HIGH (>70%)
2025-07-24 13:30:00,SELL (BEARISH),2,1.17627,1.1787,2025-07-24 14:00:00,-0.2066,LOSS ❌ (0.21%),0,0.2668044,LOW (<50%)
2025-07-24 13:45:00,SELL (BEARISH),2,1.17711,1.1787,2025-07-24 14:00:00,-0.1351,LOSS ❌ (0.14%),0,0.1550964,LOW (<50%)
2025-07-25 09:00:00,BUY (BULLISH),2,1.17357,1.17276,2025-07-25 14:00:00,-0.069,LOSS ❌ (-0.07%),0,0.16380382,LOW (<50%)
2025-07-25 12:45:00,BUY (BULLISH),2,1.17179,1.17276,2025-07-25 14:00:00,0.0828,LOSS ❌ (0.08%),0,0.1660073,LOW (<50%)
2025-07-28 04:45:00,BUY (BULLISH),2,1.1747,1.16378,2025-07-28 14:00:00,-0.9296,LOSS ❌ (-0.93%),0,0.16220455,LOW (<50%)
2025-07-28 06:00:00,BUY (BULLISH),2,1.174,1.16378,2025-07-28 14:00:00,-0.8705,LOSS ❌ (-0.87%),0,0.06347554,LOW (<50%)
2025-07-28 10:15:00,BUY (BULLISH),2,1.16588,1.16378,2025-07-28 14:00:00,-0.1801,LOSS ❌ (-0.18%),0,0.1434108,LOW (<50%)
2025-07-28 11:00:00,BUY (BULLISH),2,1.1655,1.16378,2025-07-28 14:00:00,-0.1476,LOSS ❌ (-0.15%),0,0.05517899,LOW (<50%)
2025-07-28 11:30:00,BUY (BULLISH),2,1.1647,1.16378,2025-07-28 14:00:00,-0.079,LOSS ❌ (-0.08%),0,0.07663087,LOW (<50%)
2025-07-28 13:45:00,BUY (BULLISH),3,1.1633,1.16378,2025-07-28 14:00:00,0.0413,LOSS ❌ (0.04%),0,0.11193708,LOW (<50%)
2025-07-28 15:00:00,BUY (BULLISH),2,1.16254,1.15289,2025-07-29 14:00:00,-0.8301,LOSS ❌ (-0.83%),0,0.1877937,LOW (<50%)
2025-07-28 16:15:00,BUY (BULLISH),2,1.16075,1.15289,2025-07-29 14:00:00,-0.6771,LOSS ❌ (-0.68%),0,0.038896944,LOW (<50%)
2025-07-28 16:30:00,BUY (BULLISH),2,1.1604,1.15289,2025-07-29 14:00:00,-0.6472,LOSS ❌ (-0.65%),0,0.068956405,LOW (<50%)
2025-07-28 17:30:00,BUY (BULLISH),2,1.15914,1.15289,2025-07-29 14:00:00,-0.5392,LOSS ❌ (-0.54%),0,0.07298319,LOW (<50%)
2025-07-28 17:45:00,BUY (BULLISH),2,1.15918,1.15289,2025-07-29 14:00:00,-0.5426,LOSS ❌ (-0.54%),0,0.106526345,LOW (<50%)
2025-07-29 12:15:00,BUY (BULLISH),3,1.15341,1.15289,2025-07-29 14:00:00,-0.0451,LOSS ❌ (-0.05%),0,0.117397785,LOW (<50%)
2025-07-29 12:30:00,BUY (BULLISH),2,1.15308,1.15289,2025-07-29 14:00:00,-0.0165,LOSS ❌ (-0.02%),0,0.14563112,LOW (<50%)
2025-07-30 05:00:00,BUY (BULLISH),2,1.15515,1.14736,2025-07-30 14:00:00,-0.6744,LOSS ❌ (-0.67%),0,0.19564259,LOW (<50%)
2025-07-30 13:45:00,BUY (BULLISH),2,1.14691,1.14736,2025-07-30 14:00:00,0.0392,LOSS ❌ (0.04%),0,0.10448094,LOW (<50%)
2025-07-30 18:30:00,SELL (BEARISH),2,1.14587,1.14357826,2025-07-30 18:45:00,0.2,WIN ✅ (+0.20%),1,0.8063573,HIGH (>70%)
2025-07-30 19:00:00,BUY (BULLISH),2,1.14311,1.14539622,2025-07-31 06:45:00,0.2,WIN ✅ (+0.20%),1,0.8123176,HIGH (>70%)
2025-07-30 19:15:00,BUY (BULLISH),2,1.14175,1.1440335,2025-07-31 05:15:00,0.2,WIN ✅ (+0.20%),1,0.9278307,HIGH (>70%)
2025-07-30 20:45:00,BUY (BULLISH),2,1.14021,1.14249042,2025-07-30 23:15:00,0.2,WIN ✅ (+0.20%),1,0.87136894,HIGH (>70%)
2025-07-31 03:15:00,BUY (BULLISH),2,1.14135,1.1436327000000002,2025-07-31 05:00:00,0.2,WIN ✅ (+0.20%),1,0.7700588,HIGH (>70%)
2025-07-31 10:30:00,BUY (BULLISH),2,1.143,1.14218,2025-07-31 14:00:00,-0.0717,LOSS ❌ (-0.07%),0,0.22936007,LOW (<50%)
2025-07-31 20:00:00,BUY (BULLISH),2,1.14126,1.14354252,2025-08-01 06:15:00,0.2,WIN ✅ (+0.20%),1,0.5138324,MEDIUM (50-70%)
2025-08-01 06:30:00,SELL (BEARISH),2,1.14328,1.14099344,2025-08-01 08:45:00,0.2,WIN ✅ (+0.20%),1,0.57507914,MEDIUM (50-70%)
2025-08-01 09:45:00,BUY (BULLISH),2,1.14005,1.1423301,2025-08-01 12:30:00,0.2,WIN ✅ (+0.20%),1,0.720837,HIGH (>70%)
2025-08-01 12:15:00,BUY (BULLISH),2,1.13963,1.1419092599999998,2025-08-01 12:30:00,0.2,WIN ✅ (+0.20%),1,0.4693368,LOW (<50%)
2025-08-01 13:30:00,SELL (BEARISH),2,1.15681,1.15567,2025-08-01 14:00:00,0.0985,LOSS ❌ (-0.10%),0,0.055172298,LOW (<50%)
2025-08-01 14:00:00,SELL (BEARISH),2,1.15567,1.15335866,2025-08-01 17:00:00,0.2,WIN ✅ (+0.20%),1,0.92594236,HIGH (>70%)
2025-08-01 19:45:00,SELL (BEARISH),2,1.15688,1.15864,2025-08-01 20:45:00,-0.1521,LOSS ❌ (0.15%),0,0.10764227,LOW (<50%)
2025-08-01 20:30:00,SELL (BEARISH),2,1.15857,1.15864,2025-08-01 20:45:00,-0.006,LOSS ❌ (0.01%),0,0.18853797,LOW (<50%)
2025-08-01 20:45:00,SELL (BEARISH),3,1.15864,1.15632272,2025-08-04 00:15:00,0.2,WIN ✅ (+0.20%),1,0.6305376,MEDIUM (50-70%)
2025-08-04 01:15:00,BUY (BULLISH),3,1.1553,1.1576106,2025-08-04 02:15:00,0.2,WIN ✅ (+0.20%),1,0.8618197,HIGH (>70%)
2025-08-04 07:00:00,BUY (BULLISH),2,1.15657,1.15768,2025-08-04 14:00:00,0.096,LOSS ❌ (0.10%),0,0.1379866,LOW (<50%)
2025-08-04 07:30:00,BUY (BULLISH),2,1.15569,1.1580013800000002,2025-08-04 11:00:00,0.2,WIN ✅ (+0.20%),1,0.828399,HIGH (>70%)
2025-08-04 08:30:00,BUY (BULLISH),2,1.15508,1.15739016,2025-08-04 09:30:00,0.2,WIN ✅ (+0.20%),1,0.85444486,HIGH (>70%)
2025-08-04 11:15:00,SELL (BEARISH),2,1.15792,1.15768,2025-08-04 14:00:00,0.0207,LOSS ❌ (-0.02%),0,0.17402248,LOW (<50%)
2025-08-04 12:30:00,SELL (BEARISH),3,1.15846,1.15768,2025-08-04 14:00:00,0.0673,LOSS ❌ (-0.07%),0,0.08852711,LOW (<50%)
2025-08-04 12:45:00,SELL (BEARISH),2,1.15749,1.15768,2025-08-04 14:00:00,-0.0164,LOSS ❌ (0.02%),0,0.20603679,LOW (<50%)
2025-08-04 13:00:00,SELL (BEARISH),2,1.15866,1.15768,2025-08-04 14:00:00,0.0846,LOSS ❌ (-0.08%),0,0.12372199,LOW (<50%)
2025-08-04 13:15:00,SELL (BEARISH),3,1.15857,1.15768,2025-08-04 14:00:00,0.0768,LOSS ❌ (-0.08%),0,0.1888005,LOW (<50%)
2025-08-04 16:15:00,BUY (BULLISH),2,1.15647,1.15405,2025-08-05 14:00:00,-0.2093,LOSS ❌ (-0.21%),0,0.28333262,LOW (<50%)
2025-08-04 22:30:00,SELL (BEARISH),2,1.15786,1.15554428,2025-08-05 02:30:00,0.2,WIN ✅ (+0.20%),1,0.7671848,HIGH (>70%)
2025-08-05 04:00:00,BUY (BULLISH),2,1.15555,1.15405,2025-08-05 14:00:00,-0.1298,LOSS ❌ (-0.13%),0,0.1391304,LOW (<50%)
2025-08-05 08:45:00,BUY (BULLISH),2,1.15364,1.15405,2025-08-05 14:00:00,0.0355,LOSS ❌ (0.04%),0,0.14121829,LOW (<50%)
2025-08-05 09:00:00,BUY (BULLISH),2,1.15379,1.15405,2025-08-05 14:00:00,0.0225,LOSS ❌ (0.02%),0,0.18807639,LOW (<50%)
2025-08-05 13:30:00,SELL (BEARISH),3,1.15496,1.15405,2025-08-05 14:00:00,0.0788,LOSS ❌ (-0.08%),0,0.20797265,LOW (<50%)
2025-08-05 14:00:00,SELL (BEARISH),2,1.15405,1.16271,2025-08-06 14:00:00,-0.7504,LOSS ❌ (0.75%),0,0.5513454,MEDIUM (50-70%)
2025-08-05 16:00:00,SELL (BEARISH),2,1.1584,1.16271,2025-08-06 14:00:00,-0.3721,LOSS ❌ (0.37%),0,0.3079004,LOW (<50%)
2025-08-05 16:15:00,SELL (BEARISH),2,1.15818,1.16271,2025-08-06 14:00:00,-0.3911,LOSS ❌ (0.39%),0,0.53126866,MEDIUM (50-70%)
2025-08-05 16:30:00,SELL (BEARISH),2,1.15796,1.16271,2025-08-06 14:00:00,-0.4102,LOSS ❌ (0.41%),0,0.3325033,LOW (<50%)
2025-08-06 00:00:00,SELL (BEARISH),2,1.15777,1.16271,2025-08-06 14:00:00,-0.4267,LOSS ❌ (0.43%),0,0.7127695,HIGH (>70%)
2025-08-06 02:00:00,BUY (BULLISH),2,1.15663,1.15894326,2025-08-06 10:00:00,0.2,WIN ✅ (+0.20%),1,0.42553294,LOW (<50%)
2025-08-06 04:45:00,SELL (BEARISH),2,1.15826,1.16271,2025-08-06 14:00:00,-0.3842,LOSS ❌ (0.38%),0,0.46970835,LOW (<50%)
2025-08-06 11:30:00,SELL (BEARISH),2,1.16101,1.16271,2025-08-06 14:00:00,-0.1464,LOSS ❌ (0.15%),0,0.11487658,LOW (<50%)
2025-08-06 13:15:00,SELL (BEARISH),2,1.16241,1.16271,2025-08-06 14:00:00,-0.0258,LOSS ❌ (0.03%),0,0.4529013,LOW (<50%)
2025-08-06 14:00:00,SELL (BEARISH),2,1.16271,1.1637,2025-08-07 14:00:00,-0.0851,LOSS ❌ (0.09%),0,0.20058644,LOW (<50%)
2025-08-06 14:30:00,SELL (BEARISH),2,1.16291,1.1637,2025-08-07 14:00:00,-0.0679,LOSS ❌ (0.07%),0,0.057216644,LOW (<50%)
2025-08-06 15:15:00,SELL (BEARISH),2,1.16385,1.1637,2025-08-07 14:00:00,0.0129,LOSS ❌ (-0.01%),0,0.4808253,LOW (<50%)
2025-08-06 16:00:00,SELL (BEARISH),2,1.16441,1.1637,2025-08-07 14:00:00,0.061,LOSS ❌ (-0.06%),0,0.52703667,MEDIUM (50-70%)
2025-08-06 17:15:00,SELL (BEARISH),2,1.16476,1.16243048,2025-08-07 14:00:00,0.2,WIN ✅ (+0.20%),1,0.30813813,LOW (<50%)
2025-08-07 01:00:00,BUY (BULLISH),2,1.16529,1.16762058,2025-08-07 06:30:00,0.2,WIN ✅ (+0.20%),1,0.40421534,LOW (<50%)
2025-08-07 04:30:00,SELL (BEARISH),2,1.16722,1.16488556,2025-08-07 11:30:00,0.2,WIN ✅ (+0.20%),1,0.24398948,LOW (<50%)
2025-08-07 14:00:00,BUY (BULLISH),2,1.1637,1.1660274,2025-08-07 20:00:00,0.2,WIN ✅ (+0.20%),1,0.14302865,LOW (<50%)
2025-08-07 14:15:00,BUY (BULLISH),2,1.16231,1.16463462,2025-08-07 19:30:00,0.2,WIN ✅ (+0.20%),1,0.83375835,HIGH (>70%)
2025-08-07 14:30:00,BUY (BULLISH),2,1.16183,1.16415366,2025-08-07 15:45:00,0.2,WIN ✅ (+0.20%),1,0.80893326,HIGH (>70%)
2025-08-07 14:45:00,BUY (BULLISH),2,1.1624,1.1647248,2025-08-07 19:30:00,0.2,WIN ✅ (+0.20%),1,0.65776694,MEDIUM (50-70%)
2025-08-07 15:00:00,BUY (BULLISH),2,1.16264,1.16496528,2025-08-07 19:30:00,0.2,WIN ✅ (+0.20%),1,0.52734214,MEDIUM (50-70%)
2025-08-07 19:45:00,SELL (BEARISH),2,1.16541,1.16307918,2025-08-08 09:30:00,0.2,WIN ✅ (+0.20%),1,0.09035124,LOW (<50%)
2025-08-08 01:45:00,BUY (BULLISH),2,1.16571,1.16554,2025-08-08 14:00:00,-0.0146,LOSS ❌ (-0.01%),0,0.30276048,LOW (<50%)
2025-08-08 05:45:00,BUY (BULLISH),2,1.16406,1.16638812,2025-08-08 07:30:00,0.2,WIN ✅ (+0.20%),1,0.84584016,HIGH (>70%)
2025-08-08 19:30:00,BUY (BULLISH),2,1.1641,1.1641,2025-08-08 20:45:00,0.0,LOSS ❌ (0.00%),0,0.71850187,HIGH (>70%)
2025-08-11 02:45:00,SELL (BEARISH),2,1.16657,1.1642368600000002,2025-08-11 09:15:00,0.2,WIN ✅ (+0.20%),1,0.36432204,LOW (<50%)
2025-08-11 09:30:00,BUY (BULLISH),2,1.16428,1.16062,2025-08-11 14:00:00,-0.3144,LOSS ❌ (-0.31%),0,0.5822926,MEDIUM (50-70%)
2025-08-11 11:45:00,BUY (BULLISH),2,1.16283,1.16062,2025-08-11 14:00:00,-0.1901,LOSS ❌ (-0.19%),0,0.4744107,LOW (<50%)
2025-08-11 14:45:00,BUY (BULLISH),2,1.15954,1.16185908,2025-08-11 20:30:00,0.2,WIN ✅ (+0.20%),1,0.50202096,MEDIUM (50-70%)
2025-08-11 15:00:00,BUY (BULLISH),2,1.15923,1.16154846,2025-08-11 20:15:00,0.2,WIN ✅ (+0.20%),1,0.63847154,MEDIUM (50-70%)
2025-08-12 00:00:00,SELL (BEARISH),2,1.16155,1.16473,2025-08-12 14:00:00,-0.2738,LOSS ❌ (0.27%),0,0.5703403,MEDIUM (50-70%)
2025-08-12 06:00:00,BUY (BULLISH),2,1.16133,1.16365266,2025-08-12 12:30:00,0.2,WIN ✅ (+0.20%),1,0.24806753,LOW (<50%)
2025-08-12 13:45:00,SELL (BEARISH),2,1.1652,1.16473,2025-08-12 14:00:00,0.0403,LOSS ❌ (-0.04%),0,0.41150758,LOW (<50%)
2025-08-12 23:15:00,SELL (BEARISH),2,1.16766,1.17081,2025-08-13 14:00:00,-0.2698,LOSS ❌ (0.27%),0,0.939238,HIGH (>70%)
2025-08-13 09:30:00,SELL (BEARISH),2,1.17271,1.17036458,2025-08-13 12:30:00,0.2,WIN ✅ (+0.20%),1,0.7995038,HIGH (>70%)
2025-08-13 23:30:00,SELL (BEARISH),2,1.17097,1.16862806,2025-08-14 06:45:00,0.2,WIN ✅ (+0.20%),1,0.84703666,HIGH (>70%)
2025-08-14 00:00:00,SELL (BEARISH),2,1.17119,1.16884762,2025-08-14 06:45:00,0.2,WIN ✅ (+0.20%),1,0.68016356,MEDIUM (50-70%)
2025-08-14 01:15:00,SELL (BEARISH),2,1.17131,1.16896738,2025-08-14 06:45:00,0.2,WIN ✅ (+0.20%),1,0.81937397,HIGH (>70%)
2025-08-14 02:30:00,BUY (BULLISH),2,1.17041,1.16521,2025-08-14 14:00:00,-0.4443,LOSS ❌ (-0.44%),0,0.3584421,LOW (<50%)
2025-08-14 07:45:00,BUY (BULLISH),2,1.16794,1.16521,2025-08-14 14:00:00,-0.2337,LOSS ❌ (-0.23%),0,0.7304145,HIGH (>70%)
2025-08-14 08:00:00,BUY (BULLISH),2,1.168,1.16521,2025-08-14 14:00:00,-0.2389,LOSS ❌ (-0.24%),0,0.58085644,MEDIUM (50-70%)
2025-08-14 12:30:00,BUY (BULLISH),2,1.1678,1.16521,2025-08-14 14:00:00,-0.2218,LOSS ❌ (-0.22%),0,0.25823078,LOW (<50%)
2025-08-14 13:45:00,BUY (BULLISH),2,1.16498,1.16521,2025-08-14 14:00:00,0.0197,LOSS ❌ (0.02%),0,0.4695679,LOW (<50%)
2025-08-14 14:00:00,BUY (BULLISH),2,1.16521,1.16754042,2025-08-15 07:00:00,0.2,WIN ✅ (+0.20%),1,0.4299791,LOW (<50%)
2025-08-14 15:45:00,BUY (BULLISH),2,1.16427,1.16659854,2025-08-15 05:45:00,0.2,WIN ✅ (+0.20%),1,0.27107078,LOW (<50%)
2025-08-14 16:15:00,BUY (BULLISH),2,1.1638,1.1661276,2025-08-15 03:30:00,0.2,WIN ✅ (+0.20%),1,0.63297725,MEDIUM (50-70%)
2025-08-14 16:45:00,BUY (BULLISH),2,1.1634,1.1657268,2025-08-15 01:30:00,0.2,WIN ✅ (+0.20%),1,0.18274128,LOW (<50%)
2025-08-15 05:30:00,SELL (BEARISH),2,1.16626,1.17117,2025-08-15 14:00:00,-0.421,LOSS ❌ (0.42%),0,0.68064404,MEDIUM (50-70%)
2025-08-15 08:00:00,SELL (BEARISH),2,1.16827,1.17117,2025-08-15 14:00:00,-0.2482,LOSS ❌ (0.25%),0,0.18691838,LOW (<50%)
2025-08-15 09:15:00,SELL (BEARISH),2,1.16869,1.17117,2025-08-15 14:00:00,-0.2122,LOSS ❌ (0.21%),0,0.29327542,LOW (<50%)
2025-08-15 10:00:00,SELL (BEARISH),2,1.16881,1.17117,2025-08-15 14:00:00,-0.2019,LOSS ❌ (0.20%),0,0.26176456,LOW (<50%)
2025-08-15 14:15:00,SELL (BEARISH),2,1.17099,1.17026,2025-08-15 20:45:00,0.0623,LOSS ❌ (-0.06%),0,0.53308564,MEDIUM (50-70%)
2025-08-15 14:30:00,SELL (BEARISH),2,1.1714,1.17026,2025-08-15 20:45:00,0.0973,LOSS ❌ (-0.10%),0,0.51964,MEDIUM (50-70%)
2025-08-17 21:15:00,SELL (BEARISH),2,1.17106,1.16871788,2025-08-18 07:45:00,0.2,WIN ✅ (+0.20%),1,0.8975464,HIGH (>70%)
2025-08-18 01:30:00,BUY (BULLISH),2,1.16954,1.16776,2025-08-18 14:00:00,-0.1522,LOSS ❌ (-0.15%),0,0.26528773,LOW (<50%)
2025-08-18 06:45:00,BUY (BULLISH),2,1.16962,1.16776,2025-08-18 14:00:00,-0.159,LOSS ❌ (-0.16%),0,0.23665875,LOW (<50%)
2025-08-19 11:00:00,SELL (BEARISH),2,1.16879,1.16691,2025-08-19 14:00:00,0.1609,LOSS ❌ (-0.16%),0,0.20793705,LOW (<50%)
2025-08-19 14:15:00,BUY (BULLISH),2,1.16686,1.16557,2025-08-20 14:00:00,-0.1106,LOSS ❌ (-0.11%),0,0.2983774,LOW (<50%)
2025-08-19 16:00:00,BUY (BULLISH),2,1.16591,1.16557,2025-08-20 14:00:00,-0.0292,LOSS ❌ (-0.03%),0,0.25990492,LOW (<50%)
2025-08-19 18:15:00,BUY (BULLISH),2,1.165,1.16557,2025-08-20 14:00:00,0.0489,LOSS ❌ (0.05%),0,0.19019705,LOW (<50%)
2025-08-21 14:45:00,BUY (BULLISH),2,1.16153,1.16385306,2025-08-22 14:00:00,0.2,WIN ✅ (+0.20%),1,0.45651016,LOW (<50%)
2025-08-21 15:00:00,BUY (BULLISH),2,1.16074,1.16306148,2025-08-22 14:00:00,0.2,WIN ✅ (+0.20%),1,0.6429238,MEDIUM (50-70%)
2025-08-21 15:15:00,BUY (BULLISH),2,1.16194,1.16426388,2025-08-22 14:00:00,0.2,WIN ✅ (+0.20%),1,0.63542116,MEDIUM (50-70%)
2025-08-22 00:15:00,SELL (BEARISH),2,1.16139,1.1590672199999998,2025-08-22 03:45:00,0.2,WIN ✅ (+0.20%),1,0.47775394,LOW (<50%)
2025-08-22 09:00:00,SELL (BEARISH),2,1.15985,1.16821,2025-08-22 14:00:00,-0.7208,LOSS ❌ (0.72%),0,0.34096172,LOW (<50%)
2025-08-22 14:30:00,SELL (BEARISH),2,1.17036,1.17221,2025-08-22 20:45:00,-0.1581,LOSS ❌ (0.16%),0,0.097982034,LOW (<50%)
2025-08-22 15:15:00,SELL (BEARISH),2,1.17245,1.17221,2025-08-22 20:45:00,0.0205,LOSS ❌ (-0.02%),0,0.15478297,LOW (<50%)
2025-08-22 17:45:00,SELL (BEARISH),2,1.17365,1.17221,2025-08-22 20:45:00,0.1227,LOSS ❌ (-0.12%),0,0.39344996,LOW (<50%)
2025-08-24 22:15:00,BUY (BULLISH),2,1.17156,1.1703,2025-08-25 14:00:00,-0.1075,LOSS ❌ (-0.11%),0,0.6788825,MEDIUM (50-70%)
2025-08-24 23:30:00,BUY (BULLISH),2,1.17087,1.1703,2025-08-25 14:00:00,-0.0487,LOSS ❌ (-0.05%),0,0.5682873,MEDIUM (50-70%)
2025-08-25 00:30:00,BUY (BULLISH),2,1.16982,1.1703,2025-08-25 14:00:00,0.041,LOSS ❌ (0.04%),0,0.7390222,HIGH (>70%)
2025-08-25 00:45:00,BUY (BULLISH),2,1.16976,1.1703,2025-08-25 14:00:00,0.0462,LOSS ❌ (0.05%),0,0.6445891,MEDIUM (50-70%)
2025-08-25 01:30:00,BUY (BULLISH),2,1.16961,1.17194922,2025-08-25 06:30:00,0.2,WIN ✅ (+0.20%),1,0.7080705,HIGH (>70%)
2025-08-25 01:45:00,BUY (BULLISH),2,1.16959,1.17192918,2025-08-25 06:15:00,0.2,WIN ✅ (+0.20%),1,0.6217879,MEDIUM (50-70%)
2025-08-25 10:30:00,BUY (BULLISH),2,1.16868,1.1703,2025-08-25 14:00:00,0.1386,LOSS ❌ (0.14%),0,0.40263438,LOW (<50%)
2025-08-25 10:45:00,BUY (BULLISH),2,1.16873,1.1703,2025-08-25 14:00:00,0.1343,LOSS ❌ (0.13%),0,0.12447956,LOW (<50%)
2025-08-25 15:15:00,BUY (BULLISH),2,1.16842,1.16488,2025-08-26 14:00:00,-0.303,LOSS ❌ (-0.30%),0,0.26190758,LOW (<50%)
2025-08-25 16:15:00,BUY (BULLISH),2,1.16649,1.16488,2025-08-26 14:00:00,-0.138,LOSS ❌ (-0.14%),0,0.5961682,MEDIUM (50-70%)
2025-08-26 07:15:00,BUY (BULLISH),2,1.1618,1.1641236,2025-08-26 09:45:00,0.2,WIN ✅ (+0.20%),1,0.5332741,MEDIUM (50-70%)
2025-08-26 10:00:00,SELL (BEARISH),2,1.16435,1.16488,2025-08-26 14:00:00,-0.0455,LOSS ❌ (0.05%),0,0.21996954,LOW (<50%)
2025-08-26 10:15:00,SELL (BEARISH),3,1.16429,1.16488,2025-08-26 14:00:00,-0.0507,LOSS ❌ (0.05%),0,0.28512076,LOW (<50%)
2025-08-26 14:15:00,SELL (BEARISH),2,1.1659,1.1635681999999998,2025-08-26 18:00:00,0.2,WIN ✅ (+0.20%),1,0.2764823,LOW (<50%)
2025-08-27 01:30:00,BUY (BULLISH),2,1.16353,1.15923,2025-08-27 14:00:00,-0.3696,LOSS ❌ (-0.37%),0,0.44096214,LOW (<50%)
2025-08-27 02:15:00,BUY (BULLISH),2,1.16264,1.15923,2025-08-27 14:00:00,-0.2933,LOSS ❌ (-0.29%),0,0.52725685,MEDIUM (50-70%)
2025-08-27 13:45:00,SELL (BEARISH),2,1.15975,1.15923,2025-08-27 14:00:00,0.0448,LOSS ❌ (-0.04%),0,0.16824625,LOW (<50%)
2025-08-27 17:00:00,SELL (BEARISH),3,1.16375,1.16832,2025-08-28 14:00:00,-0.3927,LOSS ❌ (0.39%),0,0.347315,LOW (<50%)
2025-08-27 23:00:00,SELL (BEARISH),2,1.16431,1.16832,2025-08-28 14:00:00,-0.3444,LOSS ❌ (0.34%),0,0.74429184,HIGH (>70%)
2025-08-27 23:15:00,SELL (BEARISH),2,1.16438,1.16832,2025-08-28 14:00:00,-0.3384,LOSS ❌ (0.34%),0,0.6838396,MEDIUM (50-70%)
2025-08-27 23:45:00,SELL (BEARISH),2,1.16472,1.16832,2025-08-28 14:00:00,-0.3091,LOSS ❌ (0.31%),0,0.5301454,MEDIUM (50-70%)
2025-08-28 05:15:00,BUY (BULLISH),2,1.16396,1.16628792,2025-08-28 10:15:00,0.2,WIN ✅ (+0.20%),1,0.5468116,MEDIUM (50-70%)
2025-08-28 10:45:00,SELL (BEARISH),2,1.16711,1.16832,2025-08-28 14:00:00,-0.1037,LOSS ❌ (0.10%),0,0.18468282,LOW (<50%)
2025-08-28 17:15:00,SELL (BEARISH),2,1.16937,1.16703126,2025-08-29 01:00:00,0.2,WIN ✅ (+0.20%),1,0.2526768,LOW (<50%)
2025-08-29 00:45:00,BUY (BULLISH),2,1.16744,1.16774,2025-08-29 14:00:00,0.0257,LOSS ❌ (0.03%),0,0.6216797,MEDIUM (50-70%)
2025-08-29 01:00:00,BUY (BULLISH),2,1.16741,1.16774,2025-08-29 14:00:00,0.0283,LOSS ❌ (0.03%),0,0.5808123,MEDIUM (50-70%)
2025-08-29 11:45:00,BUY (BULLISH),2,1.16626,1.16774,2025-08-29 14:00:00,0.1269,LOSS ❌ (0.13%),0,0.14441659,LOW (<50%)
2025-08-29 15:00:00,SELL (BEARISH),2,1.16982,1.16857,2025-08-29 20:45:00,0.1069,LOSS ❌ (-0.11%),0,0.31874415,LOW (<50%)
2025-09-01 03:00:00,SELL (BEARISH),2,1.17121,1.17111,2025-09-01 14:00:00,0.0085,LOSS ❌ (-0.01%),0,0.6681588,MEDIUM (50-70%)
2025-09-01 12:45:00,BUY (BULLISH),2,1.17072,1.17111,2025-09-01 14:00:00,0.0333,LOSS ❌ (0.03%),0,0.30966485,LOW (<50%)
2025-09-01 16:00:00,BUY (BULLISH),2,1.16994,1.16777,2025-09-02 14:00:00,-0.1855,LOSS ❌ (-0.19%),0,0.36937416,LOW (<50%)
2025-09-01 23:45:00,SELL (BEARISH),2,1.17145,1.1691071000000002,2025-09-02 04:00:00,0.2,WIN ✅ (+0.20%),1,0.8197334,HIGH (>70%)
2025-09-02 04:15:00,BUY (BULLISH),2,1.16914,1.16777,2025-09-02 14:00:00,-0.1172,LOSS ❌ (-0.12%),0,0.342938,LOW (<50%)
2025-09-02 08:00:00,BUY (BULLISH),2,1.16495,1.1672799,2025-09-02 14:00:00,0.2,WIN ✅ (+0.20%),1,0.72916967,HIGH (>70%)
2025-09-02 08:15:00,BUY (BULLISH),2,1.16399,1.16631798,2025-09-02 14:00:00,0.2,WIN ✅ (+0.20%),1,0.4175545,LOW (<50%)
2025-09-02 12:45:00,BUY (BULLISH),2,1.16168,1.1640033600000002,2025-09-02 13:15:00,0.2,WIN ✅ (+0.20%),1,0.13164237,LOW (<50%)
2025-09-02 14:15:00,SELL (BEARISH),2,1.16721,1.16487558,2025-09-02 16:00:00,0.2,WIN ✅ (+0.20%),1,0.30124304,LOW (<50%)
2025-09-03 01:15:00,BUY (BULLISH),2,1.16293,1.16525586,2025-09-03 08:15:00,0.2,WIN ✅ (+0.20%),1,0.52425855,MEDIUM (50-70%)
2025-09-03 03:30:00,BUY (BULLISH),2,1.16247,1.16479494,2025-09-03 08:00:00,0.2,WIN ✅ (+0.20%),1,0.79001105,HIGH (>70%)
2025-09-03 08:45:00,SELL (BEARISH),2,1.16561,1.16689,2025-09-03 14:00:00,-0.1098,LOSS ❌ (0.11%),0,0.27706203,LOW (<50%)
2025-09-03 09:00:00,SELL (BEARISH),2,1.16536,1.16689,2025-09-03 14:00:00,-0.1313,LOSS ❌ (0.13%),0,0.33424857,LOW (<50%)
2025-09-03 14:15:00,SELL (BEARISH),2,1.1676,1.1652648,2025-09-04 01:00:00,0.2,WIN ✅ (+0.20%),1,0.40995935,LOW (<50%)
2025-09-03 15:00:00,SELL (BEARISH),2,1.1677,1.1653646,2025-09-04 01:00:00,0.2,WIN ✅ (+0.20%),1,0.5571973,MEDIUM (50-70%)
2025-09-03 15:15:00,SELL (BEARISH),2,1.16794,1.16560412,2025-09-03 19:15:00,0.2,WIN ✅ (+0.20%),1,0.30859432,LOW (<50%)
2025-09-03 15:30:00,SELL (BEARISH),2,1.1674,1.1650652,2025-09-04 03:00:00,0.2,WIN ✅ (+0.20%),1,0.37594217,LOW (<50%)
2025-09-03 19:15:00,BUY (BULLISH),2,1.16582,1.16475,2025-09-04 14:00:00,-0.0918,LOSS ❌ (-0.09%),0,0.72231144,HIGH (>70%)
2025-09-04 02:45:00,BUY (BULLISH),2,1.16527,1.16475,2025-09-04 14:00:00,-0.0446,LOSS ❌ (-0.04%),0,0.55696285,MEDIUM (50-70%)
2025-09-04 07:15:00,BUY (BULLISH),2,1.16527,1.16475,2025-09-04 14:00:00,-0.0446,LOSS ❌ (-0.04%),0,0.44932362,LOW (<50%)
2025-09-04 09:45:00,BUY (BULLISH),2,1.16428,1.16475,2025-09-04 14:00:00,0.0404,LOSS ❌ (0.04%),0,0.12661192,LOW (<50%)
2025-09-04 11:45:00,BUY (BULLISH),2,1.16424,1.16475,2025-09-04 14:00:00,0.0438,LOSS ❌ (0.04%),0,0.304436,LOW (<50%)
2025-09-04 20:45:00,SELL (BEARISH),2,1.16515,1.17443,2025-09-05 14:00:00,-0.7965,LOSS ❌ (0.80%),0,0.69876194,MEDIUM (50-70%)
2025-09-05 13:45:00,SELL (BEARISH),2,1.17485,1.17443,2025-09-05 14:00:00,0.0357,LOSS ❌ (-0.04%),0,0.5184805,MEDIUM (50-70%)
2025-09-05 14:00:00,SELL (BEARISH),2,1.17443,1.1720811400000002,2025-09-05 18:00:00,0.2,WIN ✅ (+0.20%),1,0.68786323,MEDIUM (50-70%)
2025-09-05 16:00:00,SELL (BEARISH),3,1.1757,1.1733486,2025-09-05 17:00:00,0.2,WIN ✅ (+0.20%),1,0.42760217,LOW (<50%)
2025-09-07 22:45:00,BUY (BULLISH),2,1.17055,1.1728911,2025-09-08 07:00:00,0.2,WIN ✅ (+0.20%),1,0.34360188,LOW (<50%)
2025-09-08 07:00:00,SELL (BEARISH),2,1.17259,1.17452,2025-09-08 14:00:00,-0.1646,LOSS ❌ (0.16%),0,0.2925668,LOW (<50%)
2025-09-08 07:45:00,SELL (BEARISH),2,1.17324,1.17452,2025-09-08 14:00:00,-0.1091,LOSS ❌ (0.11%),0,0.5820272,MEDIUM (50-70%)
2025-09-08 13:30:00,SELL (BEARISH),2,1.17506,1.17452,2025-09-08 14:00:00,0.046,LOSS ❌ (-0.05%),0,0.557077,MEDIUM (50-70%)
2025-09-09 14:00:00,BUY (BULLISH),2,1.1736,1.17258,2025-09-10 14:00:00,-0.0869,LOSS ❌ (-0.09%),0,0.47388333,LOW (<50%)
2025-09-09 14:30:00,BUY (BULLISH),2,1.17336,1.17258,2025-09-10 14:00:00,-0.0665,LOSS ❌ (-0.07%),0,0.42913926,LOW (<50%)
2025-09-09 15:15:00,BUY (BULLISH),2,1.1724,1.17258,2025-09-10 14:00:00,0.0154,LOSS ❌ (0.02%),0,0.21132907,LOW (<50%)
2025-09-09 19:15:00,BUY (BULLISH),2,1.1705,1.17258,2025-09-10 14:00:00,0.1777,LOSS ❌ (0.18%),0,0.20832798,LOW (<50%)
2025-09-10 05:00:00,SELL (BEARISH),2,1.17146,1.16911708,2025-09-10 07:00:00,0.2,WIN ✅ (+0.20%),1,0.87598294,HIGH (>70%)
2025-09-10 06:15:00,SELL (BEARISH),2,1.17147,1.16912706,2025-09-10 06:45:00,0.2,WIN ✅ (+0.20%),1,0.7708705,HIGH (>70%)
2025-09-10 12:30:00,SELL (BEARISH),2,1.17067,1.17258,2025-09-10 14:00:00,-0.1632,LOSS ❌ (0.16%),0,0.19563782,LOW (<50%)
2025-09-10 14:00:00,SELL (BEARISH),2,1.17258,1.17023484,2025-09-10 16:45:00,0.2,WIN ✅ (+0.20%),1,0.6295144,MEDIUM (50-70%)
2025-09-10 14:45:00,SELL (BEARISH),2,1.17274,1.17039452,2025-09-10 16:45:00,0.2,WIN ✅ (+0.20%),1,0.6545818,MEDIUM (50-70%)
2025-09-11 12:30:00,BUY (BULLISH),2,1.17049,1.17283098,2025-09-11 13:00:00,0.2,WIN ✅ (+0.20%),1,0.050564684,LOW (<50%)
2025-09-11 14:00:00,SELL (BEARISH),2,1.17377,1.17142246,2025-09-12 09:00:00,0.2,WIN ✅ (+0.20%),1,0.69747204,MEDIUM (50-70%)
2025-09-11 15:15:00,SELL (BEARISH),2,1.17375,1.1714025,2025-09-12 09:00:00,0.2,WIN ✅ (+0.20%),1,0.764547,HIGH (>70%)
2025-09-12 00:15:00,BUY (BULLISH),2,1.17294,1.17143,2025-09-12 14:00:00,-0.1287,LOSS ❌ (-0.13%),0,0.8319072,HIGH (>70%)
2025-09-12 00:30:00,BUY (BULLISH),2,1.17289,1.17143,2025-09-12 14:00:00,-0.1245,LOSS ❌ (-0.12%),0,0.7194814,HIGH (>70%)
2025-09-12 07:15:00,SELL (BEARISH),2,1.17433,1.17198134,2025-09-12 08:45:00,0.2,WIN ✅ (+0.20%),1,0.5846178,MEDIUM (50-70%)
2025-09-12 09:00:00,BUY (BULLISH),2,1.17173,1.17143,2025-09-12 14:00:00,-0.0256,LOSS ❌ (-0.03%),0,0.13413088,LOW (<50%)
2025-09-12 16:45:00,SELL (BEARISH),2,1.17266,1.17321,2025-09-12 20:45:00,-0.0469,LOSS ❌ (0.05%),0,0.21245822,LOW (<50%)
2025-09-12 17:15:00,SELL (BEARISH),2,1.17333,1.17321,2025-09-12 20:45:00,0.0102,LOSS ❌ (-0.01%),0,0.8836906,HIGH (>70%)
2025-09-15 00:00:00,BUY (BULLISH),2,1.17257,1.17491514,2025-09-15 09:30:00,0.2,WIN ✅ (+0.20%),1,0.2709351,LOW (<50%)
2025-09-15 03:45:00,SELL (BEARISH),2,1.17307,1.17543,2025-09-15 14:00:00,-0.2012,LOSS ❌ (0.20%),0,0.8029596,HIGH (>70%)
2025-09-15 07:30:00,SELL (BEARISH),2,1.17357,1.17543,2025-09-15 14:00:00,-0.1585,LOSS ❌ (0.16%),0,0.27327642,LOW (<50%)
2025-09-16 11:45:00,SELL (BEARISH),2,1.18137,1.17900726,2025-09-16 12:30:00,0.2,WIN ✅ (+0.20%),1,0.6579696,MEDIUM (50-70%)
2025-09-16 13:30:00,SELL (BEARISH),2,1.1819,1.1838,2025-09-16 14:00:00,-0.1608,LOSS ❌ (0.16%),0,0.54716134,MEDIUM (50-70%)
2025-09-16 14:30:00,SELL (BEARISH),2,1.18454,1.18515,2025-09-17 14:00:00,-0.0515,LOSS ❌ (0.05%),0,0.79254234,HIGH (>70%)
2025-09-16 15:00:00,SELL (BEARISH),2,1.18364,1.18515,2025-09-17 14:00:00,-0.1276,LOSS ❌ (0.13%),0,0.6370803,MEDIUM (50-70%)
2025-09-16 16:45:00,SELL (BEARISH),2,1.18641,1.18403718,2025-09-17 07:15:00,0.2,WIN ✅ (+0.20%),1,0.8767708,HIGH (>70%)
2025-09-16 17:15:00,SELL (BEARISH),2,1.18704,1.18466592,2025-09-17 07:00:00,0.2,WIN ✅ (+0.20%),1,0.86168265,HIGH (>70%)
2025-09-17 01:00:00,BUY (BULLISH),2,1.18577,1.18515,2025-09-17 14:00:00,-0.0523,LOSS ❌ (-0.05%),0,0.74004877,HIGH (>70%)
2025-09-17 02:30:00,BUY (BULLISH),2,1.18535,1.18515,2025-09-17 14:00:00,-0.0169,LOSS ❌ (-0.02%),0,0.6161339,MEDIUM (50-70%)
2025-09-17 13:45:00,SELL (BEARISH),2,1.18496,1.18515,2025-09-17 14:00:00,-0.016,LOSS ❌ (0.02%),0,0.41546974,LOW (<50%)
2025-09-18 01:45:00,BUY (BULLISH),2,1.18133,1.18369266,2025-09-18 07:45:00,0.2,WIN ✅ (+0.20%),1,0.49745366,LOW (<50%)
2025-09-18 07:45:00,SELL (BEARISH),2,1.18313,1.18076374,2025-09-18 12:30:00,0.2,WIN ✅ (+0.20%),1,0.6787873,MEDIUM (50-70%)
2025-09-18 09:00:00,SELL (BEARISH),2,1.18382,1.1814523600000002,2025-09-18 12:30:00,0.2,WIN ✅ (+0.20%),1,0.7545352,HIGH (>70%)
2025-09-18 13:15:00,BUY (BULLISH),2,1.17843,1.17747,2025-09-18 14:00:00,-0.0815,LOSS ❌ (-0.08%),0,0.8956595,HIGH (>70%)
2025-09-18 13:45:00,BUY (BULLISH),2,1.17668,1.17747,2025-09-18 14:00:00,0.0671,LOSS ❌ (0.07%),0,0.3631186,LOW (<50%)
2025-09-19 06:30:00,BUY (BULLISH),2,1.17711,1.17579,2025-09-19 14:00:00,-0.1121,LOSS ❌ (-0.11%),0,0.4161612,LOW (<50%)
2025-09-19 08:00:00,BUY (BULLISH),2,1.17576,1.17579,2025-09-19 14:00:00,0.0026,LOSS ❌ (0.00%),0,0.5880501,MEDIUM (50-70%)
2025-09-19 14:30:00,SELL (BEARISH),2,1.17652,1.17416696,2025-09-19 15:30:00,0.2,WIN ✅ (+0.20%),1,0.31523645,LOW (<50%)
2025-09-21 22:45:00,BUY (BULLISH),2,1.17405,1.1763981,2025-09-22 08:15:00,0.2,WIN ✅ (+0.20%),1,0.39854074,LOW (<50%)
2025-09-21 23:30:00,BUY (BULLISH),2,1.1739,1.1762477999999998,2025-09-22 08:00:00,0.2,WIN ✅ (+0.20%),1,0.3166749,LOW (<50%)
2025-09-22 06:00:00,SELL (BEARISH),2,1.17379,1.17693,2025-09-22 14:00:00,-0.2675,LOSS ❌ (0.27%),0,0.31784973,LOW (<50%)
2025-09-22 12:45:00,SELL (BEARISH),2,1.17828,1.17693,2025-09-22 14:00:00,0.1146,LOSS ❌ (-0.11%),0,0.44353572,LOW (<50%)
2025-09-22 13:00:00,SELL (BEARISH),2,1.17822,1.17693,2025-09-22 14:00:00,0.1095,LOSS ❌ (-0.11%),0,0.5020069,MEDIUM (50-70%)
2025-09-23 01:00:00,SELL (BEARISH),2,1.18058,1.17821884,2025-09-23 07:15:00,0.2,WIN ✅ (+0.20%),1,0.77875286,HIGH (>70%)
2025-09-23 05:00:00,BUY (BULLISH),2,1.17979,1.17981,2025-09-23 14:00:00,0.0017,LOSS ❌ (0.00%),0,0.15900625,LOW (<50%)
2025-09-23 16:45:00,SELL (BEARISH),2,1.18046,1.17809908,2025-09-24 08:00:00,0.2,WIN ✅ (+0.20%),1,0.6520072,MEDIUM (50-70%)
2025-09-23 19:45:00,SELL (BEARISH),2,1.1816,1.1792368,2025-09-24 05:45:00,0.2,WIN ✅ (+0.20%),1,0.66412604,MEDIUM (50-70%)
2025-09-23 20:00:00,SELL (BEARISH),2,1.18153,1.17916694,2025-09-24 06:15:00,0.2,WIN ✅ (+0.20%),1,0.5780365,MEDIUM (50-70%)
2025-09-24 00:30:00,BUY (BULLISH),2,1.1807,1.17359,2025-09-24 14:00:00,-0.6022,LOSS ❌ (-0.60%),0,0.80862975,HIGH (>70%)
2025-09-24 01:00:00,BUY (BULLISH),2,1.18038,1.17359,2025-09-24 14:00:00,-0.5752,LOSS ❌ (-0.58%),0,0.24364631,LOW (<50%)
2025-09-24 06:30:00,BUY (BULLISH),2,1.17924,1.17359,2025-09-24 14:00:00,-0.4791,LOSS ❌ (-0.48%),0,0.56994027,MEDIUM (50-70%)
2025-09-24 07:00:00,BUY (BULLISH),2,1.17862,1.17359,2025-09-24 14:00:00,-0.4268,LOSS ❌ (-0.43%),0,0.5090109,MEDIUM (50-70%)
2025-09-24 13:15:00,BUY (BULLISH),2,1.17363,1.17359,2025-09-24 14:00:00,-0.0034,LOSS ❌ (-0.00%),0,0.49389553,LOW (<50%)
2025-09-24 23:15:00,SELL (BEARISH),2,1.17441,1.17206118,2025-09-25 12:30:00,0.2,WIN ✅ (+0.20%),1,0.8512656,HIGH (>70%)
2025-09-25 03:30:00,SELL (BEARISH),2,1.17507,1.17271986,2025-09-25 12:30:00,0.2,WIN ✅ (+0.20%),1,0.825945,HIGH (>70%)
2025-09-25 06:00:00,BUY (BULLISH),2,1.17421,1.1683,2025-09-25 14:00:00,-0.5033,LOSS ❌ (-0.50%),0,0.23869032,LOW (<50%)
2025-09-25 14:00:00,BUY (BULLISH),2,1.1683,1.16935,2025-09-26 14:00:00,0.0899,LOSS ❌ (0.09%),0,0.7080788,HIGH (>70%)
2025-09-25 14:30:00,BUY (BULLISH),2,1.16812,1.16935,2025-09-26 14:00:00,0.1053,LOSS ❌ (0.11%),0,0.61246026,MEDIUM (50-70%)
2025-09-25 17:00:00,BUY (BULLISH),2,1.16689,1.16922378,2025-09-26 13:00:00,0.2,WIN ✅ (+0.20%),1,0.12989904,LOW (<50%)
2025-09-25 17:30:00,BUY (BULLISH),2,1.16559,1.16792118,2025-09-26 04:15:00,0.2,WIN ✅ (+0.20%),1,0.24330513,LOW (<50%)
2025-09-26 02:45:00,SELL (BEARISH),2,1.16767,1.16935,2025-09-26 14:00:00,-0.1439,LOSS ❌ (0.14%),0,0.2770952,LOW (<50%)
2025-09-26 07:45:00,BUY (BULLISH),2,1.16728,1.16961456,2025-09-26 14:00:00,0.2,WIN ✅ (+0.20%),1,0.39637598,LOW (<50%)
2025-09-26 14:00:00,SELL (BEARISH),2,1.16935,1.16997,2025-09-26 20:45:00,-0.053,LOSS ❌ (0.05%),0,0.2691418,LOW (<50%)
2025-09-26 14:45:00,SELL (BEARISH),2,1.16908,1.16997,2025-09-26 20:45:00,-0.0761,LOSS ❌ (0.08%),0,0.21929389,LOW (<50%)
2025-09-26 20:00:00,SELL (BEARISH),2,1.17044,1.16997,2025-09-26 20:45:00,0.0402,LOSS ❌ (-0.04%),0,0.744416,HIGH (>70%)
2025-09-28 23:30:00,SELL (BEARISH),2,1.17081,1.17398,2025-09-29 14:00:00,-0.2708,LOSS ❌ (0.27%),0,0.9087773,HIGH (>70%)
2025-09-29 00:15:00,SELL (BEARISH),2,1.17173,1.17398,2025-09-29 14:00:00,-0.192,LOSS ❌ (0.19%),0,0.73546743,HIGH (>70%)
2025-09-29 02:00:00,SELL (BEARISH),2,1.17227,1.17398,2025-09-29 14:00:00,-0.1459,LOSS ❌ (0.15%),0,0.618469,MEDIUM (50-70%)
2025-09-29 02:45:00,SELL (BEARISH),2,1.17258,1.17398,2025-09-29 14:00:00,-0.1194,LOSS ❌ (0.12%),0,0.4792155,LOW (<50%)
2025-09-29 03:30:00,SELL (BEARISH),2,1.17278,1.17398,2025-09-29 14:00:00,-0.1023,LOSS ❌ (0.10%),0,0.6372682,MEDIUM (50-70%)
2025-09-29 04:45:00,SELL (BEARISH),2,1.17267,1.17398,2025-09-29 14:00:00,-0.1117,LOSS ❌ (0.11%),0,0.43988287,LOW (<50%)
2025-09-29 13:00:00,SELL (BEARISH),2,1.17411,1.17398,2025-09-29 14:00:00,0.0111,LOSS ❌ (-0.01%),0,0.38499132,LOW (<50%)
2025-09-29 13:30:00,SELL (BEARISH),2,1.17491,1.17398,2025-09-29 14:00:00,0.0792,LOSS ❌ (-0.08%),0,0.53075415,MEDIUM (50-70%)
2025-09-29 13:45:00,SELL (BEARISH),2,1.17406,1.17398,2025-09-29 14:00:00,0.0068,LOSS ❌ (-0.01%),0,0.17328377,LOW (<50%)
2025-09-30 05:15:00,SELL (BEARISH),2,1.17307,1.17463,2025-09-30 14:00:00,-0.133,LOSS ❌ (0.13%),0,0.82561904,HIGH (>70%)
2025-09-30 08:15:00,SELL (BEARISH),2,1.17487,1.17252026,2025-09-30 13:00:00,0.2,WIN ✅ (+0.20%),1,0.19752023,LOW (<50%)
2025-09-30 14:45:00,SELL (BEARISH),2,1.17494,1.1725901200000002,2025-09-30 15:15:00,0.2,WIN ✅ (+0.20%),1,0.36371642,LOW (<50%)
2025-09-30 17:15:00,SELL (BEARISH),2,1.17561,1.17325878,2025-09-30 21:00:00,0.2,WIN ✅ (+0.20%),1,0.7413927,HIGH (>70%)
2025-10-01 09:30:00,BUY (BULLISH),3,1.17421,1.17655842,2025-10-01 12:15:00,0.2,WIN ✅ (+0.20%),1,0.6280788,MEDIUM (50-70%)
2025-10-01 10:30:00,BUY (BULLISH),2,1.17251,1.17485502,2025-10-01 12:15:00,0.2,WIN ✅ (+0.20%),1,0.6653839,MEDIUM (50-70%)
2025-10-01 16:00:00,BUY (BULLISH),2,1.17211,1.17445422,2025-10-02 07:00:00,0.2,WIN ✅ (+0.20%),1,0.4503143,LOW (<50%)
2025-10-02 00:15:00,BUY (BULLISH),2,1.17261,1.17495522,2025-10-02 07:00:00,0.2,WIN ✅ (+0.20%),1,0.4191479,LOW (<50%)
2025-10-02 00:30:00,BUY (BULLISH),2,1.17265,1.1749953,2025-10-02 07:00:00,0.2,WIN ✅ (+0.20%),1,0.37980902,LOW (<50%)
2025-10-02 01:00:00,BUY (BULLISH),2,1.17286,1.17520572,2025-10-02 07:00:00,0.2,WIN ✅ (+0.20%),1,0.33110598,LOW (<50%)
2025-10-02 09:15:00,SELL (BEARISH),2,1.17554,1.17318892,2025-10-02 13:30:00,0.2,WIN ✅ (+0.20%),1,0.68045145,MEDIUM (50-70%)
2025-10-02 14:45:00,BUY (BULLISH),2,1.1713,1.1736426,2025-10-03 08:00:00,0.2,WIN ✅ (+0.20%),1,0.67644095,MEDIUM (50-70%)
2025-10-02 15:30:00,BUY (BULLISH),2,1.16925,1.1715885,2025-10-02 17:00:00,0.2,WIN ✅ (+0.20%),1,0.69523185,MEDIUM (50-70%)
2025-10-02 15:45:00,BUY (BULLISH),2,1.16962,1.17195924,2025-10-02 17:15:00,0.2,WIN ✅ (+0.20%),1,0.7083285,HIGH (>70%)
2025-10-03 08:15:00,SELL (BEARISH),2,1.17365,1.17441,2025-10-03 14:00:00,-0.0648,LOSS ❌ (0.06%),0,0.6820839,MEDIUM (50-70%)
2025-10-03 14:00:00,SELL (BEARISH),3,1.17441,1.17413,2025-10-03 20:45:00,0.0238,LOSS ❌ (-0.02%),0,0.4598086,LOW (<50%)
2025-10-05 22:45:00,BUY (BULLISH),2,1.17161,1.17022,2025-10-06 14:00:00,-0.1186,LOSS ❌ (-0.12%),0,0.48647696,LOW (<50%)
2025-10-06 08:15:00,BUY (BULLISH),2,1.16674,1.1690734800000002,2025-10-06 13:00:00,0.2,WIN ✅ (+0.20%),1,0.55009854,MEDIUM (50-70%)
2025-10-06 15:00:00,SELL (BEARISH),3,1.17152,1.16917696,2025-10-07 05:00:00,0.2,WIN ✅ (+0.20%),1,0.5438101,MEDIUM (50-70%)
2025-10-07 04:45:00,BUY (BULLISH),2,1.16979,1.16588,2025-10-07 14:00:00,-0.3342,LOSS ❌ (-0.33%),0,0.19341101,LOW (<50%)
2025-10-07 05:30:00,BUY (BULLISH),2,1.16899,1.16588,2025-10-07 14:00:00,-0.266,LOSS ❌ (-0.27%),0,0.25176972,LOW (<50%)
2025-10-07 09:00:00,BUY (BULLISH),2,1.16658,1.16588,2025-10-07 14:00:00,-0.06,LOSS ❌ (-0.06%),0,0.3034959,LOW (<50%)
2025-10-07 09:30:00,BUY (BULLISH),2,1.16635,1.16588,2025-10-07 14:00:00,-0.0403,LOSS ❌ (-0.04%),0,0.09064849,LOW (<50%)
2025-10-07 11:45:00,BUY (BULLISH),2,1.16621,1.16588,2025-10-07 14:00:00,-0.0283,LOSS ❌ (-0.03%),0,0.17518318,LOW (<50%)
2025-10-08 00:15:00,BUY (BULLISH),2,1.16478,1.16334,2025-10-08 14:00:00,-0.1236,LOSS ❌ (-0.12%),0,0.50357336,MEDIUM (50-70%)
2025-10-08 08:00:00,SELL (BEARISH),2,1.16309,1.16076382,2025-10-08 09:45:00,0.2,WIN ✅ (+0.20%),1,0.22725482,LOW (<50%)
2025-10-08 10:45:00,SELL (BEARISH),2,1.16333,1.16334,2025-10-08 14:00:00,-0.0009,LOSS ❌ (0.00%),0,0.19729315,LOW (<50%)
2025-10-08 12:30:00,SELL (BEARISH),2,1.16347,1.16334,2025-10-08 14:00:00,0.0112,LOSS ❌ (-0.01%),0,0.12970628,LOW (<50%)
2025-10-08 16:15:00,BUY (BULLISH),2,1.16008,1.16240016,2025-10-08 19:00:00,0.2,WIN ✅ (+0.20%),1,0.66419315,MEDIUM (50-70%)
2025-10-08 20:15:00,SELL (BEARISH),2,1.16274,1.16041452,2025-10-09 08:30:00,0.2,WIN ✅ (+0.20%),1,0.4036895,LOW (<50%)
2025-10-08 22:15:00,SELL (BEARISH),2,1.16324,1.16091352,2025-10-09 07:30:00,0.2,WIN ✅ (+0.20%),1,0.46104467,LOW (<50%)
2025-10-08 22:45:00,SELL (BEARISH),2,1.16332,1.16099336,2025-10-09 07:30:00,0.2,WIN ✅ (+0.20%),1,0.73101664,HIGH (>70%)
2025-10-09 08:30:00,BUY (BULLISH),2,1.16113,1.1597,2025-10-09 14:00:00,-0.1232,LOSS ❌ (-0.12%),0,0.6003872,MEDIUM (50-70%)
2025-10-09 14:30:00,BUY (BULLISH),2,1.15781,1.15723,2025-10-10 14:00:00,-0.0501,LOSS ❌ (-0.05%),0,0.8053084,HIGH (>70%)
2025-10-10 01:00:00,SELL (BEARISH),2,1.15668,1.15723,2025-10-10 14:00:00,-0.0475,LOSS ❌ (0.05%),0,0.49953687,LOW (<50%)
2025-10-10 05:00:00,SELL (BEARISH),2,1.15732,1.15723,2025-10-10 14:00:00,0.0078,LOSS ❌ (-0.01%),0,0.6519072,MEDIUM (50-70%)
2025-10-10 08:15:00,SELL (BEARISH),2,1.15861,1.15629278,2025-10-10 11:30:00,0.2,WIN ✅ (+0.20%),1,0.16043802,LOW (<50%)
2025-10-10 15:30:00,SELL (BEARISH),2,1.16144,1.16207,2025-10-10 20:45:00,-0.0542,LOSS ❌ (0.05%),0,0.48019308,LOW (<50%)
2025-10-12 22:15:00,BUY (BULLISH),2,1.15953,1.16184906,2025-10-13 01:00:00,0.2,WIN ✅ (+0.20%),1,0.465878,LOW (<50%)
2025-10-13 10:15:00,BUY (BULLISH),2,1.15856,1.1564,2025-10-13 14:00:00,-0.1864,LOSS ❌ (-0.19%),0,0.412583,LOW (<50%)
2025-10-13 12:45:00,BUY (BULLISH),2,1.15681,1.1564,2025-10-13 14:00:00,-0.0354,LOSS ❌ (-0.04%),0,0.48001924,LOW (<50%)
2025-10-13 14:15:00,BUY (BULLISH),2,1.15614,1.15845228,2025-10-14 04:15:00,0.2,WIN ✅ (+0.20%),1,0.7781747,HIGH (>70%)
2025-10-13 14:30:00,BUY (BULLISH),2,1.15642,1.15873284,2025-10-14 04:45:00,0.2,WIN ✅ (+0.20%),1,0.40286228,LOW (<50%)
2025-10-13 14:45:00,BUY (BULLISH),2,1.15609,1.1584021800000002,2025-10-14 04:15:00,0.2,WIN ✅ (+0.20%),1,0.29950783,LOW (<50%)
2025-10-14 13:30:00,SELL (BEARISH),2,1.15768,1.15771,2025-10-14 14:00:00,-0.0026,LOSS ❌ (0.00%),0,0.15213571,LOW (<50%)
2025-10-14 14:15:00,SELL (BEARISH),2,1.15801,1.16267,2025-10-15 14:00:00,-0.4024,LOSS ❌ (0.40%),0,0.14259483,LOW (<50%)
2025-10-14 16:00:00,SELL (BEARISH),2,1.16028,1.16267,2025-10-15 14:00:00,-0.206,LOSS ❌ (0.21%),0,0.112298526,LOW (<50%)
2025-10-14 16:15:00,SELL (BEARISH),2,1.16081,1.16267,2025-10-15 14:00:00,-0.1602,LOSS ❌ (0.16%),0,0.35027975,LOW (<50%)
2025-10-14 16:30:00,SELL (BEARISH),2,1.16134,1.16267,2025-10-15 14:00:00,-0.1145,LOSS ❌ (0.11%),0,0.14727056,LOW (<50%)
2025-10-14 16:45:00,SELL (BEARISH),2,1.1609,1.16267,2025-10-15 14:00:00,-0.1525,LOSS ❌ (0.15%),0,0.36206716,LOW (<50%)
2025-10-15 02:30:00,SELL (BEARISH),2,1.16225,1.16267,2025-10-15 14:00:00,-0.0361,LOSS ❌ (0.04%),0,0.29346249,LOW (<50%)
2025-10-15 02:45:00,SELL (BEARISH),2,1.16226,1.16267,2025-10-15 14:00:00,-0.0353,LOSS ❌ (0.04%),0,0.11386018,LOW (<50%)
2025-10-15 05:30:00,SELL (BEARISH),2,1.16246,1.16267,2025-10-15 14:00:00,-0.0181,LOSS ❌ (0.02%),0,0.70737195,HIGH (>70%)
2025-10-15 15:45:00,SELL (BEARISH),2,1.16367,1.16633,2025-10-16 14:00:00,-0.2286,LOSS ❌ (0.23%),0,0.100879855,LOW (<50%)
2025-10-15 20:00:00,SELL (BEARISH),2,1.16441,1.16633,2025-10-16 14:00:00,-0.1649,LOSS ❌ (0.16%),0,0.6212279,MEDIUM (50-70%)
2025-10-15 22:15:00,SELL (BEARISH),2,1.16474,1.16633,2025-10-16 14:00:00,-0.1365,LOSS ❌ (0.14%),0,0.8987909,HIGH (>70%)
2025-10-16 15:00:00,SELL (BEARISH),2,1.16762,1.16572,2025-10-17 14:00:00,0.1627,LOSS ❌ (-0.16%),0,0.20573142,LOW (<50%)
2025-10-16 22:45:00,SELL (BEARISH),2,1.16941,1.16707118,2025-10-17 12:30:00,0.2,WIN ✅ (+0.20%),1,0.8098471,HIGH (>70%)
2025-10-16 23:00:00,SELL (BEARISH),2,1.1695,1.167161,2025-10-17 12:15:00,0.2,WIN ✅ (+0.20%),1,0.70440996,HIGH (>70%)
2025-10-17 00:00:00,SELL (BEARISH),2,1.16982,1.16748036,2025-10-17 12:15:00,0.2,WIN ✅ (+0.20%),1,0.67673993,MEDIUM (50-70%)
2025-10-17 03:45:00,SELL (BEARISH),2,1.17089,1.16854822,2025-10-17 11:00:00,0.2,WIN ✅ (+0.20%),1,0.65984386,MEDIUM (50-70%)
2025-10-17 08:45:00,BUY (BULLISH),2,1.16969,1.16572,2025-10-17 14:00:00,-0.3394,LOSS ❌ (-0.34%),0,0.36768886,LOW (<50%)
2025-10-17 10:15:00,BUY (BULLISH),2,1.1694,1.16572,2025-10-17 14:00:00,-0.3147,LOSS ❌ (-0.31%),0,0.28972748,LOW (<50%)
2025-10-17 11:00:00,BUY (BULLISH),2,1.16878,1.16572,2025-10-17 14:00:00,-0.2618,LOSS ❌ (-0.26%),0,0.14238076,LOW (<50%)
2025-10-17 12:30:00,BUY (BULLISH),2,1.16712,1.16572,2025-10-17 14:00:00,-0.12,LOSS ❌ (-0.12%),0,0.5467795,MEDIUM (50-70%)
2025-10-20 04:45:00,SELL (BEARISH),2,1.16711,1.16477578,2025-10-20 11:30:00,0.2,WIN ✅ (+0.20%),1,0.5824895,MEDIUM (50-70%)
2025-10-20 11:00:00,BUY (BULLISH),2,1.16529,1.16539,2025-10-20 14:00:00,0.0086,LOSS ❌ (0.01%),0,0.13002522,LOW (<50%)
2025-10-20 18:15:00,BUY (BULLISH),2,1.1642,1.16119,2025-10-21 14:00:00,-0.2585,LOSS ❌ (-0.26%),0,0.37300926,LOW (<50%)
2025-10-21 04:00:00,BUY (BULLISH),2,1.16339,1.16119,2025-10-21 14:00:00,-0.1891,LOSS ❌ (-0.19%),0,0.48018998,LOW (<50%)
2025-10-21 04:30:00,BUY (BULLISH),2,1.16338,1.16119,2025-10-21 14:00:00,-0.1882,LOSS ❌ (-0.19%),0,0.3765728,LOW (<50%)
2025-10-21 12:30:00,BUY (BULLISH),2,1.16057,1.16119,2025-10-21 14:00:00,0.0534,LOSS ❌ (0.05%),0,0.37026587,LOW (<50%)
2025-10-21 14:45:00,BUY (BULLISH),2,1.16041,1.15943,2025-10-22 14:00:00,-0.0845,LOSS ❌ (-0.08%),0,0.16896524,LOW (<50%)
2025-10-21 20:15:00,BUY (BULLISH),2,1.15991,1.15943,2025-10-22 14:00:00,-0.0414,LOSS ❌ (-0.04%),0,0.5019963,MEDIUM (50-70%)
2025-10-22 02:15:00,SELL (BEARISH),2,1.16074,1.15841852,2025-10-22 10:30:00,0.2,WIN ✅ (+0.20%),1,0.80031836,HIGH (>70%)
2025-10-22 05:15:00,SELL (BEARISH),2,1.16138,1.15905724,2025-10-22 08:15:00,0.2,WIN ✅ (+0.20%),1,0.95374596,HIGH (>70%)
2025-10-22 10:30:00,BUY (BULLISH),2,1.15852,1.15943,2025-10-22 14:00:00,0.0785,LOSS ❌ (0.08%),0,0.38957977,LOW (<50%)
2025-10-22 11:30:00,BUY (BULLISH),2,1.15841,1.15943,2025-10-22 14:00:00,0.0881,LOSS ❌ (0.09%),0,0.5214535,MEDIUM (50-70%)
2025-10-22 15:00:00,SELL (BEARISH),2,1.16104,1.1587179200000002,2025-10-23 10:45:00,0.2,WIN ✅ (+0.20%),1,0.18515478,LOW (<50%)
2025-10-23 02:00:00,BUY (BULLISH),2,1.15975,1.16109,2025-10-23 14:00:00,0.1155,LOSS ❌ (0.12%),0,0.7061494,HIGH (>70%)
2025-10-23 04:00:00,BUY (BULLISH),2,1.15931,1.16109,2025-10-23 14:00:00,0.1535,LOSS ❌ (0.15%),0,0.47328946,LOW (<50%)
2025-10-23 11:15:00,BUY (BULLISH),2,1.15871,1.16102742,2025-10-23 14:00:00,0.2,WIN ✅ (+0.20%),1,0.64758164,MEDIUM (50-70%)
2025-10-23 19:00:00,SELL (BEARISH),2,1.16176,1.16325,2025-10-24 14:00:00,-0.1283,LOSS ❌ (0.13%),0,0.76493084,HIGH (>70%)
2025-10-24 00:30:00,SELL (BEARISH),2,1.16204,1.16325,2025-10-24 14:00:00,-0.1041,LOSS ❌ (0.10%),0,0.9267218,HIGH (>70%)
2025-10-24 01:30:00,BUY (BULLISH),2,1.16111,1.16343222,2025-10-24 12:30:00,0.2,WIN ✅ (+0.20%),1,0.68671936,MEDIUM (50-70%)
2025-10-24 02:45:00,BUY (BULLISH),2,1.16076,1.16308152,2025-10-24 12:30:00,0.2,WIN ✅ (+0.20%),1,0.38095573,LOW (<50%)
2025-10-24 03:00:00,BUY (BULLISH),2,1.16076,1.16308152,2025-10-24 12:30:00,0.2,WIN ✅ (+0.20%),1,0.29587832,LOW (<50%)
2025-10-27 04:15:00,BUY (BULLISH),2,1.16229,1.16461458,2025-10-27 11:45:00,0.2,WIN ✅ (+0.20%),1,0.18873458,LOW (<50%)
2025-10-27 05:15:00,BUY (BULLISH),2,1.16225,1.1645745,2025-10-27 11:45:00,0.2,WIN ✅ (+0.20%),1,0.49554408,LOW (<50%)
2025-10-28 05:00:00,SELL (BEARISH),2,1.16656,1.16422688,2025-10-28 12:45:00,0.2,WIN ✅ (+0.20%),1,0.6463408,MEDIUM (50-70%)
2025-10-28 07:00:00,BUY (BULLISH),2,1.16554,1.16471,2025-10-28 14:00:00,-0.0712,LOSS ❌ (-0.07%),0,0.42706364,LOW (<50%)
2025-10-28 20:30:00,BUY (BULLISH),2,1.16538,1.16378,2025-10-29 14:00:00,-0.1373,LOSS ❌ (-0.14%),0,0.2592913,LOW (<50%)
2025-10-28 21:00:00,BUY (BULLISH),2,1.16514,1.16378,2025-10-29 14:00:00,-0.1167,LOSS ❌ (-0.12%),0,0.6303832,MEDIUM (50-70%)
2025-10-28 23:00:00,BUY (BULLISH),2,1.16506,1.16378,2025-10-29 14:00:00,-0.1099,LOSS ❌ (-0.11%),0,0.14406668,LOW (<50%)
2025-10-28 23:30:00,BUY (BULLISH),2,1.16506,1.16378,2025-10-29 14:00:00,-0.1099,LOSS ❌ (-0.11%),0,0.58552074,MEDIUM (50-70%)
2025-10-29 02:30:00,BUY (BULLISH),2,1.16429,1.16378,2025-10-29 14:00:00,-0.0438,LOSS ❌ (-0.04%),0,0.24120367,LOW (<50%)
2025-10-29 09:00:00,BUY (BULLISH),2,1.16231,1.16463462,2025-10-29 09:45:00,0.2,WIN ✅ (+0.20%),1,0.30975765,LOW (<50%)
2025-10-29 10:30:00,SELL (BEARISH),2,1.16453,1.16378,2025-10-29 14:00:00,0.0644,LOSS ❌ (-0.06%),0,0.38524887,LOW (<50%)
2025-10-29 19:00:00,BUY (BULLISH),2,1.15861,1.1609272199999998,2025-10-30 00:15:00,0.2,WIN ✅ (+0.20%),1,0.55916464,MEDIUM (50-70%)
2025-10-29 19:30:00,BUY (BULLISH),2,1.15901,1.16132802,2025-10-30 00:15:00,0.2,WIN ✅ (+0.20%),1,0.22383861,LOW (<50%)
2025-10-30 00:45:00,SELL (BEARISH),2,1.16116,1.15883768,2025-10-30 12:15:00,0.2,WIN ✅ (+0.20%),1,0.48713008,LOW (<50%)
2025-10-30 13:00:00,BUY (BULLISH),2,1.15565,1.1579613,2025-10-30 14:00:00,0.2,WIN ✅ (+0.20%),1,0.5254863,MEDIUM (50-70%)
2025-10-31 00:15:00,SELL (BEARISH),2,1.15723,1.15491554,2025-10-31 13:15:00,0.2,WIN ✅ (+0.20%),1,0.5354313,MEDIUM (50-70%)
2025-10-31 00:45:00,SELL (BEARISH),2,1.15735,1.1550353000000002,2025-10-31 13:00:00,0.2,WIN ✅ (+0.20%),1,0.6982133,MEDIUM (50-70%)
2025-10-31 17:15:00,BUY (BULLISH),2,1.15248,1.15376,2025-10-31 20:45:00,0.1111,LOSS ❌ (0.11%),0,0.24016772,LOW (<50%)
2025-11-03 14:30:00,BUY (BULLISH),2,1.15071,1.15301142,2025-11-03 16:15:00,0.2,WIN ✅ (+0.20%),1,0.5958324,MEDIUM (50-70%)
2025-11-04 12:00:00,BUY (BULLISH),2,1.14898,1.14832,2025-11-04 14:00:00,-0.0574,LOSS ❌ (-0.06%),0,0.31295028,LOW (<50%)
2025-11-04 12:30:00,BUY (BULLISH),2,1.14822,1.14832,2025-11-04 14:00:00,0.0087,LOSS ❌ (0.01%),0,0.40554118,LOW (<50%)
2025-11-04 14:30:00,BUY (BULLISH),2,1.14794,1.14771,2025-11-05 14:00:00,-0.02,LOSS ❌ (-0.02%),0,0.4337087,LOW (<50%)
2025-11-05 09:45:00,BUY (BULLISH),2,1.14841,1.14771,2025-11-05 14:00:00,-0.061,LOSS ❌ (-0.06%),0,0.44976652,LOW (<50%)
2025-11-05 23:15:00,SELL (BEARISH),2,1.14944,1.15334,2025-11-06 14:00:00,-0.3393,LOSS ❌ (0.34%),0,0.8590464,HIGH (>70%)
2025-11-05 23:30:00,SELL (BEARISH),2,1.14947,1.15334,2025-11-06 14:00:00,-0.3367,LOSS ❌ (0.34%),0,0.8554674,HIGH (>70%)
2025-11-06 01:30:00,SELL (BEARISH),2,1.15072,1.15334,2025-11-06 14:00:00,-0.2277,LOSS ❌ (0.23%),0,0.54428107,MEDIUM (50-70%)
2025-11-06 01:45:00,SELL (BEARISH),2,1.15069,1.15334,2025-11-06 14:00:00,-0.2303,LOSS ❌ (0.23%),0,0.37677598,LOW (<50%)
2025-11-06 06:00:00,SELL (BEARISH),2,1.15105,1.15334,2025-11-06 14:00:00,-0.1989,LOSS ❌ (0.20%),0,0.71892685,HIGH (>70%)
2025-11-06 13:00:00,SELL (BEARISH),2,1.15314,1.15334,2025-11-06 14:00:00,-0.0173,LOSS ❌ (0.02%),0,0.38920006,LOW (<50%)
2025-11-07 01:00:00,BUY (BULLISH),2,1.15385,1.1561577,2025-11-07 12:00:00,0.2,WIN ✅ (+0.20%),1,0.363419,LOW (<50%)
2025-11-07 01:45:00,BUY (BULLISH),2,1.15376,1.15606752,2025-11-07 11:45:00,0.2,WIN ✅ (+0.20%),1,0.6972246,MEDIUM (50-70%)
2025-11-07 03:15:00,BUY (BULLISH),2,1.15355,1.1558571,2025-11-07 11:30:00,0.2,WIN ✅ (+0.20%),1,0.5841306,MEDIUM (50-70%)
2025-11-07 10:30:00,SELL (BEARISH),2,1.15477,1.15728,2025-11-07 14:00:00,-0.2174,LOSS ❌ (0.22%),0,0.21577272,LOW (<50%)
2025-11-07 11:00:00,SELL (BEARISH),2,1.15506,1.15728,2025-11-07 14:00:00,-0.1922,LOSS ❌ (0.19%),0,0.60817564,MEDIUM (50-70%)
2025-11-07 13:30:00,SELL (BEARISH),2,1.15675,1.15728,2025-11-07 14:00:00,-0.0458,LOSS ❌ (0.05%),0,0.16762738,LOW (<50%)
2025-11-07 14:15:00,SELL (BEARISH),2,1.1573,1.15641,2025-11-07 21:45:00,0.0769,LOSS ❌ (-0.08%),0,0.24183366,LOW (<50%)
2025-11-10 17:00:00,BUY (BULLISH),2,1.15451,1.15681902,2025-11-11 10:15:00,0.2,WIN ✅ (+0.20%),1,0.33152822,LOW (<50%)
2025-11-11 01:15:00,BUY (BULLISH),2,1.15492,1.1572298399999998,2025-11-11 10:15:00,0.2,WIN ✅ (+0.20%),1,0.4993987,LOW (<50%)
2025-11-11 07:00:00,BUY (BULLISH),2,1.15512,1.1574302399999998,2025-11-11 10:30:00,0.2,WIN ✅ (+0.20%),1,0.20688465,LOW (<50%)
2025-11-11 11:00:00,SELL (BEARISH),2,1.15735,1.15973,2025-11-11 14:00:00,-0.2056,LOSS ❌ (0.21%),0,0.34663126,LOW (<50%)
2025-11-11 13:45:00,SELL (BEARISH),2,1.16006,1.15973,2025-11-11 14:00:00,0.0284,LOSS ❌ (-0.03%),0,0.118985616,LOW (<50%)
2025-11-11 21:15:00,BUY (BULLISH),2,1.15834,1.15645,2025-11-12 14:00:00,-0.1632,LOSS ❌ (-0.16%),0,0.49885327,LOW (<50%)
2025-11-11 21:45:00,BUY (BULLISH),2,1.15818,1.15645,2025-11-12 14:00:00,-0.1494,LOSS ❌ (-0.15%),0,0.36895448,LOW (<50%)
2025-11-12 01:30:00,BUY (BULLISH),2,1.15768,1.15645,2025-11-12 14:00:00,-0.1062,LOSS ❌ (-0.11%),0,0.70575917,HIGH (>70%)
2025-11-12 04:45:00,BUY (BULLISH),2,1.15718,1.15645,2025-11-12 14:00:00,-0.0631,LOSS ❌ (-0.06%),0,0.5240031,MEDIUM (50-70%)
2025-11-12 07:15:00,SELL (BEARISH),2,1.15855,1.15645,2025-11-12 14:00:00,0.1813,LOSS ❌ (-0.18%),0,0.38603377,LOW (<50%)
2025-11-12 14:15:00,BUY (BULLISH),2,1.15642,1.15873284,2025-11-12 15:45:00,0.2,WIN ✅ (+0.20%),1,0.3702268,LOW (<50%)
2025-11-12 15:15:00,SELL (BEARISH),2,1.15772,1.16184,2025-11-13 14:00:00,-0.3559,LOSS ❌ (0.36%),0,0.30860686,LOW (<50%)
2025-11-13 01:00:00,BUY (BULLISH),2,1.15807,1.16038614,2025-11-13 07:45:00,0.2,WIN ✅ (+0.20%),1,0.46890065,LOW (<50%)
2025-11-13 01:15:00,BUY (BULLISH),2,1.15814,1.16045628,2025-11-13 07:45:00,0.2,WIN ✅ (+0.20%),1,0.46622038,LOW (<50%)
2025-11-13 14:45:00,SELL (BEARISH),2,1.16276,1.16328,2025-11-14 14:00:00,-0.0447,LOSS ❌ (0.04%),0,0.106705114,LOW (<50%)
2025-11-13 17:00:00,SELL (BEARISH),2,1.16482,1.16249036,2025-11-13 23:15:00,0.2,WIN ✅ (+0.20%),1,0.14695191,LOW (<50%)
2025-11-13 21:00:00,BUY (BULLISH),2,1.16325,1.16328,2025-11-14 14:00:00,0.0026,LOSS ❌ (0.00%),0,0.51001614,MEDIUM (50-70%)
2025-11-13 23:15:00,BUY (BULLISH),2,1.16261,1.1649352199999998,2025-11-14 12:45:00,0.2,WIN ✅ (+0.20%),1,0.6122623,MEDIUM (50-70%)
2025-11-14 05:15:00,SELL (BEARISH),2,1.16423,1.16190154,2025-11-14 10:00:00,0.2,WIN ✅ (+0.20%),1,0.698779,MEDIUM (50-70%)
2025-11-14 08:15:00,BUY (BULLISH),2,1.16253,1.16485506,2025-11-14 12:45:00,0.2,WIN ✅ (+0.20%),1,0.3913981,LOW (<50%)
2025-11-14 10:00:00,BUY (BULLISH),2,1.16204,1.16436408,2025-11-14 12:45:00,0.2,WIN ✅ (+0.20%),1,0.43803853,LOW (<50%)
2025-11-14 10:30:00,BUY (BULLISH),2,1.16146,1.1637829199999998,2025-11-14 12:30:00,0.2,WIN ✅ (+0.20%),1,0.26383534,LOW (<50%)
2025-11-14 11:15:00,BUY (BULLISH),2,1.16104,1.16336208,2025-11-14 12:30:00,0.2,WIN ✅ (+0.20%),1,0.37946624,LOW (<50%)
2025-11-14 15:45:00,BUY (BULLISH),2,1.16128,1.16189,2025-11-14 21:45:00,0.0525,LOSS ❌ (0.05%),0,0.56130666,MEDIUM (50-70%)
2025-11-14 20:45:00,SELL (BEARISH),2,1.16201,1.16189,2025-11-14 21:45:00,0.0103,LOSS ❌ (-0.01%),0,0.26305947,LOW (<50%)
2025-11-14 21:00:00,SELL (BEARISH),2,1.16205,1.16189,2025-11-14 21:45:00,0.0138,LOSS ❌ (-0.01%),0,0.48206735,LOW (<50%)
2025-11-17 03:15:00,BUY (BULLISH),2,1.15998,1.15934,2025-11-17 14:00:00,-0.0552,LOSS ❌ (-0.06%),0,0.46417964,LOW (<50%)
2025-11-17 07:00:00,SELL (BEARISH),2,1.1607,1.15934,2025-11-17 14:00:00,0.1172,LOSS ❌ (-0.12%),0,0.65787584,MEDIUM (50-70%)
2025-11-17 07:45:00,SELL (BEARISH),2,1.16129,1.15896742,2025-11-17 13:30:00,0.2,WIN ✅ (+0.20%),1,0.5858541,MEDIUM (50-70%)
2025-11-17 11:00:00,BUY (BULLISH),2,1.15969,1.15934,2025-11-17 14:00:00,-0.0302,LOSS ❌ (-0.03%),0,0.51961124,MEDIUM (50-70%)
2025-11-18 03:00:00,SELL (BEARISH),2,1.1593,1.1596,2025-11-18 14:00:00,-0.0259,LOSS ❌ (0.03%),0,0.640319,MEDIUM (50-70%)
2025-11-18 09:00:00,BUY (BULLISH),2,1.15911,1.1596,2025-11-18 14:00:00,0.0423,LOSS ❌ (0.04%),0,0.27635705,LOW (<50%)
2025-11-18 10:00:00,BUY (BULLISH),2,1.15881,1.1596,2025-11-18 14:00:00,0.0682,LOSS ❌ (0.07%),0,0.21761034,LOW (<50%)
2025-11-19 05:00:00,SELL (BEARISH),2,1.15841,1.15638,2025-11-19 14:00:00,0.1752,LOSS ❌ (-0.18%),0,0.4423786,LOW (<50%)
2025-11-19 06:15:00,SELL (BEARISH),2,1.159,1.156682,2025-11-19 09:45:00,0.2,WIN ✅ (+0.20%),1,0.6725822,MEDIUM (50-70%)
2025-11-20 08:45:00,SELL (BEARISH),2,1.15206,1.15293,2025-11-20 14:00:00,-0.0755,LOSS ❌ (0.08%),0,0.7683249,HIGH (>70%)
2025-11-20 09:30:00,SELL (BEARISH),2,1.15234,1.15293,2025-11-20 14:00:00,-0.0512,LOSS ❌ (0.05%),0,0.62763005,MEDIUM (50-70%)
2025-11-20 10:15:00,SELL (BEARISH),2,1.15259,1.15028482,2025-11-20 13:30:00,0.2,WIN ✅ (+0.20%),1,0.7228884,HIGH (>70%)
2025-11-20 14:30:00,SELL (BEARISH),2,1.1542,1.1518916,2025-11-21 10:00:00,0.2,WIN ✅ (+0.20%),1,0.4879601,LOW (<50%)
2025-11-21 04:15:00,SELL (BEARISH),2,1.15396,1.15165208,2025-11-21 10:00:00,0.2,WIN ✅ (+0.20%),1,0.89693004,HIGH (>70%)
2025-11-21 10:15:00,BUY (BULLISH),2,1.1515,1.15122,2025-11-21 14:00:00,-0.0243,LOSS ❌ (-0.02%),0,0.6172661,MEDIUM (50-70%)
2025-11-21 12:00:00,BUY (BULLISH),2,1.15053,1.15122,2025-11-21 14:00:00,0.06,LOSS ❌ (0.06%),0,0.36176935,LOW (<50%)
2025-11-21 16:00:00,BUY (BULLISH),2,1.14971,1.15200942,2025-11-21 21:15:00,0.2,WIN ✅ (+0.20%),1,0.4044973,LOW (<50%)
2025-11-21 16:30:00,BUY (BULLISH),2,1.14929,1.15158858,2025-11-21 19:45:00,0.2,WIN ✅ (+0.20%),1,0.7997654,HIGH (>70%)
2025-11-24 00:15:00,BUY (BULLISH),2,1.15053,1.15283106,2025-11-24 08:00:00,0.2,WIN ✅ (+0.20%),1,0.5539785,MEDIUM (50-70%)
2025-11-24 09:00:00,SELL (BEARISH),2,1.15279,1.15363,2025-11-24 14:00:00,-0.0729,LOSS ❌ (0.07%),0,0.5520034,MEDIUM (50-70%)
2025-11-24 12:45:00,SELL (BEARISH),2,1.15471,1.15363,2025-11-24 14:00:00,0.0935,LOSS ❌ (-0.09%),0,0.20462325,LOW (<50%)
2025-11-25 14:00:00,SELL (BEARISH),3,1.15572,1.1555,2025-11-26 14:00:00,0.019,LOSS ❌ (-0.02%),0,0.40961772,LOW (<50%)
2025-11-25 14:45:00,SELL (BEARISH),3,1.15663,1.1555,2025-11-26 14:00:00,0.0977,LOSS ❌ (-0.10%),0,0.28468984,LOW (<50%)
2025-11-25 15:00:00,SELL (BEARISH),2,1.15703,1.15471594,2025-11-26 14:00:00,0.2,WIN ✅ (+0.20%),1,0.24820276,LOW (<50%)
2025-11-25 15:30:00,SELL (BEARISH),2,1.15722,1.15490556,2025-11-26 13:45:00,0.2,WIN ✅ (+0.20%),1,0.5177513,MEDIUM (50-70%)
2025-11-25 18:00:00,SELL (BEARISH),2,1.15808,1.15576384,2025-11-26 13:30:00,0.2,WIN ✅ (+0.20%),1,0.41266415,LOW (<50%)
2025-11-26 07:30:00,BUY (BULLISH),2,1.15813,1.1555,2025-11-26 14:00:00,-0.2271,LOSS ❌ (-0.23%),0,0.14632407,LOW (<50%)
2025-11-26 08:15:00,BUY (BULLISH),2,1.15772,1.1555,2025-11-26 14:00:00,-0.1918,LOSS ❌ (-0.19%),0,0.36091167,LOW (<50%)
2025-11-26 14:00:00,BUY (BULLISH),2,1.1555,1.157811,2025-11-26 14:45:00,0.2,WIN ✅ (+0.20%),1,0.46632197,LOW (<50%)
2025-11-26 15:15:00,SELL (BEARISH),3,1.15898,1.15936,2025-11-27 14:00:00,-0.0328,LOSS ❌ (0.03%),0,0.541881,MEDIUM (50-70%)
2025-11-26 16:00:00,SELL (BEARISH),2,1.15929,1.15936,2025-11-27 14:00:00,-0.006,LOSS ❌ (0.01%),0,0.28899592,LOW (<50%)
2025-11-26 16:30:00,SELL (BEARISH),2,1.15969,1.15936,2025-11-27 14:00:00,0.0285,LOSS ❌ (-0.03%),0,0.098065905,LOW (<50%)
2025-11-26 23:15:00,SELL (BEARISH),2,1.15975,1.15936,2025-11-27 14:00:00,0.0336,LOSS ❌ (-0.03%),0,0.8910188,HIGH (>70%)
2025-11-27 00:00:00,SELL (BEARISH),2,1.16014,1.15781972,2025-11-27 09:15:00,0.2,WIN ✅ (+0.20%),1,0.83964425,HIGH (>70%)
2025-11-27 00:45:00,SELL (BEARISH),2,1.16018,1.15785964,2025-11-27 09:15:00,0.2,WIN ✅ (+0.20%),1,0.8620505,HIGH (>70%)
2025-11-27 01:30:00,SELL (BEARISH),2,1.16061,1.15828878,2025-11-27 09:00:00,0.2,WIN ✅ (+0.20%),1,0.7694577,HIGH (>70%)
2025-11-27 06:45:00,BUY (BULLISH),2,1.15922,1.15936,2025-11-27 14:00:00,0.0121,LOSS ❌ (0.01%),0,0.42667234,LOW (<50%)
2025-11-28 00:45:00,BUY (BULLISH),2,1.15937,1.15797,2025-11-28 14:00:00,-0.1208,LOSS ❌ (-0.12%),0,0.8879304,HIGH (>70%)
2025-11-28 02:45:00,BUY (BULLISH),2,1.15839,1.15797,2025-11-28 14:00:00,-0.0363,LOSS ❌ (-0.04%),0,0.45941192,LOW (<50%)
2025-11-28 10:00:00,BUY (BULLISH),2,1.15677,1.15797,2025-11-28 14:00:00,0.1037,LOSS ❌ (0.10%),0,0.27617124,LOW (<50%)
2025-11-28 16:00:00,SELL (BEARISH),2,1.15983,1.1597,2025-11-28 21:45:00,0.0112,LOSS ❌ (-0.01%),0,0.1810787,LOW (<50%)
2025-12-01 18:30:00,BUY (BULLISH),2,1.16139,1.16184,2025-12-02 14:00:00,0.0387,LOSS ❌ (0.04%),0,0.5174136,MEDIUM (50-70%)
2025-12-02 01:15:00,BUY (BULLISH),2,1.16061,1.16184,2025-12-02 14:00:00,0.106,LOSS ❌ (0.11%),0,0.7163979,HIGH (>70%)
2025-12-02 01:45:00,SELL (BEARISH),2,1.16088,1.16184,2025-12-02 14:00:00,-0.0827,LOSS ❌ (0.08%),0,0.7691808,HIGH (>70%)
2025-12-02 02:15:00,SELL (BEARISH),2,1.16099,1.16184,2025-12-02 14:00:00,-0.0732,LOSS ❌ (0.07%),0,0.40543512,LOW (<50%)
2025-12-02 02:30:00,SELL (BEARISH),2,1.16095,1.16184,2025-12-02 14:00:00,-0.0767,LOSS ❌ (0.08%),0,0.57741547,MEDIUM (50-70%)
2025-12-02 07:15:00,SELL (BEARISH),2,1.16129,1.16184,2025-12-02 14:00:00,-0.0474,LOSS ❌ (0.05%),0,0.6493078,MEDIUM (50-70%)
2025-12-02 13:00:00,SELL (BEARISH),2,1.16167,1.16184,2025-12-02 14:00:00,-0.0146,LOSS ❌ (0.01%),0,0.39411768,LOW (<50%)
2025-12-02 16:45:00,BUY (BULLISH),2,1.15951,1.16182902,2025-12-02 19:45:00,0.2,WIN ✅ (+0.20%),1,0.5920059,MEDIUM (50-70%)
2025-12-03 00:30:00,SELL (BEARISH),2,1.163,1.16641,2025-12-03 14:00:00,-0.2932,LOSS ❌ (0.29%),0,0.74808675,HIGH (>70%)
2025-12-03 01:45:00,SELL (BEARISH),2,1.16365,1.16641,2025-12-03 14:00:00,-0.2372,LOSS ❌ (0.24%),0,0.2812136,LOW (<50%)
2025-12-03 02:15:00,SELL (BEARISH),2,1.16368,1.16641,2025-12-03 14:00:00,-0.2346,LOSS ❌ (0.23%),0,0.36843708,LOW (<50%)
2025-12-03 02:30:00,SELL (BEARISH),2,1.16371,1.16641,2025-12-03 14:00:00,-0.232,LOSS ❌ (0.23%),0,0.6561545,MEDIUM (50-70%)
2025-12-03 03:00:00,SELL (BEARISH),2,1.1637,1.16641,2025-12-03 14:00:00,-0.2329,LOSS ❌ (0.23%),0,0.74016786,HIGH (>70%)
2025-12-03 03:30:00,SELL (BEARISH),2,1.16381,1.16641,2025-12-03 14:00:00,-0.2234,LOSS ❌ (0.22%),0,0.73114425,HIGH (>70%)
2025-12-03 11:30:00,SELL (BEARISH),2,1.16621,1.16641,2025-12-03 14:00:00,-0.0171,LOSS ❌ (0.02%),0,0.22386594,LOW (<50%)
2025-12-03 12:00:00,SELL (BEARISH),2,1.16646,1.16641,2025-12-03 14:00:00,0.0043,LOSS ❌ (-0.00%),0,0.21818869,LOW (<50%)
2025-12-03 13:15:00,SELL (BEARISH),2,1.16697,1.16641,2025-12-03 14:00:00,0.048,LOSS ❌ (-0.05%),0,0.15999918,LOW (<50%)
2025-12-03 19:15:00,SELL (BEARISH),2,1.16744,1.16686,2025-12-04 14:00:00,0.0497,LOSS ❌ (-0.05%),0,0.2494767,LOW (<50%)
2025-12-04 03:15:00,BUY (BULLISH),2,1.16559,1.16792118,2025-12-04 08:30:00,0.2,WIN ✅ (+0.20%),1,0.3085574,LOW (<50%)
2025-12-04 06:15:00,BUY (BULLISH),2,1.16538,1.16771076,2025-12-04 08:15:00,0.2,WIN ✅ (+0.20%),1,0.37634283,LOW (<50%)
2025-12-04 08:45:00,SELL (BEARISH),2,1.16764,1.16530472,2025-12-04 13:30:00,0.2,WIN ✅ (+0.20%),1,0.13103575,LOW (<50%)
2025-12-04 20:45:00,BUY (BULLISH),2,1.16438,1.16670876,2025-12-05 07:15:00,0.2,WIN ✅ (+0.20%),1,0.16993031,LOW (<50%)
2025-12-05 05:00:00,SELL (BEARISH),2,1.16531,1.16524,2025-12-05 14:00:00,0.006,LOSS ❌ (-0.01%),0,0.788303,HIGH (>70%)
2025-12-05 11:30:00,BUY (BULLISH),2,1.16457,1.16524,2025-12-05 14:00:00,0.0575,LOSS ❌ (0.06%),0,0.10486682,LOW (<50%)
2025-12-08 02:00:00,SELL (BEARISH),2,1.16523,1.16527,2025-12-08 14:00:00,-0.0034,LOSS ❌ (0.00%),0,0.7394599,HIGH (>70%)
2025-12-08 04:45:00,SELL (BEARISH),2,1.16541,1.16527,2025-12-08 14:00:00,0.012,LOSS ❌ (-0.01%),0,0.80760944,HIGH (>70%)
2025-12-08 09:15:00,BUY (BULLISH),2,1.16516,1.16527,2025-12-08 14:00:00,0.0094,LOSS ❌ (0.01%),0,0.23392013,LOW (<50%)
2025-12-09 05:30:00,SELL (BEARISH),2,1.1648,1.16319,2025-12-09 14:00:00,0.1382,LOSS ❌ (-0.14%),0,0.8833493,HIGH (>70%)
2025-12-09 05:45:00,SELL (BEARISH),2,1.16485,1.16319,2025-12-09 14:00:00,0.1425,LOSS ❌ (-0.14%),0,0.8406072,HIGH (>70%)
2025-12-10 01:30:00,BUY (BULLISH),2,1.16233,1.16465466,2025-12-10 07:45:00,0.2,WIN ✅ (+0.20%),1,0.727119,HIGH (>70%)
2025-12-10 04:45:00,SELL (BEARISH),2,1.16271,1.16392,2025-12-10 14:00:00,-0.1041,LOSS ❌ (0.10%),0,0.6554907,MEDIUM (50-70%)
2025-12-10 06:15:00,SELL (BEARISH),2,1.16315,1.16392,2025-12-10 14:00:00,-0.0662,LOSS ❌ (0.07%),0,0.460975,LOW (<50%)
2025-12-10 07:30:00,SELL (BEARISH),2,1.16384,1.16392,2025-12-10 14:00:00,-0.0069,LOSS ❌ (0.01%),0,0.51954275,MEDIUM (50-70%)
2025-12-10 19:30:00,SELL (BEARISH),2,1.16513,1.17393,2025-12-11 14:00:00,-0.7553,LOSS ❌ (0.76%),0,0.2981771,LOW (<50%)
2025-12-10 20:15:00,SELL (BEARISH),2,1.16939,1.17393,2025-12-11 14:00:00,-0.3882,LOSS ❌ (0.39%),0,0.25762108,LOW (<50%)
2025-12-10 23:45:00,SELL (BEARISH),2,1.17012,1.17393,2025-12-11 14:00:00,-0.3256,LOSS ❌ (0.33%),0,0.5507402,MEDIUM (50-70%)
2025-12-11 06:15:00,BUY (BULLISH),2,1.16834,1.17067668,2025-12-11 10:45:00,0.2,WIN ✅ (+0.20%),1,0.35917684,LOW (<50%)
2025-12-11 16:15:00,SELL (BEARISH),2,1.17466,1.17231068,2025-12-12 11:15:00,0.2,WIN ✅ (+0.20%),1,0.44517648,LOW (<50%)
2025-12-12 07:30:00,SELL (BEARISH),2,1.17395,1.17258,2025-12-12 14:00:00,0.1167,LOSS ❌ (-0.12%),0,0.770617,HIGH (>70%)
2025-12-12 11:30:00,BUY (BULLISH),2,1.1724,1.17258,2025-12-12 14:00:00,0.0154,LOSS ❌ (0.02%),0,0.26170734,LOW (<50%)
2025-12-12 17:45:00,SELL (BEARISH),2,1.17474,1.17395,2025-12-12 21:45:00,0.0672,LOSS ❌ (-0.07%),0,0.43500757,LOW (<50%)
2025-12-15 02:45:00,SELL (BEARISH),2,1.1741,1.17462,2025-12-15 14:00:00,-0.0443,LOSS ❌ (0.04%),0,0.48632672,LOW (<50%)
2025-12-15 09:15:00,SELL (BEARISH),2,1.1742,1.17462,2025-12-15 14:00:00,-0.0358,LOSS ❌ (0.04%),0,0.6591514,MEDIUM (50-70%)
2025-12-15 09:30:00,SELL (BEARISH),2,1.17413,1.17462,2025-12-15 14:00:00,-0.0417,LOSS ❌ (0.04%),0,0.6524796,MEDIUM (50-70%)
2025-12-15 12:30:00,SELL (BEARISH),2,1.17538,1.17462,2025-12-15 14:00:00,0.0647,LOSS ❌ (-0.06%),0,0.65345854,MEDIUM (50-70%)
2025-12-15 15:00:00,SELL (BEARISH),2,1.17635,1.1739973,2025-12-15 18:15:00,0.2,WIN ✅ (+0.20%),1,0.5207753,MEDIUM (50-70%)
2025-12-15 18:45:00,BUY (BULLISH),2,1.17428,1.17662856,2025-12-16 12:15:00,0.2,WIN ✅ (+0.20%),1,0.48267514,LOW (<50%)
2025-12-16 08:15:00,SELL (BEARISH),2,1.17576,1.17745,2025-12-16 14:00:00,-0.1437,LOSS ❌ (0.14%),0,0.7089685,HIGH (>70%)
2025-12-16 12:00:00,SELL (BEARISH),2,1.17627,1.17745,2025-12-16 14:00:00,-0.1003,LOSS ❌ (0.10%),0,0.45992288,LOW (<50%)
2025-12-16 15:00:00,SELL (BEARISH),2,1.17872,1.17636256,2025-12-16 16:00:00,0.2,WIN ✅ (+0.20%),1,0.4868871,LOW (<50%)
2025-12-16 18:30:00,BUY (BULLISH),2,1.17522,1.17334,2025-12-17 14:00:00,-0.16,LOSS ❌ (-0.16%),0,0.70681816,HIGH (>70%)
2025-12-16 19:15:00,BUY (BULLISH),2,1.17451,1.17334,2025-12-17 14:00:00,-0.0996,LOSS ❌ (-0.10%),0,0.81345457,HIGH (>70%)
2025-12-17 01:45:00,BUY (BULLISH),2,1.17468,1.17334,2025-12-17 14:00:00,-0.1141,LOSS ❌ (-0.11%),0,0.53435946,MEDIUM (50-70%)
2025-12-17 02:15:00,BUY (BULLISH),2,1.17398,1.17334,2025-12-17 14:00:00,-0.0545,LOSS ❌ (-0.05%),0,0.38100356,LOW (<50%)
2025-12-17 05:30:00,BUY (BULLISH),2,1.17273,1.17334,2025-12-17 14:00:00,0.052,LOSS ❌ (0.05%),0,0.17394604,LOW (<50%)
2025-12-17 07:00:00,BUY (BULLISH),2,1.17104,1.17338208,2025-12-17 14:00:00,0.2,WIN ✅ (+0.20%),1,0.33268255,LOW (<50%)
2025-12-17 07:15:00,BUY (BULLISH),2,1.17099,1.17333198,2025-12-17 14:00:00,0.2,WIN ✅ (+0.20%),1,0.122661956,LOW (<50%)
2025-12-18 07:00:00,SELL (BEARISH),2,1.1744,1.1720512,2025-12-18 09:15:00,0.2,WIN ✅ (+0.20%),1,0.6357788,MEDIUM (50-70%)
2025-12-18 08:45:00,BUY (BULLISH),2,1.17319,1.17553638,2025-12-18 13:30:00,0.2,WIN ✅ (+0.20%),1,0.032380998,LOW (<50%)
2025-12-18 12:15:00,BUY (BULLISH),2,1.17174,1.17408348,2025-12-18 13:30:00,0.2,WIN ✅ (+0.20%),1,0.15584742,LOW (<50%)
2025-12-18 13:45:00,SELL (BEARISH),2,1.17465,1.17414,2025-12-18 14:00:00,0.0434,LOSS ❌ (-0.04%),0,0.2531587,LOW (<50%)
2025-12-19 04:45:00,BUY (BULLISH),2,1.17175,1.17335,2025-12-19 14:00:00,0.1365,LOSS ❌ (0.14%),0,0.46128875,LOW (<50%)
2025-12-22 06:45:00,BUY (BULLISH),2,1.17155,1.1738931,2025-12-22 12:00:00,0.2,WIN ✅ (+0.20%),1,0.47620392,LOW (<50%)
2025-12-22 15:45:00,SELL (BEARISH),2,1.17636,1.17752,2025-12-23 14:00:00,-0.0986,LOSS ❌ (0.10%),0,0.48243147,LOW (<50%)
2025-12-22 23:15:00,SELL (BEARISH),2,1.17635,1.17752,2025-12-23 14:00:00,-0.0995,LOSS ❌ (0.10%),0,0.8296126,HIGH (>70%)
2025-12-22 23:45:00,SELL (BEARISH),2,1.17632,1.17752,2025-12-23 14:00:00,-0.102,LOSS ❌ (0.10%),0,0.65277314,MEDIUM (50-70%)
2025-12-23 01:45:00,SELL (BEARISH),2,1.17727,1.17752,2025-12-23 14:00:00,-0.0212,LOSS ❌ (0.02%),0,0.67905617,MEDIUM (50-70%)
2025-12-23 10:30:00,SELL (BEARISH),2,1.17968,1.17732064,2025-12-23 14:00:00,0.2,WIN ✅ (+0.20%),1,0.40793058,LOW (<50%)
2025-12-23 14:00:00,BUY (BULLISH),2,1.17752,1.17987504,2025-12-24 01:00:00,0.2,WIN ✅ (+0.20%),1,0.6419345,MEDIUM (50-70%)
2025-12-23 20:15:00,SELL (BEARISH),2,1.17907,1.17851,2025-12-24 14:00:00,0.0475,LOSS ❌ (-0.05%),0,0.9353667,HIGH (>70%)
2025-12-23 23:30:00,SELL (BEARISH),2,1.17949,1.17851,2025-12-24 14:00:00,0.0831,LOSS ❌ (-0.08%),0,0.8174455,HIGH (>70%)
2025-12-23 23:45:00,SELL (BEARISH),2,1.17945,1.17851,2025-12-24 14:00:00,0.0797,LOSS ❌ (-0.08%),0,0.88941914,HIGH (>70%)
2025-12-24 01:45:00,SELL (BEARISH),2,1.18048,1.17811904,2025-12-24 08:15:00,0.2,WIN ✅ (+0.20%),1,0.82090753,HIGH (>70%)
2025-12-24 13:30:00,BUY (BULLISH),2,1.17875,1.17851,2025-12-24 14:00:00,-0.0204,LOSS ❌ (-0.02%),0,0.15887405,LOW (<50%)
2025-12-24 14:00:00,BUY (BULLISH),2,1.17851,1.17717,2025-12-25 13:00:00,-0.1137,LOSS ❌ (-0.11%),0,0.24799821,LOW (<50%)
2025-12-24 14:30:00,BUY (BULLISH),2,1.17824,1.17717,2025-12-25 13:00:00,-0.0908,LOSS ❌ (-0.09%),0,0.31704676,LOW (<50%)
2025-12-24 15:15:00,BUY (BULLISH),2,1.17786,1.17717,2025-12-25 13:00:00,-0.0586,LOSS ❌ (-0.06%),0,0.1375877,LOW (<50%)
2025-12-26 00:30:00,SELL (BEARISH),2,1.179,1.176642,2025-12-26 08:00:00,0.2,WIN ✅ (+0.20%),1,0.58252203,MEDIUM (50-70%)
2025-12-26 02:45:00,SELL (BEARISH),2,1.17918,1.17682164,2025-12-26 08:00:00,0.2,WIN ✅ (+0.20%),1,0.7740533,HIGH (>70%)
2025-12-26 13:15:00,SELL (BEARISH),2,1.1791,1.17913,2025-12-26 14:00:00,-0.0025,LOSS ❌ (0.00%),0,0.34222046,LOW (<50%)
2025-12-26 16:30:00,BUY (BULLISH),2,1.17633,1.17706,2025-12-26 21:45:00,0.0621,LOSS ❌ (0.06%),0,0.28241944,LOW (<50%)
2025-12-29 01:15:00,SELL (BEARISH),2,1.17817,1.17581366,2025-12-29 05:00:00,0.2,WIN ✅ (+0.20%),1,0.6251528,MEDIUM (50-70%)
2025-12-29 01:45:00,SELL (BEARISH),2,1.17838,1.17602324,2025-12-29 05:00:00,0.2,WIN ✅ (+0.20%),1,0.5085409,MEDIUM (50-70%)
2025-12-29 09:30:00,SELL (BEARISH),2,1.17784,1.1772,2025-12-29 14:00:00,0.0543,LOSS ❌ (-0.05%),0,0.5287625,MEDIUM (50-70%)
2025-12-29 17:45:00,BUY (BULLISH),2,1.17517,1.17752034,2025-12-30 02:00:00,0.2,WIN ✅ (+0.20%),1,0.7282354,HIGH (>70%)
2025-12-29 21:15:00,SELL (BEARISH),2,1.17725,1.17572,2025-12-30 14:00:00,0.13,LOSS ❌ (-0.13%),0,0.703349,HIGH (>70%)
2025-12-30 00:45:00,SELL (BEARISH),2,1.17727,1.17572,2025-12-30 14:00:00,0.1317,LOSS ❌ (-0.13%),0,0.76975167,HIGH (>70%)
2025-12-30 06:15:00,SELL (BEARISH),2,1.1776,1.17572,2025-12-30 14:00:00,0.1596,LOSS ❌ (-0.16%),0,0.8030887,HIGH (>70%)
2025-12-30 20:00:00,BUY (BULLISH),2,1.17469,1.17387,2025-12-31 14:00:00,-0.0698,LOSS ❌ (-0.07%),0,0.41113353,LOW (<50%)
2025-12-31 08:30:00,BUY (BULLISH),2,1.17291,1.1752558199999998,2025-12-31 12:15:00,0.2,WIN ✅ (+0.20%),1,0.28976172,LOW (<50%)
2025-12-31 12:30:00,SELL (BEARISH),2,1.17541,1.17387,2025-12-31 14:00:00,0.131,LOSS ❌ (-0.13%),0,0.48625055,LOW (<50%)
2025-12-31 12:45:00,SELL (BEARISH),2,1.17548,1.17387,2025-12-31 14:00:00,0.137,LOSS ❌ (-0.14%),0,0.5761479,MEDIUM (50-70%)
2025-12-31 20:30:00,SELL (BEARISH),2,1.1748,1.17446,2026-01-01 13:00:00,0.0289,LOSS ❌ (-0.03%),0,0.4384729,LOW (<50%)
2026-01-02 01:30:00,SELL (BEARISH),2,1.176,1.173648,2026-01-02 07:30:00,0.2,WIN ✅ (+0.20%),1,0.82160914,HIGH (>70%)
2026-01-02 01:45:00,SELL (BEARISH),2,1.17605,1.1736979,2026-01-02 07:30:00,0.2,WIN ✅ (+0.20%),1,0.6370254,MEDIUM (50-70%)
2026-01-02 08:00:00,BUY (BULLISH),2,1.17346,1.172,2026-01-02 14:00:00,-0.1244,LOSS ❌ (-0.12%),0,0.48541415,LOW (<50%)
2026-01-02 19:30:00,BUY (BULLISH),2,1.17168,1.17192,2026-01-02 21:45:00,0.0205,LOSS ❌ (0.02%),0,0.58954066,MEDIUM (50-70%)
2026-01-04 23:00:00,BUY (BULLISH),2,1.17115,1.16803,2026-01-05 14:00:00,-0.2664,LOSS ❌ (-0.27%),0,0.56285584,MEDIUM (50-70%)
2026-01-05 15:30:00,SELL (BEARISH),2,1.16962,1.17134,2026-01-06 14:00:00,-0.1471,LOSS ❌ (0.15%),0,0.07194615,LOW (<50%)
2026-01-05 18:15:00,SELL (BEARISH),2,1.1719,1.17134,2026-01-06 14:00:00,0.0478,LOSS ❌ (-0.05%),0,0.7432525,HIGH (>70%)
2026-01-05 19:30:00,SELL (BEARISH),2,1.17253,1.1701849400000002,2026-01-06 12:30:00,0.2,WIN ✅ (+0.20%),1,0.7606103,HIGH (>70%)
2026-01-06 00:30:00,BUY (BULLISH),2,1.17122,1.17356244,2026-01-06 02:45:00,0.2,WIN ✅ (+0.20%),1,0.6153714,MEDIUM (50-70%)
2026-01-06 08:30:00,BUY (BULLISH),2,1.17269,1.17134,2026-01-06 14:00:00,-0.1151,LOSS ❌ (-0.12%),0,0.20526755,LOW (<50%)
2026-01-06 15:30:00,BUY (BULLISH),2,1.1691,1.1691,2026-01-07 14:00:00,0.0,LOSS ❌ (0.00%),0,0.19074304,LOW (<50%)
2026-01-06 19:30:00,BUY (BULLISH),2,1.16856,1.1691,2026-01-07 14:00:00,0.0462,LOSS ❌ (0.05%),0,0.34587803,LOW (<50%)
2026-01-07 01:00:00,SELL (BEARISH),2,1.16917,1.1691,2026-01-07 14:00:00,0.006,LOSS ❌ (-0.01%),0,0.5105553,MEDIUM (50-70%)
2026-01-07 13:45:00,SELL (BEARISH),2,1.16912,1.1691,2026-01-07 14:00:00,0.0017,LOSS ❌ (-0.00%),0,0.6428138,MEDIUM (50-70%)
2026-01-07 21:30:00,BUY (BULLISH),2,1.1676,1.16597,2026-01-08 14:00:00,-0.1396,LOSS ❌ (-0.14%),0,0.34669167,LOW (<50%)
2026-01-08 02:15:00,BUY (BULLISH),2,1.16741,1.16597,2026-01-08 14:00:00,-0.1233,LOSS ❌ (-0.12%),0,0.43781385,LOW (<50%)
2026-01-08 02:45:00,SELL (BEARISH),2,1.16798,1.16597,2026-01-08 14:00:00,0.1721,LOSS ❌ (-0.17%),0,0.3667445,LOW (<50%)
2026-01-08 03:00:00,SELL (BEARISH),2,1.16802,1.16597,2026-01-08 14:00:00,0.1755,LOSS ❌ (-0.18%),0,0.75746226,HIGH (>70%)
2026-01-08 03:30:00,SELL (BEARISH),2,1.16803,1.16597,2026-01-08 14:00:00,0.1764,LOSS ❌ (-0.18%),0,0.5164183,MEDIUM (50-70%)
2026-01-08 05:45:00,SELL (BEARISH),2,1.16821,1.16587358,2026-01-08 13:45:00,0.2,WIN ✅ (+0.20%),1,0.6728374,MEDIUM (50-70%)
2026-01-08 08:45:00,BUY (BULLISH),2,1.1671,1.16597,2026-01-08 14:00:00,-0.0968,LOSS ❌ (-0.10%),0,0.30152032,LOW (<50%)
2026-01-08 16:15:00,BUY (BULLISH),2,1.16568,1.16424,2026-01-09 14:00:00,-0.1235,LOSS ❌ (-0.12%),0,0.3802797,LOW (<50%)
2026-01-08 16:30:00,BUY (BULLISH),2,1.16563,1.16424,2026-01-09 14:00:00,-0.1192,LOSS ❌ (-0.12%),0,0.14287037,LOW (<50%)
2026-01-08 21:45:00,SELL (BEARISH),2,1.16593,1.16359814,2026-01-09 13:30:00,0.2,WIN ✅ (+0.20%),1,0.4343122,LOW (<50%)
2026-01-09 01:45:00,BUY (BULLISH),2,1.16488,1.16424,2026-01-09 14:00:00,-0.0549,LOSS ❌ (-0.05%),0,0.34074974,LOW (<50%)
2026-01-09 10:15:00,BUY (BULLISH),2,1.16424,1.16424,2026-01-09 14:00:00,0.0,LOSS ❌ (0.00%),0,0.38797885,LOW (<50%)
2026-01-09 15:15:00,BUY (BULLISH),3,1.1626,1.16315,2026-01-09 21:45:00,0.0473,LOSS ❌ (0.05%),0,0.6787778,MEDIUM (50-70%)
2026-01-12 01:15:00,SELL (BEARISH),2,1.16655,1.16829,2026-01-12 14:00:00,-0.1492,LOSS ❌ (0.15%),0,0.19706741,LOW (<50%)
2026-01-12 13:45:00,SELL (BEARISH),2,1.16925,1.16829,2026-01-12 14:00:00,0.0821,LOSS ❌ (-0.08%),0,0.39085785,LOW (<50%)
2026-01-12 14:30:00,BUY (BULLISH),2,1.16761,1.16674,2026-01-13 14:00:00,-0.0745,LOSS ❌ (-0.07%),0,0.2709557,LOW (<50%)
2026-01-12 15:00:00,BUY (BULLISH),2,1.16771,1.16674,2026-01-13 14:00:00,-0.0831,LOSS ❌ (-0.08%),0,0.31409478,LOW (<50%)
2026-01-12 18:00:00,BUY (BULLISH),2,1.16677,1.16674,2026-01-13 14:00:00,-0.0026,LOSS ❌ (-0.00%),0,0.3647039,LOW (<50%)
2026-01-13 01:30:00,BUY (BULLISH),2,1.16587,1.16674,2026-01-13 14:00:00,0.0746,LOSS ❌ (0.07%),0,0.56608313,MEDIUM (50-70%)
2026-01-13 06:30:00,BUY (BULLISH),2,1.16549,1.16674,2026-01-13 14:00:00,0.1073,LOSS ❌ (0.11%),0,0.32091048,LOW (<50%)
2026-01-13 10:00:00,SELL (BEARISH),2,1.16715,1.16674,2026-01-13 14:00:00,0.0351,LOSS ❌ (-0.04%),0,0.29862973,LOW (<50%)
2026-01-13 13:00:00,BUY (BULLISH),2,1.1655,1.16674,2026-01-13 14:00:00,0.1064,LOSS ❌ (0.11%),0,0.584645,MEDIUM (50-70%)
2026-01-13 15:30:00,BUY (BULLISH),3,1.16482,1.16528,2026-01-14 14:00:00,0.0395,LOSS ❌ (0.04%),0,0.20765176,LOW (<50%)
2026-01-13 16:15:00,BUY (BULLISH),2,1.16393,1.16528,2026-01-14 14:00:00,0.116,LOSS ❌ (0.12%),0,0.4300942,LOW (<50%)
2026-01-14 01:15:00,BUY (BULLISH),2,1.16371,1.16528,2026-01-14 14:00:00,0.1349,LOSS ❌ (0.13%),0,0.59402525,MEDIUM (50-70%)
2026-01-14 02:00:00,BUY (BULLISH),2,1.16372,1.16528,2026-01-14 14:00:00,0.1341,LOSS ❌ (0.13%),0,0.645513,MEDIUM (50-70%)
2026-01-14 03:15:00,SELL (BEARISH),2,1.16442,1.16528,2026-01-14 14:00:00,-0.0739,LOSS ❌ (0.07%),0,0.25314826,LOW (<50%)
2026-01-14 03:45:00,SELL (BEARISH),2,1.16466,1.16528,2026-01-14 14:00:00,-0.0532,LOSS ❌ (0.05%),0,0.43512627,LOW (<50%)
2026-01-14 07:00:00,SELL (BEARISH),2,1.16486,1.16528,2026-01-14 14:00:00,-0.0361,LOSS ❌ (0.04%),0,0.51807415,MEDIUM (50-70%)
2026-01-14 07:15:00,SELL (BEARISH),2,1.16482,1.16528,2026-01-14 14:00:00,-0.0395,LOSS ❌ (0.04%),0,0.6308084,MEDIUM (50-70%)
2026-01-14 09:30:00,SELL (BEARISH),2,1.16488,1.16528,2026-01-14 14:00:00,-0.0343,LOSS ❌ (0.03%),0,0.6658652,MEDIUM (50-70%)
2026-01-14 10:30:00,SELL (BEARISH),2,1.16541,1.16528,2026-01-14 14:00:00,0.0112,LOSS ❌ (-0.01%),0,0.44341245,LOW (<50%)
2026-01-14 10:45:00,SELL (BEARISH),2,1.16548,1.16528,2026-01-14 14:00:00,0.0172,LOSS ❌ (-0.02%),0,0.57125235,MEDIUM (50-70%)
2026-01-14 16:00:00,SELL (BEARISH),2,1.16586,1.16352828,2026-01-14 19:45:00,0.2,WIN ✅ (+0.20%),1,0.41280293,LOW (<50%)
2026-01-14 18:15:00,BUY (BULLISH),2,1.16444,1.16072,2026-01-15 14:00:00,-0.3195,LOSS ❌ (-0.32%),0,0.1842219,LOW (<50%)
2026-01-14 19:30:00,BUY (BULLISH),2,1.16378,1.16072,2026-01-15 14:00:00,-0.2629,LOSS ❌ (-0.26%),0,0.28763112,LOW (<50%)
2026-01-15 01:30:00,BUY (BULLISH),2,1.16391,1.16072,2026-01-15 14:00:00,-0.2741,LOSS ❌ (-0.27%),0,0.68036634,MEDIUM (50-70%)
2026-01-15 09:45:00,SELL (BEARISH),2,1.16355,1.1612229,2026-01-15 13:30:00,0.2,WIN ✅ (+0.20%),1,0.56467444,MEDIUM (50-70%)
2026-01-15 10:30:00,SELL (BEARISH),2,1.16386,1.16153228,2026-01-15 13:30:00,0.2,WIN ✅ (+0.20%),1,0.37849367,LOW (<50%)
2026-01-15 13:00:00,BUY (BULLISH),2,1.16228,1.16072,2026-01-15 14:00:00,-0.1342,LOSS ❌ (-0.13%),0,0.38886017,LOW (<50%)
2026-01-15 18:45:00,SELL (BEARISH),2,1.16145,1.16153,2026-01-16 14:00:00,-0.0069,LOSS ❌ (0.01%),0,0.4955592,LOW (<50%)
2026-01-15 19:00:00,SELL (BEARISH),2,1.16139,1.16153,2026-01-16 14:00:00,-0.0121,LOSS ❌ (0.01%),0,0.44637835,LOW (<50%)
2026-01-16 09:15:00,SELL (BEARISH),2,1.16123,1.16153,2026-01-16 14:00:00,-0.0258,LOSS ❌ (0.03%),0,0.76236045,HIGH (>70%)
2026-01-19 18:15:00,SELL (BEARISH),2,1.16472,1.17238,2026-01-20 14:00:00,-0.6577,LOSS ❌ (0.66%),0,0.3865451,LOW (<50%)
2026-01-20 03:45:00,SELL (BEARISH),2,1.16562,1.17238,2026-01-20 14:00:00,-0.5799,LOSS ❌ (0.58%),0,0.49609247,LOW (<50%)
2026-01-20 04:30:00,SELL (BEARISH),2,1.16612,1.17238,2026-01-20 14:00:00,-0.5368,LOSS ❌ (0.54%),0,0.75663894,HIGH (>70%)
2026-01-20 09:00:00,SELL (BEARISH),2,1.17183,1.17238,2026-01-20 14:00:00,-0.0469,LOSS ❌ (0.05%),0,0.28611386,LOW (<50%)
2026-01-20 09:30:00,SELL (BEARISH),2,1.17271,1.17238,2026-01-20 14:00:00,0.0281,LOSS ❌ (-0.03%),0,0.4144253,LOW (<50%)
2026-01-20 11:45:00,SELL (BEARISH),3,1.17346,1.17238,2026-01-20 14:00:00,0.092,LOSS ❌ (-0.09%),0,0.6999233,MEDIUM (50-70%)
2026-01-20 12:00:00,SELL (BEARISH),2,1.17381,1.17238,2026-01-20 14:00:00,0.1218,LOSS ❌ (-0.12%),0,0.5698674,MEDIUM (50-70%)
2026-01-20 13:30:00,SELL (BEARISH),2,1.17352,1.17238,2026-01-20 14:00:00,0.0971,LOSS ❌ (-0.10%),0,0.18178774,LOW (<50%)
2026-01-20 14:30:00,BUY (BULLISH),2,1.17199,1.17242,2026-01-21 14:00:00,0.0367,LOSS ❌ (0.04%),0,0.5467475,MEDIUM (50-70%)
2026-01-21 08:30:00,BUY (BULLISH),2,1.17091,1.17325182,2026-01-21 12:45:00,0.2,WIN ✅ (+0.20%),1,0.15000825,LOW (<50%)
2026-01-21 16:15:00,BUY (BULLISH),2,1.17024,1.17138,2026-01-22 14:00:00,0.0974,LOSS ❌ (0.10%),0,0.7534724,HIGH (>70%)
2026-01-21 18:30:00,BUY (BULLISH),2,1.16966,1.17138,2026-01-22 14:00:00,0.1471,LOSS ❌ (0.15%),0,0.2131892,LOW (<50%)
2026-01-21 19:30:00,BUY (BULLISH),2,1.168,1.1703359999999998,2026-01-22 11:45:00,0.2,WIN ✅ (+0.20%),1,0.7048861,HIGH (>70%)
2026-01-21 20:15:00,BUY (BULLISH),2,1.16796,1.17029592,2026-01-22 11:45:00,0.2,WIN ✅ (+0.20%),1,0.25935245,LOW (<50%)
2026-01-22 11:45:00,SELL (BEARISH),2,1.17018,1.17138,2026-01-22 14:00:00,-0.1025,LOSS ❌ (0.10%),0,0.7304777,HIGH (>70%)
2026-01-22 14:00:00,SELL (BEARISH),2,1.17138,1.17387,2026-01-23 14:00:00,-0.2126,LOSS ❌ (0.21%),0,0.41827446,LOW (<50%)
2026-01-22 21:30:00,SELL (BEARISH),2,1.17537,1.17301926,2026-01-23 08:15:00,0.2,WIN ✅ (+0.20%),1,0.8095488,HIGH (>70%)
2026-01-23 02:00:00,BUY (BULLISH),2,1.17481,1.17387,2026-01-23 14:00:00,-0.08,LOSS ❌ (-0.08%),0,0.7576703,HIGH (>70%)
2026-01-23 03:30:00,BUY (BULLISH),2,1.17445,1.17387,2026-01-23 14:00:00,-0.0494,LOSS ❌ (-0.05%),0,0.28233105,LOW (<50%)
2026-01-23 05:15:00,SELL (BEARISH),2,1.17505,1.17387,2026-01-23 14:00:00,0.1004,LOSS ❌ (-0.10%),0,0.77423465,HIGH (>70%)
2026-01-23 07:00:00,BUY (BULLISH),2,1.17419,1.17387,2026-01-23 14:00:00,-0.0273,LOSS ❌ (-0.03%),0,0.41105974,LOW (<50%)
2026-01-23 08:00:00,BUY (BULLISH),2,1.1735,1.17387,2026-01-23 14:00:00,0.0315,LOSS ❌ (0.03%),0,0.1564365,LOW (<50%)
2026-01-23 17:30:00,SELL (BEARISH),2,1.17856,1.18268,2026-01-23 21:45:00,-0.3496,LOSS ❌ (0.35%),0,0.42401546,LOW (<50%)
2026-01-23 21:15:00,SELL (BEARISH),3,1.1829,1.18268,2026-01-23 21:45:00,0.0186,LOSS ❌ (-0.02%),0,0.4564832,LOW (<50%)
2026-01-25 23:15:00,SELL (BEARISH),2,1.18644,1.18406712,2026-01-26 07:45:00,0.2,WIN ✅ (+0.20%),1,0.34963867,LOW (<50%)
2026-01-26 16:00:00,SELL (BEARISH),2,1.18899,1.18661202,2026-01-27 07:45:00,0.2,WIN ✅ (+0.20%),1,0.51698023,MEDIUM (50-70%)
2026-01-27 04:30:00,BUY (BULLISH),2,1.18719,1.18956438,2026-01-27 11:45:00,0.2,WIN ✅ (+0.20%),1,0.20425254,LOW (<50%)
2026-01-27 07:00:00,BUY (BULLISH),2,1.18723,1.18960446,2026-01-27 11:45:00,0.2,WIN ✅ (+0.20%),1,0.14649795,LOW (<50%)
2026-01-27 10:45:00,SELL (BEARISH),2,1.18885,1.19266,2026-01-27 14:00:00,-0.3205,LOSS ❌ (0.32%),0,0.45285773,LOW (<50%)
2026-01-27 12:45:00,SELL (BEARISH),2,1.19277,1.19266,2026-01-27 14:00:00,0.0092,LOSS ❌ (-0.01%),0,0.7024913,HIGH (>70%)
2026-01-27 13:00:00,SELL (BEARISH),3,1.19274,1.19266,2026-01-27 14:00:00,0.0067,LOSS ❌ (-0.01%),0,0.8042633,HIGH (>70%)
2026-01-27 15:15:00,SELL (BEARISH),2,1.19645,1.19635,2026-01-28 14:00:00,0.0084,LOSS ❌ (-0.01%),0,0.3166266,LOW (<50%)
2026-01-27 16:15:00,SELL (BEARISH),2,1.19714,1.19635,2026-01-28 14:00:00,0.066,LOSS ❌ (-0.07%),0,0.66925293,MEDIUM (50-70%)
2026-01-27 16:45:00,SELL (BEARISH),2,1.19788,1.19548424,2026-01-28 13:45:00,0.2,WIN ✅ (+0.20%),1,0.90304005,HIGH (>70%)
2026-01-27 20:15:00,SELL (BEARISH),2,1.19895,1.1965521,2026-01-28 11:15:00,0.2,WIN ✅ (+0.20%),1,0.4961893,LOW (<50%)
2026-01-28 07:15:00,SELL (BEARISH),2,1.2003,1.1978993999999998,2026-01-28 08:45:00,0.2,WIN ✅ (+0.20%),1,0.30383885,LOW (<50%)
2026-01-28 08:45:00,BUY (BULLISH),2,1.19801,1.19635,2026-01-28 14:00:00,-0.1386,LOSS ❌ (-0.14%),0,0.48670897,LOW (<50%)
2026-01-28 11:30:00,BUY (BULLISH),2,1.19662,1.19635,2026-01-28 14:00:00,-0.0226,LOSS ❌ (-0.02%),0,0.35604396,LOW (<50%)
2026-01-28 13:15:00,BUY (BULLISH),2,1.1962,1.19635,2026-01-28 14:00:00,0.0125,LOSS ❌ (0.01%),0,0.32533202,LOW (<50%)
2026-01-28 16:30:00,BUY (BULLISH),2,1.19332,1.19570664,2026-01-28 23:00:00,0.2,WIN ✅ (+0.20%),1,0.867281,HIGH (>70%)
2026-01-28 18:45:00,BUY (BULLISH),3,1.19212,1.19450424,2026-01-28 20:00:00,0.2,WIN ✅ (+0.20%),1,0.66655004,MEDIUM (50-70%)
2026-01-28 21:00:00,SELL (BEARISH),2,1.19492,1.19644,2026-01-29 14:00:00,-0.1272,LOSS ❌ (0.13%),0,0.66923463,MEDIUM (50-70%)
2026-01-28 22:30:00,SELL (BEARISH),3,1.19552,1.19644,2026-01-29 14:00:00,-0.077,LOSS ❌ (0.08%),0,0.74561745,HIGH (>70%)
2026-01-28 22:45:00,SELL (BEARISH),3,1.19555,1.19644,2026-01-29 14:00:00,-0.0744,LOSS ❌ (0.07%),0,0.9490518,HIGH (>70%)
2026-01-29 08:30:00,BUY (BULLISH),2,1.19681,1.19644,2026-01-29 14:00:00,-0.0309,LOSS ❌ (-0.03%),0,0.5032171,MEDIUM (50-70%)
2026-01-29 08:45:00,BUY (BULLISH),3,1.19682,1.19644,2026-01-29 14:00:00,-0.0318,LOSS ❌ (-0.03%),0,0.26814717,LOW (<50%)
2026-01-29 09:15:00,BUY (BULLISH),2,1.19628,1.19644,2026-01-29 14:00:00,0.0134,LOSS ❌ (0.01%),0,0.6788455,MEDIUM (50-70%)
2026-01-29 10:00:00,BUY (BULLISH),2,1.19543,1.19644,2026-01-29 14:00:00,0.0845,LOSS ❌ (0.08%),0,0.52191585,MEDIUM (50-70%)
2026-01-29 10:15:00,BUY (BULLISH),2,1.19532,1.19644,2026-01-29 14:00:00,0.0937,LOSS ❌ (0.09%),0,0.788436,HIGH (>70%)
2026-01-29 11:00:00,BUY (BULLISH),2,1.19465,1.1970393,2026-01-29 13:30:00,0.2,WIN ✅ (+0.20%),1,0.7740266,HIGH (>70%)
2026-01-29 14:45:00,SELL (BEARISH),2,1.19701,1.1946159799999998,2026-01-29 15:00:00,0.2,WIN ✅ (+0.20%),1,0.70083666,HIGH (>70%)
2026-01-29 15:00:00,SELL (BEARISH),2,1.19479,1.19240042,2026-01-29 15:15:00,0.2,WIN ✅ (+0.20%),1,0.7208888,HIGH (>70%)
2026-01-29 20:30:00,SELL (BEARISH),2,1.19636,1.19396728,2026-01-30 00:15:00,0.2,WIN ✅ (+0.20%),1,0.4886351,LOW (<50%)
2026-01-29 20:45:00,SELL (BEARISH),2,1.19644,1.19404712,2026-01-30 00:15:00,0.2,WIN ✅ (+0.20%),1,0.7330788,HIGH (>70%)
2026-01-30 01:15:00,BUY (BULLISH),3,1.19278,1.19516556,2026-01-30 12:00:00,0.2,WIN ✅ (+0.20%),1,0.64361215,MEDIUM (50-70%)
2026-01-30 02:15:00,BUY (BULLISH),2,1.19081,1.19319162,2026-01-30 04:00:00,0.2,WIN ✅ (+0.20%),1,0.3706489,LOW (<50%)
2026-01-30 08:00:00,SELL (BEARISH),3,1.19396,1.1915720799999998,2026-01-30 09:30:00,0.2,WIN ✅ (+0.20%),1,0.28043297,LOW (<50%)
2026-01-30 09:30:00,BUY (BULLISH),2,1.19137,1.19375274,2026-01-30 11:30:00,0.2,WIN ✅ (+0.20%),1,0.50373054,MEDIUM (50-70%)
2026-01-30 15:30:00,BUY (BULLISH),2,1.19023,1.18516,2026-01-30 21:45:00,-0.426,LOSS ❌ (-0.43%),0,0.7379491,HIGH (>70%)
2026-01-30 16:30:00,BUY (BULLISH),2,1.18817,1.18516,2026-01-30 21:45:00,-0.2533,LOSS ❌ (-0.25%),0,0.7469048,HIGH (>70%)
2026-01-30 17:15:00,BUY (BULLISH),2,1.18833,1.18516,2026-01-30 21:45:00,-0.2668,LOSS ❌ (-0.27%),0,0.85586625,HIGH (>70%)
2026-01-30 17:45:00,BUY (BULLISH),3,1.18721,1.18516,2026-01-30 21:45:00,-0.1727,LOSS ❌ (-0.17%),0,0.22686501,LOW (<50%)
2026-01-30 18:00:00,BUY (BULLISH),2,1.1868,1.18516,2026-01-30 21:45:00,-0.1382,LOSS ❌ (-0.14%),0,0.46324024,LOW (<50%)
2026-01-30 21:00:00,BUY (BULLISH),2,1.18551,1.18516,2026-01-30 21:45:00,-0.0295,LOSS ❌ (-0.03%),0,0.3701286,LOW (<50%)
2026-01-30 21:15:00,BUY (BULLISH),2,1.18508,1.18516,2026-01-30 21:45:00,0.0068,LOSS ❌ (0.01%),0,0.21977247,LOW (<50%)
2026-01-30 21:30:00,BUY (BULLISH),2,1.18543,1.18516,2026-01-30 21:45:00,-0.0228,LOSS ❌ (-0.02%),0,0.43117413,LOW (<50%)
2026-02-01 22:45:00,BUY (BULLISH),2,1.18496,1.18732992,2026-02-02 00:00:00,0.2,WIN ✅ (+0.20%),1,0.36627057,LOW (<50%)
2026-02-02 02:00:00,SELL (BEARISH),2,1.18676,1.18438648,2026-02-02 05:45:00,0.2,WIN ✅ (+0.20%),1,0.62895143,MEDIUM (50-70%)
2026-02-02 02:45:00,SELL (BEARISH),2,1.18628,1.18390744,2026-02-02 13:00:00,0.2,WIN ✅ (+0.20%),1,0.4561704,LOW (<50%)
2026-02-02 10:15:00,SELL (BEARISH),2,1.18663,1.18425674,2026-02-02 13:00:00,0.2,WIN ✅ (+0.20%),1,0.49362844,LOW (<50%)
2026-02-02 11:30:00,SELL (BEARISH),2,1.18619,1.18381762,2026-02-02 13:00:00,0.2,WIN ✅ (+0.20%),1,0.3588964,LOW (<50%)
2026-02-02 13:45:00,BUY (BULLISH),2,1.18204,1.18082,2026-02-02 14:00:00,-0.1032,LOSS ❌ (-0.10%),0,0.8070285,HIGH (>70%)
2026-02-02 14:15:00,BUY (BULLISH),2,1.18125,1.17835,2026-02-03 14:00:00,-0.2455,LOSS ❌ (-0.25%),0,0.7401549,HIGH (>70%)
2026-02-02 15:00:00,BUY (BULLISH),2,1.18064,1.17835,2026-02-03 14:00:00,-0.194,LOSS ❌ (-0.19%),0,0.7717587,HIGH (>70%)
2026-02-02 15:15:00,BUY (BULLISH),2,1.18039,1.17835,2026-02-03 14:00:00,-0.1728,LOSS ❌ (-0.17%),0,0.82322127,HIGH (>70%)
2026-02-02 15:45:00,BUY (BULLISH),3,1.1792,1.1815584,2026-02-03 04:15:00,0.2,WIN ✅ (+0.20%),1,0.84234434,HIGH (>70%)
2026-02-02 18:15:00,BUY (BULLISH),2,1.17868,1.18103736,2026-02-03 01:15:00,0.2,WIN ✅ (+0.20%),1,0.21658608,LOW (<50%)
2026-02-02 23:30:00,SELL (BEARISH),2,1.17956,1.17835,2026-02-03 14:00:00,0.1026,LOSS ❌ (-0.10%),0,0.735189,HIGH (>70%)
2026-02-03 04:15:00,SELL (BEARISH),2,1.18135,1.1789873,2026-02-03 10:15:00,0.2,WIN ✅ (+0.20%),1,0.7252839,HIGH (>70%)
2026-02-03 10:15:00,BUY (BULLISH),2,1.17942,1.17835,2026-02-03 14:00:00,-0.0907,LOSS ❌ (-0.09%),0,0.5971819,MEDIUM (50-70%)
2026-02-03 16:15:00,SELL (BEARISH),2,1.181,1.18073,2026-02-04 14:00:00,0.0229,LOSS ❌ (-0.02%),0,0.56542176,MEDIUM (50-70%)
2026-02-03 16:30:00,SELL (BEARISH),2,1.18171,1.18073,2026-02-04 14:00:00,0.0829,LOSS ❌ (-0.08%),0,0.4896937,LOW (<50%)
2026-02-03 17:00:00,SELL (BEARISH),2,1.1819,1.18073,2026-02-04 14:00:00,0.099,LOSS ❌ (-0.10%),0,0.63746476,MEDIUM (50-70%)
2026-02-03 17:15:00,SELL (BEARISH),3,1.18184,1.18073,2026-02-04 14:00:00,0.0939,LOSS ❌ (-0.09%),0,0.6063065,MEDIUM (50-70%)
2026-02-04 04:30:00,SELL (BEARISH),2,1.18288,1.18051424,2026-02-04 10:30:00,0.2,WIN ✅ (+0.20%),1,0.6286355,MEDIUM (50-70%)
2026-02-04 10:30:00,BUY (BULLISH),2,1.18097,1.18073,2026-02-04 14:00:00,-0.0203,LOSS ❌ (-0.02%),0,0.25548038,LOW (<50%)
2026-02-04 15:30:00,BUY (BULLISH),2,1.18031,1.182,2026-02-05 14:00:00,0.1432,LOSS ❌ (0.14%),0,0.59342223,MEDIUM (50-70%)
2026-02-04 16:00:00,BUY (BULLISH),2,1.17932,1.18167864,2026-02-05 14:00:00,0.2,WIN ✅ (+0.20%),1,0.9505664,HIGH (>70%)
2026-02-04 16:15:00,BUY (BULLISH),2,1.17977,1.182,2026-02-05 14:00:00,0.189,LOSS ❌ (0.19%),0,0.35743383,LOW (<50%)
2026-02-05 09:30:00,BUY (BULLISH),2,1.17866,1.18101732,2026-02-05 13:30:00,0.2,WIN ✅ (+0.20%),1,0.45506608,LOW (<50%)
2026-02-05 14:15:00,SELL (BEARISH),2,1.18071,1.17834858,2026-02-05 15:45:00,0.2,WIN ✅ (+0.20%),1,0.22855143,LOW (<50%)
2026-02-05 15:30:00,BUY (BULLISH),2,1.17863,1.18098726,2026-02-06 13:45:00,0.2,WIN ✅ (+0.20%),1,0.41088957,LOW (<50%)
2026-02-05 15:45:00,BUY (BULLISH),2,1.17909,1.18144818,2026-02-06 14:00:00,0.2,WIN ✅ (+0.20%),1,0.48398897,LOW (<50%)
2026-02-06 04:45:00,SELL (BEARISH),2,1.17949,1.18119,2026-02-06 14:00:00,-0.1441,LOSS ❌ (0.14%),0,0.55870813,MEDIUM (50-70%)
2026-02-06 05:15:00,SELL (BEARISH),2,1.17975,1.18119,2026-02-06 14:00:00,-0.1221,LOSS ❌ (0.12%),0,0.8425622,HIGH (>70%)
2026-02-06 06:30:00,SELL (BEARISH),2,1.17994,1.18119,2026-02-06 14:00:00,-0.1059,LOSS ❌ (0.11%),0,0.57333046,MEDIUM (50-70%)
2026-02-06 14:15:00,SELL (BEARISH),2,1.18123,1.18143,2026-02-06 21:45:00,-0.0169,LOSS ❌ (0.02%),0,0.27271473,LOW (<50%)
2026-02-06 21:00:00,SELL (BEARISH),2,1.18221,1.18143,2026-02-06 21:45:00,0.066,LOSS ❌ (-0.07%),0,0.6966757,MEDIUM (50-70%)
2026-02-09 08:45:00,SELL (BEARISH),2,1.18638,1.19109,2026-02-09 14:00:00,-0.397,LOSS ❌ (0.40%),0,0.6800244,MEDIUM (50-70%)
2026-02-09 09:00:00,SELL (BEARISH),3,1.18642,1.19109,2026-02-09 14:00:00,-0.3936,LOSS ❌ (0.39%),0,0.9045841,HIGH (>70%)
2026-02-09 09:15:00,SELL (BEARISH),2,1.18678,1.19109,2026-02-09 14:00:00,-0.3632,LOSS ❌ (0.36%),0,0.6091773,MEDIUM (50-70%)
2026-02-09 11:45:00,SELL (BEARISH),2,1.18689,1.19109,2026-02-09 14:00:00,-0.3539,LOSS ❌ (0.35%),0,0.39132664,LOW (<50%)
2026-02-09 15:00:00,SELL (BEARISH),2,1.19111,1.19152,2026-02-10 14:00:00,-0.0344,LOSS ❌ (0.03%),0,0.32944918,LOW (<50%)
2026-02-10 13:00:00,BUY (BULLISH),2,1.18929,1.19152,2026-02-10 14:00:00,0.1875,LOSS ❌ (0.19%),0,0.09662972,LOW (<50%)
2026-02-10 23:45:00,BUY (BULLISH),2,1.18875,1.1911275,2026-02-11 02:30:00,0.2,WIN ✅ (+0.20%),1,0.14988586,LOW (<50%)
2026-02-11 00:00:00,BUY (BULLISH),2,1.18871,1.19108742,2026-02-11 02:30:00,0.2,WIN ✅ (+0.20%),1,0.3099401,LOW (<50%)
2026-02-11 13:15:00,BUY (BULLISH),2,1.19002,1.18723,2026-02-11 14:00:00,-0.2344,LOSS ❌ (-0.23%),0,0.22296095,LOW (<50%)
2026-02-12 08:15:00,SELL (BEARISH),2,1.18775,1.18775,2026-02-12 14:00:00,0.0,LOSS ❌ (-0.00%),0,0.22275515,LOW (<50%)
2026-02-12 12:45:00,BUY (BULLISH),2,1.18727,1.18775,2026-02-12 14:00:00,0.0404,LOSS ❌ (0.04%),0,0.26197538,LOW (<50%)
2026-02-12 15:15:00,SELL (BEARISH),2,1.18845,1.1860731,2026-02-12 17:00:00,0.2,WIN ✅ (+0.20%),1,0.25343546,LOW (<50%)
2026-02-12 16:00:00,SELL (BEARISH),2,1.1869,1.18696,2026-02-13 14:00:00,-0.0051,LOSS ❌ (0.01%),0,0.22826144,LOW (<50%)
2026-02-12 17:00:00,BUY (BULLISH),2,1.18659,1.18696,2026-02-13 14:00:00,0.0312,LOSS ❌ (0.03%),0,0.21219577,LOW (<50%)
2026-02-13 04:45:00,BUY (BULLISH),2,1.18628,1.18696,2026-02-13 14:00:00,0.0573,LOSS ❌ (0.06%),0,0.51888615,MEDIUM (50-70%)
2026-02-13 06:00:00,BUY (BULLISH),2,1.18595,1.1883219,2026-02-13 13:30:00,0.2,WIN ✅ (+0.20%),1,0.21875075,LOW (<50%)
2026-02-15 23:45:00,BUY (BULLISH),2,1.18665,1.18594,2026-02-16 14:00:00,-0.0598,LOSS ❌ (-0.06%),0,0.726634,HIGH (>70%)
2026-02-16 08:15:00,BUY (BULLISH),2,1.18627,1.18594,2026-02-16 14:00:00,-0.0278,LOSS ❌ (-0.03%),0,0.47029337,LOW (<50%)
2026-02-16 08:30:00,BUY (BULLISH),2,1.18623,1.18594,2026-02-16 14:00:00,-0.0244,LOSS ❌ (-0.02%),0,0.52927315,MEDIUM (50-70%)
2026-02-16 23:00:00,BUY (BULLISH),2,1.18496,1.18178,2026-02-17 14:00:00,-0.2684,LOSS ❌ (-0.27%),0,0.4345825,LOW (<50%)
2026-02-16 23:15:00,BUY (BULLISH),2,1.18488,1.18178,2026-02-17 14:00:00,-0.2616,LOSS ❌ (-0.26%),0,0.35194334,LOW (<50%)
2026-02-17 02:45:00,BUY (BULLISH),2,1.18417,1.18178,2026-02-17 14:00:00,-0.2018,LOSS ❌ (-0.20%),0,0.27778086,LOW (<50%)
2026-02-17 07:45:00,BUY (BULLISH),2,1.18324,1.18178,2026-02-17 14:00:00,-0.1234,LOSS ❌ (-0.12%),0,0.22569929,LOW (<50%)
2026-02-17 21:15:00,SELL (BEARISH),2,1.18516,1.18278968,2026-02-18 13:45:00,0.2,WIN ✅ (+0.20%),1,0.86077917,HIGH (>70%)
2026-02-18 04:00:00,BUY (BULLISH),2,1.18413,1.18234,2026-02-18 14:00:00,-0.1512,LOSS ❌ (-0.15%),0,0.2581394,LOW (<50%)
2026-02-18 07:45:00,BUY (BULLISH),2,1.18345,1.18234,2026-02-18 14:00:00,-0.0938,LOSS ❌ (-0.09%),0,0.68214595,MEDIUM (50-70%)
2026-02-18 14:00:00,BUY (BULLISH),2,1.18234,1.17484,2026-02-19 14:00:00,-0.6343,LOSS ❌ (-0.63%),0,0.0588564,LOW (<50%)
2026-02-18 18:45:00,BUY (BULLISH),2,1.17901,1.17484,2026-02-19 14:00:00,-0.3537,LOSS ❌ (-0.35%),0,0.15061767,LOW (<50%)
2026-02-18 19:30:00,BUY (BULLISH),2,1.17848,1.17484,2026-02-19 14:00:00,-0.3089,LOSS ❌ (-0.31%),0,0.40700755,LOW (<50%)
2026-02-19 02:15:00,SELL (BEARISH),2,1.17929,1.1769314199999998,2026-02-19 12:45:00,0.2,WIN ✅ (+0.20%),1,0.39326882,LOW (<50%)
2026-02-19 06:30:00,SELL (BEARISH),2,1.17978,1.17742044,2026-02-19 12:15:00,0.2,WIN ✅ (+0.20%),1,0.7568782,HIGH (>70%)
2026-02-19 06:45:00,SELL (BEARISH),2,1.17979,1.17743042,2026-02-19 12:15:00,0.2,WIN ✅ (+0.20%),1,0.64419174,MEDIUM (50-70%)
2026-02-19 07:45:00,SELL (BEARISH),2,1.18002,1.1776599600000002,2026-02-19 11:30:00,0.2,WIN ✅ (+0.20%),1,0.7131127,HIGH (>70%)
2026-02-19 08:15:00,SELL (BEARISH),2,1.17977,1.17741046,2026-02-19 12:15:00,0.2,WIN ✅ (+0.20%),1,0.63099927,MEDIUM (50-70%)
2026-02-19 11:00:00,BUY (BULLISH),2,1.17883,1.17484,2026-02-19 14:00:00,-0.3385,LOSS ❌ (-0.34%),0,0.23020105,LOW (<50%)
2026-02-19 12:30:00,BUY (BULLISH),2,1.17738,1.17484,2026-02-19 14:00:00,-0.2157,LOSS ❌ (-0.22%),0,0.5558286,MEDIUM (50-70%)
2026-02-19 14:15:00,BUY (BULLISH),3,1.17483,1.17717966,2026-02-19 15:00:00,0.2,WIN ✅ (+0.20%),1,0.44970104,LOW (<50%)
2026-02-20 09:45:00,SELL (BEARISH),2,1.17666,1.17643,2026-02-20 14:00:00,0.0195,LOSS ❌ (-0.02%),0,0.67653185,MEDIUM (50-70%)
2026-02-20 11:45:00,SELL (BEARISH),2,1.17669,1.17643,2026-02-20 14:00:00,0.0221,LOSS ❌ (-0.02%),0,0.6445515,MEDIUM (50-70%)
2026-02-20 14:30:00,BUY (BULLISH),2,1.17632,1.17867264,2026-02-20 15:00:00,0.2,WIN ✅ (+0.20%),1,0.17814393,LOW (<50%)
2026-02-20 15:00:00,BUY (BULLISH),2,1.17952,1.17805,2026-02-20 21:45:00,-0.1246,LOSS ❌ (-0.12%),0,0.6898035,MEDIUM (50-70%)
2026-02-23 05:15:00,BUY (BULLISH),2,1.18162,1.17991,2026-02-23 14:00:00,-0.1447,LOSS ❌ (-0.14%),0,0.58202153,MEDIUM (50-70%)
2026-02-23 09:15:00,BUY (BULLISH),2,1.18089,1.17991,2026-02-23 14:00:00,-0.083,LOSS ❌ (-0.08%),0,0.2745846,LOW (<50%)
2026-02-23 15:00:00,SELL (BEARISH),2,1.18054,1.17817892,2026-02-24 01:00:00,0.2,WIN ✅ (+0.20%),1,0.5441797,MEDIUM (50-70%)
2026-02-24 08:30:00,SELL (BEARISH),2,1.17877,1.17695,2026-02-24 14:00:00,0.1544,LOSS ❌ (-0.15%),0,0.37056747,LOW (<50%)
2026-02-24 09:15:00,SELL (BEARISH),2,1.17885,1.17695,2026-02-24 14:00:00,0.1612,LOSS ❌ (-0.16%),0,0.52880055,MEDIUM (50-70%)
2026-02-24 13:45:00,BUY (BULLISH),2,1.17718,1.17695,2026-02-24 14:00:00,-0.0195,LOSS ❌ (-0.02%),0,0.08502627,LOW (<50%)
2026-02-24 21:15:00,BUY (BULLISH),2,1.17753,1.17988506,2026-02-25 05:30:00,0.2,WIN ✅ (+0.20%),1,0.21070658,LOW (<50%)
2026-02-24 21:30:00,BUY (BULLISH),2,1.17756,1.17991512,2026-02-25 05:30:00,0.2,WIN ✅ (+0.20%),1,0.24170817,LOW (<50%)
2026-02-25 07:00:00,SELL (BEARISH),2,1.18043,1.17806914,2026-02-25 10:30:00,0.2,WIN ✅ (+0.20%),1,0.47052783,LOW (<50%)
2026-02-25 09:15:00,BUY (BULLISH),2,1.17885,1.17759,2026-02-25 14:00:00,-0.1069,LOSS ❌ (-0.11%),0,0.21429397,LOW (<50%)
2026-02-25 11:00:00,BUY (BULLISH),2,1.17796,1.17759,2026-02-25 14:00:00,-0.0314,LOSS ❌ (-0.03%),0,0.16254112,LOW (<50%)
2026-02-25 23:15:00,SELL (BEARISH),2,1.18126,1.18073,2026-02-26 14:00:00,0.0449,LOSS ❌ (-0.04%),0,0.8614554,HIGH (>70%)
2026-02-25 23:30:00,SELL (BEARISH),2,1.18131,1.18073,2026-02-26 14:00:00,0.0491,LOSS ❌ (-0.05%),0,0.9028476,HIGH (>70%)
2026-02-26 01:00:00,SELL (BEARISH),2,1.18189,1.17952622,2026-02-26 10:15:00,0.2,WIN ✅ (+0.20%),1,0.80411834,HIGH (>70%)
2026-02-26 01:45:00,SELL (BEARISH),2,1.1827,1.1803346,2026-02-26 08:00:00,0.2,WIN ✅ (+0.20%),1,0.66527283,MEDIUM (50-70%)
2026-02-26 09:15:00,BUY (BULLISH),2,1.18011,1.18073,2026-02-26 14:00:00,0.0525,LOSS ❌ (0.05%),0,0.0834506,LOW (<50%)
2026-02-26 09:45:00,BUY (BULLISH),2,1.17969,1.18073,2026-02-26 14:00:00,0.0882,LOSS ❌ (0.09%),0,0.29567167,LOW (<50%)
2026-02-26 10:00:00,BUY (BULLISH),2,1.17976,1.18073,2026-02-26 14:00:00,0.0822,LOSS ❌ (0.08%),0,0.112086855,LOW (<50%)
2026-02-26 10:15:00,BUY (BULLISH),2,1.17968,1.18073,2026-02-26 14:00:00,0.089,LOSS ❌ (0.09%),0,0.14964041,LOW (<50%)
2026-02-26 13:15:00,SELL (BEARISH),2,1.18126,1.18073,2026-02-26 14:00:00,0.0449,LOSS ❌ (-0.04%),0,0.6475682,MEDIUM (50-70%)
2026-02-26 17:30:00,BUY (BULLISH),2,1.17783,1.18018566,2026-02-26 20:30:00,0.2,WIN ✅ (+0.20%),1,0.67481285,MEDIUM (50-70%)
2026-02-26 17:45:00,BUY (BULLISH),2,1.17758,1.17993516,2026-02-26 20:15:00,0.2,WIN ✅ (+0.20%),1,0.53716815,MEDIUM (50-70%)
2026-02-26 20:45:00,SELL (BEARISH),2,1.1801,1.17994,2026-02-27 14:00:00,0.0136,LOSS ❌ (-0.01%),0,0.74121743,HIGH (>70%)
2026-02-26 21:00:00,SELL (BEARISH),2,1.18009,1.17994,2026-02-27 14:00:00,0.0127,LOSS ❌ (-0.01%),0,0.4904545,LOW (<50%)
2026-02-27 03:45:00,SELL (BEARISH),2,1.18033,1.17994,2026-02-27 14:00:00,0.033,LOSS ❌ (-0.03%),0,0.66841304,MEDIUM (50-70%)
2026-02-27 08:00:00,SELL (BEARISH),2,1.18138,1.17901724,2026-02-27 13:45:00,0.2,WIN ✅ (+0.20%),1,0.39511055,LOW (<50%)
2026-02-27 15:30:00,SELL (BEARISH),2,1.18124,1.18143,2026-02-27 21:45:00,-0.0161,LOSS ❌ (0.02%),0,0.45678002,LOW (<50%)
2026-02-27 16:00:00,SELL (BEARISH),2,1.18161,1.18143,2026-02-27 21:45:00,0.0152,LOSS ❌ (-0.02%),0,0.8056068,HIGH (>70%)
2026-02-27 16:15:00,SELL (BEARISH),3,1.1816,1.18143,2026-02-27 21:45:00,0.0144,LOSS ❌ (-0.01%),0,0.39853528,LOW (<50%)
2026-02-27 16:30:00,SELL (BEARISH),3,1.18169,1.18143,2026-02-27 21:45:00,0.022,LOSS ❌ (-0.02%),0,0.6161378,MEDIUM (50-70%)
2026-02-27 17:00:00,SELL (BEARISH),2,1.182,1.18143,2026-02-27 21:45:00,0.0482,LOSS ❌ (-0.05%),0,0.6841243,MEDIUM (50-70%)
2026-03-01 23:45:00,BUY (BULLISH),2,1.17587,1.17822174,2026-03-02 01:00:00,0.2,WIN ✅ (+0.20%),1,0.8684519,HIGH (>70%)
2026-03-02 00:00:00,BUY (BULLISH),2,1.17698,1.17933396,2026-03-02 01:30:00,0.2,WIN ✅ (+0.20%),1,0.9099547,HIGH (>70%)
2026-03-02 06:45:00,BUY (BULLISH),2,1.1732,1.1703,2026-03-02 14:00:00,-0.2472,LOSS ❌ (-0.25%),0,0.7575453,HIGH (>70%)
2026-03-02 07:15:00,BUY (BULLISH),2,1.17225,1.1745945,2026-03-02 10:15:00,0.2,WIN ✅ (+0.20%),1,0.5313144,MEDIUM (50-70%)
2026-03-02 07:45:00,BUY (BULLISH),2,1.1716,1.1739432,2026-03-02 09:00:00,0.2,WIN ✅ (+0.20%),1,0.29371506,LOW (<50%)
2026-03-02 08:30:00,BUY (BULLISH),2,1.17111,1.1734522200000002,2026-03-02 09:00:00,0.2,WIN ✅ (+0.20%),1,0.5727311,MEDIUM (50-70%)
2026-03-02 13:00:00,BUY (BULLISH),2,1.17052,1.1703,2026-03-02 14:00:00,-0.0188,LOSS ❌ (-0.02%),0,0.38327858,LOW (<50%)
2026-03-02 13:45:00,BUY (BULLISH),2,1.16983,1.1703,2026-03-02 14:00:00,0.0402,LOSS ❌ (0.04%),0,0.591436,MEDIUM (50-70%)
2026-03-02 14:00:00,BUY (BULLISH),2,1.1703,1.15846,2026-03-03 14:00:00,-1.0117,LOSS ❌ (-1.01%),0,0.7452371,HIGH (>70%)
2026-03-02 15:30:00,BUY (BULLISH),2,1.16957,1.15846,2026-03-03 14:00:00,-0.9499,LOSS ❌ (-0.95%),0,0.32279837,LOW (<50%)
2026-03-02 16:15:00,BUY (BULLISH),2,1.16814,1.17047628,2026-03-02 17:45:00,0.2,WIN ✅ (+0.20%),1,0.4891234,LOW (<50%)
2026-03-03 05:15:00,BUY (BULLISH),2,1.16799,1.15846,2026-03-03 14:00:00,-0.8159,LOSS ❌ (-0.82%),0,0.12682103,LOW (<50%)
2026-03-03 08:45:00,BUY (BULLISH),3,1.16225,1.15846,2026-03-03 14:00:00,-0.3261,LOSS ❌ (-0.33%),0,0.2611896,LOW (<50%)
2026-03-03 10:30:00,BUY (BULLISH),2,1.15986,1.15846,2026-03-03 14:00:00,-0.1207,LOSS ❌ (-0.12%),0,0.54291326,MEDIUM (50-70%)
2026-03-03 14:45:00,BUY (BULLISH),2,1.15673,1.15904346,2026-03-03 16:15:00,0.2,WIN ✅ (+0.20%),1,0.59252536,MEDIUM (50-70%)
2026-03-03 15:15:00,BUY (BULLISH),2,1.15522,1.15753044,2026-03-03 15:30:00,0.2,WIN ✅ (+0.20%),1,0.3839197,LOW (<50%)
2026-03-03 18:15:00,SELL (BEARISH),2,1.16043,1.15810914,2026-03-04 01:15:00,0.2,WIN ✅ (+0.20%),1,0.17778201,LOW (<50%)
2026-03-03 19:30:00,SELL (BEARISH),2,1.16215,1.1598257,2026-03-04 00:30:00,0.2,WIN ✅ (+0.20%),1,0.46915376,LOW (<50%)
2026-03-04 01:00:00,BUY (BULLISH),2,1.1593,1.1616186,2026-03-04 06:30:00,0.2,WIN ✅ (+0.20%),1,0.43102047,LOW (<50%)
2026-03-04 11:15:00,SELL (BEARISH),3,1.16441,1.16283,2026-03-04 14:00:00,0.1357,LOSS ❌ (-0.14%),0,0.52429473,MEDIUM (50-70%)
2026-03-05 03:30:00,BUY (BULLISH),2,1.16137,1.16369274,2026-03-05 09:00:00,0.2,WIN ✅ (+0.20%),1,0.4524392,LOW (<50%)
2026-03-05 04:00:00,BUY (BULLISH),2,1.16128,1.1636025600000002,2026-03-05 09:00:00,0.2,WIN ✅ (+0.20%),1,0.6389809,MEDIUM (50-70%)
2026-03-05 04:30:00,BUY (BULLISH),2,1.16076,1.16308152,2026-03-05 09:00:00,0.2,WIN ✅ (+0.20%),1,0.65575594,MEDIUM (50-70%)
2026-03-05 04:45:00,BUY (BULLISH),2,1.16081,1.16313162,2026-03-05 09:00:00,0.2,WIN ✅ (+0.20%),1,0.484858,LOW (<50%)
2026-03-05 08:30:00,BUY (BULLISH),2,1.15937,1.16168874,2026-03-05 09:00:00,0.2,WIN ✅ (+0.20%),1,0.8787628,HIGH (>70%)
2026-03-05 13:45:00,BUY (BULLISH),3,1.15971,1.15998,2026-03-05 14:00:00,0.0233,LOSS ❌ (0.02%),0,0.2141763,LOW (<50%)
2026-03-05 16:00:00,BUY (BULLISH),2,1.1574,1.1597148,2026-03-05 20:00:00,0.2,WIN ✅ (+0.20%),1,0.50479233,MEDIUM (50-70%)
2026-03-06 01:45:00,SELL (BEARISH),2,1.16146,1.15913708,2026-03-06 09:00:00,0.2,WIN ✅ (+0.20%),1,0.34593117,LOW (<50%)
2026-03-06 04:15:00,SELL (BEARISH),2,1.16197,1.15964606,2026-03-06 09:00:00,0.2,WIN ✅ (+0.20%),1,0.6023527,MEDIUM (50-70%)
2026-03-06 11:00:00,BUY (BULLISH),2,1.15801,1.15563,2026-03-06 14:00:00,-0.2055,LOSS ❌ (-0.21%),0,0.54771525,MEDIUM (50-70%)
2026-03-06 13:45:00,BUY (BULLISH),2,1.15548,1.15563,2026-03-06 14:00:00,0.013,LOSS ❌ (0.01%),0,0.8362579,HIGH (>70%)
2026-03-06 14:00:00,BUY (BULLISH),2,1.15563,1.15794126,2026-03-06 15:00:00,0.2,WIN ✅ (+0.20%),1,0.36416647,LOW (<50%)
2026-03-06 14:15:00,BUY (BULLISH),2,1.15573,1.15804146,2026-03-06 15:00:00,0.2,WIN ✅ (+0.20%),1,0.55625075,MEDIUM (50-70%)
2026-03-06 15:00:00,SELL (BEARISH),2,1.15895,1.16161,2026-03-06 21:45:00,-0.2295,LOSS ❌ (0.23%),0,0.7918404,HIGH (>70%)
2026-03-06 15:15:00,SELL (BEARISH),2,1.15754,1.16161,2026-03-06 21:45:00,-0.3516,LOSS ❌ (0.35%),0,0.5093816,MEDIUM (50-70%)
2026-03-06 16:00:00,SELL (BEARISH),2,1.15894,1.16161,2026-03-06 21:45:00,-0.2304,LOSS ❌ (0.23%),0,0.5508333,MEDIUM (50-70%)
2026-03-06 16:15:00,SELL (BEARISH),2,1.15969,1.16161,2026-03-06 21:45:00,-0.1656,LOSS ❌ (0.17%),0,0.78882146,HIGH (>70%)
2026-03-06 16:45:00,SELL (BEARISH),2,1.16052,1.16161,2026-03-06 21:45:00,-0.0939,LOSS ❌ (0.09%),0,0.4631945,LOW (<50%)
2026-03-06 18:15:00,SELL (BEARISH),2,1.16059,1.16161,2026-03-06 21:45:00,-0.0879,LOSS ❌ (0.09%),0,0.19423005,LOW (<50%)
2026-03-08 22:15:00,BUY (BULLISH),2,1.15418,1.15648836,2026-03-09 05:45:00,0.2,WIN ✅ (+0.20%),1,0.19100453,LOW (<50%)
2026-03-08 23:30:00,BUY (BULLISH),2,1.15276,1.15506552,2026-03-09 05:15:00,0.2,WIN ✅ (+0.20%),1,0.5784867,MEDIUM (50-70%)
2026-03-09 00:00:00,BUY (BULLISH),2,1.15224,1.15454448,2026-03-09 05:15:00,0.2,WIN ✅ (+0.20%),1,0.5980279,MEDIUM (50-70%)
2026-03-09 01:15:00,BUY (BULLISH),3,1.1514,1.1537028,2026-03-09 05:15:00,0.2,WIN ✅ (+0.20%),1,0.23365049,LOW (<50%)
2026-03-09 01:45:00,BUY (BULLISH),2,1.15089,1.15319178,2026-03-09 05:00:00,0.2,WIN ✅ (+0.20%),1,0.4351566,LOW (<50%)
2026-03-09 05:30:00,SELL (BEARISH),2,1.15518,1.15286964,2026-03-09 08:15:00,0.2,WIN ✅ (+0.20%),1,0.14747982,LOW (<50%)
2026-03-09 09:30:00,SELL (BEARISH),2,1.15553,1.15593,2026-03-09 14:00:00,-0.0346,LOSS ❌ (0.03%),0,0.5253284,MEDIUM (50-70%)
2026-03-09 13:30:00,SELL (BEARISH),3,1.1578,1.1554844,2026-03-09 14:00:00,0.2,WIN ✅ (+0.20%),1,0.2350917,LOW (<50%)
2026-03-09 15:15:00,SELL (BEARISH),2,1.15861,1.16304,2026-03-10 14:00:00,-0.3824,LOSS ❌ (0.38%),0,0.13810028,LOW (<50%)
2026-03-09 15:30:00,SELL (BEARISH),3,1.15863,1.16304,2026-03-10 14:00:00,-0.3806,LOSS ❌ (0.38%),0,0.24876599,LOW (<50%)
2026-03-09 16:00:00,SELL (BEARISH),2,1.15902,1.16304,2026-03-10 14:00:00,-0.3468,LOSS ❌ (0.35%),0,0.43945172,LOW (<50%)
2026-03-09 16:45:00,SELL (BEARISH),2,1.15873,1.16304,2026-03-10 14:00:00,-0.372,LOSS ❌ (0.37%),0,0.48988384,LOW (<50%)
2026-03-09 19:45:00,SELL (BEARISH),2,1.16085,1.16304,2026-03-10 14:00:00,-0.1887,LOSS ❌ (0.19%),0,0.12069831,LOW (<50%)
2026-03-09 22:15:00,SELL (BEARISH),2,1.1629,1.16304,2026-03-10 14:00:00,-0.012,LOSS ❌ (0.01%),0,0.4701913,LOW (<50%)
2026-03-10 03:00:00,BUY (BULLISH),3,1.16119,1.16351238,2026-03-10 06:30:00,0.2,WIN ✅ (+0.20%),1,0.48663554,LOW (<50%)
2026-03-10 03:30:00,BUY (BULLISH),2,1.16102,1.16334204,2026-03-10 06:30:00,0.2,WIN ✅ (+0.20%),1,0.34329137,LOW (<50%)
2026-03-10 06:15:00,SELL (BEARISH),2,1.1628,1.16304,2026-03-10 14:00:00,-0.0206,LOSS ❌ (0.02%),0,0.16189592,LOW (<50%)
2026-03-10 15:45:00,SELL (BEARISH),2,1.16472,1.16239056,2026-03-10 18:15:00,0.2,WIN ✅ (+0.20%),1,0.2991124,LOW (<50%)
2026-03-10 17:15:00,SELL (BEARISH),2,1.16593,1.16359814,2026-03-10 18:00:00,0.2,WIN ✅ (+0.20%),1,0.6047441,MEDIUM (50-70%)
2026-03-10 18:15:00,BUY (BULLISH),2,1.16336,1.15968,2026-03-11 14:00:00,-0.3163,LOSS ❌ (-0.32%),0,0.5873647,MEDIUM (50-70%)
2026-03-10 19:30:00,BUY (BULLISH),2,1.1614,1.1637228,2026-03-11 06:00:00,0.2,WIN ✅ (+0.20%),1,0.46807104,LOW (<50%)
2026-03-10 21:15:00,BUY (BULLISH),2,1.16075,1.1630715,2026-03-11 03:30:00,0.2,WIN ✅ (+0.20%),1,0.4163257,LOW (<50%)
2026-03-10 22:45:00,BUY (BULLISH),2,1.16047,1.1627909399999998,2026-03-11 02:00:00,0.2,WIN ✅ (+0.20%),1,0.44739905,LOW (<50%)
2026-03-11 01:30:00,SELL (BEARISH),2,1.16241,1.16008518,2026-03-11 09:00:00,0.2,WIN ✅ (+0.20%),1,0.28683454,LOW (<50%)
2026-03-11 03:45:00,SELL (BEARISH),2,1.16299,1.16066402,2026-03-11 08:30:00,0.2,WIN ✅ (+0.20%),1,0.12275655,LOW (<50%)
2026-03-11 07:45:00,BUY (BULLISH),2,1.16167,1.15968,2026-03-11 14:00:00,-0.1713,LOSS ❌ (-0.17%),0,0.5967725,MEDIUM (50-70%)
2026-03-11 08:45:00,BUY (BULLISH),2,1.16123,1.15968,2026-03-11 14:00:00,-0.1335,LOSS ❌ (-0.13%),0,0.515464,MEDIUM (50-70%)
2026-03-11 09:45:00,BUY (BULLISH),2,1.15917,1.15968,2026-03-11 14:00:00,0.044,LOSS ❌ (0.04%),0,0.45598984,LOW (<50%)
2026-03-11 12:30:00,BUY (BULLISH),2,1.15906,1.15968,2026-03-11 14:00:00,0.0535,LOSS ❌ (0.05%),0,0.21204835,LOW (<50%)
2026-03-11 16:00:00,BUY (BULLISH),2,1.15712,1.15277,2026-03-12 14:00:00,-0.3759,LOSS ❌ (-0.38%),0,0.27190635,LOW (<50%)
2026-03-11 17:30:00,BUY (BULLISH),2,1.15672,1.15277,2026-03-12 14:00:00,-0.3415,LOSS ❌ (-0.34%),0,0.46583563,LOW (<50%)
2026-03-11 23:45:00,BUY (BULLISH),2,1.15424,1.15654848,2026-03-12 11:30:00,0.2,WIN ✅ (+0.20%),1,0.23660888,LOW (<50%)
2026-03-12 04:45:00,BUY (BULLISH),2,1.15328,1.1555865600000002,2026-03-12 09:30:00,0.2,WIN ✅ (+0.20%),1,0.67773515,MEDIUM (50-70%)
2026-03-12 09:45:00,SELL (BEARISH),2,1.15593,1.1536181399999998,2026-03-12 12:30:00,0.2,WIN ✅ (+0.20%),1,0.15710966,LOW (<50%)
2026-03-12 13:15:00,BUY (BULLISH),2,1.1536,1.15277,2026-03-12 14:00:00,-0.0719,LOSS ❌ (-0.07%),0,0.5198973,MEDIUM (50-70%)
2026-03-12 14:30:00,BUY (BULLISH),2,1.15238,1.14745,2026-03-13 14:00:00,-0.4278,LOSS ❌ (-0.43%),0,0.3127188,LOW (<50%)
2026-03-12 14:45:00,BUY (BULLISH),2,1.15203,1.14745,2026-03-13 14:00:00,-0.3976,LOSS ❌ (-0.40%),0,0.5154757,MEDIUM (50-70%)
2026-03-13 00:15:00,SELL (BEARISH),2,1.1526,1.1502948000000002,2026-03-13 04:30:00,0.2,WIN ✅ (+0.20%),1,0.5367989,MEDIUM (50-70%)
2026-03-13 03:30:00,BUY (BULLISH),2,1.15077,1.14745,2026-03-13 14:00:00,-0.2885,LOSS ❌ (-0.29%),0,0.34383765,LOW (<50%)
2026-03-13 06:00:00,BUY (BULLISH),2,1.14999,1.14745,2026-03-13 14:00:00,-0.2209,LOSS ❌ (-0.22%),0,0.7400007,HIGH (>70%)
2026-03-13 12:30:00,SELL (BEARISH),2,1.14739,1.14745,2026-03-13 14:00:00,-0.0052,LOSS ❌ (0.01%),0,0.34982362,LOW (<50%)
2026-03-13 13:30:00,SELL (BEARISH),2,1.14866,1.14745,2026-03-13 14:00:00,0.1053,LOSS ❌ (-0.11%),0,0.73920316,HIGH (>70%)
2026-03-13 13:45:00,SELL (BEARISH),2,1.14786,1.14745,2026-03-13 14:00:00,0.0357,LOSS ❌ (-0.04%),0,0.6344127,MEDIUM (50-70%)
2026-03-13 17:00:00,BUY (BULLISH),2,1.14375,1.14155,2026-03-13 20:45:00,-0.1923,LOSS ❌ (-0.19%),0,0.5549591,MEDIUM (50-70%)
2026-03-13 18:15:00,BUY (BULLISH),2,1.14356,1.14155,2026-03-13 20:45:00,-0.1758,LOSS ❌ (-0.18%),0,0.4954386,LOW (<50%)
2026-03-16 06:00:00,BUY (BULLISH),2,1.14343,1.14571686,2026-03-16 10:00:00,0.2,WIN ✅ (+0.20%),1,0.62197024,MEDIUM (50-70%)
2026-03-16 06:30:00,BUY (BULLISH),2,1.14273,1.14501546,2026-03-16 09:45:00,0.2,WIN ✅ (+0.20%),1,0.5540999,MEDIUM (50-70%)
2026-03-16 11:15:00,SELL (BEARISH),3,1.14738,1.15014,2026-03-16 14:00:00,-0.2405,LOSS ❌ (0.24%),0,0.5832332,MEDIUM (50-70%)
2026-03-16 11:45:00,SELL (BEARISH),2,1.14791,1.15014,2026-03-16 14:00:00,-0.1943,LOSS ❌ (0.19%),0,0.53800666,MEDIUM (50-70%)
2026-03-16 12:30:00,SELL (BEARISH),3,1.14799,1.15014,2026-03-16 14:00:00,-0.1873,LOSS ❌ (0.19%),0,0.67093366,MEDIUM (50-70%)
2026-03-16 17:00:00,SELL (BEARISH),2,1.14995,1.1476501,2026-03-17 06:00:00,0.2,WIN ✅ (+0.20%),1,0.57829523,MEDIUM (50-70%)
2026-03-16 18:45:00,SELL (BEARISH),2,1.15182,1.14951636,2026-03-16 23:00:00,0.2,WIN ✅ (+0.20%),1,0.6949697,MEDIUM (50-70%)
2026-03-16 19:00:00,SELL (BEARISH),2,1.1521,1.1497958,2026-03-16 22:45:00,0.2,WIN ✅ (+0.20%),1,0.31319436,LOW (<50%)
2026-03-17 08:45:00,SELL (BEARISH),3,1.15101,1.15296,2026-03-17 14:00:00,-0.1694,LOSS ❌ (0.17%),0,0.28535122,LOW (<50%)
2026-03-17 13:15:00,SELL (BEARISH),2,1.15344,1.15296,2026-03-17 14:00:00,0.0416,LOSS ❌ (-0.04%),0,0.34273082,LOW (<50%)
2026-03-18 03:00:00,BUY (BULLISH),2,1.15332,1.15098,2026-03-18 14:00:00,-0.2029,LOSS ❌ (-0.20%),0,0.62181854,MEDIUM (50-70%)
2026-03-18 05:15:00,SELL (BEARISH),2,1.15419,1.15188162,2026-03-18 08:15:00,0.2,WIN ✅ (+0.20%),1,0.842134,HIGH (>70%)
2026-03-18 11:15:00,SELL (BEARISH),2,1.1532,1.1508936,2026-03-18 12:45:00,0.2,WIN ✅ (+0.20%),1,0.30270022,LOW (<50%)
2026-03-18 13:15:00,BUY (BULLISH),2,1.15067,1.15098,2026-03-18 14:00:00,0.0269,LOSS ❌ (0.03%),0,0.55665904,MEDIUM (50-70%)
2026-03-18 20:30:00,BUY (BULLISH),2,1.14545,1.1477409,2026-03-19 01:00:00,0.2,WIN ✅ (+0.20%),1,0.35263887,LOW (<50%)
2026-03-19 08:30:00,BUY (BULLISH),2,1.14457,1.14685914,2026-03-19 09:15:00,0.2,WIN ✅ (+0.20%),1,0.62258816,MEDIUM (50-70%)
2026-03-19 09:15:00,SELL (BEARISH),2,1.14606,1.15134,2026-03-19 14:00:00,-0.4607,LOSS ❌ (0.46%),0,0.7380282,HIGH (>70%)
2026-03-19 12:30:00,SELL (BEARISH),2,1.14851,1.15134,2026-03-19 14:00:00,-0.2464,LOSS ❌ (0.25%),0,0.746429,HIGH (>70%)
2026-03-19 13:00:00,SELL (BEARISH),2,1.14883,1.15134,2026-03-19 14:00:00,-0.2185,LOSS ❌ (0.22%),0,0.6586383,MEDIUM (50-70%)
2026-03-19 13:15:00,SELL (BEARISH),2,1.1481,1.15134,2026-03-19 14:00:00,-0.2822,LOSS ❌ (0.28%),0,0.6571401,MEDIUM (50-70%)
2026-03-19 14:00:00,SELL (BEARISH),2,1.15134,1.15366,2026-03-20 14:00:00,-0.2015,LOSS ❌ (0.20%),0,0.3304051,LOW (<50%)
2026-03-19 17:45:00,SELL (BEARISH),3,1.15599,1.15367802,2026-03-20 10:00:00,0.2,WIN ✅ (+0.20%),1,0.45922062,LOW (<50%)
2026-03-20 00:00:00,BUY (BULLISH),2,1.15753,1.15366,2026-03-20 14:00:00,-0.3343,LOSS ❌ (-0.33%),0,0.629835,MEDIUM (50-70%)
2026-03-20 00:30:00,BUY (BULLISH),2,1.15739,1.15366,2026-03-20 14:00:00,-0.3223,LOSS ❌ (-0.32%),0,0.6426244,MEDIUM (50-70%)
2026-03-20 00:45:00,BUY (BULLISH),2,1.15734,1.15366,2026-03-20 14:00:00,-0.318,LOSS ❌ (-0.32%),0,0.65664583,MEDIUM (50-70%)
2026-03-20 02:00:00,BUY (BULLISH),2,1.15655,1.15366,2026-03-20 14:00:00,-0.2499,LOSS ❌ (-0.25%),0,0.51122266,MEDIUM (50-70%)
2026-03-20 03:15:00,BUY (BULLISH),2,1.15597,1.15366,2026-03-20 14:00:00,-0.1998,LOSS ❌ (-0.20%),0,0.4569457,LOW (<50%)
2026-03-20 18:15:00,SELL (BEARISH),2,1.15667,1.15713,2026-03-20 20:45:00,-0.0398,LOSS ❌ (0.04%),0,0.22640723,LOW (<50%)
2026-03-20 20:45:00,SELL (BEARISH),2,1.15713,1.15481574,2026-03-22 21:00:00,0.2,WIN ✅ (+0.20%),1,0.19241582,LOW (<50%)
2026-03-23 10:15:00,BUY (BULLISH),3,1.14876,1.15105752,2026-03-23 11:00:00,0.2,WIN ✅ (+0.20%),1,0.7973524,HIGH (>70%)
2026-03-23 10:45:00,BUY (BULLISH),2,1.14853,1.15082706,2026-03-23 11:00:00,0.2,WIN ✅ (+0.20%),1,0.9509068,HIGH (>70%)
2026-03-23 14:30:00,SELL (BEARISH),3,1.16253,1.16020494,2026-03-23 15:30:00,0.2,WIN ✅ (+0.20%),1,0.56654876,MEDIUM (50-70%)
2026-03-24 00:15:00,BUY (BULLISH),2,1.1594,1.1617188,2026-03-24 07:00:00,0.2,WIN ✅ (+0.20%),1,0.49904898,LOW (<50%)
2026-03-24 13:30:00,BUY (BULLISH),2,1.15691,1.15922382,2026-03-24 14:00:00,0.2,WIN ✅ (+0.20%),1,0.8752446,HIGH (>70%)
2026-03-24 13:45:00,BUY (BULLISH),2,1.15772,1.15882,2026-03-24 14:00:00,0.095,LOSS ❌ (0.10%),0,0.71312195,HIGH (>70%)
2026-03-24 14:45:00,SELL (BEARISH),2,1.15892,1.15660216,2026-03-24 17:00:00,0.2,WIN ✅ (+0.20%),1,0.44108146,LOW (<50%)
2026-03-25 02:30:00,BUY (BULLISH),2,1.16063,1.15762,2026-03-25 14:00:00,-0.2593,LOSS ❌ (-0.26%),0,0.7105458,HIGH (>70%)
2026-03-25 12:15:00,BUY (BULLISH),2,1.15951,1.15762,2026-03-25 14:00:00,-0.163,LOSS ❌ (-0.16%),0,0.5096496,MEDIUM (50-70%)
2026-03-25 12:45:00,BUY (BULLISH),3,1.15909,1.15762,2026-03-25 14:00:00,-0.1268,LOSS ❌ (-0.13%),0,0.36536804,LOW (<50%)
2026-03-25 14:00:00,BUY (BULLISH),2,1.15762,1.15424,2026-03-26 14:00:00,-0.292,LOSS ❌ (-0.29%),0,0.6228628,MEDIUM (50-70%)
2026-03-25 15:15:00,BUY (BULLISH),3,1.15745,1.15424,2026-03-26 14:00:00,-0.2773,LOSS ❌ (-0.28%),0,0.4187833,LOW (<50%)
2026-03-25 15:30:00,BUY (BULLISH),2,1.15676,1.15424,2026-03-26 14:00:00,-0.2178,LOSS ❌ (-0.22%),0,0.28733352,LOW (<50%)
2026-03-25 15:45:00,BUY (BULLISH),2,1.15695,1.15424,2026-03-26 14:00:00,-0.2342,LOSS ❌ (-0.23%),0,0.4109961,LOW (<50%)
2026-03-26 01:30:00,SELL (BEARISH),2,1.15651,1.1541969799999998,2026-03-26 11:30:00,0.2,WIN ✅ (+0.20%),1,0.5970589,MEDIUM (50-70%)
2026-03-26 03:30:00,SELL (BEARISH),2,1.15671,1.15439658,2026-03-26 11:15:00,0.2,WIN ✅ (+0.20%),1,0.50378966,MEDIUM (50-70%)
2026-03-26 04:00:00,SELL (BEARISH),2,1.15687,1.15455626,2026-03-26 11:15:00,0.2,WIN ✅ (+0.20%),1,0.50404894,MEDIUM (50-70%)
2026-03-26 04:30:00,SELL (BEARISH),2,1.15704,1.15472592,2026-03-26 08:00:00,0.2,WIN ✅ (+0.20%),1,0.5374434,MEDIUM (50-70%)
2026-03-26 07:45:00,BUY (BULLISH),2,1.15535,1.15424,2026-03-26 14:00:00,-0.0961,LOSS ❌ (-0.10%),0,0.1244025,LOW (<50%)
2026-03-26 19:15:00,BUY (BULLISH),2,1.15233,1.15463466,2026-03-26 20:00:00,0.2,WIN ✅ (+0.20%),1,0.6679862,MEDIUM (50-70%)
2026-03-26 19:30:00,BUY (BULLISH),2,1.15234,1.15464468,2026-03-26 20:00:00,0.2,WIN ✅ (+0.20%),1,0.6168527,MEDIUM (50-70%)
2026-03-27 11:00:00,BUY (BULLISH),2,1.15111,1.15302,2026-03-27 14:00:00,0.1659,LOSS ❌ (0.17%),0,0.44848448,LOW (<50%)
2026-03-27 11:15:00,BUY (BULLISH),2,1.15116,1.15302,2026-03-27 14:00:00,0.1616,LOSS ❌ (0.16%),0,0.42932558,LOW (<50%)
2026-03-27 15:30:00,SELL (BEARISH),3,1.15365,1.1513427,2026-03-27 17:15:00,0.2,WIN ✅ (+0.20%),1,0.616556,MEDIUM (50-70%)
2026-03-29 21:15:00,BUY (BULLISH),2,1.15003,1.14626,2026-03-30 14:00:00,-0.3278,LOSS ❌ (-0.33%),0,0.8346079,HIGH (>70%)
2026-03-29 22:45:00,BUY (BULLISH),2,1.14882,1.15111764,2026-03-30 00:30:00,0.2,WIN ✅ (+0.20%),1,0.51172155,MEDIUM (50-70%)
2026-03-29 23:45:00,BUY (BULLISH),2,1.14913,1.15142826,2026-03-30 02:45:00,0.2,WIN ✅ (+0.20%),1,0.5496784,MEDIUM (50-70%)
2026-03-30 07:45:00,BUY (BULLISH),2,1.14975,1.14626,2026-03-30 14:00:00,-0.3035,LOSS ❌ (-0.30%),0,0.7788798,HIGH (>70%)
2026-03-30 08:15:00,BUY (BULLISH),2,1.14944,1.14626,2026-03-30 14:00:00,-0.2767,LOSS ❌ (-0.28%),0,0.22629775,LOW (<50%)
2026-03-30 14:00:00,BUY (BULLISH),2,1.14626,1.14855252,2026-03-31 01:15:00,0.2,WIN ✅ (+0.20%),1,0.54061645,MEDIUM (50-70%)
2026-03-30 15:15:00,BUY (BULLISH),2,1.14496,1.14724992,2026-03-31 00:45:00,0.2,WIN ✅ (+0.20%),1,0.5642224,MEDIUM (50-70%)
2026-03-31 06:00:00,BUY (BULLISH),2,1.14646,1.14875292,2026-03-31 11:45:00,0.2,WIN ✅ (+0.20%),1,0.57768977,MEDIUM (50-70%)
2026-03-31 13:00:00,SELL (BEARISH),2,1.15093,1.15252,2026-03-31 14:00:00,-0.1381,LOSS ❌ (0.14%),0,0.6876197,MEDIUM (50-70%)
2026-03-31 14:00:00,SELL (BEARISH),2,1.15252,1.161,2026-04-01 14:00:00,-0.7358,LOSS ❌ (0.74%),0,0.7340718,HIGH (>70%)
2026-03-31 14:30:00,SELL (BEARISH),2,1.15188,1.161,2026-04-01 14:00:00,-0.7917,LOSS ❌ (0.79%),0,0.17816526,LOW (<50%)
2026-03-31 20:00:00,SELL (BEARISH),3,1.15582,1.161,2026-04-01 14:00:00,-0.4482,LOSS ❌ (0.45%),0,0.4000297,LOW (<50%)
2026-04-01 06:30:00,SELL (BEARISH),2,1.15871,1.161,2026-04-01 14:00:00,-0.1976,LOSS ❌ (0.20%),0,0.054098662,LOW (<50%)
2026-04-01 07:45:00,SELL (BEARISH),2,1.15818,1.161,2026-04-01 14:00:00,-0.2435,LOSS ❌ (0.24%),0,0.083264455,LOW (<50%)
2026-04-01 08:45:00,SELL (BEARISH),2,1.15962,1.161,2026-04-01 14:00:00,-0.119,LOSS ❌ (0.12%),0,0.5374306,MEDIUM (50-70%)
2026-04-01 12:45:00,SELL (BEARISH),2,1.16042,1.161,2026-04-01 14:00:00,-0.05,LOSS ❌ (0.05%),0,0.40262553,LOW (<50%)
2026-04-01 13:30:00,SELL (BEARISH),2,1.16151,1.161,2026-04-01 14:00:00,0.0439,LOSS ❌ (-0.04%),0,0.24214695,LOW (<50%)
2026-04-01 14:45:00,SELL (BEARISH),2,1.16222,1.15989556,2026-04-01 17:30:00,0.2,WIN ✅ (+0.20%),1,0.18051457,LOW (<50%)
2026-04-01 15:00:00,SELL (BEARISH),2,1.16151,1.15918698,2026-04-01 18:00:00,0.2,WIN ✅ (+0.20%),1,0.5779306,MEDIUM (50-70%)
2026-04-01 18:30:00,BUY (BULLISH),2,1.15852,1.15304,2026-04-02 14:00:00,-0.473,LOSS ❌ (-0.47%),0,0.736401,HIGH (>70%)
2026-04-01 19:00:00,BUY (BULLISH),2,1.15828,1.15304,2026-04-02 14:00:00,-0.4524,LOSS ❌ (-0.45%),0,0.7052224,HIGH (>70%)
2026-04-02 01:45:00,BUY (BULLISH),3,1.15523,1.15304,2026-04-02 14:00:00,-0.1896,LOSS ❌ (-0.19%),0,0.60270774,MEDIUM (50-70%)
2026-04-02 02:30:00,BUY (BULLISH),2,1.15462,1.15304,2026-04-02 14:00:00,-0.1368,LOSS ❌ (-0.14%),0,0.2669882,LOW (<50%)
2026-04-02 04:00:00,BUY (BULLISH),2,1.15381,1.15304,2026-04-02 14:00:00,-0.0667,LOSS ❌ (-0.07%),0,0.77586085,HIGH (>70%)
2026-04-02 14:00:00,SELL (BEARISH),2,1.15304,1.15271,2026-04-03 14:00:00,0.0286,LOSS ❌ (-0.03%),0,0.27768558,LOW (<50%)
2026-04-02 14:15:00,SELL (BEARISH),2,1.15295,1.15271,2026-04-03 14:00:00,0.0208,LOSS ❌ (-0.02%),0,0.34106803,LOW (<50%)
2026-04-03 00:00:00,SELL (BEARISH),2,1.15417,1.15186166,2026-04-03 12:30:00,0.2,WIN ✅ (+0.20%),1,0.7644824,HIGH (>70%)
2026-04-03 17:45:00,BUY (BULLISH),2,1.15199,1.15116,2026-04-03 20:45:00,-0.072,LOSS ❌ (-0.07%),0,0.355729,LOW (<50%)
2026-04-03 18:45:00,BUY (BULLISH),2,1.15143,1.15116,2026-04-03 20:45:00,-0.0234,LOSS ❌ (-0.02%),0,0.57063395,MEDIUM (50-70%)
2026-04-03 20:45:00,BUY (BULLISH),2,1.15116,1.15346232,2026-04-06 06:45:00,0.2,WIN ✅ (+0.20%),1,0.55279785,MEDIUM (50-70%)
2026-04-06 17:15:00,BUY (BULLISH),2,1.15434,1.15664868,2026-04-07 08:00:00,0.2,WIN ✅ (+0.20%),1,0.3298904,LOW (<50%)
2026-04-07 01:15:00,BUY (BULLISH),2,1.15359,1.15589718,2026-04-07 08:00:00,0.2,WIN ✅ (+0.20%),1,0.601353,MEDIUM (50-70%)
2026-04-07 01:45:00,BUY (BULLISH),2,1.15298,1.1552859599999998,2026-04-07 08:00:00,0.2,WIN ✅ (+0.20%),1,0.7486474,HIGH (>70%)
2026-04-07 14:45:00,SELL (BEARISH),2,1.15717,1.16958,2026-04-08 14:00:00,-1.0724,LOSS ❌ (1.07%),0,0.22554561,LOW (<50%)
2026-04-07 23:00:00,SELL (BEARISH),2,1.16691,1.16958,2026-04-08 14:00:00,-0.2288,LOSS ❌ (0.23%),0,0.033365235,LOW (<50%)
2026-04-07 23:45:00,SELL (BEARISH),3,1.1686,1.16958,2026-04-08 14:00:00,-0.0839,LOSS ❌ (0.08%),0,0.14397562,LOW (<50%)
2026-04-08 00:00:00,SELL (BEARISH),2,1.16786,1.16958,2026-04-08 14:00:00,-0.1473,LOSS ❌ (0.15%),0,0.47970724,LOW (<50%)
2026-04-08 11:15:00,SELL (BEARISH),2,1.17069,1.16958,2026-04-08 14:00:00,0.0948,LOSS ❌ (-0.09%),0,0.2846118,LOW (<50%)
2026-04-08 12:00:00,SELL (BEARISH),2,1.17063,1.16958,2026-04-08 14:00:00,0.0897,LOSS ❌ (-0.09%),0,0.15322615,LOW (<50%)
2026-04-08 12:45:00,SELL (BEARISH),3,1.17137,1.16902726,2026-04-08 13:30:00,0.2,WIN ✅ (+0.20%),1,0.6793699,MEDIUM (50-70%)
2026-04-08 13:00:00,SELL (BEARISH),2,1.17117,1.16882766,2026-04-08 13:30:00,0.2,WIN ✅ (+0.20%),1,0.6294319,MEDIUM (50-70%)
2026-04-08 16:30:00,BUY (BULLISH),3,1.16788,1.16842,2026-04-09 14:00:00,0.0462,LOSS ❌ (0.05%),0,0.60008484,MEDIUM (50-70%)
2026-04-08 17:30:00,BUY (BULLISH),2,1.16738,1.16842,2026-04-09 14:00:00,0.0891,LOSS ❌ (0.09%),0,0.58272594,MEDIUM (50-70%)
2026-04-09 11:45:00,SELL (BEARISH),2,1.16881,1.16842,2026-04-09 14:00:00,0.0334,LOSS ❌ (-0.03%),0,0.39553353,LOW (<50%)
2026-04-09 15:15:00,SELL (BEARISH),2,1.16943,1.17338,2026-04-10 14:00:00,-0.3378,LOSS ❌ (0.34%),0,0.2622785,LOW (<50%)
2026-04-09 15:30:00,SELL (BEARISH),2,1.16994,1.17338,2026-04-10 14:00:00,-0.294,LOSS ❌ (0.29%),0,0.2941014,LOW (<50%)
2026-04-09 15:45:00,SELL (BEARISH),2,1.17051,1.16816898,2026-04-10 07:30:00,0.2,WIN ✅ (+0.20%),1,0.24113727,LOW (<50%)
2026-04-09 17:30:00,SELL (BEARISH),2,1.17173,1.16938654,2026-04-09 22:30:00,0.2,WIN ✅ (+0.20%),1,0.76977986,HIGH (>70%)
2026-04-09 22:45:00,BUY (BULLISH),2,1.16939,1.17172878,2026-04-10 11:00:00,0.2,WIN ✅ (+0.20%),1,0.36820972,LOW (<50%)
2026-04-10 00:45:00,BUY (BULLISH),2,1.16876,1.17109752,2026-04-10 10:00:00,0.2,WIN ✅ (+0.20%),1,0.3793864,LOW (<50%)
2026-04-10 10:45:00,SELL (BEARISH),2,1.17125,1.17338,2026-04-10 14:00:00,-0.1819,LOSS ❌ (0.18%),0,0.6808849,MEDIUM (50-70%)
2026-04-10 15:15:00,SELL (BEARISH),2,1.17318,1.17242,2026-04-10 20:45:00,0.0648,LOSS ❌ (-0.06%),0,0.6410327,MEDIUM (50-70%)
2026-04-13 02:30:00,SELL (BEARISH),2,1.16862,1.17072,2026-04-13 14:00:00,-0.1797,LOSS ❌ (0.18%),0,0.70926875,HIGH (>70%)
2026-04-13 13:15:00,SELL (BEARISH),2,1.16983,1.17072,2026-04-13 14:00:00,-0.0761,LOSS ❌ (0.08%),0,0.2725688,LOW (<50%)
2026-04-13 16:45:00,SELL (BEARISH),2,1.17247,1.18007,2026-04-14 14:00:00,-0.6482,LOSS ❌ (0.65%),0,0.53813654,MEDIUM (50-70%)
2026-04-13 23:30:00,SELL (BEARISH),2,1.17645,1.18007,2026-04-14 14:00:00,-0.3077,LOSS ❌ (0.31%),0,0.8850013,HIGH (>70%)
2026-04-14 04:45:00,SELL (BEARISH),2,1.17664,1.18007,2026-04-14 14:00:00,-0.2915,LOSS ❌ (0.29%),0,0.6448776,MEDIUM (50-70%)
2026-04-14 11:45:00,SELL (BEARISH),2,1.17992,1.18007,2026-04-14 14:00:00,-0.0127,LOSS ❌ (0.01%),0,0.5435504,MEDIUM (50-70%)
2026-04-14 13:00:00,SELL (BEARISH),2,1.1805,1.18007,2026-04-14 14:00:00,0.0364,LOSS ❌ (-0.04%),0,0.35204628,LOW (<50%)
2026-04-14 21:30:00,BUY (BULLISH),2,1.17904,1.1791,2026-04-15 14:00:00,0.0051,LOSS ❌ (0.01%),0,0.44646755,LOW (<50%)
2026-04-14 21:45:00,BUY (BULLISH),2,1.17909,1.1791,2026-04-15 14:00:00,0.0008,LOSS ❌ (0.00%),0,0.5652732,MEDIUM (50-70%)
2026-04-15 05:15:00,SELL (BEARISH),2,1.17923,1.1791,2026-04-15 14:00:00,0.011,LOSS ❌ (-0.01%),0,0.6070917,MEDIUM (50-70%)
2026-04-15 23:45:00,SELL (BEARISH),2,1.18064,1.17827872,2026-04-16 08:15:00,0.2,WIN ✅ (+0.20%),1,0.95334536,HIGH (>70%)
2026-04-16 01:00:00,SELL (BEARISH),2,1.18068,1.17831864,2026-04-16 08:15:00,0.2,WIN ✅ (+0.20%),1,0.842018,HIGH (>70%)
2026-04-16 02:45:00,SELL (BEARISH),2,1.18168,1.17931664,2026-04-16 06:30:00,0.2,WIN ✅ (+0.20%),1,0.8269621,HIGH (>70%)
2026-04-16 10:00:00,BUY (BULLISH),2,1.17799,1.17767,2026-04-16 14:00:00,-0.0272,LOSS ❌ (-0.03%),0,0.16040817,LOW (<50%)
2026-04-17 16:00:00,BUY (BULLISH),2,1.17991,1.17651,2026-04-17 20:45:00,-0.2882,LOSS ❌ (-0.29%),0,0.4160698,LOW (<50%)
2026-04-19 22:00:00,BUY (BULLISH),2,1.17349,1.17583698,2026-04-20 01:30:00,0.2,WIN ✅ (+0.20%),1,0.43071902,LOW (<50%)
2026-04-20 07:15:00,SELL (BEARISH),2,1.17662,1.17708,2026-04-20 14:00:00,-0.0391,LOSS ❌ (0.04%),0,0.6494923,MEDIUM (50-70%)
2026-04-20 11:15:00,SELL (BEARISH),2,1.17722,1.17708,2026-04-20 14:00:00,0.0119,LOSS ❌ (-0.01%),0,0.91176856,HIGH (>70%)
2026-04-20 15:30:00,SELL (BEARISH),2,1.17853,1.17617294,2026-04-21 08:00:00,0.2,WIN ✅ (+0.20%),1,0.46934736,LOW (<50%)
2026-04-21 07:00:00,BUY (BULLISH),2,1.17737,1.17678,2026-04-21 14:00:00,-0.0501,LOSS ❌ (-0.05%),0,0.4413249,LOW (<50%)
2026-04-21 09:45:00,BUY (BULLISH),2,1.17592,1.17678,2026-04-21 14:00:00,0.0731,LOSS ❌ (0.07%),0,0.20511101,LOW (<50%)
2026-04-21 13:30:00,SELL (BEARISH),2,1.17673,1.17678,2026-04-21 14:00:00,-0.0042,LOSS ❌ (0.00%),0,0.69378453,MEDIUM (50-70%)
2026-04-21 15:30:00,BUY (BULLISH),2,1.17473,1.17341,2026-04-22 14:00:00,-0.1124,LOSS ❌ (-0.11%),0,0.104742154,LOW (<50%)
2026-04-21 17:15:00,BUY (BULLISH),2,1.17318,1.17552636,2026-04-21 17:30:00,0.2,WIN ✅ (+0.20%),1,0.653167,MEDIUM (50-70%)
2026-04-21 19:30:00,BUY (BULLISH),2,1.17239,1.17473478,2026-04-21 20:00:00,0.2,WIN ✅ (+0.20%),1,0.640518,MEDIUM (50-70%)
2026-04-22 15:00:00,BUY (BULLISH),2,1.17196,1.16975,2026-04-23 14:00:00,-0.1886,LOSS ❌ (-0.19%),0,0.23431112,LOW (<50%)
2026-04-22 16:00:00,BUY (BULLISH),3,1.1714,1.16975,2026-04-23 14:00:00,-0.1409,LOSS ❌ (-0.14%),0,0.066179186,LOW (<50%)
2026-04-22 19:00:00,BUY (BULLISH),2,1.17091,1.16975,2026-04-23 14:00:00,-0.0991,LOSS ❌ (-0.10%),0,0.35853845,LOW (<50%)
2026-04-22 20:00:00,BUY (BULLISH),2,1.17052,1.16975,2026-04-23 14:00:00,-0.0658,LOSS ❌ (-0.07%),0,0.357523,LOW (<50%)
2026-04-23 00:30:00,SELL (BEARISH),2,1.17106,1.16871788,2026-04-23 10:00:00,0.2,WIN ✅ (+0.20%),1,0.8822275,HIGH (>70%)
2026-04-23 07:00:00,SELL (BEARISH),2,1.17032,1.16797936,2026-04-23 10:45:00,0.2,WIN ✅ (+0.20%),1,0.6315767,MEDIUM (50-70%)
2026-04-23 09:15:00,BUY (BULLISH),2,1.16946,1.16975,2026-04-23 14:00:00,0.0248,LOSS ❌ (0.02%),0,0.15353343,LOW (<50%)
2026-04-23 10:30:00,BUY (BULLISH),2,1.16823,1.16975,2026-04-23 14:00:00,0.1301,LOSS ❌ (0.13%),0,0.39271265,LOW (<50%)
2026-04-23 10:45:00,BUY (BULLISH),2,1.1682,1.16975,2026-04-23 14:00:00,0.1327,LOSS ❌ (0.13%),0,0.20221356,LOW (<50%)
2026-04-23 11:00:00,BUY (BULLISH),2,1.16816,1.16975,2026-04-23 14:00:00,0.1361,LOSS ❌ (0.14%),0,0.5711674,MEDIUM (50-70%)
2026-04-23 11:15:00,BUY (BULLISH),2,1.16813,1.16975,2026-04-23 14:00:00,0.1387,LOSS ❌ (0.14%),0,0.29892814,LOW (<50%)
2026-04-23 17:00:00,BUY (BULLISH),2,1.16839,1.17072678,2026-04-24 11:00:00,0.2,WIN ✅ (+0.20%),1,0.13372123,LOW (<50%)
2026-04-23 17:15:00,BUY (BULLISH),2,1.16826,1.17059652,2026-04-24 11:00:00,0.2,WIN ✅ (+0.20%),1,0.17967674,LOW (<50%)
2026-04-23 17:45:00,BUY (BULLISH),2,1.16925,1.1715885,2026-04-24 11:15:00,0.2,WIN ✅ (+0.20%),1,0.6790034,MEDIUM (50-70%)
2026-04-24 02:30:00,BUY (BULLISH),2,1.16801,1.17034602,2026-04-24 11:00:00,0.2,WIN ✅ (+0.20%),1,0.72771937,HIGH (>70%)
2026-04-24 03:30:00,BUY (BULLISH),2,1.16761,1.16994522,2026-04-24 10:30:00,0.2,WIN ✅ (+0.20%),1,0.39561996,LOW (<50%)
2026-04-24 17:00:00,SELL (BEARISH),2,1.17188,1.172,2026-04-24 20:45:00,-0.0102,LOSS ❌ (0.01%),0,0.7693,HIGH (>70%)
2026-04-24 20:45:00,SELL (BEARISH),2,1.172,1.169656,2026-04-26 21:00:00,0.2,WIN ✅ (+0.20%),1,0.75433135,HIGH (>70%)
2026-04-27 02:45:00,SELL (BEARISH),2,1.17262,1.17376,2026-04-27 14:00:00,-0.0972,LOSS ❌ (0.10%),0,0.79079306,HIGH (>70%)
2026-04-27 06:15:00,BUY (BULLISH),2,1.17185,1.1741937,2026-04-27 07:45:00,0.2,WIN ✅ (+0.20%),1,0.45416346,LOW (<50%)
2026-04-27 08:00:00,SELL (BEARISH),2,1.17432,1.17376,2026-04-27 14:00:00,0.0477,LOSS ❌ (-0.05%),0,0.48018467,LOW (<50%)
2026-04-27 15:15:00,BUY (BULLISH),2,1.17333,1.1697,2026-04-28 14:00:00,-0.3094,LOSS ❌ (-0.31%),0,0.12840353,LOW (<50%)
2026-04-27 16:00:00,BUY (BULLISH),2,1.173,1.1697,2026-04-28 14:00:00,-0.2813,LOSS ❌ (-0.28%),0,0.16619493,LOW (<50%)
2026-04-28 00:00:00,SELL (BEARISH),2,1.17235,1.1700053,2026-04-28 06:30:00,0.2,WIN ✅ (+0.20%),1,0.57137,MEDIUM (50-70%)
2026-04-28 02:00:00,BUY (BULLISH),2,1.17121,1.1697,2026-04-28 14:00:00,-0.1289,LOSS ❌ (-0.13%),0,0.39493385,LOW (<50%)
2026-04-28 12:00:00,BUY (BULLISH),2,1.16827,1.1697,2026-04-28 14:00:00,0.1224,LOSS ❌ (0.12%),0,0.3051538,LOW (<50%)
2026-04-28 15:30:00,SELL (BEARISH),2,1.17112,1.16877776,2026-04-29 13:30:00,0.2,WIN ✅ (+0.20%),1,0.53269005,MEDIUM (50-70%)
2026-04-28 16:00:00,SELL (BEARISH),2,1.17127,1.16892746,2026-04-29 13:30:00,0.2,WIN ✅ (+0.20%),1,0.65218145,MEDIUM (50-70%)
2026-04-29 04:15:00,BUY (BULLISH),2,1.17057,1.16872,2026-04-29 14:00:00,-0.158,LOSS ❌ (-0.16%),0,0.112694405,LOW (<50%)
2026-04-29 04:45:00,BUY (BULLISH),2,1.17052,1.16872,2026-04-29 14:00:00,-0.1538,LOSS ❌ (-0.15%),0,0.25697023,LOW (<50%)
2026-04-29 12:45:00,BUY (BULLISH),2,1.16986,1.16872,2026-04-29 14:00:00,-0.0974,LOSS ❌ (-0.10%),0,0.3303923,LOW (<50%)
2026-04-29 18:45:00,BUY (BULLISH),2,1.16719,1.16952438,2026-04-30 08:00:00,0.2,WIN ✅ (+0.20%),1,0.5055967,MEDIUM (50-70%)
2026-04-30 04:30:00,BUY (BULLISH),2,1.16583,1.16816166,2026-04-30 07:45:00,0.2,WIN ✅ (+0.20%),1,0.28748146,LOW (<50%)
2026-04-30 07:45:00,SELL (BEARISH),2,1.16791,1.16983,2026-04-30 14:00:00,-0.1644,LOSS ❌ (0.16%),0,0.24915034,LOW (<50%)
2026-04-30 11:00:00,SELL (BEARISH),2,1.17079,1.16844842,2026-04-30 13:15:00,0.2,WIN ✅ (+0.20%),1,0.20539798,LOW (<50%)
2026-04-30 18:45:00,SELL (BEARISH),2,1.17361,1.17784,2026-05-01 14:00:00,-0.3604,LOSS ❌ (0.36%),0,0.6638829,MEDIUM (50-70%)
2026-05-01 05:15:00,BUY (BULLISH),2,1.17241,1.17475482,2026-05-01 08:15:00,0.2,WIN ✅ (+0.20%),1,0.11210835,LOW (<50%)
2026-05-01 06:00:00,BUY (BULLISH),2,1.17218,1.17452436,2026-05-01 08:15:00,0.2,WIN ✅ (+0.20%),1,0.3313553,LOW (<50%)
2026-05-01 06:30:00,BUY (BULLISH),2,1.17212,1.17446424,2026-05-01 06:45:00,0.2,WIN ✅ (+0.20%),1,0.23612952,LOW (<50%)
2026-05-01 14:15:00,SELL (BEARISH),3,1.17788,1.17552424,2026-05-01 15:45:00,0.2,WIN ✅ (+0.20%),1,0.61814845,MEDIUM (50-70%)
2026-05-01 16:30:00,BUY (BULLISH),2,1.17449,1.17155,2026-05-01 20:45:00,-0.2503,LOSS ❌ (-0.25%),0,0.402493,LOW (<50%)
2026-05-01 17:15:00,BUY (BULLISH),3,1.17365,1.17155,2026-05-01 20:45:00,-0.1789,LOSS ❌ (-0.18%),0,0.7209313,HIGH (>70%)
2026-05-04 06:45:00,BUY (BULLISH),2,1.17286,1.17093,2026-05-04 14:00:00,-0.1646,LOSS ❌ (-0.16%),0,0.36618817,LOW (<50%)
2026-05-04 16:15:00,BUY (BULLISH),2,1.16904,1.16975,2026-05-05 14:00:00,0.0607,LOSS ❌ (0.06%),0,0.6130172,MEDIUM (50-70%)
2026-05-05 00:30:00,BUY (BULLISH),2,1.16859,1.16975,2026-05-05 14:00:00,0.0993,LOSS ❌ (0.10%),0,0.48236927,LOW (<50%)
2026-05-05 13:15:00,SELL (BEARISH),2,1.17006,1.16975,2026-05-05 14:00:00,0.0265,LOSS ❌ (-0.03%),0,0.6124235,MEDIUM (50-70%)
2026-05-05 14:00:00,SELL (BEARISH),2,1.16975,1.17477,2026-05-06 14:00:00,-0.4292,LOSS ❌ (0.43%),0,0.42768878,LOW (<50%)
2026-05-05 19:45:00,BUY (BULLISH),2,1.16951,1.17184902,2026-05-05 23:00:00,0.2,WIN ✅ (+0.20%),1,0.52044284,MEDIUM (50-70%)
2026-05-05 20:45:00,BUY (BULLISH),2,1.16925,1.1715885,2026-05-05 23:00:00,0.2,WIN ✅ (+0.20%),1,0.365597,LOW (<50%)
2026-05-05 21:00:00,BUY (BULLISH),2,1.16928,1.1716185600000002,2026-05-05 23:00:00,0.2,WIN ✅ (+0.20%),1,0.18427967,LOW (<50%)
2026-05-06 10:00:00,SELL (BEARISH),2,1.17687,1.17451626,2026-05-06 14:00:00,0.2,WIN ✅ (+0.20%),1,0.77019864,HIGH (>70%)
2026-05-06 14:00:00,BUY (BULLISH),2,1.17477,1.17711954,2026-05-07 08:15:00,0.2,WIN ✅ (+0.20%),1,0.7466314,HIGH (>70%)
2026-05-07 08:30:00,SELL (BEARISH),2,1.17696,1.17687,2026-05-07 14:00:00,0.0076,LOSS ❌ (-0.01%),0,0.60271996,MEDIUM (50-70%)
2026-05-07 20:00:00,BUY (BULLISH),2,1.17383,1.17617766,2026-05-08 08:30:00,0.2,WIN ✅ (+0.20%),1,0.6338966,MEDIUM (50-70%)
2026-05-08 05:45:00,SELL (BEARISH),2,1.17369,1.17733,2026-05-08 14:00:00,-0.3101,LOSS ❌ (0.31%),0,0.5466578,MEDIUM (50-70%)
2026-05-08 09:15:00,SELL (BEARISH),2,1.17679,1.17733,2026-05-08 14:00:00,-0.0459,LOSS ❌ (0.05%),0,0.6164071,MEDIUM (50-70%)
2026-05-08 19:15:00,SELL (BEARISH),2,1.17815,1.17832,2026-05-08 20:45:00,-0.0144,LOSS ❌ (0.01%),0,0.9213404,HIGH (>70%)
2026-05-11 03:00:00,BUY (BULLISH),2,1.17586,1.17821172,2026-05-11 13:00:00,0.2,WIN ✅ (+0.20%),1,0.16632602,LOW (<50%)
2026-05-11 07:00:00,SELL (BEARISH),2,1.17671,1.17852,2026-05-11 14:00:00,-0.1538,LOSS ❌ (0.15%),0,0.51606363,MEDIUM (50-70%)
2026-05-11 13:45:00,SELL (BEARISH),2,1.1785,1.17852,2026-05-11 14:00:00,-0.0017,LOSS ❌ (0.00%),0,0.5139976,MEDIUM (50-70%)
2026-05-11 20:30:00,SELL (BEARISH),2,1.17811,1.17575378,2026-05-12 01:30:00,0.2,WIN ✅ (+0.20%),1,0.8444861,HIGH (>70%)
2026-05-11 22:15:00,SELL (BEARISH),2,1.17867,1.17631266,2026-05-12 01:15:00,0.2,WIN ✅ (+0.20%),1,0.88326186,HIGH (>70%)
2026-05-12 00:15:00,BUY (BULLISH),2,1.17747,1.17347,2026-05-12 14:00:00,-0.3397,LOSS ❌ (-0.34%),0,0.33555993,LOW (<50%)
2026-05-12 05:15:00,BUY (BULLISH),2,1.17546,1.17347,2026-05-12 14:00:00,-0.1693,LOSS ❌ (-0.17%),0,0.2888656,LOW (<50%)
2026-05-12 11:00:00,BUY (BULLISH),2,1.17413,1.17347,2026-05-12 14:00:00,-0.0562,LOSS ❌ (-0.06%),0,0.21937269,LOW (<50%)
2026-05-12 19:30:00,SELL (BEARISH),2,1.17426,1.17191148,2026-05-13 06:45:00,0.2,WIN ✅ (+0.20%),1,0.6891111,MEDIUM (50-70%)
2026-05-13 01:45:00,SELL (BEARISH),2,1.17384,1.17149232,2026-05-13 07:30:00,0.2,WIN ✅ (+0.20%),1,0.628697,MEDIUM (50-70%)
2026-05-13 06:15:00,BUY (BULLISH),2,1.17262,1.17102,2026-05-13 14:00:00,-0.1364,LOSS ❌ (-0.14%),0,0.2698089,LOW (<50%)
2026-05-13 22:30:00,SELL (BEARISH),2,1.17179,1.16944642,2026-05-14 13:00:00,0.2,WIN ✅ (+0.20%),1,0.90823066,HIGH (>70%)
2026-05-14 02:15:00,BUY (BULLISH),2,1.17137,1.16956,2026-05-14 14:00:00,-0.1545,LOSS ❌ (-0.15%),0,0.6101027,MEDIUM (50-70%)
2026-05-14 03:00:00,BUY (BULLISH),2,1.17114,1.16956,2026-05-14 14:00:00,-0.1349,LOSS ❌ (-0.13%),0,0.6860481,MEDIUM (50-70%)
2026-05-14 08:00:00,BUY (BULLISH),2,1.17069,1.16956,2026-05-14 14:00:00,-0.0965,LOSS ❌ (-0.10%),0,0.35150158,LOW (<50%)
2026-05-14 12:45:00,BUY (BULLISH),2,1.16969,1.16956,2026-05-14 14:00:00,-0.0111,LOSS ❌ (-0.01%),0,0.38996083,LOW (<50%)
2026-05-14 13:00:00,BUY (BULLISH),2,1.16969,1.16956,2026-05-14 14:00:00,-0.0111,LOSS ❌ (-0.01%),0,0.07997976,LOW (<50%)
2026-05-14 15:15:00,BUY (BULLISH),2,1.1675,1.16261,2026-05-15 14:00:00,-0.4188,LOSS ❌ (-0.42%),0,0.4833438,LOW (<50%)
2026-05-14 19:45:00,BUY (BULLISH),2,1.16706,1.16261,2026-05-15 14:00:00,-0.3813,LOSS ❌ (-0.38%),0,0.654933,MEDIUM (50-70%)
2026-05-15 00:45:00,BUY (BULLISH),2,1.1655,1.16261,2026-05-15 14:00:00,-0.248,LOSS ❌ (-0.25%),0,0.42829338,LOW (<50%)
2026-05-18 00:45:00,BUY (BULLISH),2,1.16112,1.16344224,2026-05-18 06:30:00,0.2,WIN ✅ (+0.20%),1,0.4311999,LOW (<50%)
2026-05-18 06:45:00,SELL (BEARISH),2,1.16354,1.16451,2026-05-18 14:00:00,-0.0834,LOSS ❌ (0.08%),0,0.49146697,LOW (<50%)
2026-05-18 07:30:00,SELL (BEARISH),2,1.16357,1.16451,2026-05-18 14:00:00,-0.0808,LOSS ❌ (0.08%),0,0.31362358,LOW (<50%)
2026-05-18 08:30:00,SELL (BEARISH),2,1.16375,1.16451,2026-05-18 14:00:00,-0.0653,LOSS ❌ (0.07%),0,0.29607296,LOW (<50%)
2026-05-19 01:00:00,BUY (BULLISH),2,1.16446,1.16049,2026-05-19 14:00:00,-0.3409,LOSS ❌ (-0.34%),0,0.44328484,LOW (<50%)
2026-05-19 03:00:00,BUY (BULLISH),2,1.16425,1.16049,2026-05-19 14:00:00,-0.323,LOSS ❌ (-0.32%),0,0.30826792,LOW (<50%)
2026-05-19 09:15:00,BUY (BULLISH),2,1.16174,1.16049,2026-05-19 14:00:00,-0.1076,LOSS ❌ (-0.11%),0,0.29433513,LOW (<50%)
2026-05-20 01:30:00,BUY (BULLISH),2,1.1595,1.15883,2026-05-20 14:00:00,-0.0578,LOSS ❌ (-0.06%),0,0.71221215,HIGH (>70%)
2026-05-20 05:45:00,BUY (BULLISH),2,1.15951,1.15883,2026-05-20 14:00:00,-0.0586,LOSS ❌ (-0.06%),0,0.52433056,MEDIUM (50-70%)
2026-05-20 11:30:00,SELL (BEARISH),2,1.16016,1.15883,2026-05-20 14:00:00,0.1146,LOSS ❌ (-0.11%),0,0.6412154,MEDIUM (50-70%)
2026-05-21 01:15:00,SELL (BEARISH),2,1.16327,1.16094346,2026-05-21 07:15:00,0.2,WIN ✅ (+0.20%),1,0.718471,HIGH (>70%)
2026-05-21 12:30:00,BUY (BULLISH),2,1.16062,1.15923,2026-05-21 14:00:00,-0.1198,LOSS ❌ (-0.12%),0,0.46707878,LOW (<50%)
2026-05-21 13:00:00,BUY (BULLISH),2,1.1595,1.15923,2026-05-21 14:00:00,-0.0233,LOSS ❌ (-0.02%),0,0.31800488,LOW (<50%)
2026-05-21 13:45:00,BUY (BULLISH),2,1.15943,1.15923,2026-05-21 14:00:00,-0.0172,LOSS ❌ (-0.02%),0,0.7241882,HIGH (>70%)
2026-05-22 00:15:00,BUY (BULLISH),2,1.16137,1.15896,2026-05-22 14:00:00,-0.2075,LOSS ❌ (-0.21%),0,0.69973606,MEDIUM (50-70%)
2026-05-22 00:30:00,BUY (BULLISH),2,1.16146,1.15896,2026-05-22 14:00:00,-0.2152,LOSS ❌ (-0.22%),0,0.9277521,HIGH (>70%)
2026-05-22 01:15:00,BUY (BULLISH),2,1.16136,1.15896,2026-05-22 14:00:00,-0.2067,LOSS ❌ (-0.21%),0,0.913465,HIGH (>70%)
