<DATE>	<TIME>	<OPEN>	<HIGH>	<LOW>	<CLOSE>	<TICKVOL>	<VOL>	<SPREAD>
2026.04.24	00:30:00	1.16868	1.16883	1.16833	1.16842	465	0	8
2026.04.24	00:45:00	1.16842	1.16859	1.16828	1.16850	521	0	8
2026.04.24	01:00:00	1.16850	1.16866	1.16830	1.16855	530	0	8
2026.04.24	01:15:00	1.16855	1.16871	1.16843	1.16844	443	0	8
2026.04.24	01:30:00	1.16844	1.16873	1.16817	1.16842	606	0	8
2026.04.24	01:45:00	1.16840	1.16883	1.16840	1.16882	412	0	8
2026.04.24	02:00:00	1.16882	1.16891	1.16833	1.16837	438	0	8
2026.04.24	02:15:00	1.16837	1.16843	1.16800	1.16800	391	0	8
2026.04.24	02:30:00	1.16800	1.16829	1.16798	1.16801	386	0	8
2026.04.24	02:45:00	1.16801	1.16801	1.16777	1.16787	289	0	8
2026.04.24	03:00:00	1.16787	1.16797	1.16758	1.16766	368	0	8
2026.04.24	03:15:00	1.16766	1.16773	1.16750	1.16752	368	0	8
2026.04.24	03:30:00	1.16752	1.16772	1.16725	1.16761	399	0	8
2026.04.24	03:45:00	1.16761	1.16783	1.16761	1.16778	368	0	8
2026.04.24	04:00:00	1.16777	1.16798	1.16761	1.16790	454	0	8
2026.04.24	04:15:00	1.16790	1.16793	1.16769	1.16777	293	0	8
2026.04.24	04:30:00	1.16777	1.16796	1.16773	1.16780	379	0	8
2026.04.24	04:45:00	1.16780	1.16813	1.16780	1.16787	318	0	8
2026.04.24	05:00:00	1.16787	1.16800	1.16762	1.16781	476	0	8
2026.04.24	05:15:00	1.16782	1.16803	1.16778	1.16790	331	0	8
2026.04.24	05:30:00	1.16790	1.16828	1.16790	1.16817	407	0	8
2026.04.24	05:45:00	1.16817	1.16828	1.16804	1.16817	268	0	8
2026.04.24	06:00:00	1.16817	1.16821	1.16795	1.16813	514	0	8
2026.04.24	06:15:00	1.16813	1.16818	1.16777	1.16802	500	0	8
2026.04.24	06:30:00	1.16802	1.16834	1.16785	1.16821	648	0	8
2026.04.24	06:45:00	1.16821	1.16822	1.16772	1.16782	531	0	8
2026.04.24	07:00:00	1.16781	1.16814	1.16758	1.16809	644	0	8
2026.04.24	07:15:00	1.16809	1.16829	1.16799	1.16808	564	0	8
2026.04.24	07:30:00	1.16808	1.16848	1.16785	1.16848	471	0	8
2026.04.24	07:45:00	1.16848	1.16934	1.16844	1.16908	678	0	8
2026.04.24	08:00:00	1.16906	1.16907	1.16836	1.16867	787	0	8
2026.04.24	08:15:00	1.16867	1.16956	1.16866	1.16912	1312	0	8
2026.04.24	08:30:00	1.16912	1.16913	1.16863	1.16867	682	0	8
2026.04.24	08:45:00	1.16867	1.16935	1.16865	1.16896	687	0	8
2026.04.24	09:00:00	1.16896	1.16905	1.16861	1.16877	562	0	8
2026.04.24	09:15:00	1.16876	1.16893	1.16840	1.16848	702	0	8
2026.04.24	09:30:00	1.16848	1.16890	1.16837	1.16872	496	0	8
2026.04.24	09:45:00	1.16872	1.16877	1.16852	1.16861	413	0	8
2026.04.24	10:00:00	1.16861	1.16900	1.16852	1.16879	494	0	8
2026.04.24	10:15:00	1.16879	1.16960	1.16877	1.16957	508	0	8
2026.04.24	10:30:00	1.16957	1.17009	1.16937	1.16998	471	0	8
2026.04.24	10:45:00	1.16999	1.17032	1.16976	1.17029	605	0	8
2026.04.24	11:00:00	1.17031	1.17121	1.17024	1.17075	1744	0	8
2026.04.24	11:15:00	1.17075	1.17177	1.17033	1.17176	2070	0	8
2026.04.24	11:30:00	1.17176	1.17181	1.17112	1.17164	1272	0	8
2026.04.24	11:45:00	1.17164	1.17181	1.17124	1.17141	933	0	8
2026.04.24	12:00:00	1.17143	1.17171	1.17109	1.17151	949	0	8
2026.04.24	12:15:00	1.17149	1.17160	1.17098	1.17133	973	0	8
2026.04.24	12:30:00	1.17133	1.17137	1.17064	1.17071	861	0	8
2026.04.24	12:45:00	1.17071	1.17111	1.17023	1.17085	1120	0	8
2026.04.24	13:00:00	1.17085	1.17121	1.17058	1.17077	943	0	8
2026.04.24	13:15:00	1.17078	1.17091	1.17015	1.17019	959	0	8
2026.04.24	13:30:00	1.17019	1.17039	1.16983	1.17035	1490	0	8
2026.04.24	13:45:00	1.17038	1.17075	1.17025	1.17065	1174	0	8
2026.04.24	14:00:00	1.17065	1.17147	1.17001	1.17105	2107	0	8
2026.04.24	14:15:00	1.17102	1.17158	1.17071	1.17113	1509	0	8
2026.04.24	14:30:00	1.17113	1.17166	1.17109	1.17114	1301	0	8
2026.04.24	14:45:00	1.17114	1.17120	1.17028	1.17060	1389	0	8
2026.04.24	15:00:00	1.17060	1.17076	1.17039	1.17049	1034	0	8
2026.04.24	15:15:00	1.17049	1.17081	1.17028	1.17069	833	0	8
2026.04.24	15:30:00	1.17069	1.17119	1.17003	1.17101	1316	0	8
2026.04.24	15:45:00	1.17101	1.17195	1.17092	1.17173	2020	0	8
2026.04.24	16:00:00	1.17173	1.17190	1.17129	1.17155	1112	0	8
2026.04.24	16:15:00	1.17154	1.17168	1.17127	1.17131	769	0	8
2026.04.24	16:30:00	1.17131	1.17181	1.17131	1.17146	801	0	8
2026.04.24	16:45:00	1.17147	1.17194	1.17146	1.17187	610	0	8
2026.04.24	17:00:00	1.17188	1.17208	1.17177	1.17188	784	0	8
2026.04.24	17:15:00	1.17188	1.17191	1.17148	1.17158	597	0	8
2026.04.24	17:30:00	1.17158	1.17159	1.17117	1.17139	887	0	8
2026.04.24	17:45:00	1.17140	1.17184	1.17123	1.17131	572	0	8
2026.04.24	18:00:00	1.17131	1.17141	1.17108	1.17136	514	0	8
2026.04.24	18:15:00	1.17136	1.17155	1.17120	1.17146	486	0	8
2026.04.24	18:30:00	1.17146	1.17183	1.17132	1.17178	426	0	8
2026.04.24	18:45:00	1.17178	1.17194	1.17156	1.17174	442	0	8
2026.04.24	19:00:00	1.17174	1.17201	1.17170	1.17197	428	0	8
2026.04.24	19:15:00	1.17197	1.17207	1.17166	1.17177	383	0	8
2026.04.24	19:30:00	1.17177	1.17192	1.17168	1.17171	672	0	8
2026.04.24	19:45:00	1.17169	1.17188	1.17150	1.17182	668	0	8
2026.04.24	20:00:00	1.17182	1.17206	1.17165	1.17196	505	0	8
2026.04.24	20:15:00	1.17196	1.17203	1.17171	1.17192	224	0	8
2026.04.24	20:30:00	1.17193	1.17208	1.17171	1.17206	275	0	8
2026.04.24	20:45:00	1.17207	1.17230	1.17191	1.17200	570	0	8
2026.04.26	21:00:00	1.16970	1.16990	1.16954	1.16990	42	0	23
2026.04.26	21:15:00	1.16990	1.17021	1.16980	1.17013	42	0	25
2026.04.26	21:30:00	1.17013	1.17088	1.17013	1.17072	167	0	8
2026.04.26	21:45:00	1.17072	1.17090	1.17053	1.17074	86	0	8
2026.04.26	22:00:00	1.17074	1.17121	1.17043	1.17066	436	0	8
2026.04.26	22:15:00	1.17066	1.17078	1.17052	1.17067	204	0	8
2026.04.26	22:30:00	1.17067	1.17082	1.17055	1.17068	143	0	8
2026.04.26	22:45:00	1.17068	1.17081	1.17058	1.17076	136	0	8
2026.04.26	23:00:00	1.17076	1.17088	1.17073	1.17081	167	0	8
2026.04.26	23:15:00	1.17081	1.17092	1.17061	1.17063	133	0	8
2026.04.26	23:30:00	1.17063	1.17063	1.17052	1.17057	124	0	8
2026.04.26	23:45:00	1.17057	1.17072	1.17050	1.17052	288	0	8
2026.04.27	00:00:00	1.17053	1.17098	1.17053	1.17097	647	0	8
2026.04.27	00:15:00	1.17097	1.17118	1.17077	1.17113	283	0	8
2026.04.27	00:30:00	1.17113	1.17136	1.17109	1.17135	232	0	8
2026.04.27	00:45:00	1.17136	1.17169	1.17119	1.17156	469	0	8
2026.04.27	01:00:00	1.17157	1.17264	1.17157	1.17197	1347	0	8
2026.04.27	01:15:00	1.17197	1.17265	1.17196	1.17223	642	0	8
2026.04.27	01:30:00	1.17223	1.17242	1.17206	1.17241	483	0	8
2026.04.27	01:45:00	1.17241	1.17263	1.17226	1.17242	497	0	8
2026.04.27	02:00:00	1.17242	1.17253	1.17192	1.17228	365	0	8
2026.04.27	02:15:00	1.17228	1.17254	1.17217	1.17237	294	0	8
2026.04.27	02:30:00	1.17237	1.17278	1.17236	1.17265	378	0	8
2026.04.27	02:45:00	1.17265	1.17279	1.17255	1.17262	379	0	8
2026.04.27	03:00:00	1.17262	1.17292	1.17260	1.17283	470	0	8
2026.04.27	03:15:00	1.17282	1.17289	1.17272	1.17282	285	0	8
2026.04.27	03:30:00	1.17282	1.17315	1.17276	1.17310	233	0	8
2026.04.27	03:45:00	1.17310	1.17323	1.17291	1.17291	249	0	8
2026.04.27	04:00:00	1.17291	1.17294	1.17276	1.17287	197	0	8
2026.04.27	04:15:00	1.17287	1.17304	1.17282	1.17303	224	0	8
2026.04.27	04:30:00	1.17303	1.17313	1.17291	1.17296	198	0	8
2026.04.27	04:45:00	1.17296	1.17296	1.17246	1.17264	326	0	8
2026.04.27	05:00:00	1.17264	1.17277	1.17239	1.17240	384	0	8
2026.04.27	05:15:00	1.17240	1.17262	1.17236	1.17256	272	0	8
2026.04.27	05:30:00	1.17256	1.17257	1.17235	1.17252	258	0	8
2026.04.27	05:45:00	1.17252	1.17266	1.17218	1.17221	309	0	8
2026.04.27	06:00:00	1.17221	1.17227	1.17181	1.17190	585	0	8
2026.04.27	06:15:00	1.17190	1.17209	1.17163	1.17185	601	0	8
2026.04.27	06:30:00	1.17185	1.17219	1.17173	1.17196	550	0	8
2026.04.27	06:45:00	1.17196	1.17294	1.17190	1.17294	568	0	8
2026.04.27	07:00:00	1.17294	1.17360	1.17289	1.17336	691	0	8
2026.04.27	07:15:00	1.17336	1.17343	1.17294	1.17306	585	0	8
2026.04.27	07:30:00	1.17306	1.17337	1.17294	1.17326	556	0	8
2026.04.27	07:45:00	1.17326	1.17447	1.17321	1.17436	807	0	8
2026.04.27	08:00:00	1.17436	1.17473	1.17400	1.17432	1037	0	8
2026.04.27	08:15:00	1.17432	1.17457	1.17389	1.17436	825	0	8
2026.04.27	08:30:00	1.17436	1.17455	1.17394	1.17450	674	0	8
2026.04.27	08:45:00	1.17450	1.17505	1.17450	1.17481	639	0	8
2026.04.27	09:00:00	1.17481	1.17506	1.17475	1.17492	584	0	8
2026.04.27	09:15:00	1.17492	1.17494	1.17440	1.17442	448	0	8
2026.04.27	09:30:00	1.17441	1.17457	1.17432	1.17442	412	0	8
2026.04.27	09:45:00	1.17442	1.17456	1.17406	1.17419	496	0	8
2026.04.27	10:00:00	1.17418	1.17438	1.17399	1.17401	500	0	8
2026.04.27	10:15:00	1.17401	1.17422	1.17386	1.17421	409	0	8
2026.04.27	10:30:00	1.17421	1.17440	1.17408	1.17431	426	0	8
2026.04.27	10:45:00	1.17431	1.17474	1.17419	1.17457	499	0	8
2026.04.27	11:00:00	1.17457	1.17467	1.17402	1.17406	546	0	8
2026.04.27	11:15:00	1.17405	1.17446	1.17395	1.17435	480	0	8
2026.04.27	11:30:00	1.17435	1.17440	1.17381	1.17402	453	0	8
2026.04.27	11:45:00	1.17402	1.17415	1.17375	1.17410	546	0	8
2026.04.27	12:00:00	1.17410	1.17515	1.17405	1.17511	770	0	8
2026.04.27	12:15:00	1.17512	1.17546	1.17462	1.17490	902	0	8
2026.04.27	12:30:00	1.17490	1.17495	1.17453	1.17477	700	0	8
2026.04.27	12:45:00	1.17477	1.17500	1.17433	1.17440	842	0	8
2026.04.27	13:00:00	1.17441	1.17528	1.17429	1.17492	1218	0	8
2026.04.27	13:15:00	1.17492	1.17536	1.17486	1.17486	837	0	8
2026.04.27	13:30:00	1.17486	1.17492	1.17426	1.17431	1000	0	8
2026.04.27	13:45:00	1.17431	1.17435	1.17354	1.17397	1162	0	8
2026.04.27	14:00:00	1.17397	1.17416	1.17356	1.17376	1017	0	8
2026.04.27	14:15:00	1.17376	1.17416	1.17373	1.17380	735	0	8
2026.04.27	14:30:00	1.17381	1.17451	1.17372	1.17437	909	0	8
2026.04.27	14:45:00	1.17437	1.17478	1.17329	1.17357	1237	0	8
2026.04.27	15:00:00	1.17357	1.17365	1.17313	1.17329	905	0	8
2026.04.27	15:15:00	1.17329	1.17364	1.17296	1.17333	785	0	8
2026.04.27	15:30:00	1.17333	1.17353	1.17312	1.17336	642	0	8
2026.04.27	15:45:00	1.17339	1.17343	1.17290	1.17304	739	0	8
2026.04.27	16:00:00	1.17304	1.17336	1.17288	1.17300	412	0	8
2026.04.27	16:15:00	1.17300	1.17322	1.17279	1.17287	554	0	8
2026.04.27	16:30:00	1.17287	1.17302	1.17284	1.17290	452	0	8
2026.04.27	16:45:00	1.17290	1.17320	1.17249	1.17258	450	0	8
2026.04.27	17:00:00	1.17258	1.17268	1.17216	1.17246	607	0	8
2026.04.27	17:15:00	1.17246	1.17250	1.17198	1.17224	627	0	8
2026.04.27	17:30:00	1.17224	1.17297	1.17223	1.17255	498	0	8
2026.04.27	17:45:00	1.17255	1.17256	1.17222	1.17228	376	0	8
2026.04.27	18:00:00	1.17228	1.17233	1.17206	1.17230	424	0	8
2026.04.27	18:15:00	1.17230	1.17244	1.17219	1.17222	302	0	8
2026.04.27	18:30:00	1.17222	1.17233	1.17213	1.17218	247	0	8
2026.04.27	18:45:00	1.17218	1.17230	1.17185	1.17196	399	0	8
2026.04.27	19:00:00	1.17196	1.17223	1.17187	1.17222	333	0	8
2026.04.27	19:15:00	1.17222	1.17251	1.17213	1.17246	365	0	8
2026.04.27	19:30:00	1.17246	1.17247	1.17221	1.17238	249	0	8
2026.04.27	19:45:00	1.17238	1.17256	1.17198	1.17201	467	0	8
2026.04.27	20:00:00	1.17204	1.17228	1.17204	1.17213	214	0	8
2026.04.27	20:15:00	1.17213	1.17221	1.17202	1.17208	130	0	8
2026.04.27	20:30:00	1.17208	1.17229	1.17206	1.17229	164	0	8
2026.04.27	20:45:00	1.17229	1.17229	1.17198	1.17201	206	0	8
2026.04.27	21:00:00	1.17222	1.17222	1.17195	1.17210	20	0	22
2026.04.27	21:15:00	1.17210	1.17217	1.17207	1.17209	29	0	14
2026.04.27	21:30:00	1.17209	1.17219	1.17208	1.17218	34	0	15
2026.04.27	21:45:00	1.17218	1.17218	1.17186	1.17210	124	0	8
2026.04.27	22:00:00	1.17207	1.17224	1.17191	1.17219	260	0	8
2026.04.27	22:15:00	1.17219	1.17223	1.17206	1.17217	201	0	8
2026.04.27	22:30:00	1.17217	1.17227	1.17216	1.17220	176	0	8
2026.04.27	22:45:00	1.17220	1.17228	1.17216	1.17219	219	0	8
2026.04.27	23:00:00	1.17219	1.17228	1.17217	1.17222	159	0	8
2026.04.27	23:15:00	1.17222	1.17228	1.17210	1.17216	150	0	8
2026.04.27	23:30:00	1.17216	1.17220	1.17212	1.17220	97	0	8
2026.04.27	23:45:00	1.17220	1.17227	1.17216	1.17227	122	0	8
2026.04.28	00:00:00	1.17228	1.17266	1.17224	1.17235	451	0	8
2026.04.28	00:15:00	1.17235	1.17240	1.17182	1.17198	529	0	8
2026.04.28	00:30:00	1.17198	1.17218	1.17183	1.17202	485	0	8
2026.04.28	00:45:00	1.17202	1.17216	1.17168	1.17185	482	0	8
2026.04.28	01:00:00	1.17185	1.17185	1.17138	1.17148	633	0	8
2026.04.28	01:15:00	1.17148	1.17164	1.17135	1.17159	309	0	8
2026.04.28	01:30:00	1.17159	1.17181	1.17148	1.17153	396	0	8
2026.04.28	01:45:00	1.17153	1.17157	1.17120	1.17125	449	0	8
2026.04.28	02:00:00	1.17125	1.17133	1.17108	1.17121	466	0	8
2026.04.28	02:15:00	1.17121	1.17127	1.17112	1.17123	389	0	8
2026.04.28	02:30:00	1.17123	1.17125	1.17098	1.17101	367	0	8
2026.04.28	02:45:00	1.17101	1.17106	1.17076	1.17081	322	0	8
2026.04.28	03:00:00	1.17081	1.17137	1.17077	1.17128	696	0	8
2026.04.28	03:15:00	1.17128	1.17169	1.17123	1.17165	361	0	8
2026.04.28	03:30:00	1.17165	1.17176	1.17133	1.17137	350	0	8
2026.04.28	03:45:00	1.17137	1.17142	1.17122	1.17130	182	0	8
2026.04.28	04:00:00	1.17130	1.17133	1.17114	1.17132	264	0	8
2026.04.28	04:15:00	1.17132	1.17141	1.17130	1.17137	252	0	8
2026.04.28	04:30:00	1.17137	1.17159	1.17135	1.17158	248	0	8
2026.04.28	04:45:00	1.17158	1.17160	1.17115	1.17122	281	0	8
2026.04.28	05:00:00	1.17122	1.17130	1.17091	1.17103	361	0	8
2026.04.28	05:15:00	1.17103	1.17127	1.17096	1.17125	206	0	8
2026.04.28	05:30:00	1.17125	1.17125	1.17070	1.17075	586	0	8
2026.04.28	05:45:00	1.17075	1.17090	1.17050	1.17057	459	0	8
2026.04.28	06:00:00	1.17057	1.17078	1.17012	1.17047	675	0	8
2026.04.28	06:15:00	1.17047	1.17052	1.17007	1.17037	639	0	8
2026.04.28	06:30:00	1.17037	1.17042	1.16991	1.16998	830	0	8
2026.04.28	06:45:00	1.16999	1.17007	1.16867	1.16873	1141	0	8
2026.04.28	07:00:00	1.16873	1.16940	1.16855	1.16931	1414	0	8
2026.04.28	07:15:00	1.16931	1.17005	1.16928	1.16958	920	0	6
2026.04.28	07:30:00	1.16957	1.16977	1.16931	1.16951	776	0	6
2026.04.28	07:45:00	1.16951	1.16994	1.16924	1.16963	737	0	6
2026.04.28	08:00:00	1.16965	1.17039	1.16945	1.17004	1296	0	6
2026.04.28	08:15:00	1.17004	1.17075	1.17004	1.17064	810	0	6
2026.04.28	08:30:00	1.17063	1.17067	1.16990	1.17009	825	0	6
2026.04.28	08:45:00	1.17009	1.17035	1.16999	1.17019	558	0	6
2026.04.28	09:00:00	1.17018	1.17018	1.16976	1.17000	761	0	6
2026.04.28	09:15:00	1.17000	1.17000	1.16946	1.16949	637	0	6
2026.04.28	09:30:00	1.16949	1.16952	1.16861	1.16910	639	0	6
2026.04.28	09:45:00	1.16910	1.16988	1.16901	1.16920	1131	0	6
2026.04.28	10:00:00	1.16920	1.16938	1.16902	1.16910	768	0	6
2026.04.28	10:15:00	1.16910	1.16931	1.16902	1.16912	508	0	6
2026.04.28	10:30:00	1.16913	1.16954	1.16911	1.16938	620	0	6
2026.04.28	10:45:00	1.16936	1.16955	1.16908	1.16929	708	0	6
2026.04.28	11:00:00	1.16928	1.16991	1.16923	1.16956	865	0	6
2026.04.28	11:15:00	1.16956	1.16974	1.16928	1.16944	740	0	6
2026.04.28	11:30:00	1.16944	1.16944	1.16876	1.16901	1029	0	6
2026.04.28	11:45:00	1.16901	1.16901	1.16818	1.16827	1375	0	6
2026.04.28	12:00:00	1.16827	1.16834	1.16771	1.16827	1256	0	6
2026.04.28	12:15:00	1.16827	1.16928	1.16821	1.16891	1642	0	6
2026.04.28	12:30:00	1.16891	1.16968	1.16852	1.16943	889	0	6
2026.04.28	12:45:00	1.16943	1.16997	1.16942	1.16966	913	0	6
2026.04.28	13:00:00	1.16966	1.16974	1.16932	1.16940	1001	0	6
2026.04.28	13:15:00	1.16940	1.16996	1.16882	1.16988	1132	0	6
2026.04.28	13:30:00	1.16986	1.17034	1.16910	1.17012	1759	0	6
2026.04.28	13:45:00	1.17012	1.17024	1.16963	1.16970	1207	0	6
2026.04.28	14:00:00	1.16972	1.16984	1.16902	1.16970	1419	0	6
2026.04.28	14:15:00	1.16970	1.16990	1.16934	1.16963	1088	0	6
2026.04.28	14:30:00	1.16964	1.17030	1.16946	1.16964	1303	0	6
2026.04.28	14:45:00	1.16964	1.17007	1.16925	1.17007	2143	0	6
2026.04.28	15:00:00	1.17006	1.17093	1.17006	1.17043	1805	0	6
2026.04.28	15:15:00	1.17043	1.17125	1.17029	1.17104	1103	0	6
2026.04.28	15:30:00	1.17104	1.17155	1.17075	1.17112	1013	0	6
2026.04.28	15:45:00	1.17112	1.17137	1.17097	1.17134	921	0	6
2026.04.28	16:00:00	1.17134	1.17167	1.17120	1.17127	793	0	6
2026.04.28	16:15:00	1.17127	1.17128	1.17057	1.17062	779	0	6
2026.04.28	16:30:00	1.17062	1.17093	1.17051	1.17087	573	0	6
2026.04.28	16:45:00	1.17087	1.17118	1.17072	1.17103	772	0	6
2026.04.28	17:00:00	1.17103	1.17115	1.17065	1.17098	573	0	6
2026.04.28	17:15:00	1.17098	1.17104	1.17062	1.17094	523	0	6
2026.04.28	17:30:00	1.17094	1.17141	1.17090	1.17123	593	0	6
2026.04.28	17:45:00	1.17123	1.17175	1.17122	1.17133	714	0	6
2026.04.28	18:00:00	1.17133	1.17154	1.17112	1.17123	494	0	6
2026.04.28	18:15:00	1.17123	1.17158	1.17122	1.17151	631	0	6
2026.04.28	18:30:00	1.17151	1.17156	1.17131	1.17154	454	0	6
2026.04.28	18:45:00	1.17154	1.17159	1.17110	1.17113	323	0	6
2026.04.28	19:00:00	1.17113	1.17149	1.17106	1.17107	301	0	6
2026.04.28	19:15:00	1.17107	1.17108	1.17083	1.17090	390	0	6
2026.04.28	19:30:00	1.17090	1.17100	1.17080	1.17083	408	0	6
2026.04.28	19:45:00	1.17083	1.17096	1.17068	1.17095	349	0	6
2026.04.28	20:00:00	1.17095	1.17141	1.17090	1.17118	337	0	6
2026.04.28	20:15:00	1.17118	1.17123	1.17111	1.17121	113	0	6
2026.04.28	20:30:00	1.17121	1.17148	1.17121	1.17140	244	0	7
2026.04.28	20:45:00	1.17140	1.17144	1.17125	1.17126	173	0	8
2026.04.28	21:00:00	1.17114	1.17130	1.17114	1.17125	27	0	23
2026.04.28	21:15:00	1.17125	1.17131	1.17120	1.17125	31	0	26
2026.04.28	21:30:00	1.17124	1.17131	1.17116	1.17123	41	0	26
2026.04.28	21:45:00	1.17123	1.17133	1.17092	1.17126	63	0	18
2026.04.28	22:00:00	1.17128	1.17179	1.17128	1.17172	336	0	8
2026.04.28	22:15:00	1.17172	1.17172	1.17141	1.17141	87	0	8
2026.04.28	22:30:00	1.17141	1.17157	1.17141	1.17154	146	0	8
2026.04.28	22:45:00	1.17154	1.17156	1.17151	1.17153	173	0	8
2026.04.28	23:00:00	1.17153	1.17162	1.17151	1.17152	77	0	8
2026.04.28	23:15:00	1.17152	1.17161	1.17151	1.17154	82	0	8
2026.04.28	23:30:00	1.17154	1.17163	1.17150	1.17162	73	0	8
2026.04.28	23:45:00	1.17162	1.17173	1.17160	1.17172	168	0	8
2026.04.29	00:00:00	1.17172	1.17202	1.17172	1.17180	253	0	6
2026.04.29	00:15:00	1.17180	1.17183	1.17142	1.17153	256	0	6
2026.04.29	00:30:00	1.17153	1.17183	1.17153	1.17179	165	0	6
2026.04.29	00:45:00	1.17179	1.17180	1.17145	1.17153	305	0	6
2026.04.29	01:00:00	1.17153	1.17158	1.17068	1.17071	857	0	6
2026.04.29	01:15:00	1.17071	1.17111	1.17069	1.17104	492	0	6
2026.04.29	01:30:00	1.17104	1.17155	1.17089	1.17146	831	0	6
2026.04.29	01:45:00	1.17146	1.17146	1.17099	1.17117	432	0	6
2026.04.29	02:00:00	1.17117	1.17165	1.17117	1.17145	423	0	6
2026.04.29	02:15:00	1.17146	1.17163	1.17122	1.17126	498	0	6
2026.04.29	02:30:00	1.17126	1.17128	1.17068	1.17078	439	0	6
2026.04.29	02:45:00	1.17078	1.17105	1.17071	1.17073	212	0	6
2026.04.29	03:00:00	1.17073	1.17104	1.17073	1.17089	406	0	6
2026.04.29	03:15:00	1.17089	1.17104	1.17082	1.17092	246	0	6
2026.04.29	03:30:00	1.17092	1.17092	1.17061	1.17062	200	0	6
2026.04.29	03:45:00	1.17061	1.17065	1.17047	1.17054	228	0	6
2026.04.29	04:00:00	1.17056	1.17071	1.17050	1.17065	239	0	6
2026.04.29	04:15:00	1.17064	1.17067	1.17047	1.17057	205	0	6
2026.04.29	04:30:00	1.17057	1.17073	1.17056	1.17056	194	0	6
2026.04.29	04:45:00	1.17056	1.17060	1.17042	1.17052	127	0	6
2026.04.29	05:00:00	1.17052	1.17056	1.17027	1.17028	215	0	6
2026.04.29	05:15:00	1.17028	1.17031	1.17007	1.17015	258	0	6
2026.04.29	05:30:00	1.17016	1.17028	1.16978	1.17002	356	0	6
2026.04.29	05:45:00	1.17002	1.17018	1.16985	1.17004	469	0	6
2026.04.29	06:00:00	1.17004	1.17038	1.16970	1.16973	491	0	6
2026.04.29	06:15:00	1.16973	1.16994	1.16965	1.16988	473	0	6
2026.04.29	06:30:00	1.16988	1.17035	1.16961	1.17004	438	0	6
2026.04.29	06:45:00	1.17004	1.17032	1.16980	1.16995	591	0	6
2026.04.29	07:00:00	1.16995	1.17069	1.16979	1.17059	697	0	6
2026.04.29	07:15:00	1.17059	1.17063	1.17022	1.17048	571	0	6
2026.04.29	07:30:00	1.17048	1.17072	1.17038	1.17046	686	0	6
2026.04.29	07:45:00	1.17046	1.17080	1.17039	1.17052	630	0	6
2026.04.29	08:00:00	1.17052	1.17055	1.16933	1.16951	1144	0	6
2026.04.29	08:15:00	1.16951	1.17022	1.16950	1.16983	739	0	6
2026.04.29	08:30:00	1.16983	1.16994	1.16951	1.16989	658	0	6
2026.04.29	08:45:00	1.16989	1.17010	1.16979	1.16999	428	0	6
2026.04.29	09:00:00	1.16999	1.17024	1.16987	1.16995	574	0	6
2026.04.29	09:15:00	1.16995	1.17018	1.16968	1.17012	582	0	6
2026.04.29	09:30:00	1.17012	1.17043	1.16991	1.16995	565	0	6
2026.04.29	09:45:00	1.16995	1.17017	1.16957	1.16972	657	0	6
2026.04.29	10:00:00	1.16972	1.17016	1.16961	1.17014	563	0	6
2026.04.29	10:15:00	1.17014	1.17027	1.16997	1.17008	457	0	6
2026.04.29	10:30:00	1.17009	1.17016	1.16999	1.17008	323	0	6
2026.04.29	10:45:00	1.17008	1.17090	1.17006	1.17090	484	0	6
2026.04.29	11:00:00	1.17090	1.17094	1.17043	1.17046	625	0	6
2026.04.29	11:15:00	1.17046	1.17072	1.17033	1.17050	526	0	6
2026.04.29	11:30:00	1.17050	1.17088	1.17029	1.17035	562	0	6
2026.04.29	11:45:00	1.17035	1.17048	1.16996	1.17006	373	0	6
2026.04.29	12:00:00	1.17006	1.17079	1.17000	1.17037	616	0	6
2026.04.29	12:15:00	1.17038	1.17074	1.17010	1.17043	728	0	6
2026.04.29	12:30:00	1.17043	1.17044	1.16964	1.16993	1032	0	6
2026.04.29	12:45:00	1.16993	1.17008	1.16932	1.16986	1176	0	6
2026.04.29	13:00:00	1.16987	1.17030	1.16979	1.16987	1092	0	6
2026.04.29	13:15:00	1.16987	1.16987	1.16893	1.16906	1454	0	6
2026.04.29	13:30:00	1.16906	1.16917	1.16821	1.16867	1439	0	6
2026.04.29	13:45:00	1.16867	1.16894	1.16839	1.16886	1490	0	6
2026.04.29	14:00:00	1.16887	1.16889	1.16835	1.16872	1507	0	6
2026.04.29	14:15:00	1.16872	1.16925	1.16869	1.16903	842	0	6
2026.04.29	14:30:00	1.16903	1.16952	1.16896	1.16904	886	0	6
2026.04.29	14:45:00	1.16904	1.17027	1.16872	1.17006	1282	0	6
2026.04.29	15:00:00	1.17008	1.17013	1.16944	1.16944	1256	0	6
2026.04.29	15:15:00	1.16945	1.16971	1.16903	1.16920	1096	0	6
2026.04.29	15:30:00	1.16921	1.16999	1.16913	1.16986	1199	0	6
2026.04.29	15:45:00	1.16986	1.17038	1.16871	1.16944	1892	0	6
2026.04.29	16:00:00	1.16945	1.16985	1.16908	1.16915	902	0	6
2026.04.29	16:15:00	1.16915	1.16948	1.16889	1.16922	714	0	6
2026.04.29	16:30:00	1.16921	1.16926	1.16862	1.16864	884	0	6
2026.04.29	16:45:00	1.16864	1.16875	1.16834	1.16843	668	0	6
2026.04.29	17:00:00	1.16843	1.16845	1.16795	1.16807	625	0	6
2026.04.29	17:15:00	1.16807	1.16851	1.16799	1.16820	859	0	6
2026.04.29	17:30:00	1.16819	1.16843	1.16802	1.16831	969	0	6
2026.04.29	17:45:00	1.16831	1.16887	1.16831	1.16866	832	0	6
2026.04.29	18:00:00	1.16865	1.16902	1.16712	1.16746	2131	0	6
2026.04.29	18:15:00	1.16746	1.16831	1.16739	1.16754	1491	0	6
2026.04.29	18:30:00	1.16753	1.16841	1.16633	1.16637	2166	0	6
2026.04.29	18:45:00	1.16635	1.16733	1.16608	1.16719	1962	0	6
2026.04.29	19:00:00	1.16718	1.16764	1.16667	1.16762	1146	0	6
2026.04.29	19:15:00	1.16762	1.16801	1.16733	1.16742	986	0	6
2026.04.29	19:30:00	1.16742	1.16746	1.16672	1.16710	778	0	6
2026.04.29	19:45:00	1.16710	1.16767	1.16705	1.16760	809	0	6
2026.04.29	20:00:00	1.16759	1.16772	1.16714	1.16722	731	0	6
2026.04.29	20:15:00	1.16722	1.16746	1.16706	1.16739	430	0	6
2026.04.29	20:30:00	1.16739	1.16753	1.16721	1.16743	557	0	6
2026.04.29	20:45:00	1.16743	1.16747	1.16712	1.16731	239	0	6
2026.04.29	21:00:00	1.16730	1.16730	1.16713	1.16721	24	0	6
2026.04.29	21:15:00	1.16705	1.16722	1.16679	1.16720	35	0	44
2026.04.29	21:30:00	1.16720	1.16764	1.16707	1.16737	484	0	26
2026.04.29	21:45:00	1.16737	1.16772	1.16707	1.16713	403	0	35
2026.04.29	22:00:00	1.16713	1.16752	1.16708	1.16721	325	0	6
2026.04.29	22:15:00	1.16722	1.16775	1.16720	1.16772	346	0	6
2026.04.29	22:30:00	1.16772	1.16782	1.16766	1.16772	160	0	6
2026.04.29	22:45:00	1.16772	1.16782	1.16772	1.16775	204	0	6
2026.04.29	23:00:00	1.16775	1.16783	1.16756	1.16771	144	0	6
2026.04.29	23:15:00	1.16772	1.16792	1.16770	1.16792	226	0	6
2026.04.29	23:30:00	1.16792	1.16857	1.16786	1.16857	299	0	6
2026.04.29	23:45:00	1.16857	1.16862	1.16837	1.16843	160	0	6
2026.04.30	00:00:00	1.16843	1.16892	1.16841	1.16870	993	0	6
2026.04.30	00:15:00	1.16870	1.16883	1.16849	1.16852	668	0	6
2026.04.30	00:30:00	1.16852	1.16869	1.16814	1.16819	608	0	6
2026.04.30	00:45:00	1.16819	1.16837	1.16789	1.16789	698	0	6
2026.04.30	01:00:00	1.16789	1.16801	1.16772	1.16795	685	0	6
2026.04.30	01:15:00	1.16795	1.16816	1.16786	1.16786	571	0	6
2026.04.30	01:30:00	1.16786	1.16813	1.16746	1.16750	644	0	6
2026.04.30	01:45:00	1.16750	1.16786	1.16729	1.16741	523	0	6
2026.04.30	02:00:00	1.16741	1.16756	1.16720	1.16754	412	0	6
2026.04.30	02:15:00	1.16754	1.16763	1.16696	1.16708	434	0	6
2026.04.30	02:30:00	1.16707	1.16707	1.16640	1.16644	1183	0	6
2026.04.30	02:45:00	1.16644	1.16667	1.16621	1.16665	441	0	6
2026.04.30	03:00:00	1.16665	1.16708	1.16653	1.16667	569	0	6
2026.04.30	03:15:00	1.16667	1.16699	1.16663	1.16692	493	0	6
2026.04.30	03:30:00	1.16692	1.16697	1.16657	1.16666	395	0	6
2026.04.30	03:45:00	1.16666	1.16667	1.16645	1.16656	304	0	6
2026.04.30	04:00:00	1.16656	1.16658	1.16621	1.16642	480	0	6
2026.04.30	04:15:00	1.16642	1.16643	1.16573	1.16586	532	0	6
2026.04.30	04:30:00	1.16586	1.16592	1.16547	1.16583	689	0	6
2026.04.30	04:45:00	1.16582	1.16606	1.16578	1.16598	578	0	6
2026.04.30	05:00:00	1.16598	1.16643	1.16598	1.16630	588	0	6
2026.04.30	05:15:00	1.16630	1.16640	1.16601	1.16606	403	0	6
2026.04.30	05:30:00	1.16606	1.16641	1.16599	1.16612	572	0	6
2026.04.30	05:45:00	1.16612	1.16619	1.16586	1.16591	409	0	6
2026.04.30	06:00:00	1.16591	1.16649	1.16575	1.16603	704	0	6
2026.04.30	06:15:00	1.16603	1.16657	1.16596	1.16652	687	0	6
2026.04.30	06:30:00	1.16652	1.16701	1.16651	1.16672	1085	0	6
2026.04.30	06:45:00	1.16674	1.16703	1.16660	1.16700	818	0	6
2026.04.30	07:00:00	1.16700	1.16807	1.16697	1.16803	1044	0	6
2026.04.30	07:15:00	1.16802	1.16811	1.16763	1.16809	902	0	6
2026.04.30	07:30:00	1.16808	1.16811	1.16755	1.16785	887	0	6
2026.04.30	07:45:00	1.16785	1.16836	1.16754	1.16791	957	0	6
2026.04.30	08:00:00	1.16791	1.16972	1.16791	1.16899	1879	0	6
2026.04.30	08:15:00	1.16899	1.16909	1.16839	1.16868	1245	0	6
2026.04.30	08:30:00	1.16868	1.16905	1.16824	1.16859	1315	0	6
2026.04.30	08:45:00	1.16859	1.16861	1.16741	1.16795	998	0	6
2026.04.30	09:00:00	1.16794	1.16812	1.16729	1.16802	1407	0	6
2026.04.30	09:15:00	1.16801	1.16863	1.16771	1.16863	1184	0	6
2026.04.30	09:30:00	1.16863	1.16951	1.16848	1.16905	1567	0	6
2026.04.30	09:45:00	1.16905	1.16970	1.16904	1.16941	943	0	6
2026.04.30	10:00:00	1.16941	1.16957	1.16886	1.16892	1126	0	6
2026.04.30	10:15:00	1.16893	1.17069	1.16890	1.17061	1301	0	6
2026.04.30	10:30:00	1.17063	1.17114	1.17022	1.17083	3234	0	6
2026.04.30	10:45:00	1.17083	1.17149	1.17010	1.17145	2445	0	6
2026.04.30	11:00:00	1.17145	1.17193	1.17028	1.17079	2281	0	6
2026.04.30	11:15:00	1.17079	1.17189	1.17066	1.17164	2328	0	6
2026.04.30	11:30:00	1.17164	1.17192	1.17097	1.17158	2096	0	6
2026.04.30	11:45:00	1.17158	1.17189	1.17031	1.17046	1773	0	6
2026.04.30	12:00:00	1.17046	1.17053	1.16976	1.17043	1490	0	6
2026.04.30	12:15:00	1.17052	1.17052	1.16893	1.16980	2011	0	6
2026.04.30	12:30:00	1.17000	1.17025	1.16893	1.16897	1740	0	6
2026.04.30	12:45:00	1.16897	1.16994	1.16891	1.16924	1739	0	6
2026.04.30	13:00:00	1.16924	1.17005	1.16848	1.16935	2462	0	6
2026.04.30	13:15:00	1.16935	1.16936	1.16815	1.16914	1621	0	6
2026.04.30	13:30:00	1.16914	1.16942	1.16831	1.16910	1724	0	6
2026.04.30	13:45:00	1.16910	1.16965	1.16890	1.16898	1628	0	6
2026.04.30	14:00:00	1.16899	1.16998	1.16874	1.16983	1994	0	6
2026.04.30	14:15:00	1.16982	1.17147	1.16977	1.17131	2066	0	6
2026.04.30	14:30:00	1.17131	1.17145	1.17045	1.17137	2138	0	6
2026.04.30	14:45:00	1.17138	1.17330	1.17130	1.17274	2506	0	6
2026.04.30	15:00:00	1.17275	1.17355	1.17225	1.17344	2569	0	6
2026.04.30	15:15:00	1.17343	1.17349	1.17251	1.17265	1783	0	6
2026.04.30	15:30:00	1.17265	1.17333	1.17245	1.17309	1407	0	6
2026.04.30	15:45:00	1.17309	1.17309	1.17229	1.17282	1092	0	6
2026.04.30	16:00:00	1.17282	1.17353	1.17265	1.17314	1149	0	6
2026.04.30	16:15:00	1.17314	1.17322	1.17243	1.17255	1070	0	6
2026.04.30	16:30:00	1.17254	1.17267	1.17234	1.17255	715	0	6
2026.04.30	16:45:00	1.17255	1.17283	1.17226	1.17252	689	0	6
2026.04.30	17:00:00	1.17252	1.17307	1.17241	1.17241	936	0	6
2026.04.30	17:15:00	1.17241	1.17287	1.17218	1.17275	821	0	6
2026.04.30	17:30:00	1.17275	1.17321	1.17263	1.17281	925	0	6
2026.04.30	17:45:00	1.17281	1.17291	1.17244	1.17246	494	0	6
2026.04.30	18:00:00	1.17246	1.17296	1.17246	1.17258	730	0	6
2026.04.30	18:15:00	1.17258	1.17324	1.17256	1.17293	623	0	6
2026.04.30	18:30:00	1.17294	1.17366	1.17294	1.17357	689	0	6
2026.04.30	18:45:00	1.17357	1.17398	1.17352	1.17361	499	0	6
2026.04.30	19:00:00	1.17361	1.17414	1.17359	1.17391	890	0	6
2026.04.30	19:15:00	1.17391	1.17404	1.17320	1.17343	566	0	6
2026.04.30	19:30:00	1.17343	1.17387	1.17329	1.17368	646	0	6
2026.04.30	19:45:00	1.17368	1.17384	1.17333	1.17333	723	0	6
2026.04.30	20:00:00	1.17334	1.17361	1.17292	1.17317	853	0	6
2026.04.30	20:15:00	1.17317	1.17355	1.17317	1.17333	233	0	6
2026.04.30	20:30:00	1.17333	1.17361	1.17303	1.17305	411	0	6
2026.04.30	20:45:00	1.17306	1.17326	1.17300	1.17318	545	0	6
2026.04.30	21:00:00	1.17276	1.17313	1.17276	1.17311	57	0	24
2026.04.30	21:15:00	1.17311	1.17337	1.17291	1.17298	65	0	24
2026.04.30	21:30:00	1.17298	1.17304	1.17289	1.17295	110	0	24
2026.04.30	21:45:00	1.17295	1.17349	1.17295	1.17307	254	0	7
2026.04.30	22:00:00	1.17307	1.17358	1.17305	1.17308	164	0	6
2026.04.30	22:15:00	1.17308	1.17318	1.17306	1.17310	162	0	6
2026.04.30	22:30:00	1.17310	1.17315	1.17290	1.17305	258	0	7
2026.04.30	22:45:00	1.17305	1.17312	1.17295	1.17310	356	0	7
2026.04.30	23:00:00	1.17310	1.17327	1.17309	1.17312	222	0	6
2026.04.30	23:15:00	1.17312	1.17325	1.17311	1.17316	128	0	6
2026.04.30	23:30:00	1.17317	1.17325	1.17294	1.17295	244	0	6
2026.04.30	23:45:00	1.17295	1.17306	1.17280	1.17285	334	0	6
2026.05.01	00:00:00	1.17285	1.17295	1.17240	1.17253	641	0	6
2026.05.01	00:15:00	1.17252	1.17272	1.17239	1.17270	493	0	6
2026.05.01	00:30:00	1.17270	1.17290	1.17261	1.17288	505	0	6
2026.05.01	00:45:00	1.17288	1.17294	1.17268	1.17274	566	0	6
2026.05.01	01:00:00	1.17274	1.17277	1.17248	1.17276	412	0	6
2026.05.01	01:15:00	1.17276	1.17300	1.17252	1.17287	321	0	6
2026.05.01	01:30:00	1.17287	1.17325	1.17287	1.17304	362	0	6
2026.05.01	01:45:00	1.17304	1.17317	1.17301	1.17308	365	0	6
2026.05.01	02:00:00	1.17308	1.17338	1.17303	1.17325	343	0	6
2026.05.01	02:15:00	1.17325	1.17337	1.17315	1.17325	265	0	6
2026.05.01	02:30:00	1.17325	1.17336	1.17309	1.17318	309	0	6
2026.05.01	02:45:00	1.17318	1.17337	1.17291	1.17333	313	0	6
2026.05.01	03:00:00	1.17333	1.17342	1.17322	1.17342	321	0	6
2026.05.01	03:15:00	1.17342	1.17360	1.17334	1.17355	290	0	6
2026.05.01	03:30:00	1.17355	1.17361	1.17319	1.17321	397	0	6
2026.05.01	03:45:00	1.17321	1.17332	1.17303	1.17308	303	0	6
2026.05.01	04:00:00	1.17308	1.17319	1.17273	1.17287	575	0	6
2026.05.01	04:15:00	1.17287	1.17291	1.17260	1.17261	320	0	6
2026.05.01	04:30:00	1.17261	1.17273	1.17256	1.17267	197	0	6
2026.05.01	04:45:00	1.17267	1.17273	1.17257	1.17265	267	0	6
2026.05.01	05:00:00	1.17265	1.17269	1.17247	1.17250	394	0	6
2026.05.01	05:15:00	1.17250	1.17252	1.17236	1.17241	249	0	6
2026.05.01	05:30:00	1.17241	1.17260	1.17237	1.17250	349	0	6
2026.05.01	05:45:00	1.17250	1.17250	1.17215	1.17221	402	0	6
2026.05.01	06:00:00	1.17221	1.17240	1.17210	1.17218	536	0	6
2026.05.01	06:15:00	1.17218	1.17223	1.17192	1.17204	494	0	6
2026.05.01	06:30:00	1.17204	1.17213	1.17185	1.17212	559	0	6
2026.05.01	06:45:00	1.17212	1.17447	1.17211	1.17352	2431	0	6
2026.05.01	07:00:00	1.17352	1.17386	1.17315	1.17339	1787	0	6
2026.05.01	07:15:00	1.17339	1.17397	1.17312	1.17392	1186	0	6
2026.05.01	07:30:00	1.17392	1.17396	1.17322	1.17366	1186	0	6
2026.05.01	07:45:00	1.17365	1.17417	1.17311	1.17341	968	0	6
2026.05.01	08:00:00	1.17342	1.17384	1.17316	1.17322	1002	0	6
2026.05.01	08:15:00	1.17322	1.17478	1.17318	1.17441	786	0	6
2026.05.01	08:30:00	1.17441	1.17471	1.17416	1.17445	779	0	6
2026.05.01	08:45:00	1.17445	1.17456	1.17415	1.17432	774	0	6
2026.05.01	09:00:00	1.17432	1.17436	1.17365	1.17376	669	0	6
2026.05.01	09:15:00	1.17376	1.17388	1.17325	1.17336	641	0	6
2026.05.01	09:30:00	1.17335	1.17382	1.17332	1.17367	633	0	6
2026.05.01	09:45:00	1.17365	1.17371	1.17305	1.17311	713	0	6
2026.05.01	10:00:00	1.17311	1.17420	1.17305	1.17415	667	0	6
2026.05.01	10:15:00	1.17415	1.17440	1.17406	1.17418	544	0	6
2026.05.01	10:30:00	1.17419	1.17435	1.17390	1.17402	509	0	6
2026.05.01	10:45:00	1.17402	1.17455	1.17401	1.17444	536	0	6
2026.05.01	11:00:00	1.17444	1.17507	1.17437	1.17506	716	0	6
2026.05.01	11:15:00	1.17506	1.17580	1.17496	1.17551	860	0	6
2026.05.01	11:30:00	1.17551	1.17567	1.17473	1.17478	676	0	6
2026.05.01	11:45:00	1.17478	1.17513	1.17454	1.17511	567	0	6
2026.05.01	12:00:00	1.17511	1.17613	1.17480	1.17583	1207	0	6
2026.05.01	12:15:00	1.17581	1.17686	1.17572	1.17652	1589	0	6
2026.05.01	12:30:00	1.17652	1.17665	1.17591	1.17593	1106	0	6
2026.05.01	12:45:00	1.17593	1.17616	1.17561	1.17572	803	0	6
2026.05.01	13:00:00	1.17572	1.17620	1.17562	1.17590	955	0	6
2026.05.01	13:15:00	1.17590	1.17611	1.17527	1.17547	950	0	6
2026.05.01	13:30:00	1.17546	1.17580	1.17523	1.17529	1261	0	6
2026.05.01	13:45:00	1.17530	1.17633	1.17436	1.17618	2044	0	6
2026.05.01	14:00:00	1.17618	1.17830	1.17599	1.17784	2406	0	6
2026.05.01	14:15:00	1.17785	1.17850	1.17757	1.17788	1741	0	6
2026.05.01	14:30:00	1.17788	1.17802	1.17672	1.17701	1513	0	6
2026.05.01	14:45:00	1.17701	1.17732	1.17639	1.17671	1488	0	6
2026.05.01	15:00:00	1.17671	1.17699	1.17642	1.17694	1418	0	6
2026.05.01	15:15:00	1.17694	1.17704	1.17621	1.17638	1047	0	6
2026.05.01	15:30:00	1.17639	1.17678	1.17610	1.17637	1013	0	6
2026.05.01	15:45:00	1.17637	1.17683	1.17531	1.17547	1643	0	6
2026.05.01	16:00:00	1.17547	1.17568	1.17505	1.17532	941	0	6
2026.05.01	16:15:00	1.17532	1.17561	1.17465	1.17476	1324	0	6
2026.05.01	16:30:00	1.17476	1.17487	1.17420	1.17449	975	0	6
2026.05.01	16:45:00	1.17449	1.17451	1.17374	1.17378	647	0	6
2026.05.01	17:00:00	1.17378	1.17402	1.17351	1.17367	572	0	6
2026.05.01	17:15:00	1.17367	1.17391	1.17345	1.17365	584	0	6
2026.05.01	17:30:00	1.17365	1.17376	1.17289	1.17303	613	0	6
2026.05.01	17:45:00	1.17303	1.17371	1.17292	1.17328	617	0	6
2026.05.01	18:00:00	1.17328	1.17337	1.17233	1.17252	854	0	6
2026.05.01	18:15:00	1.17253	1.17277	1.17194	1.17235	836	0	6
2026.05.01	18:30:00	1.17236	1.17263	1.17192	1.17259	974	0	6
2026.05.01	18:45:00	1.17258	1.17291	1.17241	1.17270	608	0	6
2026.05.01	19:00:00	1.17270	1.17281	1.17233	1.17242	500	0	6
2026.05.01	19:15:00	1.17242	1.17250	1.17223	1.17225	373	0	6
2026.05.01	19:30:00	1.17225	1.17231	1.17198	1.17203	466	0	6
2026.05.01	19:45:00	1.17203	1.17208	1.17175	1.17193	415	0	6
2026.05.01	20:00:00	1.17193	1.17222	1.17190	1.17201	361	0	6
2026.05.01	20:15:00	1.17201	1.17204	1.17165	1.17165	230	0	6
2026.05.01	20:30:00	1.17165	1.17190	1.17152	1.17190	269	0	6
2026.05.01	20:45:00	1.17190	1.17206	1.17149	1.17155	613	0	6
2026.05.03	21:00:00	1.17456	1.17468	1.17434	1.17464	85	0	32
2026.05.03	21:15:00	1.17459	1.17481	1.17422	1.17473	174	0	24
2026.05.03	21:30:00	1.17473	1.17480	1.17453	1.17461	83	0	18
2026.05.03	21:45:00	1.17461	1.17461	1.17403	1.17409	191	0	6
2026.05.03	22:00:00	1.17409	1.17417	1.17332	1.17336	551	0	6
2026.05.03	22:15:00	1.17336	1.17337	1.17266	1.17318	342	0	6
2026.05.03	22:30:00	1.17318	1.17359	1.17315	1.17353	318	0	6
2026.05.03	22:45:00	1.17353	1.17357	1.17302	1.17329	184	0	6
2026.05.03	23:00:00	1.17329	1.17329	1.17301	1.17321	205	0	6
2026.05.03	23:15:00	1.17321	1.17321	1.17301	1.17305	181	0	6
2026.05.03	23:30:00	1.17305	1.17320	1.17263	1.17263	208	0	6
2026.05.03	23:45:00	1.17263	1.17298	1.17247	1.17255	444	0	6
2026.05.04	00:00:00	1.17255	1.17286	1.17237	1.17252	925	0	6
2026.05.04	00:15:00	1.17252	1.17264	1.17212	1.17232	629	0	6
2026.05.04	00:30:00	1.17232	1.17258	1.17230	1.17243	527	0	6
2026.05.04	00:45:00	1.17243	1.17272	1.17233	1.17268	628	0	6
2026.05.04	01:00:00	1.17268	1.17269	1.17198	1.17223	756	0	6
2026.05.04	01:15:00	1.17223	1.17292	1.17210	1.17221	743	0	6
2026.05.04	01:30:00	1.17221	1.17254	1.17209	1.17252	703	0	6
2026.05.04	01:45:00	1.17252	1.17261	1.17221	1.17248	525	0	6
2026.05.04	02:00:00	1.17249	1.17277	1.17232	1.17267	550	0	6
2026.05.04	02:15:00	1.17267	1.17267	1.17223	1.17223	471	0	6
2026.05.04	02:30:00	1.17223	1.17261	1.17222	1.17255	439	0	6
2026.05.04	02:45:00	1.17255	1.17284	1.17251	1.17271	393	0	6
2026.05.04	03:00:00	1.17271	1.17282	1.17248	1.17268	342	0	6
2026.05.04	03:15:00	1.17268	1.17270	1.17249	1.17259	327	0	6
2026.05.04	03:30:00	1.17258	1.17264	1.17242	1.17258	374	0	6
2026.05.04	03:45:00	1.17258	1.17386	1.17258	1.17372	2378	0	6
2026.05.04	04:00:00	1.17372	1.17380	1.17330	1.17330	809	0	6
2026.05.04	04:15:00	1.17330	1.17333	1.17288	1.17294	432	0	6
2026.05.04	04:30:00	1.17294	1.17300	1.17273	1.17278	396	0	6
2026.05.04	04:45:00	1.17278	1.17290	1.17274	1.17289	229	0	6
2026.05.04	05:00:00	1.17289	1.17311	1.17274	1.17280	463	0	6
2026.05.04	05:15:00	1.17280	1.17321	1.17262	1.17264	826	0	6
2026.05.04	05:30:00	1.17264	1.17288	1.17254	1.17285	540	0	6
2026.05.04	05:45:00	1.17285	1.17316	1.17279	1.17304	593	0	6
2026.05.04	06:00:00	1.17305	1.17354	1.17298	1.17347	702	0	6
2026.05.04	06:15:00	1.17347	1.17369	1.17338	1.17352	554	0	6
2026.05.04	06:30:00	1.17352	1.17364	1.17271	1.17279	931	0	6
2026.05.04	06:45:00	1.17279	1.17312	1.17212	1.17286	987	0	6
2026.05.04	07:00:00	1.17284	1.17288	1.17234	1.17258	957	0	6
2026.05.04	07:15:00	1.17258	1.17281	1.17199	1.17204	745	0	6
2026.05.04	07:30:00	1.17204	1.17242	1.17181	1.17182	762	0	6
2026.05.04	07:45:00	1.17182	1.17214	1.17150	1.17174	626	0	6
2026.05.04	08:00:00	1.17175	1.17175	1.17111	1.17156	958	0	6
2026.05.04	08:15:00	1.17156	1.17186	1.17132	1.17180	763	0	6
2026.05.04	08:30:00	1.17180	1.17216	1.17175	1.17201	552	0	6
2026.05.04	08:45:00	1.17201	1.17229	1.17181	1.17189	682	0	6
2026.05.04	09:00:00	1.17189	1.17234	1.17176	1.17192	702	0	6
2026.05.04	09:15:00	1.17192	1.17204	1.17157	1.17184	637	0	6
2026.05.04	09:30:00	1.17184	1.17209	1.17178	1.17201	461	0	6
2026.05.04	09:45:00	1.17201	1.17203	1.17164	1.17171	518	0	6
2026.05.04	10:00:00	1.17170	1.17171	1.16929	1.16962	2730	0	6
2026.05.04	10:15:00	1.16962	1.17036	1.16885	1.17026	2195	0	6
2026.05.04	10:30:00	1.17026	1.17140	1.17020	1.17099	1966	0	6
2026.05.04	10:45:00	1.17099	1.17125	1.17029	1.17047	975	0	6
2026.05.04	11:00:00	1.17047	1.17084	1.16963	1.16963	1347	0	6
2026.05.04	11:15:00	1.16963	1.17018	1.16954	1.17004	921	0	6
2026.05.04	11:30:00	1.17004	1.17011	1.16951	1.16992	1169	0	6
2026.05.04	11:45:00	1.16992	1.17001	1.16926	1.16929	909	0	6
2026.05.04	12:00:00	1.16929	1.17019	1.16918	1.17016	894	0	6
2026.05.04	12:15:00	1.17016	1.17096	1.17004	1.17084	1494	0	6
2026.05.04	12:30:00	1.17083	1.17110	1.17051	1.17080	982	0	6
2026.05.04	12:45:00	1.17080	1.17122	1.17070	1.17090	777	0	6
2026.05.04	13:00:00	1.17091	1.17136	1.17017	1.17092	2050	0	6
2026.05.04	13:15:00	1.17092	1.17100	1.17048	1.17070	953	0	6
2026.05.04	13:30:00	1.17070	1.17175	1.17060	1.17155	1406	0	6
2026.05.04	13:45:00	1.17154	1.17172	1.17128	1.17146	1220	0	6
2026.05.04	14:00:00	1.17145	1.17147	1.17065	1.17093	1465	0	6
2026.05.04	14:15:00	1.17093	1.17154	1.17088	1.17136	1091	0	6
2026.05.04	14:30:00	1.17136	1.17161	1.17081	1.17082	968	0	6
2026.05.04	14:45:00	1.17082	1.17100	1.17041	1.17070	1329	0	6
2026.05.04	15:00:00	1.17069	1.17153	1.17044	1.17107	1641	0	6
2026.05.04	15:15:00	1.17107	1.17151	1.16963	1.17016	2436	0	6
2026.05.04	15:30:00	1.17016	1.17022	1.16961	1.17004	1741	0	6
2026.05.04	15:45:00	1.17004	1.17028	1.16938	1.16972	1740	0	6
2026.05.04	16:00:00	1.16971	1.17007	1.16848	1.16851	2010	0	6
2026.05.04	16:15:00	1.16851	1.16969	1.16840	1.16904	2051	0	6
2026.05.04	16:30:00	1.16904	1.16929	1.16834	1.16834	1404	0	6
2026.05.04	16:45:00	1.16834	1.16853	1.16808	1.16820	969	0	6
2026.05.04	17:00:00	1.16820	1.16896	1.16812	1.16887	1109	0	6
2026.05.04	17:15:00	1.16886	1.16957	1.16879	1.16950	1277	0	6
2026.05.04	17:30:00	1.16950	1.16968	1.16910	1.16927	889	0	6
2026.05.04	17:45:00	1.16927	1.16944	1.16908	1.16932	429	0	6
2026.05.04	18:00:00	1.16932	1.16966	1.16913	1.16941	620	0	6
2026.05.04	18:15:00	1.16941	1.16941	1.16887	1.16912	774	0	6
2026.05.04	18:30:00	1.16912	1.16926	1.16902	1.16904	656	0	6
2026.05.04	18:45:00	1.16904	1.16975	1.16879	1.16969	868	0	6
2026.05.04	19:00:00	1.16969	1.17003	1.16932	1.16974	1287	0	6
2026.05.04	19:15:00	1.16974	1.17020	1.16969	1.16994	804	0	6
2026.05.04	19:30:00	1.16994	1.17005	1.16975	1.16985	476	0	6
2026.05.04	19:45:00	1.16985	1.16986	1.16937	1.16947	692	0	6
2026.05.04	20:00:00	1.16947	1.16947	1.16908	1.16908	327	0	6
2026.05.04	20:15:00	1.16908	1.16909	1.16868	1.16893	310	0	6
2026.05.04	20:30:00	1.16893	1.16917	1.16887	1.16913	303	0	6
2026.05.04	20:45:00	1.16913	1.16922	1.16905	1.16909	233	0	6
2026.05.04	21:00:00	1.16868	1.16900	1.16853	1.16891	28	0	24
2026.05.04	21:15:00	1.16891	1.16910	1.16876	1.16905	62	0	24
2026.05.04	21:30:00	1.16905	1.16914	1.16898	1.16900	76	0	24
2026.05.04	21:45:00	1.16900	1.16904	1.16866	1.16895	117	0	13
2026.05.04	22:00:00	1.16891	1.16922	1.16884	1.16891	180	0	6
2026.05.04	22:15:00	1.16891	1.16906	1.16886	1.16904	96	0	6
2026.05.04	22:30:00	1.16905	1.16913	1.16902	1.16908	113	0	6
2026.05.04	22:45:00	1.16908	1.16908	1.16895	1.16898	140	0	7
2026.05.04	23:00:00	1.16898	1.16909	1.16894	1.16907	151	0	7
2026.05.04	23:15:00	1.16907	1.16920	1.16906	1.16914	69	0	6
2026.05.04	23:30:00	1.16914	1.16927	1.16909	1.16914	101	0	6
2026.05.04	23:45:00	1.16914	1.16919	1.16909	1.16914	139	0	6
2026.05.05	00:00:00	1.16914	1.16937	1.16905	1.16928	417	0	6
2026.05.05	00:15:00	1.16928	1.16928	1.16857	1.16868	406	0	6
2026.05.05	00:30:00	1.16868	1.16869	1.16848	1.16859	232	0	6
2026.05.05	00:45:00	1.16860	1.16887	1.16858	1.16861	312	0	6
2026.05.05	01:00:00	1.16861	1.16863	1.16838	1.16839	373	0	6
2026.05.05	01:15:00	1.16839	1.16850	1.16794	1.16815	392	0	6
2026.05.05	01:30:00	1.16815	1.16876	1.16808	1.16847	513	0	6
2026.05.05	01:45:00	1.16847	1.16880	1.16844	1.16864	365	0	6
2026.05.05	02:00:00	1.16865	1.16882	1.16861	1.16864	416	0	6
2026.05.05	02:15:00	1.16864	1.16904	1.16860	1.16895	287	0	6
2026.05.05	02:30:00	1.16895	1.16910	1.16888	1.16908	320	0	6
2026.05.05	02:45:00	1.16904	1.16912	1.16869	1.16872	304	0	6
2026.05.05	03:00:00	1.16872	1.16873	1.16847	1.16868	235	0	6
2026.05.05	03:15:00	1.16868	1.16878	1.16863	1.16868	186	0	6
2026.05.05	03:30:00	1.16868	1.16869	1.16843	1.16850	180	0	6
2026.05.05	03:45:00	1.16850	1.16855	1.16833	1.16837	203	0	6
2026.05.05	04:00:00	1.16836	1.16856	1.16832	1.16854	209	0	6
2026.05.05	04:15:00	1.16854	1.16864	1.16853	1.16859	233	0	6
2026.05.05	04:30:00	1.16859	1.16871	1.16838	1.16840	451	0	6
2026.05.05	04:45:00	1.16840	1.16840	1.16765	1.16774	433	0	6
2026.05.05	05:00:00	1.16774	1.16798	1.16762	1.16788	437	0	6
2026.05.05	05:15:00	1.16788	1.16815	1.16772	1.16795	301	0	6
2026.05.05	05:30:00	1.16795	1.16841	1.16794	1.16834	655	0	6
2026.05.05	05:45:00	1.16834	1.16842	1.16807	1.16828	458	0	6
2026.05.05	06:00:00	1.16828	1.16871	1.16815	1.16853	871	0	6
2026.05.05	06:15:00	1.16853	1.16862	1.16792	1.16845	637	0	6
2026.05.05	06:30:00	1.16845	1.16893	1.16837	1.16870	776	0	6
2026.05.05	06:45:00	1.16872	1.16879	1.16847	1.16856	668	0	6
2026.05.05	07:00:00	1.16856	1.16928	1.16854	1.16893	1007	0	6
2026.05.05	07:15:00	1.16893	1.16910	1.16873	1.16874	627	0	6
2026.05.05	07:30:00	1.16874	1.16965	1.16863	1.16916	988	0	6
2026.05.05	07:45:00	1.16916	1.16930	1.16887	1.16887	773	0	6
2026.05.05	08:00:00	1.16887	1.16930	1.16882	1.16912	759	0	6
2026.05.05	08:15:00	1.16912	1.16964	1.16912	1.16941	662	0	6
2026.05.05	08:30:00	1.16939	1.16947	1.16846	1.16870	785	0	6
2026.05.05	08:45:00	1.16870	1.16906	1.16851	1.16885	748	0	6
2026.05.05	09:00:00	1.16885	1.16901	1.16835	1.16859	1094	0	6
2026.05.05	09:15:00	1.16859	1.16866	1.16808	1.16861	873	0	6
2026.05.05	09:30:00	1.16861	1.16913	1.16861	1.16909	837	0	6
2026.05.05	09:45:00	1.16909	1.16926	1.16859	1.16900	713	0	6
2026.05.05	10:00:00	1.16900	1.16903	1.16868	1.16891	515	0	6
2026.05.05	10:15:00	1.16891	1.16952	1.16885	1.16943	496	0	6
2026.05.05	10:30:00	1.16943	1.16975	1.16878	1.16889	786	0	6
2026.05.05	10:45:00	1.16889	1.16895	1.16870	1.16892	404	0	6
2026.05.05	11:00:00	1.16891	1.16899	1.16830	1.16856	851	0	6
2026.05.05	11:15:00	1.16856	1.16934	1.16830	1.16924	884	0	6
2026.05.05	11:30:00	1.16924	1.16943	1.16893	1.16898	667	0	6
2026.05.05	11:45:00	1.16898	1.16913	1.16874	1.16888	585	0	6
2026.05.05	12:00:00	1.16887	1.16921	1.16850	1.16903	1528	0	6
2026.05.05	12:15:00	1.16906	1.16974	1.16905	1.16961	1364	0	6
2026.05.05	12:30:00	1.16960	1.16968	1.16899	1.16905	784	0	6
2026.05.05	12:45:00	1.16905	1.16928	1.16898	1.16921	732	0	6
2026.05.05	13:00:00	1.16921	1.17034	1.16917	1.17005	1067	0	6
2026.05.05	13:15:00	1.17005	1.17043	1.16998	1.17006	890	0	6
2026.05.05	13:30:00	1.17006	1.17031	1.16975	1.16978	1236	0	6
2026.05.05	13:45:00	1.16978	1.17005	1.16962	1.16972	1137	0	6
2026.05.05	14:00:00	1.16972	1.17055	1.16956	1.16975	1576	0	6
2026.05.05	14:15:00	1.16977	1.17042	1.16911	1.17018	1860	0	6
2026.05.05	14:30:00	1.17019	1.17039	1.16972	1.17024	1266	0	6
2026.05.05	14:45:00	1.17024	1.17056	1.16983	1.17054	1242	0	6
2026.05.05	15:00:00	1.17054	1.17103	1.17048	1.17058	1080	0	6
2026.05.05	15:15:00	1.17058	1.17059	1.17008	1.17056	975	0	6
2026.05.05	15:30:00	1.17055	1.17131	1.17032	1.17115	927	0	6
2026.05.05	15:45:00	1.17115	1.17133	1.17062	1.17062	885	0	6
2026.05.05	16:00:00	1.17062	1.17086	1.17016	1.17016	578	0	6
2026.05.05	16:15:00	1.17016	1.17019	1.16983	1.17001	568	0	6
2026.05.05	16:30:00	1.17001	1.17029	1.16977	1.17026	523	0	6
2026.05.05	16:45:00	1.17026	1.17032	1.16985	1.16991	576	0	6
2026.05.05	17:00:00	1.16990	1.17013	1.16958	1.16970	648	0	6
2026.05.05	17:15:00	1.16970	1.16994	1.16968	1.16990	555	0	6
2026.05.05	17:30:00	1.16990	1.17039	1.16986	1.16995	785	0	6
2026.05.05	17:45:00	1.16994	1.17011	1.16976	1.16984	483	0	6
2026.05.05	18:00:00	1.16984	1.17002	1.16975	1.16984	317	0	6
2026.05.05	18:15:00	1.16984	1.17005	1.16980	1.16990	236	0	6
2026.05.05	18:30:00	1.16990	1.16997	1.16967	1.16986	337	0	6
2026.05.05	18:45:00	1.16986	1.17006	1.16985	1.16996	284	0	6
2026.05.05	19:00:00	1.16996	1.17009	1.16973	1.16975	332	0	6
2026.05.05	19:15:00	1.16975	1.16976	1.16946	1.16951	243	0	6
2026.05.05	19:30:00	1.16951	1.16965	1.16950	1.16953	289	0	6
2026.05.05	19:45:00	1.16953	1.16967	1.16940	1.16951	435	0	6
2026.05.05	20:00:00	1.16950	1.16966	1.16946	1.16959	342	0	6
2026.05.05	20:15:00	1.16959	1.16959	1.16939	1.16943	235	0	6
2026.05.05	20:30:00	1.16943	1.16944	1.16922	1.16922	167	0	6
2026.05.05	20:45:00	1.16923	1.16946	1.16920	1.16925	219	0	8
2026.05.05	21:00:00	1.16919	1.16935	1.16919	1.16928	54	0	18
2026.05.05	21:15:00	1.16928	1.16930	1.16925	1.16926	72	0	18
2026.05.05	21:30:00	1.16926	1.16931	1.16923	1.16925	62	0	18
2026.05.05	21:45:00	1.16925	1.16934	1.16922	1.16930	59	0	8
2026.05.05	22:00:00	1.16930	1.16949	1.16930	1.16937	150	0	8
2026.05.05	22:15:00	1.16937	1.16937	1.16914	1.16925	122	0	8
2026.05.05	22:30:00	1.16925	1.16934	1.16916	1.16932	170	0	8
2026.05.05	22:45:00	1.16932	1.17092	1.16927	1.17053	987	0	8
2026.05.05	23:00:00	1.17053	1.17241	1.17049	1.17229	913	0	8
2026.05.05	23:15:00	1.17229	1.17252	1.17173	1.17173	793	0	8
2026.05.05	23:30:00	1.17173	1.17211	1.17160	1.17161	550	0	8
2026.05.05	23:45:00	1.17161	1.17175	1.17143	1.17144	469	0	8
2026.05.06	00:00:00	1.17144	1.17164	1.17120	1.17126	1349	0	6
2026.05.06	00:15:00	1.17126	1.17178	1.17110	1.17135	787	0	6
2026.05.06	00:30:00	1.17135	1.17201	1.17130	1.17193	777	0	6
2026.05.06	00:45:00	1.17190	1.17212	1.17168	1.17199	551	0	6
2026.05.06	01:00:00	1.17196	1.17213	1.17174	1.17192	788	0	6
2026.05.06	01:15:00	1.17192	1.17249	1.17186	1.17221	659	0	6
2026.05.06	01:30:00	1.17221	1.17230	1.17181	1.17229	695	0	6
2026.05.06	01:45:00	1.17230	1.17258	1.17206	1.17210	762	0	6
2026.05.06	02:00:00	1.17210	1.17246	1.17209	1.17210	739	0	6
2026.05.06	02:15:00	1.17210	1.17231	1.17177	1.17181	553	0	6
2026.05.06	02:30:00	1.17181	1.17194	1.17160	1.17162	424	0	6
2026.05.06	02:45:00	1.17162	1.17180	1.17153	1.17171	392	0	6
2026.05.06	03:00:00	1.17171	1.17218	1.17165	1.17211	549	0	6
2026.05.06	03:15:00	1.17211	1.17218	1.17185	1.17200	385	0	6
2026.05.06	03:30:00	1.17200	1.17228	1.17174	1.17201	511	0	6
2026.05.06	03:45:00	1.17201	1.17203	1.17160	1.17175	364	0	6
2026.05.06	04:00:00	1.17175	1.17179	1.17160	1.17179	227	0	6
2026.05.06	04:15:00	1.17179	1.17281	1.17171	1.17280	647	0	6
2026.05.06	04:30:00	1.17280	1.17363	1.17261	1.17330	2239	0	6
2026.05.06	04:45:00	1.17329	1.17426	1.17304	1.17366	2130	0	6
2026.05.06	05:00:00	1.17366	1.17379	1.17334	1.17335	1137	0	6
2026.05.06	05:15:00	1.17335	1.17338	1.17297	1.17328	618	0	6
2026.05.06	05:30:00	1.17328	1.17330	1.17310	1.17320	381	0	6
2026.05.06	05:45:00	1.17320	1.17332	1.17304	1.17328	487	0	6
2026.05.06	06:00:00	1.17328	1.17350	1.17302	1.17323	976	0	6
2026.05.06	06:15:00	1.17323	1.17347	1.17302	1.17323	768	0	6
2026.05.06	06:30:00	1.17323	1.17336	1.17280	1.17313	827	0	6
2026.05.06	06:45:00	1.17313	1.17353	1.17308	1.17331	529	0	6
2026.05.06	07:00:00	1.17331	1.17365	1.17280	1.17281	951	0	6
2026.05.06	07:15:00	1.17281	1.17307	1.17266	1.17299	797	0	6
2026.05.06	07:30:00	1.17298	1.17305	1.17240	1.17276	647	0	6
2026.05.06	07:45:00	1.17276	1.17379	1.17275	1.17373	1316	0	6
2026.05.06	08:00:00	1.17371	1.17395	1.17329	1.17334	1212	0	6
2026.05.06	08:15:00	1.17334	1.17378	1.17326	1.17375	674	0	6
2026.05.06	08:30:00	1.17376	1.17494	1.17370	1.17476	914	0	6
2026.05.06	08:45:00	1.17476	1.17705	1.17470	1.17620	2917	0	6
2026.05.06	09:00:00	1.17620	1.17642	1.17559	1.17592	1554	0	6
2026.05.06	09:15:00	1.17592	1.17694	1.17587	1.17662	1254	0	6
2026.05.06	09:30:00	1.17661	1.17734	1.17648	1.17712	1199	0	6
2026.05.06	09:45:00	1.17711	1.17767	1.17706	1.17748	873	0	6
2026.05.06	10:00:00	1.17748	1.17769	1.17685	1.17687	933	0	6
2026.05.06	10:15:00	1.17687	1.17701	1.17662	1.17690	889	0	6
2026.05.06	10:30:00	1.17690	1.17837	1.17690	1.17827	1156	0	6
2026.05.06	10:45:00	1.17827	1.17965	1.17792	1.17887	2070	0	6
2026.05.06	11:00:00	1.17887	1.17914	1.17822	1.17843	1679	0	6
2026.05.06	11:15:00	1.17843	1.17894	1.17818	1.17848	1075	0	6
2026.05.06	11:30:00	1.17848	1.17864	1.17738	1.17751	1270	0	6
2026.05.06	11:45:00	1.17751	1.17763	1.17679	1.17696	1214	0	6
2026.05.06	12:00:00	1.17696	1.17698	1.17521	1.17560	1477	0	6
2026.05.06	12:15:00	1.17560	1.17621	1.17513	1.17600	1957	0	6
2026.05.06	12:30:00	1.17602	1.17637	1.17555	1.17609	1112	0	6
2026.05.06	12:45:00	1.17609	1.17609	1.17525	1.17533	1210	0	6
2026.05.06	13:00:00	1.17532	1.17589	1.17461	1.17554	1881	0	6
2026.05.06	13:15:00	1.17554	1.17576	1.17493	1.17505	1352	0	6
2026.05.06	13:30:00	1.17505	1.17560	1.17468	1.17513	1677	0	6
2026.05.06	13:45:00	1.17513	1.17548	1.17493	1.17514	1128	0	6
2026.05.06	14:00:00	1.17514	1.17518	1.17446	1.17477	1395	0	6
2026.05.06	14:15:00	1.17477	1.17517	1.17454	1.17465	1149	0	6
2026.05.06	14:30:00	1.17465	1.17618	1.17461	1.17616	1365	0	6
2026.05.06	14:45:00	1.17616	1.17627	1.17545	1.17548	1792	0	6
2026.05.06	15:00:00	1.17548	1.17551	1.17483	1.17498	1149	0	6
2026.05.06	15:15:00	1.17498	1.17539	1.17493	1.17528	880	0	6
2026.05.06	15:30:00	1.17528	1.17581	1.17516	1.17552	997	0	6
2026.05.06	15:45:00	1.17555	1.17570	1.17521	1.17525	852	0	6
2026.05.06	16:00:00	1.17524	1.17532	1.17489	1.17511	932	0	6
2026.05.06	16:15:00	1.17511	1.17526	1.17497	1.17506	638	0	6
2026.05.06	16:30:00	1.17506	1.17527	1.17493	1.17501	540	0	6
2026.05.06	16:45:00	1.17501	1.17501	1.17415	1.17440	1028	0	6
2026.05.06	17:00:00	1.17440	1.17527	1.17425	1.17513	741	0	6
2026.05.06	17:15:00	1.17513	1.17553	1.17503	1.17531	457	0	6
2026.05.06	17:30:00	1.17532	1.17536	1.17455	1.17467	427	0	6
2026.05.06	17:45:00	1.17467	1.17480	1.17445	1.17479	605	0	6
2026.05.06	18:00:00	1.17479	1.17494	1.17453	1.17458	820	0	6
2026.05.06	18:15:00	1.17458	1.17482	1.17444	1.17454	563	0	6
2026.05.06	18:30:00	1.17454	1.17479	1.17453	1.17468	343	0	6
2026.05.06	18:45:00	1.17468	1.17513	1.17455	1.17491	608	0	6
2026.05.06	19:00:00	1.17491	1.17541	1.17485	1.17532	631	0	6
2026.05.06	19:15:00	1.17532	1.17553	1.17525	1.17532	401	0	6
2026.05.06	19:30:00	1.17532	1.17532	1.17485	1.17486	480	0	6
2026.05.06	19:45:00	1.17486	1.17516	1.17472	1.17474	733	0	6
2026.05.06	20:00:00	1.17473	1.17499	1.17461	1.17492	396	0	6
2026.05.06	20:15:00	1.17492	1.17503	1.17479	1.17480	154	0	6
2026.05.06	20:30:00	1.17480	1.17483	1.17449	1.17453	324	0	6
2026.05.06	20:45:00	1.17453	1.17487	1.17444	1.17486	201	0	6
2026.05.06	21:00:00	1.17427	1.17466	1.17427	1.17466	22	0	28
2026.05.06	21:15:00	1.17469	1.17479	1.17463	1.17477	130	0	24
2026.05.06	21:30:00	1.17477	1.17498	1.17474	1.17495	103	0	24
2026.05.06	21:45:00	1.17497	1.17498	1.17488	1.17495	107	0	12
2026.05.06	22:00:00	1.17495	1.17504	1.17491	1.17502	121	0	6
2026.05.06	22:15:00	1.17502	1.17508	1.17492	1.17494	79	0	6
2026.05.06	22:30:00	1.17492	1.17510	1.17492	1.17509	157	0	6
2026.05.06	22:45:00	1.17509	1.17510	1.17494	1.17502	167	0	6
2026.05.06	23:00:00	1.17502	1.17517	1.17496	1.17510	137	0	6
2026.05.06	23:15:00	1.17510	1.17511	1.17484	1.17489	82	0	6
2026.05.06	23:30:00	1.17489	1.17490	1.17479	1.17483	135	0	6
2026.05.06	23:45:00	1.17483	1.17492	1.17461	1.17477	202	0	6
2026.05.07	00:00:00	1.17477	1.17538	1.17465	1.17538	1241	0	6
2026.05.07	00:15:00	1.17538	1.17538	1.17471	1.17483	652	0	6
2026.05.07	00:30:00	1.17483	1.17506	1.17468	1.17481	531	0	6
2026.05.07	00:45:00	1.17481	1.17492	1.17466	1.17483	483	0	6
2026.05.07	01:00:00	1.17483	1.17556	1.17462	1.17538	771	0	6
2026.05.07	01:15:00	1.17538	1.17576	1.17537	1.17566	941	0	6
2026.05.07	01:30:00	1.17566	1.17624	1.17553	1.17623	681	0	6
2026.05.07	01:45:00	1.17623	1.17631	1.17580	1.17587	593	0	6
2026.05.07	02:00:00	1.17587	1.17607	1.17556	1.17562	435	0	6
2026.05.07	02:15:00	1.17562	1.17570	1.17545	1.17563	323	0	6
2026.05.07	02:30:00	1.17563	1.17575	1.17542	1.17552	347	0	6
2026.05.07	02:45:00	1.17552	1.17576	1.17549	1.17562	374	0	6
2026.05.07	03:00:00	1.17562	1.17564	1.17526	1.17530	446	0	6
2026.05.07	03:15:00	1.17530	1.17551	1.17523	1.17523	353	0	6
2026.05.07	03:30:00	1.17523	1.17528	1.17499	1.17509	265	0	6
2026.05.07	03:45:00	1.17509	1.17510	1.17485	1.17486	336	0	6
2026.05.07	04:00:00	1.17486	1.17507	1.17475	1.17501	345	0	6
2026.05.07	04:15:00	1.17501	1.17526	1.17501	1.17521	225	0	6
2026.05.07	04:30:00	1.17520	1.17533	1.17510	1.17516	294	0	6
2026.05.07	04:45:00	1.17516	1.17523	1.17504	1.17506	363	0	6
2026.05.07	05:00:00	1.17506	1.17531	1.17503	1.17518	396	0	6
2026.05.07	05:15:00	1.17518	1.17521	1.17497	1.17512	509	0	6
2026.05.07	05:30:00	1.17512	1.17532	1.17512	1.17521	394	0	6
2026.05.07	05:45:00	1.17521	1.17535	1.17506	1.17516	411	0	6
2026.05.07	06:00:00	1.17514	1.17524	1.17491	1.17498	589	0	6
2026.05.07	06:15:00	1.17498	1.17516	1.17476	1.17476	577	0	6
2026.05.07	06:30:00	1.17476	1.17561	1.17448	1.17557	1222	0	6
2026.05.07	06:45:00	1.17557	1.17566	1.17447	1.17478	1090	0	6
2026.05.07	07:00:00	1.17478	1.17668	1.17477	1.17666	1700	0	6
2026.05.07	07:15:00	1.17666	1.17683	1.17592	1.17642	1622	0	6
2026.05.07	07:30:00	1.17643	1.17675	1.17613	1.17642	1156	0	6
2026.05.07	07:45:00	1.17642	1.17672	1.17618	1.17666	1129	0	6
2026.05.07	08:00:00	1.17666	1.17672	1.17646	1.17666	1056	0	6
2026.05.07	08:15:00	1.17666	1.17712	1.17627	1.17694	1238	0	6
2026.05.07	08:30:00	1.17694	1.17733	1.17678	1.17696	842	0	6
2026.05.07	08:45:00	1.17696	1.17739	1.17692	1.17715	674	0	6
2026.05.07	09:00:00	1.17715	1.17717	1.17655	1.17681	1032	0	6
2026.05.07	09:15:00	1.17681	1.17696	1.17655	1.17682	787	0	6
2026.05.07	09:30:00	1.17682	1.17769	1.17676	1.17764	800	0	6
2026.05.07	09:45:00	1.17764	1.17780	1.17690	1.17700	844	0	6
2026.05.07	10:00:00	1.17699	1.17758	1.17677	1.17751	833	0	6
2026.05.07	10:15:00	1.17751	1.17758	1.17728	1.17746	859	0	6
2026.05.07	10:30:00	1.17746	1.17754	1.17695	1.17714	651	0	6
2026.05.07	10:45:00	1.17714	1.17723	1.17647	1.17668	979	0	6
2026.05.07	11:00:00	1.17668	1.17683	1.17632	1.17634	944	0	6
2026.05.07	11:15:00	1.17634	1.17664	1.17620	1.17641	863	0	6
2026.05.07	11:30:00	1.17640	1.17676	1.17627	1.17653	787	0	6
2026.05.07	11:45:00	1.17653	1.17699	1.17636	1.17696	769	0	6
2026.05.07	12:00:00	1.17699	1.17720	1.17675	1.17708	876	0	6
2026.05.07	12:15:00	1.17710	1.17731	1.17669	1.17698	1155	0	6
2026.05.07	12:30:00	1.17698	1.17745	1.17689	1.17742	825	0	6
2026.05.07	12:45:00	1.17742	1.17777	1.17723	1.17726	1109	0	6
2026.05.07	13:00:00	1.17726	1.17741	1.17695	1.17724	1318	0	6
2026.05.07	13:15:00	1.17724	1.17768	1.17715	1.17752	987	0	6
2026.05.07	13:30:00	1.17750	1.17753	1.17694	1.17731	1327	0	6
2026.05.07	13:45:00	1.17732	1.17745	1.17663	1.17682	1465	0	6
2026.05.07	14:00:00	1.17682	1.17699	1.17637	1.17687	1458	0	6
2026.05.07	14:15:00	1.17687	1.17729	1.17647	1.17691	1110	0	6
2026.05.07	14:30:00	1.17691	1.17722	1.17673	1.17698	1051	0	6
2026.05.07	14:45:00	1.17698	1.17770	1.17697	1.17755	1409	0	6
2026.05.07	15:00:00	1.17756	1.17777	1.17732	1.17734	1112	0	6
2026.05.07	15:15:00	1.17734	1.17752	1.17628	1.17647	1310	0	6
2026.05.07	15:30:00	1.17647	1.17710	1.17642	1.17681	979	0	6
2026.05.07	15:45:00	1.17681	1.17686	1.17628	1.17634	1079	0	6
2026.05.07	16:00:00	1.17634	1.17657	1.17582	1.17595	1375	0	6
2026.05.07	16:15:00	1.17595	1.17636	1.17561	1.17630	1097	0	6
2026.05.07	16:30:00	1.17630	1.17644	1.17597	1.17602	810	0	6
2026.05.07	16:45:00	1.17602	1.17611	1.17567	1.17601	863	0	6
2026.05.07	17:00:00	1.17603	1.17606	1.17564	1.17592	931	0	6
2026.05.07	17:15:00	1.17591	1.17591	1.17464	1.17469	1806	0	6
2026.05.07	17:30:00	1.17469	1.17492	1.17354	1.17436	2009	0	6
2026.05.07	17:45:00	1.17436	1.17495	1.17431	1.17485	1325	0	6
2026.05.07	18:00:00	1.17485	1.17511	1.17459	1.17480	1068	0	6
2026.05.07	18:15:00	1.17480	1.17511	1.17476	1.17506	776	0	6
2026.05.07	18:30:00	1.17506	1.17518	1.17396	1.17431	1222	0	6
2026.05.07	18:45:00	1.17434	1.17506	1.17401	1.17497	1772	0	6
2026.05.07	19:00:00	1.17497	1.17540	1.17454	1.17487	1073	0	6
2026.05.07	19:15:00	1.17487	1.17499	1.17362	1.17410	1473	0	6
2026.05.07	19:30:00	1.17410	1.17482	1.17409	1.17451	698	0	6
2026.05.07	19:45:00	1.17450	1.17456	1.17332	1.17333	1259	0	6
2026.05.07	20:00:00	1.17335	1.17446	1.17330	1.17383	1059	0	6
2026.05.07	20:15:00	1.17383	1.17384	1.17335	1.17346	437	0	6
2026.05.07	20:30:00	1.17347	1.17353	1.17289	1.17292	867	0	6
2026.05.07	20:45:00	1.17294	1.17298	1.17224	1.17238	572	0	6
2026.05.07	21:00:00	1.17251	1.17277	1.17218	1.17273	76	0	28
2026.05.07	21:15:00	1.17273	1.17295	1.17245	1.17280	102	0	24
2026.05.07	21:30:00	1.17280	1.17280	1.17231	1.17266	217	0	24
2026.05.07	21:45:00	1.17265	1.17268	1.17255	1.17266	95	0	6
2026.05.07	22:00:00	1.17266	1.17283	1.17224	1.17263	359	0	6
2026.05.07	22:15:00	1.17263	1.17313	1.17255	1.17285	522	0	6
2026.05.07	22:30:00	1.17285	1.17295	1.17253	1.17268	313	0	6
2026.05.07	22:45:00	1.17268	1.17272	1.17247	1.17248	174	0	6
2026.05.07	23:00:00	1.17248	1.17258	1.17242	1.17252	132	0	6
2026.05.07	23:15:00	1.17252	1.17273	1.17252	1.17272	69	0	7
2026.05.07	23:30:00	1.17272	1.17283	1.17266	1.17282	170	0	7
2026.05.07	23:45:00	1.17282	1.17312	1.17281	1.17303	244	0	6
2026.05.08	00:00:00	1.17303	1.17344	1.17292	1.17314	834	0	6
2026.05.08	00:15:00	1.17314	1.17316	1.17262	1.17289	762	0	6
2026.05.08	00:30:00	1.17289	1.17310	1.17283	1.17285	533	0	6
2026.05.08	00:45:00	1.17285	1.17297	1.17267	1.17267	532	0	6
2026.05.08	01:00:00	1.17267	1.17317	1.17267	1.17306	695	0	6
2026.05.08	01:15:00	1.17306	1.17334	1.17294	1.17316	683	0	6
2026.05.08	01:30:00	1.17316	1.17329	1.17287	1.17298	347	0	6
2026.05.08	01:45:00	1.17298	1.17325	1.17298	1.17321	297	0	6
2026.05.08	02:00:00	1.17321	1.17323	1.17297	1.17301	334	0	6
2026.05.08	02:15:00	1.17301	1.17318	1.17283	1.17293	325	0	6
2026.05.08	02:30:00	1.17293	1.17300	1.17242	1.17244	574	0	6
2026.05.08	02:45:00	1.17244	1.17299	1.17244	1.17271	421	0	6
2026.05.08	03:00:00	1.17271	1.17292	1.17266	1.17287	285	0	6
2026.05.08	03:15:00	1.17287	1.17295	1.17273	1.17286	222	0	6
2026.05.08	03:30:00	1.17286	1.17330	1.17286	1.17330	372	0	6
2026.05.08	03:45:00	1.17329	1.17335	1.17280	1.17280	347	0	6
2026.05.08	04:00:00	1.17280	1.17303	1.17280	1.17286	480	0	6
2026.05.08	04:15:00	1.17286	1.17298	1.17267	1.17290	288	0	6
2026.05.08	04:30:00	1.17290	1.17329	1.17286	1.17329	267	0	6
2026.05.08	04:45:00	1.17329	1.17356	1.17326	1.17350	399	0	6
2026.05.08	05:00:00	1.17350	1.17365	1.17326	1.17336	398	0	6
2026.05.08	05:15:00	1.17336	1.17361	1.17330	1.17361	263	0	6
2026.05.08	05:30:00	1.17361	1.17384	1.17340	1.17366	481	0	6
2026.05.08	05:45:00	1.17366	1.17384	1.17347	1.17369	391	0	6
2026.05.08	06:00:00	1.17369	1.17460	1.17367	1.17403	883	0	6
2026.05.08	06:15:00	1.17403	1.17473	1.17401	1.17473	671	0	6
2026.05.08	06:30:00	1.17472	1.17480	1.17427	1.17458	611	0	6
2026.05.08	06:45:00	1.17458	1.17476	1.17438	1.17441	618	0	6
2026.05.08	07:00:00	1.17441	1.17477	1.17423	1.17441	1011	0	6
2026.05.08	07:15:00	1.17441	1.17459	1.17421	1.17424	821	0	6
2026.05.08	07:30:00	1.17425	1.17462	1.17421	1.17447	693	0	6
2026.05.08	07:45:00	1.17447	1.17448	1.17415	1.17427	592	0	6
2026.05.08	08:00:00	1.17427	1.17466	1.17418	1.17446	665	0	6
2026.05.08	08:15:00	1.17446	1.17549	1.17445	1.17549	939	0	6
2026.05.08	08:30:00	1.17549	1.17620	1.17547	1.17611	924	0	6
2026.05.08	08:45:00	1.17611	1.17655	1.17579	1.17634	982	0	6
2026.05.08	09:00:00	1.17634	1.17704	1.17630	1.17680	821	0	6
2026.05.08	09:15:00	1.17680	1.17733	1.17677	1.17679	642	0	6
2026.05.08	09:30:00	1.17679	1.17703	1.17673	1.17688	518	0	6
2026.05.08	09:45:00	1.17687	1.17714	1.17663	1.17687	712	0	6
2026.05.08	10:00:00	1.17687	1.17722	1.17680	1.17703	468	0	6
2026.05.08	10:15:00	1.17703	1.17712	1.17685	1.17692	379	0	6
2026.05.08	10:30:00	1.17692	1.17720	1.17668	1.17669	556	0	6
2026.05.08	10:45:00	1.17669	1.17683	1.17610	1.17638	712	0	6
2026.05.08	11:00:00	1.17638	1.17656	1.17617	1.17642	683	0	6
2026.05.08	11:15:00	1.17642	1.17676	1.17639	1.17667	528	0	6
2026.05.08	11:30:00	1.17667	1.17685	1.17646	1.17646	428	0	6
2026.05.08	11:45:00	1.17646	1.17672	1.17632	1.17650	614	0	6
2026.05.08	12:00:00	1.17650	1.17652	1.17591	1.17597	835	0	6
2026.05.08	12:15:00	1.17597	1.17669	1.17594	1.17647	853	0	6
2026.05.08	12:30:00	1.17648	1.17784	1.17558	1.17766	2080	0	6
2026.05.08	12:45:00	1.17767	1.17779	1.17710	1.17739	1450	0	6
2026.05.08	13:00:00	1.17738	1.17747	1.17660	1.17674	1514	0	6
2026.05.08	13:15:00	1.17674	1.17786	1.17662	1.17773	1079	0	6
2026.05.08	13:30:00	1.17773	1.17868	1.17760	1.17817	1502	0	6
2026.05.08	13:45:00	1.17816	1.17843	1.17769	1.17787	1160	0	6
2026.05.08	14:00:00	1.17786	1.17793	1.17669	1.17733	1306	0	6
2026.05.08	14:15:00	1.17732	1.17758	1.17671	1.17674	1119	0	6
2026.05.08	14:30:00	1.17671	1.17756	1.17670	1.17729	1274	0	6
2026.05.08	14:45:00	1.17729	1.17763	1.17726	1.17741	1021	0	6
2026.05.08	15:00:00	1.17741	1.17782	1.17685	1.17698	1352	0	6
2026.05.08	15:15:00	1.17698	1.17726	1.17666	1.17722	1017	0	6
2026.05.08	15:30:00	1.17722	1.17764	1.17679	1.17732	1049	0	6
2026.05.08	15:45:00	1.17733	1.17782	1.17721	1.17725	948	0	6
2026.05.08	16:00:00	1.17724	1.17782	1.17714	1.17746	700	0	6
2026.05.08	16:15:00	1.17746	1.17772	1.17746	1.17762	363	0	6
2026.05.08	16:30:00	1.17763	1.17772	1.17709	1.17721	458	0	6
2026.05.08	16:45:00	1.17721	1.17740	1.17705	1.17709	540	0	6
2026.05.08	17:00:00	1.17709	1.17733	1.17703	1.17710	438	0	6
2026.05.08	17:15:00	1.17710	1.17751	1.17706	1.17739	456	0	6
2026.05.08	17:30:00	1.17739	1.17752	1.17728	1.17741	247	0	6
2026.05.08	17:45:00	1.17741	1.17760	1.17714	1.17721	427	0	6
2026.05.08	18:00:00	1.17721	1.17813	1.17705	1.17799	857	0	6
2026.05.08	18:15:00	1.17799	1.17804	1.17770	1.17781	463	0	6
2026.05.08	18:30:00	1.17781	1.17788	1.17764	1.17782	277	0	6
2026.05.08	18:45:00	1.17782	1.17799	1.17750	1.17782	396	0	6
2026.05.08	19:00:00	1.17782	1.17818	1.17776	1.17811	401	0	6
2026.05.08	19:15:00	1.17811	1.17818	1.17804	1.17815	264	0	6
2026.05.08	19:30:00	1.17815	1.17829	1.17800	1.17820	385	0	6
2026.05.08	19:45:00	1.17820	1.17823	1.17764	1.17799	625	0	6
2026.05.08	20:00:00	1.17799	1.17833	1.17786	1.17831	294	0	6
2026.05.08	20:15:00	1.17831	1.17846	1.17826	1.17835	151	0	6
2026.05.08	20:30:00	1.17835	1.17866	1.17830	1.17858	251	0	6
2026.05.08	20:45:00	1.17858	1.17874	1.17827	1.17832	372	0	6
2026.05.10	21:00:00	1.17498	1.17554	1.17455	1.17521	79	0	24
2026.05.10	21:15:00	1.17521	1.17548	1.17467	1.17547	155	0	12
2026.05.10	21:30:00	1.17547	1.17683	1.17510	1.17677	199	0	7
2026.05.10	21:45:00	1.17682	1.17682	1.17582	1.17610	135	0	11
2026.05.10	22:00:00	1.17610	1.17646	1.17575	1.17609	630	0	6
2026.05.10	22:15:00	1.17610	1.17631	1.17580	1.17630	433	0	6
2026.05.10	22:30:00	1.17625	1.17642	1.17621	1.17637	369	0	6
2026.05.10	22:45:00	1.17637	1.17643	1.17626	1.17636	228	0	6
2026.05.10	23:00:00	1.17636	1.17654	1.17634	1.17642	234	0	6
2026.05.10	23:15:00	1.17641	1.17673	1.17641	1.17667	135	0	6
2026.05.10	23:30:00	1.17667	1.17691	1.17662	1.17691	221	0	6
2026.05.10	23:45:00	1.17691	1.17698	1.17664	1.17668	276	0	6
2026.05.11	00:00:00	1.17669	1.17711	1.17653	1.17678	628	0	6
2026.05.11	00:15:00	1.17678	1.17711	1.17669	1.17703	344	0	6
2026.05.11	00:30:00	1.17703	1.17718	1.17691	1.17692	342	0	6
2026.05.11	00:45:00	1.17692	1.17701	1.17657	1.17696	629	0	6
2026.05.11	01:00:00	1.17696	1.17708	1.17646	1.17677	614	0	6
2026.05.11	01:15:00	1.17677	1.17697	1.17662	1.17687	355	0	6
2026.05.11	01:30:00	1.17687	1.17694	1.17628	1.17648	531	0	6
2026.05.11	01:45:00	1.17648	1.17649	1.17614	1.17626	420	0	6
2026.05.11	02:00:00	1.17626	1.17653	1.17625	1.17637	321	0	6
2026.05.11	02:15:00	1.17637	1.17652	1.17635	1.17649	246	0	6
2026.05.11	02:30:00	1.17649	1.17660	1.17614	1.17614	314	0	6
2026.05.11	02:45:00	1.17614	1.17621	1.17587	1.17590	318	0	6
2026.05.11	03:00:00	1.17590	1.17590	1.17567	1.17586	354	0	6
2026.05.11	03:15:00	1.17586	1.17589	1.17566	1.17569	226	0	6
2026.05.11	03:30:00	1.17569	1.17588	1.17566	1.17585	162	0	6
2026.05.11	03:45:00	1.17584	1.17588	1.17559	1.17563	322	0	6
2026.05.11	04:00:00	1.17563	1.17571	1.17541	1.17551	282	0	6
2026.05.11	04:15:00	1.17551	1.17554	1.17541	1.17541	98	0	6
2026.05.11	04:30:00	1.17541	1.17544	1.17517	1.17521	161	0	6
2026.05.11	04:45:00	1.17521	1.17532	1.17499	1.17501	190	0	6
2026.05.11	05:00:00	1.17501	1.17544	1.17499	1.17537	242	0	6
2026.05.11	05:15:00	1.17537	1.17541	1.17521	1.17521	195	0	6
2026.05.11	05:30:00	1.17521	1.17530	1.17504	1.17507	317	0	6
2026.05.11	05:45:00	1.17507	1.17512	1.17484	1.17497	412	0	6
2026.05.11	06:00:00	1.17497	1.17579	1.17497	1.17573	690	0	6
2026.05.11	06:15:00	1.17573	1.17590	1.17545	1.17588	497	0	6
2026.05.11	06:30:00	1.17588	1.17623	1.17585	1.17616	531	0	6
2026.05.11	06:45:00	1.17616	1.17678	1.17608	1.17673	529	0	6
2026.05.11	07:00:00	1.17673	1.17686	1.17643	1.17671	814	0	6
2026.05.11	07:15:00	1.17671	1.17744	1.17670	1.17710	686	0	6
2026.05.11	07:30:00	1.17710	1.17719	1.17669	1.17709	676	0	6
2026.05.11	07:45:00	1.17709	1.17720	1.17679	1.17718	474	0	6
2026.05.11	08:00:00	1.17718	1.17761	1.17712	1.17756	689	0	6
2026.05.11	08:15:00	1.17756	1.17819	1.17756	1.17796	1049	0	6
2026.05.11	08:30:00	1.17796	1.17810	1.17750	1.17750	834	0	7
2026.05.11	08:45:00	1.17751	1.17756	1.17709	1.17710	1046	0	7
2026.05.11	09:00:00	1.17710	1.17742	1.17706	1.17729	743	0	7
2026.05.11	09:15:00	1.17730	1.17735	1.17703	1.17706	857	0	7
2026.05.11	09:30:00	1.17706	1.17727	1.17691	1.17702	871	0	7
2026.05.11	09:45:00	1.17705	1.17711	1.17670	1.17670	953	0	7
2026.05.11	10:00:00	1.17670	1.17672	1.17642	1.17669	740	0	7
2026.05.11	10:15:00	1.17670	1.17684	1.17654	1.17676	677	0	7
2026.05.11	10:30:00	1.17676	1.17713	1.17661	1.17711	1090	0	7
2026.05.11	10:45:00	1.17712	1.17738	1.17685	1.17687	1217	0	7
2026.05.11	11:00:00	1.17691	1.17734	1.17685	1.17733	1270	0	7
2026.05.11	11:15:00	1.17731	1.17743	1.17715	1.17738	852	0	7
2026.05.11	11:30:00	1.17738	1.17743	1.17714	1.17720	869	0	7
2026.05.11	11:45:00	1.17721	1.17739	1.17631	1.17680	1249	0	7
2026.05.11	12:00:00	1.17683	1.17685	1.17641	1.17664	1168	0	7
2026.05.11	12:15:00	1.17666	1.17743	1.17641	1.17715	1304	0	7
2026.05.11	12:30:00	1.17715	1.17742	1.17684	1.17727	1313	0	7
2026.05.11	12:45:00	1.17727	1.17741	1.17675	1.17740	1396	0	7
2026.05.11	13:00:00	1.17741	1.17851	1.17739	1.17830	1446	0	7
2026.05.11	13:15:00	1.17831	1.17845	1.17794	1.17831	1182	0	7
2026.05.11	13:30:00	1.17834	1.17860	1.17787	1.17859	1626	0	7
2026.05.11	13:45:00	1.17859	1.17875	1.17842	1.17850	1493	0	7
2026.05.11	14:00:00	1.17850	1.17860	1.17794	1.17852	1329	0	7
2026.05.11	14:15:00	1.17851	1.17873	1.17842	1.17853	1381	0	7
2026.05.11	14:30:00	1.17852	1.17876	1.17804	1.17866	1887	0	7
2026.05.11	14:45:00	1.17865	1.17866	1.17786	1.17792	2076	0	7
2026.05.11	15:00:00	1.17789	1.17831	1.17785	1.17808	1591	0	7
2026.05.11	15:15:00	1.17809	1.17850	1.17792	1.17810	1213	0	7
2026.05.11	15:30:00	1.17809	1.17826	1.17786	1.17793	1175	0	7
2026.05.11	15:45:00	1.17791	1.17814	1.17764	1.17795	1135	0	7
2026.05.11	16:00:00	1.17795	1.17801	1.17774	1.17790	910	0	7
2026.05.11	16:15:00	1.17789	1.17793	1.17755	1.17756	664	0	7
2026.05.11	16:30:00	1.17755	1.17787	1.17720	1.17751	1075	0	7
2026.05.11	16:45:00	1.17751	1.17766	1.17720	1.17729	1255	0	7
2026.05.11	17:00:00	1.17730	1.17745	1.17706	1.17745	906	0	7
2026.05.11	17:15:00	1.17744	1.17771	1.17742	1.17756	1065	0	7
2026.05.11	17:30:00	1.17755	1.17783	1.17754	1.17766	586	0	7
2026.05.11	17:45:00	1.17767	1.17783	1.17765	1.17777	829	0	7
2026.05.11	18:00:00	1.17777	1.17799	1.17775	1.17786	684	0	7
2026.05.11	18:15:00	1.17787	1.17801	1.17773	1.17790	657	0	7
2026.05.11	18:30:00	1.17790	1.17797	1.17756	1.17756	635	0	7
2026.05.11	18:45:00	1.17756	1.17764	1.17741	1.17746	859	0	7
2026.05.11	19:00:00	1.17745	1.17767	1.17740	1.17747	801	0	7
2026.05.11	19:15:00	1.17747	1.17765	1.17745	1.17752	535	0	7
2026.05.11	19:30:00	1.17753	1.17771	1.17748	1.17760	648	0	7
2026.05.11	19:45:00	1.17758	1.17775	1.17741	1.17770	783	0	7
2026.05.11	20:00:00	1.17770	1.17789	1.17733	1.17782	595	0	7
2026.05.11	20:15:00	1.17781	1.17809	1.17780	1.17801	324	0	7
2026.05.11	20:30:00	1.17803	1.17826	1.17803	1.17811	230	0	7
2026.05.11	20:45:00	1.17810	1.17821	1.17802	1.17815	346	0	7
2026.05.11	21:00:00	1.17781	1.17817	1.17751	1.17793	36	0	24
2026.05.11	21:15:00	1.17793	1.17821	1.17773	1.17807	80	0	24
2026.05.11	21:30:00	1.17807	1.17832	1.17789	1.17790	62	0	24
2026.05.11	21:45:00	1.17789	1.17844	1.17782	1.17826	89	0	24
2026.05.11	22:00:00	1.17824	1.17871	1.17804	1.17866	153	0	7
2026.05.11	22:15:00	1.17866	1.17875	1.17864	1.17867	197	0	7
2026.05.11	22:30:00	1.17866	1.17871	1.17862	1.17863	236	0	7
2026.05.11	22:45:00	1.17863	1.17865	1.17846	1.17848	134	0	7
2026.05.11	23:00:00	1.17850	1.17850	1.17840	1.17841	198	0	7
2026.05.11	23:15:00	1.17841	1.17843	1.17804	1.17805	93	0	7
2026.05.11	23:30:00	1.17805	1.17811	1.17775	1.17786	214	0	7
2026.05.11	23:45:00	1.17780	1.17801	1.17769	1.17781	447	0	7
2026.05.12	00:00:00	1.17781	1.17782	1.17735	1.17756	930	0	7
2026.05.12	00:15:00	1.17756	1.17769	1.17730	1.17747	715	0	7
2026.05.12	00:30:00	1.17746	1.17748	1.17716	1.17717	582	0	7
2026.05.12	00:45:00	1.17716	1.17733	1.17660	1.17667	827	0	7
2026.05.12	01:00:00	1.17668	1.17686	1.17636	1.17644	1007	0	7
2026.05.12	01:15:00	1.17644	1.17654	1.17611	1.17616	1014	0	7
2026.05.12	01:30:00	1.17616	1.17660	1.17573	1.17608	1539	0	7
2026.05.12	01:45:00	1.17606	1.17633	1.17591	1.17612	1117	0	7
2026.05.12	02:00:00	1.17612	1.17630	1.17605	1.17614	911	0	7
2026.05.12	02:15:00	1.17615	1.17618	1.17595	1.17608	608	0	7
2026.05.12	02:30:00	1.17607	1.17611	1.17590	1.17600	585	0	7
2026.05.12	02:45:00	1.17603	1.17642	1.17601	1.17622	778	0	7
2026.05.12	03:00:00	1.17621	1.17628	1.17575	1.17586	641	0	7
2026.05.12	03:15:00	1.17586	1.17590	1.17561	1.17566	439	0	7
2026.05.12	03:30:00	1.17566	1.17578	1.17563	1.17576	460	0	7
2026.05.12	03:45:00	1.17577	1.17578	1.17544	1.17559	556	0	7
2026.05.12	04:00:00	1.17560	1.17575	1.17552	1.17553	498	0	7
2026.05.12	04:15:00	1.17552	1.17573	1.17552	1.17556	305	0	7
2026.05.12	04:30:00	1.17556	1.17592	1.17556	1.17592	458	0	7
2026.05.12	04:45:00	1.17591	1.17593	1.17564	1.17568	623	0	7
2026.05.12	05:00:00	1.17569	1.17581	1.17522	1.17535	750	0	7
2026.05.12	05:15:00	1.17537	1.17557	1.17519	1.17546	691	0	7
2026.05.12	05:30:00	1.17546	1.17557	1.17531	1.17556	709	0	7
2026.05.12	05:45:00	1.17556	1.17673	1.17552	1.17615	1177	0	7
2026.05.12	06:00:00	1.17618	1.17650	1.17563	1.17572	1620	0	7
2026.05.12	06:15:00	1.17571	1.17582	1.17517	1.17547	1151	0	7
2026.05.12	06:30:00	1.17547	1.17586	1.17531	1.17546	1133	0	7
2026.05.12	06:45:00	1.17547	1.17550	1.17494	1.17500	1210	0	7
2026.05.12	07:00:00	1.17500	1.17502	1.17440	1.17467	1569	0	7
2026.05.12	07:15:00	1.17467	1.17531	1.17465	1.17493	1391	0	7
2026.05.12	07:30:00	1.17492	1.17502	1.17461	1.17461	1244	0	7
2026.05.12	07:45:00	1.17461	1.17475	1.17432	1.17475	1259	0	7
2026.05.12	08:00:00	1.17475	1.17482	1.17422	1.17436	1206	0	7
2026.05.12	08:15:00	1.17437	1.17500	1.17432	1.17468	1397	0	7
2026.05.12	08:30:00	1.17469	1.17474	1.17391	1.17418	1144	0	7
2026.05.12	08:45:00	1.17418	1.17479	1.17417	1.17441	1455	0	7
2026.05.12	09:00:00	1.17441	1.17476	1.17434	1.17458	1045	0	7
2026.05.12	09:15:00	1.17457	1.17472	1.17433	1.17455	881	0	7
2026.05.12	09:30:00	1.17456	1.17513	1.17449	1.17453	1656	0	7
2026.05.12	09:45:00	1.17453	1.17491	1.17441	1.17472	1079	0	7
2026.05.12	10:00:00	1.17472	1.17487	1.17451	1.17483	947	0	7
2026.05.12	10:15:00	1.17483	1.17483	1.17450	1.17479	919	0	7
2026.05.12	10:30:00	1.17482	1.17487	1.17442	1.17455	730	0	7
2026.05.12	10:45:00	1.17456	1.17461	1.17403	1.17405	881	0	7
2026.05.12	11:00:00	1.17405	1.17444	1.17346	1.17413	1479	0	7
2026.05.12	11:15:00	1.17413	1.17437	1.17401	1.17412	867	0	7
2026.05.12	11:30:00	1.17412	1.17473	1.17412	1.17461	1008	0	7
2026.05.12	11:45:00	1.17461	1.17478	1.17413	1.17435	1283	0	7
2026.05.12	12:00:00	1.17436	1.17441	1.17375	1.17415	1518	0	7
2026.05.12	12:15:00	1.17415	1.17437	1.17357	1.17357	1318	0	7
2026.05.12	12:30:00	1.17357	1.17472	1.17348	1.17468	1937	0	7
2026.05.12	12:45:00	1.17468	1.17497	1.17432	1.17473	1697	0	7
2026.05.12	13:00:00	1.17472	1.17497	1.17402	1.17402	1656	0	7
2026.05.12	13:15:00	1.17402	1.17404	1.17332	1.17392	1631	0	7
2026.05.12	13:30:00	1.17387	1.17423	1.17357	1.17367	2158	0	6
2026.05.12	13:45:00	1.17367	1.17388	1.17265	1.17297	2047	0	6
2026.05.12	14:00:00	1.17301	1.17352	1.17275	1.17347	2234	0	7
2026.05.12	14:15:00	1.17347	1.17356	1.17297	1.17329	1572	0	7
2026.05.12	14:30:00	1.17329	1.17347	1.17286	1.17325	1792	0	7
2026.05.12	14:45:00	1.17323	1.17358	1.17273	1.17356	2157	0	7
2026.05.12	15:00:00	1.17355	1.17363	1.17274	1.17276	2107	0	7
2026.05.12	15:15:00	1.17275	1.17288	1.17215	1.17238	1762	0	7
2026.05.12	15:30:00	1.17241	1.17318	1.17236	1.17311	1484	0	7
2026.05.12	15:45:00	1.17312	1.17333	1.17290	1.17317	1167	0	7
2026.05.12	16:00:00	1.17317	1.17371	1.17313	1.17367	1442	0	7
2026.05.12	16:15:00	1.17366	1.17383	1.17346	1.17357	991	0	7
2026.05.12	16:30:00	1.17357	1.17357	1.17312	1.17316	981	0	7
2026.05.12	16:45:00	1.17316	1.17317	1.17275	1.17280	1172	0	7
2026.05.12	17:00:00	1.17281	1.17325	1.17269	1.17305	1090	0	7
2026.05.12	17:15:00	1.17306	1.17329	1.17295	1.17302	1207	0	7
2026.05.12	17:30:00	1.17301	1.17322	1.17296	1.17315	848	0	7
2026.05.12	17:45:00	1.17314	1.17334	1.17296	1.17329	1048	0	7
2026.05.12	18:00:00	1.17330	1.17347	1.17285	1.17317	1182	0	7
2026.05.12	18:15:00	1.17318	1.17368	1.17311	1.17356	991	0	7
2026.05.12	18:30:00	1.17358	1.17387	1.17356	1.17383	1130	0	7
2026.05.12	18:45:00	1.17383	1.17408	1.17363	1.17401	1143	0	7
2026.05.12	19:00:00	1.17401	1.17444	1.17396	1.17435	1082	0	7
2026.05.12	19:15:00	1.17437	1.17442	1.17406	1.17420	818	0	7
2026.05.12	19:30:00	1.17421	1.17466	1.17420	1.17426	769	0	7
2026.05.12	19:45:00	1.17425	1.17433	1.17395	1.17400	1003	0	7
2026.05.12	20:00:00	1.17403	1.17406	1.17382	1.17386	391	0	7
2026.05.12	20:15:00	1.17387	1.17394	1.17384	1.17385	260	0	7
2026.05.12	20:30:00	1.17384	1.17386	1.17373	1.17377	231	0	8
2026.05.12	20:45:00	1.17377	1.17401	1.17374	1.17397	282	0	8
2026.05.12	21:00:00	1.17337	1.17372	1.17334	1.17361	22	0	18
2026.05.12	21:15:00	1.17358	1.17392	1.17347	1.17358	73	0	19
2026.05.12	21:30:00	1.17358	1.17378	1.17346	1.17350	48	0	18
2026.05.12	21:45:00	1.17350	1.17401	1.17344	1.17387	122	0	12
2026.05.12	22:00:00	1.17387	1.17398	1.17335	1.17374	122	0	8
2026.05.12	22:15:00	1.17376	1.17392	1.17376	1.17387	153	0	8
2026.05.12	22:30:00	1.17387	1.17392	1.17384	1.17388	162	0	8
2026.05.12	22:45:00	1.17388	1.17397	1.17387	1.17391	106	0	8
2026.05.12	23:00:00	1.17391	1.17410	1.17384	1.17385	147	0	8
2026.05.12	23:15:00	1.17386	1.17386	1.17369	1.17382	120	0	8
2026.05.12	23:30:00	1.17383	1.17387	1.17365	1.17367	260	0	8
2026.05.12	23:45:00	1.17367	1.17378	1.17342	1.17347	358	0	8
2026.05.13	00:00:00	1.17346	1.17377	1.17326	1.17332	833	0	7
2026.05.13	00:15:00	1.17333	1.17370	1.17330	1.17350	711	0	7
2026.05.13	00:30:00	1.17351	1.17362	1.17332	1.17354	726	0	7
2026.05.13	00:45:00	1.17352	1.17383	1.17326	1.17377	889	0	7
2026.05.13	01:00:00	1.17377	1.17386	1.17337	1.17337	1055	0	7
2026.05.13	01:15:00	1.17337	1.17382	1.17313	1.17369	979	0	7
2026.05.13	01:30:00	1.17368	1.17391	1.17361	1.17377	763	0	7
2026.05.13	01:45:00	1.17377	1.17414	1.17374	1.17384	706	0	7
2026.05.13	02:00:00	1.17385	1.17413	1.17372	1.17375	637	0	7
2026.05.13	02:15:00	1.17374	1.17379	1.17367	1.17377	621	0	7
2026.05.13	02:30:00	1.17378	1.17379	1.17363	1.17364	540	0	7
2026.05.13	02:45:00	1.17364	1.17385	1.17358	1.17367	676	0	7
2026.05.13	03:00:00	1.17367	1.17374	1.17322	1.17341	752	0	7
2026.05.13	03:15:00	1.17342	1.17356	1.17335	1.17352	610	0	7
2026.05.13	03:30:00	1.17352	1.17375	1.17349	1.17357	452	0	7
2026.05.13	03:45:00	1.17356	1.17364	1.17340	1.17342	527	0	7
2026.05.13	04:00:00	1.17343	1.17348	1.17338	1.17341	312	0	7
2026.05.13	04:15:00	1.17341	1.17349	1.17332	1.17334	307	0	7
2026.05.13	04:30:00	1.17333	1.17340	1.17318	1.17332	305	0	7
2026.05.13	04:45:00	1.17332	1.17344	1.17331	1.17342	333	0	7
2026.05.13	05:00:00	1.17342	1.17362	1.17338	1.17347	438	0	7
2026.05.13	05:15:00	1.17347	1.17367	1.17339	1.17362	533	0	7
2026.05.13	05:30:00	1.17361	1.17366	1.17325	1.17332	571	0	7
2026.05.13	05:45:00	1.17332	1.17351	1.17322	1.17337	590	0	7
2026.05.13	06:00:00	1.17338	1.17341	1.17260	1.17266	1084	0	7
2026.05.13	06:15:00	1.17266	1.17286	1.17243	1.17262	927	0	7
2026.05.13	06:30:00	1.17262	1.17262	1.17220	1.17245	877	0	7
2026.05.13	06:45:00	1.17246	1.17247	1.17177	1.17197	1038	0	7
2026.05.13	07:00:00	1.17198	1.17229	1.17170	1.17182	1306	0	7
2026.05.13	07:15:00	1.17183	1.17194	1.17167	1.17169	1033	0	7
2026.05.13	07:30:00	1.17169	1.17173	1.17107	1.17122	1023	0	7
2026.05.13	07:45:00	1.17124	1.17144	1.17067	1.17068	1191	0	7
2026.05.13	08:00:00	1.17067	1.17093	1.17048	1.17079	1133	0	7
2026.05.13	08:15:00	1.17079	1.17114	1.17078	1.17104	960	0	7
2026.05.13	08:30:00	1.17104	1.17112	1.17052	1.17061	886	0	7
2026.05.13	08:45:00	1.17062	1.17063	1.16998	1.17023	1360	0	7
2026.05.13	09:00:00	1.17023	1.17039	1.16995	1.16998	1273	0	7
2026.05.13	09:15:00	1.16996	1.17010	1.16954	1.16955	998	0	7
2026.05.13	09:30:00	1.16955	1.17010	1.16950	1.16994	1220	0	7
2026.05.13	09:45:00	1.16993	1.17064	1.16991	1.17059	1050	0	7
2026.05.13	10:00:00	1.17059	1.17064	1.17016	1.17047	1453	0	7
2026.05.13	10:15:00	1.17047	1.17069	1.17028	1.17049	1492	0	7
2026.05.13	10:30:00	1.17049	1.17096	1.17043	1.17089	1007	0	7
2026.05.13	10:45:00	1.17089	1.17142	1.17079	1.17124	1243	0	7
2026.05.13	11:00:00	1.17125	1.17149	1.17110	1.17138	1204	0	7
2026.05.13	11:15:00	1.17139	1.17149	1.17117	1.17131	1162	0	7
2026.05.13	11:30:00	1.17131	1.17169	1.17125	1.17166	967	0	7
2026.05.13	11:45:00	1.17166	1.17168	1.17111	1.17118	1288	0	7
2026.05.13	12:00:00	1.17118	1.17159	1.17118	1.17121	1065	0	7
2026.05.13	12:15:00	1.17121	1.17121	1.16997	1.16997	1397	0	7
2026.05.13	12:30:00	1.16997	1.17104	1.16966	1.17049	2364	0	7
2026.05.13	12:45:00	1.17051	1.17053	1.16976	1.17015	1620	0	7
2026.05.13	13:00:00	1.17014	1.17053	1.17013	1.17035	1720	0	7
2026.05.13	13:15:00	1.17034	1.17044	1.17006	1.17032	1329	0	7
2026.05.13	13:30:00	1.17030	1.17089	1.17026	1.17087	1942	0	7
2026.05.13	13:45:00	1.17087	1.17120	1.17061	1.17098	2183	0	7
2026.05.13	14:00:00	1.17099	1.17122	1.17064	1.17102	2073	0	7
2026.05.13	14:15:00	1.17103	1.17109	1.17051	1.17101	1260	0	7
2026.05.13	14:30:00	1.17099	1.17113	1.17051	1.17054	1429	0	7
2026.05.13	14:45:00	1.17054	1.17099	1.17026	1.17073	1846	0	7
2026.05.13	15:00:00	1.17073	1.17114	1.17071	1.17084	1693	0	7
2026.05.13	15:15:00	1.17083	1.17129	1.17081	1.17107	1296	0	7
2026.05.13	15:30:00	1.17107	1.17159	1.17087	1.17143	1517	0	7
2026.05.13	15:45:00	1.17143	1.17146	1.17103	1.17106	1219	0	7
2026.05.13	16:00:00	1.17106	1.17128	1.17097	1.17117	1067	0	7
2026.05.13	16:15:00	1.17116	1.17172	1.17092	1.17163	1466	0	7
2026.05.13	16:30:00	1.17162	1.17176	1.17106	1.17108	1145	0	7
2026.05.13	16:45:00	1.17109	1.17127	1.17076	1.17083	829	0	7
2026.05.13	17:00:00	1.17083	1.17104	1.17078	1.17092	866	0	7
2026.05.13	17:15:00	1.17093	1.17105	1.17090	1.17096	579	0	7
2026.05.13	17:30:00	1.17095	1.17097	1.17062	1.17067	707	0	7
2026.05.13	17:45:00	1.17067	1.17078	1.17036	1.17038	795	0	7
2026.05.13	18:00:00	1.17038	1.17072	1.17037	1.17056	947	0	7
2026.05.13	18:15:00	1.17056	1.17074	1.17052	1.17064	945	0	7
2026.05.13	18:30:00	1.17063	1.17089	1.17059	1.17083	928	0	7
2026.05.13	18:45:00	1.17083	1.17102	1.17038	1.17073	1279	0	7
2026.05.13	19:00:00	1.17074	1.17101	1.17072	1.17097	748	0	7
2026.05.13	19:15:00	1.17097	1.17108	1.17086	1.17108	840	0	7
2026.05.13	19:30:00	1.17109	1.17127	1.17097	1.17099	641	0	7
2026.05.13	19:45:00	1.17100	1.17113	1.17084	1.17092	903	0	7
2026.05.13	20:00:00	1.17091	1.17119	1.17086	1.17114	679	0	7
2026.05.13	20:15:00	1.17114	1.17130	1.17111	1.17120	293	0	7
2026.05.13	20:30:00	1.17119	1.17130	1.17108	1.17128	227	0	7
2026.05.13	20:45:00	1.17126	1.17134	1.17125	1.17132	224	0	7
2026.05.13	21:00:00	1.17066	1.17147	1.17064	1.17132	37	0	24
2026.05.13	21:15:00	1.17132	1.17136	1.17129	1.17132	26	0	26
2026.05.13	21:30:00	1.17132	1.17148	1.17126	1.17132	62	0	24
2026.05.13	21:45:00	1.17132	1.17156	1.17120	1.17156	57	0	21
2026.05.13	22:00:00	1.17156	1.17174	1.17156	1.17170	137	0	7
2026.05.13	22:15:00	1.17171	1.17180	1.17166	1.17176	171	0	7
2026.05.13	22:30:00	1.17173	1.17185	1.17173	1.17179	152	0	7
2026.05.13	22:45:00	1.17179	1.17180	1.17166	1.17172	225	0	7
2026.05.13	23:00:00	1.17173	1.17180	1.17165	1.17170	233	0	7
2026.05.13	23:15:00	1.17169	1.17176	1.17164	1.17165	113	0	7
2026.05.13	23:30:00	1.17162	1.17165	1.17151	1.17156	187	0	7
2026.05.13	23:45:00	1.17156	1.17161	1.17150	1.17155	524	0	7
2026.05.14	00:00:00	1.17156	1.17176	1.17139	1.17174	903	0	7
2026.05.14	00:15:00	1.17175	1.17182	1.17149	1.17162	967	0	7
2026.05.14	00:30:00	1.17161	1.17175	1.17152	1.17158	662	0	7
2026.05.14	00:45:00	1.17157	1.17172	1.17150	1.17168	789	0	7
2026.05.14	01:00:00	1.17167	1.17171	1.17140	1.17152	1013	0	7
2026.05.14	01:15:00	1.17152	1.17162	1.17148	1.17157	739	0	7
2026.05.14	01:30:00	1.17157	1.17172	1.17147	1.17166	840	0	7
2026.05.14	01:45:00	1.17166	1.17171	1.17123	1.17135	824	0	7
2026.05.14	02:00:00	1.17135	1.17151	1.17129	1.17130	827	0	7
2026.05.14	02:15:00	1.17130	1.17139	1.17113	1.17137	757	0	7
2026.05.14	02:30:00	1.17138	1.17142	1.17129	1.17136	567	0	7
2026.05.14	02:45:00	1.17136	1.17138	1.17119	1.17121	629	0	7
2026.05.14	03:00:00	1.17121	1.17129	1.17094	1.17114	715	0	7
2026.05.14	03:15:00	1.17113	1.17143	1.17113	1.17141	608	0	7
2026.05.14	03:30:00	1.17141	1.17148	1.17134	1.17138	568	0	7
2026.05.14	03:45:00	1.17138	1.17146	1.17119	1.17121	481	0	7
2026.05.14	04:00:00	1.17121	1.17164	1.17113	1.17145	700	0	7
2026.05.14	04:15:00	1.17144	1.17160	1.17135	1.17150	466	0	7
2026.05.14	04:30:00	1.17150	1.17154	1.17142	1.17148	446	0	7
2026.05.14	04:45:00	1.17150	1.17171	1.17139	1.17142	418	0	7
2026.05.14	05:00:00	1.17143	1.17151	1.17118	1.17120	869	0	7
2026.05.14	05:15:00	1.17120	1.17135	1.17119	1.17130	570	0	7
2026.05.14	05:30:00	1.17130	1.17134	1.17113	1.17125	688	0	7
2026.05.14	05:45:00	1.17125	1.17157	1.17098	1.17100	1043	0	7
2026.05.14	06:00:00	1.17099	1.17123	1.17064	1.17074	1006	0	7
2026.05.14	06:15:00	1.17073	1.17144	1.17068	1.17130	1083	0	7
2026.05.14	06:30:00	1.17131	1.17153	1.17113	1.17145	958	0	7
2026.05.14	06:45:00	1.17145	1.17212	1.17144	1.17179	1614	0	7
2026.05.14	07:00:00	1.17181	1.17182	1.17128	1.17136	1543	0	7
2026.05.14	07:15:00	1.17135	1.17135	1.17088	1.17110	1298	0	7
2026.05.14	07:30:00	1.17110	1.17159	1.17109	1.17134	1194	0	7
2026.05.14	07:45:00	1.17135	1.17155	1.17057	1.17071	1369	0	7
2026.05.14	08:00:00	1.17071	1.17095	1.17045	1.17069	1193	0	7
2026.05.14	08:15:00	1.17073	1.17125	1.17070	1.17119	1222	0	7
2026.05.14	08:30:00	1.17118	1.17135	1.17084	1.17093	1122	0	7
2026.05.14	08:45:00	1.17094	1.17116	1.17089	1.17107	1204	0	7
2026.05.14	09:00:00	1.17109	1.17129	1.17088	1.17117	1047	0	7
2026.05.14	09:15:00	1.17116	1.17123	1.17093	1.17096	891	0	7
2026.05.14	09:30:00	1.17097	1.17103	1.17054	1.17085	1112	0	7
2026.05.14	09:45:00	1.17084	1.17114	1.17067	1.17071	1158	0	7
2026.05.14	10:00:00	1.17069	1.17126	1.17061	1.17089	1314	0	7
2026.05.14	10:15:00	1.17089	1.17100	1.17069	1.17095	1114	0	7
2026.05.14	10:30:00	1.17096	1.17106	1.17044	1.17058	1074	0	7
2026.05.14	10:45:00	1.17060	1.17099	1.17056	1.17084	1163	0	7
2026.05.14	11:00:00	1.17084	1.17087	1.17041	1.17074	1095	0	7
2026.05.14	11:15:00	1.17072	1.17073	1.17039	1.17043	862	0	7
2026.05.14	11:30:00	1.17042	1.17052	1.16994	1.17004	770	0	7
2026.05.14	11:45:00	1.17004	1.17037	1.16992	1.16994	1156	0	7
2026.05.14	12:00:00	1.16993	1.17052	1.16991	1.17051	1439	0	7
2026.05.14	12:15:00	1.17049	1.17052	1.17017	1.17017	1077	0	7
2026.05.14	12:30:00	1.17017	1.17046	1.16959	1.16959	1156	0	7
2026.05.14	12:45:00	1.16960	1.17009	1.16959	1.16969	1171	0	7
2026.05.14	13:00:00	1.16968	1.16985	1.16939	1.16969	1406	0	7
2026.05.14	13:15:00	1.16969	1.16971	1.16918	1.16945	977	0	7
2026.05.14	13:30:00	1.16945	1.16945	1.16853	1.16928	2101	0	7
2026.05.14	13:45:00	1.16924	1.16992	1.16879	1.16893	2375	0	7
2026.05.14	14:00:00	1.16893	1.16962	1.16859	1.16956	2059	0	7
2026.05.14	14:15:00	1.16956	1.16998	1.16924	1.16960	1677	0	7
2026.05.14	14:30:00	1.16959	1.16962	1.16929	1.16951	1549	0	7
2026.05.14	14:45:00	1.16951	1.16964	1.16782	1.16783	2757	0	7
2026.05.14	15:00:00	1.16780	1.16806	1.16728	1.16750	2328	0	7
2026.05.14	15:15:00	1.16749	1.16758	1.16713	1.16750	1653	0	7
2026.05.14	15:30:00	1.16750	1.16784	1.16743	1.16756	1600	0	7
2026.05.14	15:45:00	1.16756	1.16777	1.16747	1.16770	1014	0	7
2026.05.14	16:00:00	1.16771	1.16781	1.16732	1.16777	1343	0	7
2026.05.14	16:15:00	1.16777	1.16809	1.16722	1.16740	1412	0	7
2026.05.14	16:30:00	1.16738	1.16750	1.16705	1.16726	1316	0	7
2026.05.14	16:45:00	1.16726	1.16761	1.16724	1.16760	1298	0	7
2026.05.14	17:00:00	1.16761	1.16798	1.16756	1.16765	1241	0	7
2026.05.14	17:15:00	1.16765	1.16786	1.16755	1.16776	1222	0	7
2026.05.14	17:30:00	1.16775	1.16801	1.16765	1.16796	1073	0	7
2026.05.14	17:45:00	1.16796	1.16804	1.16769	1.16775	896	0	7
2026.05.14	18:00:00	1.16776	1.16778	1.16746	1.16777	1166	0	7
2026.05.14	18:15:00	1.16778	1.16781	1.16756	1.16764	967	0	7
2026.05.14	18:30:00	1.16763	1.16770	1.16735	1.16748	784	0	7
2026.05.14	18:45:00	1.16747	1.16771	1.16739	1.16770	839	0	7
2026.05.14	19:00:00	1.16770	1.16787	1.16763	1.16767	737	0	7
2026.05.14	19:15:00	1.16767	1.16770	1.16734	1.16735	873	0	7
2026.05.14	19:30:00	1.16734	1.16745	1.16696	1.16699	949	0	7
2026.05.14	19:45:00	1.16700	1.16706	1.16683	1.16706	1008	0	7
2026.05.14	20:00:00	1.16706	1.16717	1.16676	1.16679	614	0	7
2026.05.14	20:15:00	1.16679	1.16695	1.16655	1.16665	467	0	7
2026.05.14	20:30:00	1.16666	1.16680	1.16658	1.16669	425	0	7
2026.05.14	20:45:00	1.16669	1.16688	1.16665	1.16682	377	0	7
2026.05.14	21:00:00	1.16666	1.16688	1.16654	1.16680	24	0	25
2026.05.14	21:15:00	1.16680	1.16698	1.16672	1.16693	85	0	24
2026.05.14	21:30:00	1.16693	1.16738	1.16693	1.16699	122	0	24
2026.05.14	21:45:00	1.16699	1.16707	1.16688	1.16703	89	0	24
2026.05.14	22:00:00	1.16703	1.16710	1.16680	1.16689	182	0	7
2026.05.14	22:15:00	1.16689	1.16702	1.16685	1.16696	164	0	7
2026.05.14	22:30:00	1.16694	1.16707	1.16691	1.16707	237	0	7
2026.05.14	22:45:00	1.16706	1.16707	1.16690	1.16693	185	0	7
2026.05.14	23:00:00	1.16692	1.16695	1.16625	1.16626	299	0	7
2026.05.14	23:15:00	1.16626	1.16640	1.16617	1.16638	327	0	7
2026.05.14	23:30:00	1.16638	1.16640	1.16620	1.16636	273	0	7
2026.05.14	23:45:00	1.16635	1.16647	1.16610	1.16615	562	0	7
2026.05.15	00:00:00	1.16616	1.16625	1.16567	1.16597	1194	0	7
2026.05.15	00:15:00	1.16597	1.16633	1.16585	1.16586	891	0	7
2026.05.15	00:30:00	1.16586	1.16589	1.16523	1.16540	1002	0	7
2026.05.15	00:45:00	1.16541	1.16562	1.16519	1.16550	995	0	7
2026.05.15	01:00:00	1.16551	1.16562	1.16534	1.16551	1100	0	7
2026.05.15	01:15:00	1.16551	1.16551	1.16487	1.16490	1317	0	7
2026.05.15	01:30:00	1.16491	1.16518	1.16459	1.16502	1514	0	7
2026.05.15	01:45:00	1.16504	1.16507	1.16464	1.16466	1109	0	7
2026.05.15	02:00:00	1.16465	1.16483	1.16453	1.16476	850	0	7
2026.05.15	02:15:00	1.16476	1.16532	1.16471	1.16507	730	0	7
2026.05.15	02:30:00	1.16508	1.16535	1.16500	1.16532	711	0	7
2026.05.15	02:45:00	1.16533	1.16572	1.16525	1.16532	931	0	7
2026.05.15	03:00:00	1.16530	1.16547	1.16515	1.16516	792	0	7
2026.05.15	03:15:00	1.16515	1.16523	1.16503	1.16522	740	0	7
2026.05.15	03:30:00	1.16522	1.16532	1.16496	1.16519	758	0	7
2026.05.15	03:45:00	1.16519	1.16524	1.16512	1.16517	550	0	7
2026.05.15	04:00:00	1.16517	1.16523	1.16503	1.16522	575	0	7
2026.05.15	04:15:00	1.16522	1.16523	1.16510	1.16513	534	0	7
2026.05.15	04:30:00	1.16512	1.16516	1.16487	1.16491	638	0	7
2026.05.15	04:45:00	1.16489	1.16493	1.16461	1.16470	793	0	7
2026.05.15	05:00:00	1.16471	1.16473	1.16425	1.16448	1310	0	7
2026.05.15	05:15:00	1.16448	1.16477	1.16431	1.16471	760	0	7
2026.05.15	05:30:00	1.16468	1.16473	1.16439	1.16439	917	0	7
2026.05.15	05:45:00	1.16439	1.16439	1.16323	1.16323	1690	0	7
2026.05.15	06:00:00	1.16321	1.16432	1.16321	1.16408	2137	0	7
2026.05.15	06:15:00	1.16408	1.16428	1.16375	1.16379	1714	0	6
2026.05.15	06:30:00	1.16379	1.16428	1.16367	1.16388	1566	0	7
2026.05.15	06:45:00	1.16388	1.16417	1.16325	1.16346	1498	0	7
2026.05.15	07:00:00	1.16346	1.16457	1.16315	1.16431	2014	0	7
2026.05.15	07:15:00	1.16430	1.16486	1.16412	1.16423	1653	0	7
2026.05.15	07:30:00	1.16423	1.16428	1.16385	1.16402	1473	0	7
2026.05.15	07:45:00	1.16402	1.16408	1.16355	1.16363	1426	0	7
2026.05.15	08:00:00	1.16372	1.16379	1.16325	1.16342	2007	0	7
2026.05.15	08:15:00	1.16341	1.16347	1.16307	1.16323	1677	0	7
2026.05.15	08:30:00	1.16324	1.16358	1.16305	1.16357	1683	0	7
2026.05.15	08:45:00	1.16357	1.16361	1.16301	1.16327	1478	0	7
2026.05.15	09:00:00	1.16328	1.16333	1.16196	1.16197	1661	0	7
2026.05.15	09:15:00	1.16196	1.16262	1.16170	1.16247	1937	0	7
2026.05.15	09:30:00	1.16246	1.16262	1.16220	1.16230	1509	0	7
2026.05.15	09:45:00	1.16230	1.16285	1.16216	1.16276	1911	0	7
2026.05.15	10:00:00	1.16277	1.16356	1.16270	1.16349	1535	0	7
2026.05.15	10:15:00	1.16347	1.16403	1.16329	1.16370	1597	0	7
2026.05.15	10:30:00	1.16370	1.16447	1.16360	1.16444	1505	0	7
2026.05.15	10:45:00	1.16443	1.16552	1.16436	1.16490	2719	0	7
2026.05.15	11:00:00	1.16490	1.16497	1.16404	1.16457	1665	0	7
2026.05.15	11:15:00	1.16456	1.16466	1.16395	1.16396	1340	0	7
2026.05.15	11:30:00	1.16396	1.16400	1.16328	1.16328	1396	0	7
2026.05.15	11:45:00	1.16327	1.16342	1.16289	1.16313	1221	0	7
2026.05.15	12:00:00	1.16311	1.16318	1.16257	1.16270	1697	0	7
2026.05.15	12:15:00	1.16270	1.16308	1.16259	1.16291	1467	0	7
2026.05.15	12:30:00	1.16290	1.16292	1.16199	1.16202	1634	0	7
2026.05.15	12:45:00	1.16202	1.16288	1.16186	1.16259	1668	0	7
2026.05.15	13:00:00	1.16263	1.16293	1.16227	1.16282	1889	0	7
2026.05.15	13:15:00	1.16283	1.16319	1.16257	1.16288	1574	0	7
2026.05.15	13:30:00	1.16288	1.16298	1.16231	1.16232	2287	0	7
2026.05.15	13:45:00	1.16232	1.16254	1.16187	1.16231	2351	0	7
2026.05.15	14:00:00	1.16230	1.16297	1.16211	1.16261	2129	0	7
2026.05.15	14:15:00	1.16261	1.16376	1.16261	1.16320	2412	0	7
2026.05.15	14:30:00	1.16320	1.16336	1.16267	1.16269	2132	0	7
2026.05.15	14:45:00	1.16268	1.16304	1.16231	1.16291	2304	0	7
2026.05.15	15:00:00	1.16289	1.16307	1.16243	1.16280	2270	0	7
2026.05.15	15:15:00	1.16278	1.16292	1.16203	1.16228	1772	0	7
2026.05.15	15:30:00	1.16228	1.16258	1.16216	1.16230	1704	0	7
2026.05.15	15:45:00	1.16229	1.16261	1.16205	1.16261	1666	0	7
2026.05.15	16:00:00	1.16263	1.16269	1.16227	1.16242	1600	0	7
2026.05.15	16:15:00	1.16241	1.16275	1.16236	1.16272	1181	0	7
2026.05.15	16:30:00	1.16273	1.16309	1.16265	1.16307	1234	0	7
2026.05.15	16:45:00	1.16307	1.16310	1.16265	1.16298	1071	0	7
2026.05.15	17:00:00	1.16296	1.16336	1.16284	1.16335	1108	0	7
2026.05.15	17:15:00	1.16335	1.16354	1.16317	1.16321	1091	0	7
2026.05.15	17:30:00	1.16319	1.16332	1.16280	1.16281	1126	0	7
2026.05.15	17:45:00	1.16282	1.16298	1.16264	1.16265	893	0	7
2026.05.15	18:00:00	1.16266	1.16269	1.16229	1.16247	1036	0	7
2026.05.15	18:15:00	1.16246	1.16247	1.16205	1.16213	1311	0	7
2026.05.15	18:30:00	1.16213	1.16213	1.16164	1.16199	1198	0	7
2026.05.15	18:45:00	1.16200	1.16233	1.16192	1.16216	1008	0	7
2026.05.15	19:00:00	1.16220	1.16223	1.16197	1.16197	805	0	7
2026.05.15	19:15:00	1.16198	1.16218	1.16191	1.16211	666	0	7
2026.05.15	19:30:00	1.16212	1.16228	1.16188	1.16190	903	0	7
2026.05.15	19:45:00	1.16190	1.16223	1.16189	1.16211	1037	0	7
2026.05.15	20:00:00	1.16211	1.16221	1.16188	1.16212	629	0	7
2026.05.15	20:15:00	1.16212	1.16222	1.16202	1.16206	347	0	7
2026.05.15	20:30:00	1.16206	1.16246	1.16206	1.16245	401	0	7
2026.05.15	20:45:00	1.16245	1.16256	1.16227	1.16234	653	0	7
2026.05.17	21:00:00	1.16151	1.16222	1.16151	1.16216	24	0	22
2026.05.17	21:15:00	1.16216	1.16232	1.16196	1.16212	31	0	7
2026.05.17	21:30:00	1.16212	1.16214	1.16187	1.16187	21	0	10
2026.05.17	21:45:00	1.16187	1.16207	1.16150	1.16198	83	0	7
2026.05.17	22:00:00	1.16228	1.16239	1.16171	1.16206	162	0	6
2026.05.17	22:15:00	1.16223	1.16226	1.16190	1.16197	195	0	12
2026.05.17	22:30:00	1.16203	1.16235	1.16187	1.16232	304	0	7
2026.05.17	22:45:00	1.16232	1.16233	1.16221	1.16227	193	0	7
2026.05.17	23:00:00	1.16228	1.16232	1.16200	1.16207	336	0	7
2026.05.17	23:15:00	1.16206	1.16216	1.16188	1.16193	377	0	7
2026.05.17	23:30:00	1.16193	1.16193	1.16116	1.16144	633	0	7
2026.05.17	23:45:00	1.16143	1.16148	1.16120	1.16133	882	0	7
2026.05.18	00:00:00	1.16133	1.16207	1.16130	1.16152	1526	0	7
2026.05.18	00:15:00	1.16151	1.16174	1.16137	1.16147	1345	0	7
2026.05.18	00:30:00	1.16147	1.16157	1.16101	1.16103	1068	0	7
2026.05.18	00:45:00	1.16103	1.16124	1.16080	1.16112	1500	0	7
2026.05.18	01:00:00	1.16112	1.16133	1.16081	1.16110	1693	0	7
2026.05.18	01:15:00	1.16110	1.16136	1.16096	1.16127	1743	0	7
2026.05.18	01:30:00	1.16128	1.16163	1.16122	1.16141	1596	0	7
2026.05.18	01:45:00	1.16142	1.16185	1.16122	1.16172	1354	0	7
2026.05.18	02:00:00	1.16168	1.16169	1.16127	1.16161	1378	0	7
2026.05.18	02:15:00	1.16160	1.16181	1.16156	1.16174	841	0	7
2026.05.18	02:30:00	1.16172	1.16192	1.16156	1.16164	861	0	7
2026.05.18	02:45:00	1.16164	1.16172	1.16136	1.16151	1055	0	7
2026.05.18	03:00:00	1.16152	1.16173	1.16151	1.16171	915	0	7
2026.05.18	03:15:00	1.16172	1.16203	1.16165	1.16198	730	0	7
2026.05.18	03:30:00	1.16197	1.16212	1.16177	1.16211	1049	0	7
2026.05.18	03:45:00	1.16212	1.16222	1.16201	1.16215	824	0	7
2026.05.18	04:00:00	1.16215	1.16258	1.16212	1.16252	932	0	7
2026.05.18	04:15:00	1.16252	1.16258	1.16205	1.16210	753	0	7
2026.05.18	04:30:00	1.16209	1.16229	1.16206	1.16217	775	0	7
2026.05.18	04:45:00	1.16218	1.16224	1.16187	1.16203	855	0	7
2026.05.18	05:00:00	1.16202	1.16216	1.16179	1.16182	1158	0	7
2026.05.18	05:15:00	1.16181	1.16207	1.16165	1.16198	845	0	7
2026.05.18	05:30:00	1.16198	1.16216	1.16183	1.16199	1007	0	7
2026.05.18	05:45:00	1.16197	1.16229	1.16193	1.16227	1034	0	7
2026.05.18	06:00:00	1.16227	1.16278	1.16213	1.16278	1567	0	7
2026.05.18	06:15:00	1.16277	1.16333	1.16276	1.16304	1274	0	7
2026.05.18	06:30:00	1.16304	1.16359	1.16297	1.16346	1207	0	7
2026.05.18	06:45:00	1.16346	1.16362	1.16334	1.16354	1276	0	7
2026.05.18	07:00:00	1.16354	1.16364	1.16313	1.16325	1532	0	7
2026.05.18	07:15:00	1.16325	1.16391	1.16314	1.16367	1536	0	7
2026.05.18	07:30:00	1.16365	1.16401	1.16350	1.16357	1572	0	7
2026.05.18	07:45:00	1.16356	1.16363	1.16311	1.16316	1601	0	7
2026.05.18	08:00:00	1.16316	1.16333	1.16286	1.16332	1239	0	7
2026.05.18	08:15:00	1.16332	1.16374	1.16330	1.16374	1297	0	7
2026.05.18	08:30:00	1.16377	1.16448	1.16366	1.16375	1347	0	7
2026.05.18	08:45:00	1.16376	1.16449	1.16376	1.16412	1314	0	7
2026.05.18	09:00:00	1.16412	1.16423	1.16372	1.16383	1352	0	7
2026.05.18	09:15:00	1.16382	1.16397	1.16371	1.16393	1220	0	7
2026.05.18	09:30:00	1.16392	1.16409	1.16374	1.16383	974	0	7
2026.05.18	09:45:00	1.16383	1.16388	1.16348	1.16348	1069	0	7
2026.05.18	10:00:00	1.16346	1.16364	1.16319	1.16352	1007	0	7
2026.05.18	10:15:00	1.16352	1.16361	1.16334	1.16358	983	0	7
2026.05.18	10:30:00	1.16357	1.16361	1.16318	1.16339	961	0	7
2026.05.18	10:45:00	1.16338	1.16341	1.16261	1.16267	948	0	7
2026.05.18	11:00:00	1.16267	1.16305	1.16262	1.16293	1340	0	7
2026.05.18	11:15:00	1.16292	1.16332	1.16280	1.16304	1106	0	7
2026.05.18	11:30:00	1.16304	1.16493	1.16300	1.16488	2440	0	7
2026.05.18	11:45:00	1.16492	1.16492	1.16383	1.16413	2280	0	7
2026.05.18	12:00:00	1.16416	1.16489	1.16406	1.16471	1572	0	7
2026.05.18	12:15:00	1.16471	1.16472	1.16423	1.16462	1664	0	7
2026.05.18	12:30:00	1.16462	1.16542	1.16455	1.16533	2388	0	7
2026.05.18	12:45:00	1.16532	1.16569	1.16485	1.16510	2329	0	7
2026.05.18	13:00:00	1.16509	1.16536	1.16465	1.16499	2223	0	7
2026.05.18	13:15:00	1.16499	1.16499	1.16450	1.16495	1759	0	7
2026.05.18	13:30:00	1.16495	1.16501	1.16435	1.16463	2383	0	7
2026.05.18	13:45:00	1.16462	1.16558	1.16461	1.16508	2671	0	7
2026.05.18	14:00:00	1.16508	1.16530	1.16426	1.16451	2591	0	6
2026.05.18	14:15:00	1.16452	1.16469	1.16416	1.16452	2083	0	7
2026.05.18	14:30:00	1.16451	1.16472	1.16410	1.16425	2094	0	7
2026.05.18	14:45:00	1.16424	1.16466	1.16415	1.16415	1935	0	7
2026.05.18	15:00:00	1.16415	1.16420	1.16329	1.16392	2824	0	7
2026.05.18	15:15:00	1.16392	1.16424	1.16363	1.16402	2201	0	7
2026.05.18	15:30:00	1.16403	1.16488	1.16385	1.16471	1978	0	7
2026.05.18	15:45:00	1.16473	1.16527	1.16451	1.16482	2068	0	7
2026.05.18	16:00:00	1.16482	1.16539	1.16436	1.16538	1803	0	7
2026.05.18	16:15:00	1.16538	1.16558	1.16485	1.16494	1967	0	7
2026.05.18	16:30:00	1.16494	1.16537	1.16477	1.16502	1507	0	7
2026.05.18	16:45:00	1.16504	1.16541	1.16501	1.16511	1391	0	7
2026.05.18	17:00:00	1.16504	1.16527	1.16493	1.16496	1366	0	7
2026.05.18	17:15:00	1.16496	1.16531	1.16491	1.16512	970	0	7
2026.05.18	17:30:00	1.16512	1.16530	1.16495	1.16513	980	0	7
2026.05.18	17:45:00	1.16513	1.16518	1.16477	1.16478	992	0	7
2026.05.18	18:00:00	1.16478	1.16485	1.16448	1.16453	1460	0	7
2026.05.18	18:15:00	1.16452	1.16454	1.16364	1.16384	1659	0	7
2026.05.18	18:30:00	1.16390	1.16394	1.16351	1.16368	1731	0	7
2026.05.18	18:45:00	1.16368	1.16370	1.16283	1.16289	1405	0	7
2026.05.18	19:00:00	1.16292	1.16560	1.16288	1.16458	2831	0	6
2026.05.18	19:15:00	1.16458	1.16509	1.16442	1.16471	1711	0	7
2026.05.18	19:30:00	1.16473	1.16523	1.16469	1.16514	1548	0	7
2026.05.18	19:45:00	1.16513	1.16552	1.16505	1.16507	1658	0	7
2026.05.18	20:00:00	1.16509	1.16572	1.16509	1.16570	714	0	7
2026.05.18	20:15:00	1.16570	1.16606	1.16570	1.16589	394	0	7
2026.05.18	20:30:00	1.16588	1.16590	1.16543	1.16574	533	0	7
2026.05.18	20:45:00	1.16573	1.16573	1.16544	1.16548	576	0	7
2026.05.18	21:00:00	1.16540	1.16540	1.16477	1.16520	34	0	30
2026.05.18	21:15:00	1.16520	1.16527	1.16479	1.16505	36	0	41
2026.05.18	21:30:00	1.16505	1.16582	1.16494	1.16572	124	0	24
2026.05.18	21:45:00	1.16572	1.16604	1.16550	1.16584	168	0	17
2026.05.18	22:00:00	1.16578	1.16616	1.16570	1.16592	193	0	7
2026.05.18	22:15:00	1.16592	1.16598	1.16583	1.16587	178	0	7
2026.05.18	22:30:00	1.16587	1.16601	1.16582	1.16582	282	0	7
2026.05.18	22:45:00	1.16583	1.16585	1.16574	1.16575	158	0	7
2026.05.18	23:00:00	1.16574	1.16583	1.16563	1.16564	241	0	7
2026.05.18	23:15:00	1.16564	1.16582	1.16559	1.16581	455	0	7
2026.05.18	23:30:00	1.16581	1.16583	1.16543	1.16573	543	0	7
2026.05.18	23:45:00	1.16573	1.16574	1.16543	1.16544	381	0	7
2026.05.19	00:00:00	1.16546	1.16556	1.16493	1.16505	1315	0	7
2026.05.19	00:15:00	1.16505	1.16537	1.16487	1.16503	968	0	7
2026.05.19	00:30:00	1.16502	1.16506	1.16448	1.16455	972	0	7
2026.05.19	00:45:00	1.16455	1.16462	1.16435	1.16442	945	0	7
2026.05.19	01:00:00	1.16442	1.16458	1.16429	1.16446	1311	0	7
2026.05.19	01:15:00	1.16447	1.16468	1.16435	1.16459	1052	0	7
2026.05.19	01:30:00	1.16458	1.16523	1.16440	1.16519	1149	0	7
2026.05.19	01:45:00	1.16519	1.16521	1.16459	1.16461	1185	0	7
2026.05.19	02:00:00	1.16459	1.16459	1.16405	1.16429	1215	0	7
2026.05.19	02:15:00	1.16428	1.16468	1.16417	1.16447	834	0	7
2026.05.19	02:30:00	1.16447	1.16465	1.16432	1.16443	1021	0	7
2026.05.19	02:45:00	1.16443	1.16453	1.16412	1.16428	868	0	7
2026.05.19	03:00:00	1.16427	1.16433	1.16403	1.16425	967	0	7
2026.05.19	03:15:00	1.16425	1.16454	1.16419	1.16444	928	0	7
2026.05.19	03:30:00	1.16444	1.16450	1.16434	1.16435	749	0	7
2026.05.19	03:45:00	1.16434	1.16434	1.16407	1.16407	891	0	7
2026.05.19	04:00:00	1.16409	1.16428	1.16401	1.16420	909	0	7
2026.05.19	04:15:00	1.16420	1.16429	1.16402	1.16408	692	0	7
2026.05.19	04:30:00	1.16408	1.16421	1.16373	1.16374	696	0	7
2026.05.19	04:45:00	1.16376	1.16380	1.16349	1.16363	712	0	7
2026.05.19	05:00:00	1.16363	1.16393	1.16350	1.16383	774	0	7
2026.05.19	05:15:00	1.16384	1.16387	1.16334	1.16352	834	0	7
2026.05.19	05:30:00	1.16352	1.16391	1.16341	1.16382	889	0	7
2026.05.19	05:45:00	1.16381	1.16427	1.16375	1.16418	1142	0	7
2026.05.19	06:00:00	1.16421	1.16423	1.16375	1.16402	1391	0	7
2026.05.19	06:15:00	1.16401	1.16454	1.16396	1.16425	1201	0	7
2026.05.19	06:30:00	1.16425	1.16428	1.16382	1.16419	1288	0	7
2026.05.19	06:45:00	1.16419	1.16422	1.16357	1.16364	1360	0	7
2026.05.19	07:00:00	1.16362	1.16363	1.16303	1.16339	1886	0	7
2026.05.19	07:15:00	1.16340	1.16345	1.16296	1.16313	1457	0	7
2026.05.19	07:30:00	1.16313	1.16334	1.16301	1.16307	1378	0	7
2026.05.19	07:45:00	1.16309	1.16371	1.16307	1.16345	1670	0	7
2026.05.19	08:00:00	1.16345	1.16357	1.16257	1.16278	1861	0	7
2026.05.19	08:15:00	1.16278	1.16320	1.16269	1.16299	1800	0	7
2026.05.19	08:30:00	1.16299	1.16335	1.16257	1.16270	1499	0	7
2026.05.19	08:45:00	1.16269	1.16280	1.16218	1.16230	1423	0	7
2026.05.19	09:00:00	1.16229	1.16230	1.16159	1.16171	1603	0	7
2026.05.19	09:15:00	1.16171	1.16193	1.16142	1.16174	1431	0	7
2026.05.19	09:30:00	1.16175	1.16193	1.16146	1.16177	1394	0	7
2026.05.19	09:45:00	1.16176	1.16202	1.16161	1.16191	1204	0	7
2026.05.19	10:00:00	1.16191	1.16256	1.16182	1.16251	1241	0	7
2026.05.19	10:15:00	1.16250	1.16263	1.16228	1.16244	930	0	7
2026.05.19	10:30:00	1.16245	1.16251	1.16104	1.16122	1647	0	7
2026.05.19	10:45:00	1.16123	1.16232	1.16118	1.16218	1923	0	7
2026.05.19	11:00:00	1.16218	1.16220	1.16177	1.16180	1591	0	7
2026.05.19	11:15:00	1.16179	1.16200	1.16165	1.16185	1381	0	7
2026.05.19	11:30:00	1.16185	1.16222	1.16184	1.16214	1197	0	7
2026.05.19	11:45:00	1.16214	1.16220	1.16160	1.16163	1385	0	7
2026.05.19	12:00:00	1.16163	1.16226	1.16148	1.16216	1826	0	7
2026.05.19	12:15:00	1.16216	1.16236	1.16197	1.16217	1268	0	7
2026.05.19	12:30:00	1.16215	1.16233	1.16165	1.16178	1667	0	7
2026.05.19	12:45:00	1.16179	1.16215	1.16155	1.16164	1753	0	7
2026.05.19	13:00:00	1.16161	1.16176	1.16113	1.16145	2143	0	7
2026.05.19	13:15:00	1.16144	1.16149	1.16039	1.16053	2086	0	7
2026.05.19	13:30:00	1.16059	1.16095	1.16012	1.16090	2816	0	7
2026.05.19	13:45:00	1.16090	1.16153	1.16075	1.16134	2678	0	7
2026.05.19	14:00:00	1.16133	1.16166	1.16049	1.16049	2743	0	7
2026.05.19	14:15:00	1.16050	1.16062	1.15946	1.16004	2766	0	7
2026.05.19	14:30:00	1.16003	1.16011	1.15946	1.15958	2727	0	7
2026.05.19	14:45:00	1.15958	1.16005	1.15951	1.15952	2515	0	7
2026.05.19	15:00:00	1.15952	1.15978	1.15918	1.15946	2270	0	7
2026.05.19	15:15:00	1.15946	1.15978	1.15929	1.15955	2041	0	7
2026.05.19	15:30:00	1.15956	1.16026	1.15944	1.15995	1653	0	7
2026.05.19	15:45:00	1.15995	1.16025	1.15989	1.16016	1551	0	7
2026.05.19	16:00:00	1.16017	1.16022	1.15953	1.15986	1693	0	7
2026.05.19	16:15:00	1.15985	1.16055	1.15972	1.16048	1339	0	7
2026.05.19	16:30:00	1.16046	1.16090	1.16035	1.16082	1800	0	7
2026.05.19	16:45:00	1.16082	1.16086	1.16054	1.16067	1309	0	7
2026.05.19	17:00:00	1.16066	1.16119	1.16062	1.16112	1228	0	7
2026.05.19	17:15:00	1.16113	1.16116	1.16082	1.16091	1089	0	7
2026.05.19	17:30:00	1.16091	1.16103	1.16069	1.16099	1097	0	7
2026.05.19	17:45:00	1.16099	1.16113	1.16078	1.16104	1051	0	7
2026.05.19	18:00:00	1.16105	1.16144	1.16102	1.16120	926	0	7
2026.05.19	18:15:00	1.16119	1.16125	1.16078	1.16082	1115	0	7
2026.05.19	18:30:00	1.16081	1.16094	1.16062	1.16089	1381	0	7
2026.05.19	18:45:00	1.16088	1.16089	1.16024	1.16030	1337	0	7
2026.05.19	19:00:00	1.16025	1.16064	1.16023	1.16051	1123	0	7
2026.05.19	19:15:00	1.16053	1.16059	1.16023	1.16043	772	0	7
2026.05.19	19:30:00	1.16044	1.16076	1.16034	1.16074	909	0	7
2026.05.19	19:45:00	1.16074	1.16075	1.16040	1.16061	836	0	7
2026.05.19	20:00:00	1.16061	1.16062	1.16030	1.16040	430	0	7
2026.05.19	20:15:00	1.16038	1.16045	1.16030	1.16044	233	0	7
2026.05.19	20:30:00	1.16050	1.16065	1.16049	1.16050	247	0	8
2026.05.19	20:45:00	1.16049	1.16065	1.16040	1.16059	267	0	8
2026.05.19	21:00:00	1.16002	1.16054	1.15995	1.16049	70	0	37
2026.05.19	21:15:00	1.16049	1.16075	1.15996	1.16075	66	0	18
2026.05.19	21:30:00	1.16075	1.16082	1.16061	1.16075	64	0	18
2026.05.19	21:45:00	1.16075	1.16075	1.16048	1.16059	67	0	17
2026.05.19	22:00:00	1.16046	1.16064	1.16020	1.16060	98	0	15
2026.05.19	22:15:00	1.16062	1.16080	1.16060	1.16077	166	0	8
2026.05.19	22:30:00	1.16077	1.16085	1.16063	1.16065	208	0	8
2026.05.19	22:45:00	1.16066	1.16085	1.16063	1.16083	360	0	8
2026.05.19	23:00:00	1.16082	1.16089	1.16073	1.16088	261	0	8
2026.05.19	23:15:00	1.16088	1.16102	1.16088	1.16101	163	0	8
2026.05.19	23:30:00	1.16100	1.16126	1.16095	1.16111	483	0	8
2026.05.19	23:45:00	1.16110	1.16111	1.16060	1.16065	663	0	8
2026.05.20	00:00:00	1.16060	1.16066	1.16029	1.16045	1605	0	7
2026.05.20	00:15:00	1.16046	1.16100	1.16035	1.16082	1492	0	7
2026.05.20	00:30:00	1.16084	1.16103	1.16034	1.16040	1431	0	7
2026.05.20	00:45:00	1.16040	1.16056	1.16005	1.16010	1473	0	7
2026.05.20	01:00:00	1.16006	1.16020	1.15978	1.15983	1682	0	7
2026.05.20	01:15:00	1.15982	1.16001	1.15949	1.15955	1248	0	7
2026.05.20	01:30:00	1.15955	1.15973	1.15933	1.15950	1500	0	7
2026.05.20	01:45:00	1.15950	1.16025	1.15940	1.15969	1695	0	7
2026.05.20	02:00:00	1.15972	1.16000	1.15965	1.15996	1094	0	7
2026.05.20	02:15:00	1.15996	1.16026	1.15979	1.15987	1098	0	7
2026.05.20	02:30:00	1.15987	1.15990	1.15941	1.15973	1626	0	7
2026.05.20	02:45:00	1.15971	1.15991	1.15965	1.15975	1047	0	7
2026.05.20	03:00:00	1.15974	1.15981	1.15950	1.15972	979	0	7
2026.05.20	03:15:00	1.15971	1.16025	1.15969	1.16020	1018	0	7
2026.05.20	03:30:00	1.16018	1.16051	1.16008	1.16045	1097	0	7
2026.05.20	03:45:00	1.16046	1.16052	1.16014	1.16019	686	0	7
2026.05.20	04:00:00	1.16020	1.16064	1.16019	1.16047	888	0	7
2026.05.20	04:15:00	1.16048	1.16048	1.16016	1.16027	716	0	7
2026.05.20	04:30:00	1.16027	1.16028	1.15967	1.15981	723	0	7
2026.05.20	04:45:00	1.15979	1.15994	1.15968	1.15969	783	0	7
2026.05.20	05:00:00	1.15967	1.16012	1.15967	1.15983	1060	0	7
2026.05.20	05:15:00	1.15983	1.16005	1.15945	1.15947	924	0	7
2026.05.20	05:30:00	1.15947	1.15992	1.15943	1.15954	962	0	7
2026.05.20	05:45:00	1.15953	1.15955	1.15914	1.15951	1077	0	7
2026.05.20	06:00:00	1.15952	1.15982	1.15929	1.15980	1483	0	7
2026.05.20	06:15:00	1.15980	1.16056	1.15980	1.16045	1683	0	7
2026.05.20	06:30:00	1.16046	1.16046	1.15977	1.15993	1286	0	7
2026.05.20	06:45:00	1.15993	1.15996	1.15928	1.15962	1401	0	7
2026.05.20	07:00:00	1.15962	1.16012	1.15947	1.15981	1471	0	7
2026.05.20	07:15:00	1.15982	1.16000	1.15955	1.15971	1204	0	7
2026.05.20	07:30:00	1.15971	1.15976	1.15938	1.15938	1259	0	7
2026.05.20	07:45:00	1.15938	1.15945	1.15917	1.15928	1302	0	7
2026.05.20	08:00:00	1.15929	1.15947	1.15868	1.15874	1563	0	7
2026.05.20	08:15:00	1.15873	1.15895	1.15833	1.15885	1626	0	7
2026.05.20	08:30:00	1.15887	1.15940	1.15874	1.15930	1405	0	7
2026.05.20	08:45:00	1.15930	1.15940	1.15897	1.15900	1198	0	7
2026.05.20	09:00:00	1.15898	1.15941	1.15895	1.15928	1236	0	7
2026.05.20	09:15:00	1.15927	1.15942	1.15899	1.15910	1021	0	7
2026.05.20	09:30:00	1.15910	1.15925	1.15904	1.15906	938	0	7
2026.05.20	09:45:00	1.15907	1.15919	1.15878	1.15879	954	0	7
2026.05.20	10:00:00	1.15878	1.15933	1.15870	1.15927	1025	0	7
2026.05.20	10:15:00	1.15926	1.15963	1.15918	1.15946	933	0	7
2026.05.20	10:30:00	1.15946	1.16023	1.15939	1.16001	1188	0	7
2026.05.20	10:45:00	1.16000	1.16026	1.15992	1.16007	903	0	7
2026.05.20	11:00:00	1.16008	1.16008	1.15959	1.15978	1106	0	7
2026.05.20	11:15:00	1.15977	1.16020	1.15959	1.16019	1128	0	7
2026.05.20	11:30:00	1.16019	1.16052	1.16008	1.16016	1206	0	6
2026.05.20	11:45:00	1.16015	1.16029	1.15977	1.16005	1470	0	7
2026.05.20	12:00:00	1.16005	1.16040	1.15989	1.16014	1483	0	7
2026.05.20	12:15:00	1.16015	1.16023	1.15955	1.15985	1632	0	7
2026.05.20	12:30:00	1.15985	1.16013	1.15962	1.15983	1335	0	7
2026.05.20	12:45:00	1.15984	1.15996	1.15935	1.15950	1036	0	7
2026.05.20	13:00:00	1.15950	1.15952	1.15916	1.15930	1279	0	7
2026.05.20	13:15:00	1.15929	1.15935	1.15900	1.15905	1451	0	7
2026.05.20	13:30:00	1.15904	1.15932	1.15889	1.15926	1956	0	7
2026.05.20	13:45:00	1.15926	1.15969	1.15887	1.15905	2339	0	7
2026.05.20	14:00:00	1.15908	1.15908	1.15824	1.15883	2283	0	7
2026.05.20	14:15:00	1.15883	1.16201	1.15883	1.16127	3894	0	7
2026.05.20	14:30:00	1.16127	1.16236	1.16113	1.16165	3105	0	7
2026.05.20	14:45:00	1.16167	1.16237	1.16154	1.16179	3012	0	7
2026.05.20	15:00:00	1.16178	1.16227	1.16126	1.16145	2501	0	7
2026.05.20	15:15:00	1.16145	1.16448	1.16141	1.16249	3680	0	7
2026.05.20	15:30:00	1.16248	1.16343	1.16247	1.16268	2501	0	7
2026.05.20	15:45:00	1.16272	1.16288	1.16169	1.16188	2074	0	7
2026.05.20	16:00:00	1.16187	1.16303	1.16184	1.16282	1871	0	7
2026.05.20	16:15:00	1.16282	1.16305	1.16212	1.16234	1966	0	7
2026.05.20	16:30:00	1.16236	1.16274	1.16194	1.16273	1674	0	7
2026.05.20	16:45:00	1.16272	1.16299	1.16223	1.16252	2160	0	7
2026.05.20	17:00:00	1.16252	1.16262	1.16182	1.16235	1666	0	6
2026.05.20	17:15:00	1.16234	1.16255	1.16209	1.16242	1549	0	7
2026.05.20	17:30:00	1.16242	1.16268	1.16196	1.16196	1477	0	7
2026.05.20	17:45:00	1.16197	1.16226	1.16157	1.16157	1287	0	7
2026.05.20	18:00:00	1.16157	1.16236	1.16157	1.16235	1307	0	7
2026.05.20	18:15:00	1.16235	1.16275	1.16227	1.16274	1313	0	7
2026.05.20	18:30:00	1.16276	1.16327	1.16264	1.16264	1136	0	7
2026.05.20	18:45:00	1.16268	1.16354	1.16263	1.16306	1221	0	7
2026.05.20	19:00:00	1.16305	1.16338	1.16294	1.16299	901	0	7
2026.05.20	19:15:00	1.16300	1.16325	1.16297	1.16322	821	0	7
2026.05.20	19:30:00	1.16322	1.16349	1.16299	1.16304	1019	0	7
2026.05.20	19:45:00	1.16303	1.16322	1.16272	1.16274	1128	0	7
2026.05.20	20:00:00	1.16275	1.16281	1.16264	1.16278	684	0	7
2026.05.20	20:15:00	1.16276	1.16280	1.16258	1.16268	665	0	7
2026.05.20	20:30:00	1.16268	1.16272	1.16235	1.16239	373	0	7
2026.05.20	20:45:00	1.16238	1.16262	1.16230	1.16249	562	0	7
2026.05.20	21:00:00	1.16171	1.16252	1.16171	1.16220	63	0	31
2026.05.20	21:15:00	1.16220	1.16263	1.16213	1.16218	65	0	39
2026.05.20	21:30:00	1.16218	1.16267	1.16214	1.16228	208	0	34
2026.05.20	21:45:00	1.16228	1.16268	1.16216	1.16246	112	0	32
2026.05.20	22:00:00	1.16224	1.16276	1.16224	1.16274	308	0	7
2026.05.20	22:15:00	1.16275	1.16276	1.16256	1.16259	317	0	7
2026.05.20	22:30:00	1.16260	1.16267	1.16253	1.16264	232	0	7
2026.05.20	22:45:00	1.16264	1.16266	1.16255	1.16259	173	0	7
2026.05.20	23:00:00	1.16260	1.16272	1.16256	1.16261	150	0	7
2026.05.20	23:15:00	1.16260	1.16262	1.16236	1.16242	147	0	7
2026.05.20	23:30:00	1.16242	1.16242	1.16223	1.16228	173	0	7
2026.05.20	23:45:00	1.16227	1.16268	1.16227	1.16244	397	0	7
2026.05.21	00:00:00	1.16245	1.16261	1.16226	1.16255	1056	0	7
2026.05.21	00:15:00	1.16254	1.16270	1.16219	1.16261	954	0	7
2026.05.21	00:30:00	1.16261	1.16266	1.16243	1.16263	633	0	7
2026.05.21	00:45:00	1.16262	1.16287	1.16260	1.16281	714	0	7
2026.05.21	01:00:00	1.16282	1.16342	1.16282	1.16327	901	0	7
2026.05.21	01:15:00	1.16331	1.16350	1.16320	1.16327	776	0	7
2026.05.21	01:30:00	1.16326	1.16342	1.16296	1.16309	1173	0	7
2026.05.21	01:45:00	1.16310	1.16312	1.16225	1.16257	1276	0	7
2026.05.21	02:00:00	1.16259	1.16281	1.16248	1.16249	913	0	7
2026.05.21	02:15:00	1.16249	1.16252	1.16205	1.16209	836	0	7
2026.05.21	02:30:00	1.16209	1.16221	1.16180	1.16196	1019	0	7
2026.05.21	02:45:00	1.16196	1.16199	1.16152	1.16173	828	0	7
2026.05.21	03:00:00	1.16173	1.16205	1.16172	1.16187	668	0	7
2026.05.21	03:15:00	1.16187	1.16223	1.16179	1.16201	574	0	7
2026.05.21	03:30:00	1.16201	1.16213	1.16179	1.16207	540	0	7
2026.05.21	03:45:00	1.16208	1.16213	1.16182	1.16186	505	0	7
2026.05.21	04:00:00	1.16187	1.16207	1.16181	1.16206	599	0	7
2026.05.21	04:15:00	1.16206	1.16214	1.16195	1.16209	490	0	7
2026.05.21	04:30:00	1.16208	1.16212	1.16198	1.16212	473	0	7
2026.05.21	04:45:00	1.16211	1.16232	1.16205	1.16219	585	0	7
2026.05.21	05:00:00	1.16218	1.16232	1.16210	1.16214	812	0	7
2026.05.21	05:15:00	1.16214	1.16216	1.16180	1.16187	839	0	7
2026.05.21	05:30:00	1.16187	1.16213	1.16182	1.16204	811	0	7
2026.05.21	05:45:00	1.16204	1.16219	1.16176	1.16215	1084	0	7
2026.05.21	06:00:00	1.16215	1.16262	1.16210	1.16253	1140	0	7
2026.05.21	06:15:00	1.16252	1.16264	1.16196	1.16247	1424	0	6
2026.05.21	06:30:00	1.16246	1.16256	1.16154	1.16167	1331	0	7
2026.05.21	06:45:00	1.16169	1.16201	1.16160	1.16199	1205	0	7
2026.05.21	07:00:00	1.16198	1.16206	1.16159	1.16164	1620	0	7
2026.05.21	07:15:00	1.16147	1.16147	1.15934	1.15980	2797	0	7
2026.05.21	07:30:00	1.15976	1.16036	1.15965	1.16031	2513	0	7
2026.05.21	07:45:00	1.16029	1.16086	1.16028	1.16058	1306	0	7
2026.05.21	08:00:00	1.16033	1.16258	1.16024	1.16256	1833	0	7
2026.05.21	08:15:00	1.16257	1.16352	1.16239	1.16336	2204	0	7
2026.05.21	08:30:00	1.16325	1.16325	1.16222	1.16228	1543	0	7
2026.05.21	08:45:00	1.16228	1.16285	1.16211	1.16233	1760	0	7
2026.05.21	09:00:00	1.16233	1.16285	1.16203	1.16275	1499	0	7
2026.05.21	09:15:00	1.16273	1.16318	1.16265	1.16314	1261	0	7
2026.05.21	09:30:00	1.16315	1.16332	1.16263	1.16269	1228	0	7
2026.05.21	09:45:00	1.16269	1.16292	1.16255	1.16270	1170	0	7
2026.05.21	10:00:00	1.16270	1.16299	1.16233	1.16241	1237	0	7
2026.05.21	10:15:00	1.16240	1.16249	1.16083	1.16130	1872	0	7
2026.05.21	10:30:00	1.16133	1.16133	1.15996	1.16061	2632	0	7
2026.05.21	10:45:00	1.16061	1.16105	1.16032	1.16071	2015	0	7
2026.05.21	11:00:00	1.16070	1.16121	1.16059	1.16092	1429	0	7
2026.05.21	11:15:00	1.16091	1.16157	1.16083	1.16126	1500	0	7
2026.05.21	11:30:00	1.16125	1.16141	1.16067	1.16073	1184	0	7
2026.05.21	11:45:00	1.16072	1.16075	1.15955	1.15986	1205	0	7
2026.05.21	12:00:00	1.15987	1.16031	1.15948	1.15971	1610	0	7
2026.05.21	12:15:00	1.15972	1.15982	1.15928	1.15928	1337	0	7
2026.05.21	12:30:00	1.15929	1.16062	1.15928	1.16062	2035	0	7
2026.05.21	12:45:00	1.16061	1.16087	1.15965	1.15969	1713	0	7
2026.05.21	13:00:00	1.15966	1.15997	1.15926	1.15950	1640	0	7
2026.05.21	13:15:00	1.15950	1.15955	1.15871	1.15893	1513	0	7
2026.05.21	13:30:00	1.15894	1.15898	1.15753	1.15762	2350	0	7
2026.05.21	13:45:00	1.15752	1.16009	1.15749	1.15943	2776	0	7
2026.05.21	14:00:00	1.15945	1.15953	1.15878	1.15923	2437	0	6
2026.05.21	14:15:00	1.15922	1.15935	1.15839	1.15885	2104	0	7
2026.05.21	14:30:00	1.15884	1.15944	1.15856	1.15899	2095	0	7
2026.05.21	14:45:00	1.15899	1.15962	1.15894	1.15926	2379	0	7
2026.05.21	15:00:00	1.15926	1.15936	1.15819	1.15874	2600	0	7
2026.05.21	15:15:00	1.15874	1.15890	1.15847	1.15851	1640	0	6
2026.05.21	15:30:00	1.15851	1.15881	1.15825	1.15828	1447	0	7
2026.05.21	15:45:00	1.15829	1.15886	1.15827	1.15880	1285	0	6
2026.05.21	16:00:00	1.15883	1.15917	1.15842	1.15880	1771	0	7
2026.05.21	16:15:00	1.15880	1.15932	1.15862	1.15930	1196	0	7
2026.05.21	16:30:00	1.15930	1.15955	1.15919	1.15950	1140	0	7
2026.05.21	16:45:00	1.15951	1.15960	1.15934	1.15950	1113	0	7
2026.05.21	17:00:00	1.15950	1.16023	1.15925	1.16017	1996	0	7
2026.05.21	17:15:00	1.16016	1.16198	1.16016	1.16178	3167	0	6
2026.05.21	17:30:00	1.16179	1.16241	1.16142	1.16230	2110	0	7
2026.05.21	17:45:00	1.16229	1.16298	1.16193	1.16245	1991	0	7
2026.05.21	18:00:00	1.16243	1.16297	1.16186	1.16224	2164	0	7
2026.05.21	18:15:00	1.16224	1.16275	1.16204	1.16259	1273	0	7
2026.05.21	18:30:00	1.16259	1.16269	1.16233	1.16244	1100	0	7
2026.05.21	18:45:00	1.16243	1.16250	1.16068	1.16110	2465	0	6
2026.05.21	19:00:00	1.16105	1.16161	1.16095	1.16145	1677	0	7
2026.05.21	19:15:00	1.16145	1.16204	1.16144	1.16195	1026	0	7
2026.05.21	19:30:00	1.16195	1.16237	1.16179	1.16179	1020	0	7
2026.05.21	19:45:00	1.16179	1.16239	1.16138	1.16210	1632	0	7
2026.05.21	20:00:00	1.16210	1.16227	1.16163	1.16171	772	0	7
2026.05.21	20:15:00	1.16171	1.16193	1.16156	1.16181	406	0	7
2026.05.21	20:30:00	1.16182	1.16184	1.16156	1.16171	456	0	7
2026.05.21	20:45:00	1.16170	1.16186	1.16161	1.16168	533	0	7
2026.05.21	21:00:00	1.16159	1.16212	1.16143	1.16183	48	0	38
2026.05.21	21:15:00	1.16184	1.16218	1.16184	1.16185	36	0	36
2026.05.21	21:30:00	1.16185	1.16217	1.16173	1.16198	121	0	24
2026.05.21	21:45:00	1.16197	1.16215	1.16173	1.16198	95	0	24
2026.05.21	22:00:00	1.16178	1.16209	1.16150	1.16163	240	0	7
2026.05.21	22:15:00	1.16162	1.16169	1.16159	1.16165	111	0	7
2026.05.21	22:30:00	1.16162	1.16186	1.16162	1.16182	171	0	7
2026.05.21	22:45:00	1.16185	1.16188	1.16171	1.16171	204	0	7
2026.05.21	23:00:00	1.16173	1.16183	1.16169	1.16175	163	0	7
2026.05.21	23:15:00	1.16176	1.16176	1.16156	1.16170	162	0	7
2026.05.21	23:30:00	1.16166	1.16171	1.16163	1.16165	151	0	7
2026.05.21	23:45:00	1.16166	1.16187	1.16165	1.16175	379	0	7
2026.05.22	00:00:00	1.16177	1.16177	1.16132	1.16136	950	0	7
2026.05.22	00:15:00	1.16136	1.16146	1.16127	1.16137	750	0	7
2026.05.22	00:30:00	1.16138	1.16147	1.16120	1.16146	581	0	7
2026.05.22	00:45:00	1.16147	1.16157	1.16131	1.16140	601	0	7
2026.05.22	01:00:00	1.16140	1.16151	1.16122	1.16142	968	0	7
2026.05.22	01:15:00	1.16142	1.16155	1.16119	1.16136	579	0	7
2026.05.22	01:30:00	1.16136	1.16147	1.16120	1.16137	696	0	7
2026.05.22	01:45:00	1.16136	1.16154	1.16097	1.16097	578	0	7
2026.05.22	02:00:00	1.16095	1.16115	1.16094	1.16105	384	0	7
2026.05.22	02:15:00	1.16105	1.16117	1.16100	1.16112	332	0	7
2026.05.22	02:30:00	1.16112	1.16140	1.16109	1.16132	369	0	7
2026.05.22	02:45:00	1.16132	1.16140	1.16097	1.16114	427	0	7
2026.05.22	03:00:00	1.16113	1.16128	1.16086	1.16090	274	0	7
2026.05.22	03:15:00	1.16088	1.16106	1.16084	1.16100	338	0	7
2026.05.22	03:30:00	1.16102	1.16113	1.16099	1.16111	346	0	7
2026.05.22	03:45:00	1.16110	1.16119	1.16103	1.16116	365	0	7
2026.05.22	04:00:00	1.16116	1.16140	1.16109	1.16137	434	0	7
2026.05.22	04:15:00	1.16138	1.16147	1.16129	1.16132	287	0	7
2026.05.22	04:30:00	1.16131	1.16137	1.16126	1.16131	267	0	7
2026.05.22	04:45:00	1.16131	1.16152	1.16129	1.16149	349	0	7
2026.05.22	05:00:00	1.16147	1.16166	1.16144	1.16148	684	0	7
2026.05.22	05:15:00	1.16147	1.16155	1.16140	1.16142	487	0	7
2026.05.22	05:30:00	1.16141	1.16152	1.16134	1.16144	534	0	7
2026.05.22	05:45:00	1.16145	1.16166	1.16068	1.16087	867	0	7
2026.05.22	06:00:00	1.16083	1.16141	1.16071	1.16122	1075	0	7
2026.05.22	06:15:00	1.16121	1.16126	1.16090	1.16120	1105	0	7
2026.05.22	06:30:00	1.16121	1.16122	1.16050	1.16092	1056	0	7
2026.05.22	06:45:00	1.16094	1.16106	1.16054	1.16094	1049	0	7
2026.05.22	07:00:00	1.16096	1.16096	1.16010	1.16016	1114	0	7
2026.05.22	07:15:00	1.16016	1.16083	1.16015	1.16082	788	0	7
2026.05.22	07:30:00	1.16081	1.16081	1.16044	1.16060	1088	0	7
2026.05.22	07:45:00	1.16060	1.16092	1.16048	1.16078	826	0	7
2026.05.22	08:00:00	1.16079	1.16103	1.16057	1.16059	933	0	7
2026.05.22	08:15:00	1.16058	1.16156	1.16058	1.16110	1489	0	7
2026.05.22	08:30:00	1.16111	1.16120	1.16030	1.16070	1505	0	7
2026.05.22	08:45:00	1.16070	1.16100	1.16056	1.16075	1082	0	7
2026.05.22	09:00:00	1.16074	1.16077	1.15990	1.15995	1158	0	7
2026.05.22	09:15:00	1.15995	1.16006	1.15959	1.15990	1066	0	7
2026.05.22	09:30:00	1.15991	1.16036	1.15979	1.16020	1033	0	7
2026.05.22	09:45:00	1.16020	1.16054	1.16019	1.16038	843	0	7
2026.05.22	10:00:00	1.16040	1.16076	1.16025	1.16032	805	0	7
2026.05.22	10:15:00	1.16030	1.16055	1.15998	1.16000	711	0	7
2026.05.22	10:30:00	1.15998	1.16011	1.15970	1.15982	999	0	7
2026.05.22	10:45:00	1.15982	1.15992	1.15949	1.15971	952	0	7
2026.05.22	11:00:00	1.15971	1.15974	1.15930	1.15950	1006	0	7
2026.05.22	11:15:00	1.15951	1.15966	1.15932	1.15936	824	0	7
2026.05.22	11:30:00	1.15936	1.15983	1.15929	1.15976	879	0	7
2026.05.22	11:45:00	1.15976	1.16018	1.15952	1.15961	1514	0	7
2026.05.22	12:00:00	1.15962	1.16066	1.15941	1.16043	1816	0	7
2026.05.22	12:15:00	1.16040	1.16068	1.15962	1.15980	1691	0	7
2026.05.22	12:30:00	1.15980	1.16008	1.15973	1.15996	950	0	7
2026.05.22	12:45:00	1.15996	1.16046	1.15995	1.16039	1077	0	7
2026.05.22	13:00:00	1.16038	1.16180	1.16035	1.16125	2037	0	7
2026.05.22	13:15:00	1.16125	1.16136	1.16074	1.16106	1118	0	7
2026.05.22	13:30:00	1.16104	1.16113	1.16021	1.16040	1704	0	7
2026.05.22	13:45:00	1.16036	1.16055	1.15991	1.16025	1370	0	7
2026.05.22	14:00:00	1.16001	1.16035	1.15888	1.15896	2108	0	7
2026.05.22	14:15:00	1.15895	1.15963	1.15879	1.15963	1446	0	7
2026.05.22	14:30:00	1.15961	1.16014	1.15950	1.16005	1440	0	7
2026.05.22	14:45:00	1.16005	1.16021	1.15945	1.15975	1433	0	7
2026.05.22	15:00:00	1.15975	1.16045	1.15955	1.16030	1445	0	7
2026.05.22	15:15:00	1.16031	1.16051	1.15991	1.16025	1040	0	7
2026.05.22	15:30:00	1.16024	1.16036	1.15978	1.16007	1555	0	7
2026.05.22	15:45:00	1.16008	1.16040	1.15990	1.16025	1228	0	7
2026.05.22	16:00:00	1.16024	1.16075	1.15993	1.16066	1364	0	7
2026.05.22	16:15:00	1.16064	1.16090	1.16048	1.16090	1175	0	7
2026.05.22	16:30:00	1.16088	1.16109	1.16051	1.16063	1027	0	7
2026.05.22	16:45:00	1.16064	1.16108	1.16064	1.16108	1028	0	7
2026.05.22	17:00:00	1.16110	1.16150	1.16107	1.16134	1080	0	7
2026.05.22	17:15:00	1.16134	1.16169	1.16083	1.16160	1567	0	6
2026.05.22	17:30:00	1.16160	1.16188	1.16108	1.16129	1552	0	7
2026.05.22	17:45:00	1.16129	1.16148	1.16103	1.16130	984	0	7
2026.05.22	18:00:00	1.16131	1.16147	1.16091	1.16115	1050	0	7
2026.05.22	18:15:00	1.16113	1.16121	1.16098	1.16102	755	0	7
2026.05.22	18:30:00	1.16100	1.16148	1.16090	1.16114	867	0	6
2026.05.22	18:45:00	1.16114	1.16138	1.16107	1.16116	662	0	7
2026.05.22	19:00:00	1.16115	1.16134	1.16077	1.16081	920	0	7
2026.05.22	19:15:00	1.16080	1.16098	1.16077	1.16079	565	0	7
2026.05.22	19:30:00	1.16079	1.16085	1.16063	1.16066	771	0	7
2026.05.22	19:45:00	1.16066	1.16070	1.16049	1.16055	733	0	7
2026.05.22	20:00:00	1.16055	1.16063	1.16037	1.16044	523	0	7
2026.05.22	20:15:00	1.16047	1.16056	1.16030	1.16036	296	0	7
