datetime,open,high,low,close,volume
2026-01-01 00:00:00,1.28025,1.28049,1.27911,1.27919,187
2026-01-01 00:15:00,1.27907,1.27973,1.27871,1.27945,393
2026-01-01 00:30:00,1.28018,1.28133,1.27926,1.28054,463
2026-01-01 00:45:00,1.28046,1.28238,1.28016,1.28053,266
2026-01-01 01:00:00,1.27952,1.28112,1.2787,1.27912,180
2026-01-01 01:15:00,1.2793,1.28003,1.27765,1.27895,409
2026-01-01 01:30:00,1.27786,1.27908,1.27762,1.27838,289
2026-01-01 01:45:00,1.27746,1.27957,1.27688,1.27784,351
2026-01-01 02:00:00,1.27708,1.27847,1.2767,1.2774,235
2026-01-01 02:15:00,1.27726,1.2781,1.27663,1.2779,427
2026-01-01 02:30:00,1.27745,1.279,1.27661,1.27726,134
2026-01-01 02:45:00,1.27813,1.2789,1.27667,1.27792,354
2026-01-01 03:00:00,1.27761,1.27896,1.2774,1.27828,487
2026-01-01 03:15:00,1.27876,1.27892,1.27765,1.27794,259
2026-01-01 03:30:00,1.27875,1.27937,1.27749,1.27835,207
2026-01-01 03:45:00,1.27819,1.27922,1.27784,1.27799,476
2026-01-01 04:00:00,1.27732,1.27809,1.27638,1.27684,251
2026-01-01 04:15:00,1.27676,1.27714,1.27535,1.276,151
2026-01-01 04:30:00,1.27641,1.2772,1.27595,1.276,323
2026-01-01 04:45:00,1.27617,1.27631,1.27512,1.27629,346
2026-01-01 05:00:00,1.27687,1.27743,1.27524,1.27663,494
2026-01-01 05:15:00,1.27593,1.27704,1.27573,1.27664,358
2026-01-01 05:30:00,1.27749,1.27815,1.27615,1.2765,227
2026-01-01 05:45:00,1.27589,1.27683,1.27501,1.27539,397
2026-01-01 06:00:00,1.2758,1.27672,1.27419,1.27442,239
2026-01-01 06:15:00,1.27451,1.27526,1.27379,1.27482,307
2026-01-01 06:30:00,1.27513,1.27604,1.27449,1.27557,307
2026-01-01 06:45:00,1.27496,1.27585,1.27461,1.27554,294
2026-01-01 07:00:00,1.27595,1.27737,1.27487,1.2773,464
2026-01-01 07:15:00,1.27689,1.27758,1.27544,1.27682,466
2026-01-01 07:30:00,1.27612,1.27754,1.27538,1.27577,319
2026-01-01 07:45:00,1.2757,1.27703,1.27539,1.27696,448
2026-01-01 08:00:00,1.27719,1.27759,1.27606,1.27632,380
2026-01-01 08:15:00,1.27675,1.27757,1.27551,1.27625,226
2026-01-01 08:30:00,1.27677,1.2769,1.27553,1.27593,346
2026-01-01 08:45:00,1.27662,1.27778,1.27578,1.27579,135
2026-01-01 09:00:00,1.27608,1.27693,1.27556,1.27607,421
2026-01-01 09:15:00,1.27645,1.27787,1.27573,1.27783,249
2026-01-01 09:30:00,1.27762,1.2785,1.27666,1.27706,104
2026-01-01 09:45:00,1.27712,1.27803,1.27609,1.27745,407
2026-01-01 10:00:00,1.27679,1.27829,1.27611,1.27624,221
2026-01-01 10:15:00,1.2759,1.27673,1.27457,1.276,472
2026-01-01 10:30:00,1.27613,1.27782,1.27469,1.27506,384
2026-01-01 10:45:00,1.27518,1.27647,1.27437,1.27536,388
2026-01-01 11:00:00,1.27642,1.27679,1.27297,1.27558,115
2026-01-01 11:15:00,1.27563,1.27603,1.27529,1.27599,251
2026-01-01 11:30:00,1.27636,1.27772,1.27566,1.27735,267
2026-01-01 11:45:00,1.27792,1.27828,1.277,1.27703,214
2026-01-01 12:00:00,1.27672,1.27775,1.27563,1.27733,348
2026-01-01 12:15:00,1.27762,1.27928,1.27606,1.27842,135
2026-01-01 12:30:00,1.27906,1.2795,1.27826,1.27919,316
2026-01-01 12:45:00,1.27974,1.28021,1.27675,1.2781,496
2026-01-01 13:00:00,1.27798,1.27862,1.27666,1.27754,198
2026-01-01 13:15:00,1.27807,1.27915,1.27735,1.27903,285
2026-01-01 13:30:00,1.27906,1.27976,1.27841,1.2786,173
2026-01-01 13:45:00,1.27844,1.27866,1.27771,1.27792,492
2026-01-01 14:00:00,1.2782,1.27886,1.27742,1.27754,463
2026-01-01 14:15:00,1.27822,1.27975,1.27754,1.27858,157
2026-01-01 14:30:00,1.279,1.27958,1.27775,1.27848,468
2026-01-01 14:45:00,1.27886,1.27911,1.27784,1.27909,272
2026-01-01 15:00:00,1.2792,1.27921,1.27862,1.27899,113
2026-01-01 15:15:00,1.27924,1.28013,1.27883,1.28008,371
2026-01-01 15:30:00,1.28002,1.28117,1.27944,1.28005,277
2026-01-01 15:45:00,1.27937,1.28105,1.2788,1.27888,300
2026-01-01 16:00:00,1.27935,1.27978,1.27789,1.27966,341
2026-01-01 16:15:00,1.28057,1.2815,1.27932,1.28037,338
2026-01-01 16:30:00,1.28051,1.28134,1.28016,1.28071,198
2026-01-01 16:45:00,1.28085,1.28107,1.27962,1.28095,122
2026-01-01 17:00:00,1.28072,1.28175,1.28062,1.28088,468
2026-01-01 17:15:00,1.28113,1.28374,1.28021,1.28309,335
2026-01-01 17:30:00,1.28361,1.28386,1.28198,1.28238,291
2026-01-01 17:45:00,1.28282,1.28411,1.28215,1.28283,265
2026-01-01 18:00:00,1.28327,1.28335,1.28185,1.28254,429
2026-01-01 18:15:00,1.28286,1.28296,1.282,1.28256,470
2026-01-01 18:30:00,1.28147,1.28388,1.28034,1.28281,380
2026-01-01 18:45:00,1.28309,1.28352,1.28235,1.28257,376
2026-01-01 19:00:00,1.28231,1.2829,1.28153,1.28222,400
2026-01-01 19:15:00,1.28162,1.28243,1.28015,1.28131,206
2026-01-01 19:30:00,1.28174,1.28221,1.2809,1.28153,127
2026-01-01 19:45:00,1.28092,1.28318,1.28028,1.28288,337
2026-01-01 20:00:00,1.2827,1.28353,1.2823,1.28299,372
2026-01-01 20:15:00,1.28328,1.2838,1.28201,1.28343,208
2026-01-01 20:30:00,1.28471,1.28518,1.28232,1.2834,200
2026-01-01 20:45:00,1.28439,1.28544,1.2827,1.2854,328
2026-01-01 21:00:00,1.2851,1.2863,1.28506,1.28619,434
2026-01-01 21:15:00,1.28665,1.28708,1.28546,1.28697,434
2026-01-01 21:30:00,1.28609,1.28806,1.28572,1.28696,100
2026-01-01 21:45:00,1.28655,1.28769,1.2857,1.28666,358
2026-01-01 22:00:00,1.28658,1.28711,1.28583,1.28659,137
2026-01-01 22:15:00,1.28698,1.2883,1.28652,1.28685,134
2026-01-01 22:30:00,1.28694,1.28725,1.28642,1.28657,438
2026-01-01 22:45:00,1.28681,1.28813,1.28616,1.28693,395
2026-01-01 23:00:00,1.28782,1.28811,1.28518,1.28688,244
2026-01-01 23:15:00,1.28763,1.28781,1.2868,1.28743,297
2026-01-01 23:30:00,1.28752,1.28809,1.28705,1.2876,330
2026-01-01 23:45:00,1.28823,1.28885,1.28731,1.28763,421
2026-01-02 00:00:00,1.28787,1.28841,1.28743,1.28821,360
2026-01-02 00:15:00,1.28772,1.28965,1.28671,1.28881,382
2026-01-02 00:30:00,1.28828,1.28894,1.28766,1.28887,495
2026-01-02 00:45:00,1.28771,1.2892,1.28723,1.28743,423
2026-01-02 01:00:00,1.28803,1.28854,1.28718,1.28741,281
2026-01-02 01:15:00,1.28717,1.28812,1.28638,1.28744,408
2026-01-02 01:30:00,1.28797,1.28841,1.28623,1.28699,446
2026-01-02 01:45:00,1.2873,1.28843,1.28646,1.28681,279
2026-01-02 02:00:00,1.28721,1.28762,1.28583,1.28755,276
2026-01-02 02:15:00,1.28781,1.28864,1.2868,1.28735,323
2026-01-02 02:30:00,1.28736,1.2875,1.28692,1.28694,385
2026-01-02 02:45:00,1.28667,1.28782,1.28589,1.28691,212
2026-01-02 03:00:00,1.28753,1.28908,1.28585,1.28793,479
2026-01-02 03:15:00,1.28754,1.28956,1.28697,1.28828,427
2026-01-02 03:30:00,1.28833,1.28866,1.28754,1.28781,177
2026-01-02 03:45:00,1.2877,1.28863,1.28702,1.28754,106
2026-01-02 04:00:00,1.28822,1.2888,1.28715,1.28818,110
2026-01-02 04:15:00,1.28831,1.28924,1.28714,1.28845,355
2026-01-02 04:30:00,1.28741,1.28868,1.28734,1.2885,219
2026-01-02 04:45:00,1.2887,1.28875,1.2875,1.28814,108
2026-01-02 05:00:00,1.28922,1.28972,1.28717,1.28787,174
2026-01-02 05:15:00,1.28792,1.28885,1.28685,1.28698,264
2026-01-02 05:30:00,1.2875,1.28785,1.28573,1.28611,272
2026-01-02 05:45:00,1.28661,1.28696,1.28501,1.2857,409
2026-01-02 06:00:00,1.28553,1.28678,1.28456,1.28535,212
2026-01-02 06:15:00,1.28495,1.28648,1.28486,1.2864,168
2026-01-02 06:30:00,1.28552,1.28733,1.28542,1.28724,300
2026-01-02 06:45:00,1.28736,1.28762,1.28699,1.2873,203
2026-01-02 07:00:00,1.28652,1.28768,1.28612,1.28704,374
2026-01-02 07:15:00,1.2875,1.28824,1.28558,1.28581,179
2026-01-02 07:30:00,1.286,1.28646,1.28519,1.2855,188
2026-01-02 07:45:00,1.28573,1.28675,1.28522,1.28528,115
2026-01-02 08:00:00,1.28569,1.28579,1.28444,1.28558,202
2026-01-02 08:15:00,1.28554,1.28593,1.28522,1.28527,392
2026-01-02 08:30:00,1.28401,1.28636,1.28258,1.28508,496
2026-01-02 08:45:00,1.28577,1.28642,1.28464,1.28468,269
2026-01-02 09:00:00,1.28446,1.28663,1.28398,1.28422,458
2026-01-02 09:15:00,1.28346,1.28476,1.28345,1.28384,423
2026-01-02 09:30:00,1.28417,1.28539,1.28313,1.28529,392
2026-01-02 09:45:00,1.28515,1.28589,1.28478,1.28546,252
2026-01-02 10:00:00,1.28541,1.28631,1.285,1.28515,206
2026-01-02 10:15:00,1.2849,1.2856,1.28449,1.28488,360
2026-01-02 10:30:00,1.28425,1.28675,1.2836,1.28523,437
2026-01-02 10:45:00,1.28531,1.28594,1.28475,1.28502,188
2026-01-02 11:00:00,1.28579,1.28714,1.2848,1.28633,360
2026-01-02 11:15:00,1.2865,1.28718,1.28626,1.28675,136
2026-01-02 11:30:00,1.2871,1.28936,1.28584,1.28707,453
2026-01-02 11:45:00,1.28724,1.28807,1.28577,1.28776,191
2026-01-02 12:00:00,1.28817,1.28856,1.28673,1.28702,334
2026-01-02 12:15:00,1.28734,1.28743,1.28654,1.28735,181
2026-01-02 12:30:00,1.28756,1.28786,1.28674,1.28784,116
2026-01-02 12:45:00,1.2871,1.2885,1.2868,1.28683,332
2026-01-02 13:00:00,1.28679,1.28729,1.2865,1.28674,116
2026-01-02 13:15:00,1.28683,1.28747,1.28631,1.2864,309
2026-01-02 13:30:00,1.28658,1.28698,1.28506,1.28591,325
2026-01-02 13:45:00,1.28645,1.28738,1.28517,1.28566,229
2026-01-02 14:00:00,1.2853,1.28598,1.28511,1.28539,157
2026-01-02 14:15:00,1.28616,1.28634,1.2843,1.28606,307
2026-01-02 14:30:00,1.28546,1.28618,1.28457,1.28585,280
2026-01-02 14:45:00,1.28587,1.28686,1.2848,1.28595,418
2026-01-02 15:00:00,1.28529,1.28704,1.28381,1.28509,194
2026-01-02 15:15:00,1.2849,1.28604,1.2847,1.28571,140
2026-01-02 15:30:00,1.28571,1.28684,1.28505,1.28563,101
2026-01-02 15:45:00,1.28565,1.28641,1.28461,1.28637,189
2026-01-02 16:00:00,1.28687,1.28733,1.28617,1.28699,489
2026-01-02 16:15:00,1.28659,1.28803,1.28544,1.28786,427
2026-01-02 16:30:00,1.28831,1.28878,1.28687,1.28774,102
2026-01-02 16:45:00,1.28784,1.2891,1.28654,1.28777,342
2026-01-02 17:00:00,1.28725,1.28823,1.28554,1.28747,249
2026-01-02 17:15:00,1.28743,1.28897,1.28679,1.28767,192
2026-01-02 17:30:00,1.287,1.28793,1.28674,1.28774,392
2026-01-02 17:45:00,1.28799,1.28891,1.28696,1.28782,216
2026-01-02 18:00:00,1.2886,1.28976,1.28715,1.28815,117
2026-01-02 18:15:00,1.28747,1.28873,1.28717,1.28859,186
2026-01-02 18:30:00,1.2879,1.29055,1.28761,1.2879,480
2026-01-02 18:45:00,1.28753,1.29004,1.28659,1.28716,478
2026-01-02 19:00:00,1.28672,1.28844,1.28557,1.28624,109
2026-01-02 19:15:00,1.28597,1.28754,1.28532,1.28587,270
2026-01-02 19:30:00,1.28522,1.2871,1.28432,1.28628,411
2026-01-02 19:45:00,1.28637,1.28714,1.28613,1.2864,229
2026-01-02 20:00:00,1.28624,1.28658,1.28588,1.28595,260
2026-01-02 20:15:00,1.28568,1.28612,1.28557,1.28605,322
2026-01-02 20:30:00,1.28612,1.28738,1.28455,1.28509,363
2026-01-02 20:45:00,1.28534,1.28568,1.28507,1.28522,125
2026-01-02 21:00:00,1.28532,1.28611,1.28443,1.28509,168
2026-01-02 21:15:00,1.28452,1.2859,1.28425,1.28478,260
2026-01-02 21:30:00,1.28528,1.28547,1.28421,1.28472,231
2026-01-02 21:45:00,1.28489,1.28568,1.28424,1.28487,430
2026-01-02 22:00:00,1.28413,1.28587,1.28326,1.28473,415
2026-01-02 22:15:00,1.28552,1.28718,1.28341,1.28346,366
2026-01-02 22:30:00,1.28428,1.28504,1.28259,1.28386,216
2026-01-02 22:45:00,1.2837,1.28475,1.28264,1.28347,442
2026-01-02 23:00:00,1.28377,1.28441,1.28339,1.28345,376
2026-01-02 23:15:00,1.28342,1.28447,1.28262,1.28359,126
2026-01-02 23:30:00,1.28362,1.28421,1.28305,1.28418,189
2026-01-02 23:45:00,1.28496,1.28506,1.28377,1.28445,170
2026-01-03 00:00:00,1.28492,1.28542,1.2841,1.2848,146
2026-01-03 00:15:00,1.28537,1.28546,1.28477,1.28492,108
2026-01-03 00:30:00,1.28439,1.28548,1.2842,1.28453,167
2026-01-03 00:45:00,1.28529,1.28589,1.28391,1.2841,263
2026-01-03 01:00:00,1.28398,1.28482,1.28354,1.28422,249
2026-01-03 01:15:00,1.28477,1.2848,1.28257,1.28309,177
2026-01-03 01:30:00,1.28281,1.28341,1.28183,1.28253,224
2026-01-03 01:45:00,1.28299,1.28372,1.28213,1.28305,266
2026-01-03 02:00:00,1.28268,1.2839,1.28139,1.28225,295
2026-01-03 02:15:00,1.28163,1.28256,1.28124,1.28208,363
2026-01-03 02:30:00,1.28225,1.28358,1.28116,1.28356,357
2026-01-03 02:45:00,1.28296,1.28442,1.28234,1.28434,386
2026-01-03 03:00:00,1.284,1.28551,1.28259,1.28294,214
2026-01-03 03:15:00,1.28269,1.28352,1.28202,1.28296,330
2026-01-03 03:30:00,1.28311,1.28389,1.28245,1.28299,357
2026-01-03 03:45:00,1.28241,1.28353,1.28177,1.28256,295
2026-01-03 04:00:00,1.28274,1.28405,1.28067,1.28249,390
2026-01-03 04:15:00,1.28251,1.284,1.28198,1.28241,113
2026-01-03 04:30:00,1.28232,1.28289,1.28165,1.28244,124
2026-01-03 04:45:00,1.28244,1.28441,1.28124,1.28169,435
2026-01-03 05:00:00,1.28136,1.28358,1.28131,1.28147,124
2026-01-03 05:15:00,1.28097,1.28152,1.28066,1.28117,130
2026-01-03 05:30:00,1.27973,1.28138,1.27913,1.2806,386
2026-01-03 05:45:00,1.27995,1.28064,1.27953,1.27967,289
2026-01-03 06:00:00,1.27928,1.28037,1.27814,1.27866,479
2026-01-03 06:15:00,1.27897,1.27977,1.27706,1.27741,215
2026-01-03 06:30:00,1.27827,1.27906,1.27642,1.27745,232
2026-01-03 06:45:00,1.27741,1.27758,1.27711,1.27723,237
2026-01-03 07:00:00,1.27674,1.27838,1.27596,1.27644,272
2026-01-03 07:15:00,1.27698,1.27707,1.27546,1.27627,355
2026-01-03 07:30:00,1.27625,1.27695,1.27559,1.2761,141
2026-01-03 07:45:00,1.27696,1.27717,1.27526,1.2761,128
2026-01-03 08:00:00,1.27626,1.2767,1.27573,1.27611,313
2026-01-03 08:15:00,1.27676,1.27774,1.27554,1.27587,186
2026-01-03 08:30:00,1.27576,1.27605,1.27527,1.2755,238
2026-01-03 08:45:00,1.27615,1.27661,1.27385,1.27614,107
2026-01-03 09:00:00,1.27664,1.27721,1.27551,1.27655,177
2026-01-03 09:15:00,1.27643,1.27715,1.27584,1.27646,357
2026-01-03 09:30:00,1.27719,1.27854,1.27582,1.27674,282
2026-01-03 09:45:00,1.27692,1.27733,1.2753,1.27563,312
2026-01-03 10:00:00,1.27561,1.27714,1.27475,1.27605,248
2026-01-03 10:15:00,1.27633,1.27726,1.2755,1.27686,335
2026-01-03 10:30:00,1.27679,1.27749,1.27557,1.27577,312
2026-01-03 10:45:00,1.27592,1.27653,1.27465,1.27623,377
2026-01-03 11:00:00,1.27738,1.27819,1.27488,1.27777,466
2026-01-03 11:15:00,1.27808,1.27853,1.27687,1.27822,463
2026-01-03 11:30:00,1.27812,1.27875,1.27697,1.27807,165
2026-01-03 11:45:00,1.27827,1.27916,1.27806,1.2789,153
2026-01-03 12:00:00,1.27931,1.27991,1.27872,1.27932,285
2026-01-03 12:15:00,1.27993,1.28089,1.27907,1.28015,392
2026-01-03 12:30:00,1.27995,1.28123,1.2787,1.28053,328
2026-01-03 12:45:00,1.28107,1.28223,1.27952,1.28135,181
2026-01-03 13:00:00,1.2812,1.28217,1.28013,1.28165,413
2026-01-03 13:15:00,1.28124,1.28216,1.27916,1.27961,282
2026-01-03 13:30:00,1.27917,1.28004,1.27904,1.27978,217
2026-01-03 13:45:00,1.28012,1.28117,1.27921,1.27944,297
2026-01-03 14:00:00,1.27959,1.28062,1.27818,1.28045,150
2026-01-03 14:15:00,1.28082,1.28159,1.28015,1.28131,173
2026-01-03 14:30:00,1.28139,1.28167,1.2811,1.28163,135
2026-01-03 14:45:00,1.28113,1.28235,1.28018,1.28201,169
2026-01-03 15:00:00,1.282,1.28383,1.28134,1.28139,347
2026-01-03 15:15:00,1.28125,1.28205,1.2807,1.28181,475
2026-01-03 15:30:00,1.28226,1.28295,1.28081,1.28289,483
2026-01-03 15:45:00,1.28409,1.28471,1.28145,1.28465,160
2026-01-03 16:00:00,1.28486,1.28538,1.28403,1.28465,164
2026-01-03 16:15:00,1.28469,1.28551,1.28385,1.28401,243
2026-01-03 16:30:00,1.28489,1.28567,1.28296,1.28421,291
2026-01-03 16:45:00,1.28423,1.2853,1.2836,1.28453,167
2026-01-03 17:00:00,1.28459,1.28581,1.28431,1.28578,125
2026-01-03 17:15:00,1.285,1.2873,1.2848,1.28551,141
2026-01-03 17:30:00,1.28502,1.28629,1.28452,1.28622,367
2026-01-03 17:45:00,1.28594,1.28731,1.2852,1.28654,154
2026-01-03 18:00:00,1.28597,1.28658,1.28502,1.28528,435
2026-01-03 18:15:00,1.28437,1.28558,1.28365,1.2845,465
2026-01-03 18:30:00,1.28451,1.28557,1.2837,1.28535,322
2026-01-03 18:45:00,1.28557,1.28621,1.28511,1.28515,253
2026-01-03 19:00:00,1.28524,1.28551,1.28502,1.28537,476
2026-01-03 19:15:00,1.28603,1.28701,1.28443,1.28571,230
2026-01-03 19:30:00,1.28574,1.28653,1.28552,1.28594,133
2026-01-03 19:45:00,1.28571,1.28746,1.285,1.28653,249
2026-01-03 20:00:00,1.28693,1.28739,1.28629,1.28629,146
2026-01-03 20:15:00,1.28596,1.28649,1.28552,1.28579,290
2026-01-03 20:30:00,1.28622,1.28651,1.28469,1.28633,138
2026-01-03 20:45:00,1.28607,1.28689,1.28548,1.28601,241
2026-01-03 21:00:00,1.28608,1.28691,1.28587,1.28592,443
2026-01-03 21:15:00,1.28545,1.28644,1.28481,1.28641,305
2026-01-03 21:30:00,1.28594,1.28681,1.28534,1.28548,385
2026-01-03 21:45:00,1.2864,1.28646,1.28506,1.28517,433
2026-01-03 22:00:00,1.28564,1.28693,1.28511,1.28523,375
2026-01-03 22:15:00,1.28581,1.28637,1.28395,1.28403,134
2026-01-03 22:30:00,1.28435,1.28637,1.28292,1.285,125
2026-01-03 22:45:00,1.28482,1.28526,1.28452,1.28511,278
2026-01-03 23:00:00,1.28514,1.28635,1.28348,1.2862,261
2026-01-03 23:15:00,1.28612,1.28638,1.28504,1.28624,309
2026-01-03 23:30:00,1.28602,1.28767,1.28447,1.28537,411
2026-01-03 23:45:00,1.28475,1.28714,1.28452,1.28527,394
2026-01-04 00:00:00,1.28543,1.28667,1.28515,1.28528,140
2026-01-04 00:15:00,1.28562,1.28628,1.28454,1.28459,291
2026-01-04 00:30:00,1.28439,1.28562,1.28299,1.28487,367
2026-01-04 00:45:00,1.28478,1.28568,1.28426,1.28427,257
2026-01-04 01:00:00,1.28507,1.28574,1.28265,1.28303,183
2026-01-04 01:15:00,1.28267,1.28367,1.28182,1.28258,384
2026-01-04 01:30:00,1.28204,1.28309,1.28202,1.28268,127
2026-01-04 01:45:00,1.28279,1.28348,1.28141,1.28313,449
2026-01-04 02:00:00,1.28228,1.28514,1.28166,1.2842,393
2026-01-04 02:15:00,1.28456,1.28492,1.28318,1.28366,221
2026-01-04 02:30:00,1.28296,1.28436,1.28134,1.28164,174
2026-01-04 02:45:00,1.28187,1.28324,1.28068,1.28244,266
2026-01-04 03:00:00,1.28181,1.28275,1.28171,1.2821,225
2026-01-04 03:15:00,1.28105,1.28226,1.28097,1.28206,303
2026-01-04 03:30:00,1.28159,1.28289,1.28151,1.28279,333
2026-01-04 03:45:00,1.28271,1.28392,1.2819,1.28217,221
2026-01-04 04:00:00,1.28251,1.28305,1.28209,1.28246,377
2026-01-04 04:15:00,1.28268,1.28358,1.28078,1.28291,478
2026-01-04 04:30:00,1.28269,1.28346,1.28206,1.28301,120
2026-01-04 04:45:00,1.28235,1.28338,1.28162,1.28187,496
2026-01-04 05:00:00,1.28177,1.28352,1.2804,1.28103,440
2026-01-04 05:15:00,1.28159,1.28165,1.28082,1.28093,190
2026-01-04 05:30:00,1.28106,1.28175,1.2807,1.28083,283
2026-01-04 05:45:00,1.28064,1.28111,1.28035,1.28072,451
2026-01-04 06:00:00,1.27976,1.28316,1.27882,1.28145,291
2026-01-04 06:15:00,1.28242,1.28445,1.2812,1.28369,359
2026-01-04 06:30:00,1.28363,1.28468,1.28286,1.28292,288
2026-01-04 06:45:00,1.28249,1.28396,1.28178,1.28207,225
2026-01-04 07:00:00,1.28261,1.28298,1.28099,1.28296,469
2026-01-04 07:15:00,1.28303,1.28375,1.28249,1.28342,136
2026-01-04 07:30:00,1.28366,1.28402,1.28315,1.28378,483
2026-01-04 07:45:00,1.28334,1.28517,1.28237,1.28432,144
2026-01-04 08:00:00,1.28434,1.2848,1.28323,1.28434,287
2026-01-04 08:15:00,1.28434,1.2849,1.28351,1.28471,491
2026-01-04 08:30:00,1.28432,1.28558,1.28361,1.28367,152
2026-01-04 08:45:00,1.2838,1.28491,1.28304,1.28466,173
2026-01-04 09:00:00,1.28556,1.28649,1.28406,1.28606,434
2026-01-04 09:15:00,1.28557,1.28813,1.28528,1.28605,218
2026-01-04 09:30:00,1.28633,1.28694,1.28518,1.28622,308
2026-01-04 09:45:00,1.28669,1.28733,1.28564,1.2861,261
2026-01-04 10:00:00,1.28661,1.28711,1.2859,1.28707,285
2026-01-04 10:15:00,1.28744,1.2875,1.28676,1.28695,334
2026-01-04 10:30:00,1.28704,1.28774,1.28625,1.28721,397
2026-01-04 10:45:00,1.28707,1.28794,1.28633,1.28709,245
2026-01-04 11:00:00,1.28773,1.2882,1.28588,1.28674,265
2026-01-04 11:15:00,1.28643,1.28721,1.28593,1.28671,261
2026-01-04 11:30:00,1.28704,1.28717,1.28645,1.28686,120
2026-01-04 11:45:00,1.28785,1.28851,1.28654,1.28818,145
2026-01-04 12:00:00,1.28833,1.28856,1.28754,1.28846,471
2026-01-04 12:15:00,1.28906,1.28908,1.28805,1.28875,439
2026-01-04 12:30:00,1.2879,1.28908,1.28765,1.28776,274
2026-01-04 12:45:00,1.2883,1.28848,1.2872,1.28786,343
2026-01-04 13:00:00,1.28834,1.28978,1.28709,1.28891,259
2026-01-04 13:15:00,1.28897,1.2891,1.28779,1.28831,231
2026-01-04 13:30:00,1.28846,1.28889,1.28778,1.28853,103
2026-01-04 13:45:00,1.2885,1.28891,1.28804,1.28823,298
2026-01-04 14:00:00,1.2884,1.28915,1.28734,1.28849,450
2026-01-04 14:15:00,1.28831,1.28918,1.28783,1.28822,287
2026-01-04 14:30:00,1.28787,1.28906,1.28703,1.2875,347
2026-01-04 14:45:00,1.28789,1.28909,1.28637,1.28658,393
2026-01-04 15:00:00,1.28592,1.28829,1.28475,1.28793,207
2026-01-04 15:15:00,1.28849,1.28883,1.28768,1.28798,188
2026-01-04 15:30:00,1.28757,1.28861,1.28638,1.2881,193
2026-01-04 15:45:00,1.28794,1.28899,1.2872,1.28858,185
2026-01-04 16:00:00,1.28915,1.28941,1.28755,1.28764,269
2026-01-04 16:15:00,1.28776,1.28842,1.2874,1.28784,476
2026-01-04 16:30:00,1.28828,1.28844,1.28566,1.28743,216
2026-01-04 16:45:00,1.28843,1.28971,1.28599,1.28754,213
2026-01-04 17:00:00,1.28778,1.28827,1.28713,1.28795,411
2026-01-04 17:15:00,1.28722,1.28993,1.28662,1.28779,402
2026-01-04 17:30:00,1.2885,1.2889,1.28714,1.28818,145
2026-01-04 17:45:00,1.28767,1.28962,1.28734,1.2881,123
2026-01-04 18:00:00,1.28863,1.29029,1.28769,1.28911,268
2026-01-04 18:15:00,1.28945,1.28995,1.2883,1.28868,278
2026-01-04 18:30:00,1.28923,1.28992,1.28787,1.2897,456
2026-01-04 18:45:00,1.2904,1.29105,1.28885,1.29083,473
2026-01-04 19:00:00,1.29015,1.29102,1.28897,1.28982,301
2026-01-04 19:15:00,1.2893,1.29061,1.2881,1.28901,147
2026-01-04 19:30:00,1.28953,1.29028,1.28751,1.28853,482
2026-01-04 19:45:00,1.29009,1.29049,1.28719,1.29023,477
2026-01-04 20:00:00,1.29056,1.29088,1.28981,1.29017,407
2026-01-04 20:15:00,1.28962,1.29102,1.28839,1.28921,370
2026-01-04 20:30:00,1.28799,1.28951,1.28777,1.28924,346
2026-01-04 20:45:00,1.28986,1.29044,1.28825,1.29037,438
2026-01-04 21:00:00,1.28948,1.29115,1.28945,1.2906,250
2026-01-04 21:15:00,1.29071,1.29144,1.29013,1.29054,474
2026-01-04 21:30:00,1.29114,1.29134,1.28921,1.28986,382
2026-01-04 21:45:00,1.29006,1.29057,1.28931,1.29007,475
2026-01-04 22:00:00,1.28972,1.29143,1.28923,1.29005,388
2026-01-04 22:15:00,1.28997,1.29101,1.28908,1.28989,409
2026-01-04 22:30:00,1.2901,1.29023,1.2898,1.29022,268
2026-01-04 22:45:00,1.28975,1.291,1.28836,1.28941,486
2026-01-04 23:00:00,1.28937,1.29046,1.28862,1.28973,394
2026-01-04 23:15:00,1.28976,1.29027,1.28832,1.2885,421
2026-01-04 23:30:00,1.2891,1.28986,1.28801,1.28961,164
2026-01-04 23:45:00,1.28884,1.29037,1.28787,1.29021,478
2026-01-05 00:00:00,1.29051,1.29149,1.28918,1.29134,236
2026-01-05 00:15:00,1.29211,1.29254,1.29109,1.29136,387
2026-01-05 00:30:00,1.29169,1.29264,1.29082,1.29097,466
2026-01-05 00:45:00,1.29081,1.29218,1.2895,1.29121,269
2026-01-05 01:00:00,1.29073,1.292,1.29034,1.29037,398
2026-01-05 01:15:00,1.29025,1.29153,1.28904,1.28924,403
2026-01-05 01:30:00,1.28962,1.28987,1.28782,1.28863,457
2026-01-05 01:45:00,1.28829,1.2893,1.28771,1.2883,172
2026-01-05 02:00:00,1.2886,1.28904,1.28755,1.2885,329
2026-01-05 02:15:00,1.28838,1.29003,1.28798,1.28811,453
2026-01-05 02:30:00,1.28886,1.28908,1.28686,1.2879,187
2026-01-05 02:45:00,1.28872,1.28909,1.28729,1.28758,232
2026-01-05 03:00:00,1.28801,1.28873,1.28706,1.28798,252
2026-01-05 03:15:00,1.28837,1.28938,1.28757,1.28813,131
2026-01-05 03:30:00,1.28841,1.28917,1.28732,1.28791,416
2026-01-05 03:45:00,1.28753,1.28952,1.28648,1.28909,186
2026-01-05 04:00:00,1.28917,1.28938,1.28798,1.28892,240
2026-01-05 04:15:00,1.2891,1.29003,1.28703,1.28925,184
2026-01-05 04:30:00,1.28974,1.29043,1.28872,1.2889,261
2026-01-05 04:45:00,1.28827,1.29009,1.28724,1.28786,251
2026-01-05 05:00:00,1.28837,1.28994,1.28646,1.2889,453
2026-01-05 05:15:00,1.2891,1.28986,1.28724,1.28754,344
2026-01-05 05:30:00,1.28737,1.28797,1.28677,1.28784,106
2026-01-05 05:45:00,1.2872,1.28884,1.28689,1.28768,128
2026-01-05 06:00:00,1.28842,1.28916,1.2871,1.28884,463
2026-01-05 06:15:00,1.28903,1.28986,1.28805,1.28959,370
2026-01-05 06:30:00,1.28919,1.29052,1.28885,1.28896,121
2026-01-05 06:45:00,1.28899,1.29,1.28849,1.28931,148
2026-01-05 07:00:00,1.28922,1.28971,1.28821,1.28874,419
2026-01-05 07:15:00,1.28839,1.28955,1.2873,1.2874,206
2026-01-05 07:30:00,1.28731,1.2878,1.28632,1.28646,306
2026-01-05 07:45:00,1.28577,1.28689,1.28469,1.28584,417
2026-01-05 08:00:00,1.28588,1.28694,1.28479,1.28515,364
2026-01-05 08:15:00,1.2855,1.28636,1.28463,1.28568,376
2026-01-05 08:30:00,1.28607,1.28708,1.28524,1.28656,153
2026-01-05 08:45:00,1.28595,1.28788,1.28564,1.28757,321
2026-01-05 09:00:00,1.28757,1.28825,1.28644,1.28788,483
2026-01-05 09:15:00,1.2884,1.2897,1.28734,1.28787,272
2026-01-05 09:30:00,1.28779,1.28876,1.28683,1.28772,474
2026-01-05 09:45:00,1.28799,1.2888,1.28764,1.28794,169
2026-01-05 10:00:00,1.28841,1.28856,1.28758,1.288,465
2026-01-05 10:15:00,1.28823,1.28855,1.28776,1.28796,281
2026-01-05 10:30:00,1.28918,1.29006,1.28774,1.28777,403
2026-01-05 10:45:00,1.28832,1.28909,1.28694,1.28695,102
2026-01-05 11:00:00,1.28743,1.28817,1.28562,1.28661,375
2026-01-05 11:15:00,1.28637,1.28716,1.28525,1.28643,290
2026-01-05 11:30:00,1.28674,1.28741,1.28497,1.28662,309
2026-01-05 11:45:00,1.28637,1.28676,1.28623,1.28627,438
2026-01-05 12:00:00,1.28665,1.28727,1.2862,1.28669,241
2026-01-05 12:15:00,1.28642,1.28699,1.28492,1.28634,265
2026-01-05 12:30:00,1.28585,1.28814,1.2851,1.2879,125
2026-01-05 12:45:00,1.28817,1.28849,1.28695,1.28706,308
2026-01-05 13:00:00,1.28752,1.28772,1.28673,1.28761,254
2026-01-05 13:15:00,1.28743,1.28835,1.28722,1.28775,194
2026-01-05 13:30:00,1.28752,1.28836,1.28607,1.28811,110
2026-01-05 13:45:00,1.28761,1.28914,1.28716,1.28727,315
2026-01-05 14:00:00,1.28642,1.28773,1.28563,1.2859,138
2026-01-05 14:15:00,1.28552,1.28688,1.28478,1.2851,291
2026-01-05 14:30:00,1.28519,1.28721,1.28444,1.28467,346
2026-01-05 14:45:00,1.28378,1.28481,1.28303,1.28368,377
2026-01-05 15:00:00,1.28395,1.28518,1.28337,1.28435,266
2026-01-05 15:15:00,1.28475,1.28589,1.28284,1.28484,431
2026-01-05 15:30:00,1.28546,1.28555,1.28356,1.28446,444
2026-01-05 15:45:00,1.284,1.2847,1.28271,1.28373,369
2026-01-05 16:00:00,1.28311,1.2853,1.28246,1.28408,319
2026-01-05 16:15:00,1.28428,1.28446,1.28235,1.28425,195
2026-01-05 16:30:00,1.2837,1.28517,1.28332,1.28435,386
2026-01-05 16:45:00,1.28423,1.28562,1.2831,1.28441,482
2026-01-05 17:00:00,1.28456,1.28543,1.28404,1.28453,372
2026-01-05 17:15:00,1.28394,1.28512,1.28341,1.28475,368
2026-01-05 17:30:00,1.28363,1.28522,1.28269,1.2842,458
2026-01-05 17:45:00,1.28395,1.28466,1.28281,1.28406,193
2026-01-05 18:00:00,1.28376,1.28587,1.28359,1.28473,483
2026-01-05 18:15:00,1.28518,1.28522,1.28428,1.28443,326
2026-01-05 18:30:00,1.28404,1.28475,1.2825,1.28293,254
2026-01-05 18:45:00,1.28297,1.28378,1.28199,1.28333,270
2026-01-05 19:00:00,1.28275,1.28418,1.28225,1.28369,409
2026-01-05 19:15:00,1.28317,1.28405,1.28191,1.28262,162
2026-01-05 19:30:00,1.28268,1.28389,1.28187,1.28312,392
2026-01-05 19:45:00,1.28267,1.28352,1.28194,1.28347,407
2026-01-05 20:00:00,1.2837,1.28516,1.28225,1.28266,283
2026-01-05 20:15:00,1.28311,1.28434,1.28231,1.2842,307
2026-01-05 20:30:00,1.28351,1.28458,1.28303,1.28356,336
2026-01-05 20:45:00,1.28403,1.2858,1.28234,1.28463,381
2026-01-05 21:00:00,1.28397,1.28505,1.28332,1.28481,143
2026-01-05 21:15:00,1.28555,1.28683,1.28437,1.28607,228
2026-01-05 21:30:00,1.28691,1.28723,1.2859,1.28613,471
2026-01-05 21:45:00,1.28626,1.28752,1.28491,1.28604,376
2026-01-05 22:00:00,1.28514,1.28635,1.28504,1.28619,459
2026-01-05 22:15:00,1.28628,1.28683,1.28504,1.28506,302
2026-01-05 22:30:00,1.285,1.28591,1.28319,1.28328,129
2026-01-05 22:45:00,1.28358,1.28385,1.28299,1.28364,480
2026-01-05 23:00:00,1.28268,1.28395,1.28127,1.28194,290
2026-01-05 23:15:00,1.28128,1.28217,1.28109,1.28206,307
2026-01-05 23:30:00,1.28264,1.28303,1.28201,1.2825,361
2026-01-05 23:45:00,1.28207,1.28304,1.28169,1.28272,368
2026-01-06 00:00:00,1.28178,1.28286,1.28145,1.28212,119
2026-01-06 00:15:00,1.28214,1.28305,1.28098,1.2829,112
2026-01-06 00:30:00,1.28254,1.28406,1.28249,1.28351,199
2026-01-06 00:45:00,1.28342,1.28373,1.28329,1.28348,426
2026-01-06 01:00:00,1.28325,1.28428,1.28191,1.28208,338
2026-01-06 01:15:00,1.28272,1.28339,1.28167,1.28256,293
2026-01-06 01:30:00,1.28181,1.28388,1.28179,1.28311,385
2026-01-06 01:45:00,1.28345,1.28433,1.28174,1.28364,270
2026-01-06 02:00:00,1.28379,1.28435,1.28359,1.28392,370
2026-01-06 02:15:00,1.28471,1.28647,1.2826,1.28386,478
2026-01-06 02:30:00,1.28448,1.28465,1.28302,1.28336,313
2026-01-06 02:45:00,1.28299,1.28433,1.28263,1.28368,350
2026-01-06 03:00:00,1.28359,1.28501,1.28312,1.28406,314
2026-01-06 03:15:00,1.28454,1.28541,1.28315,1.28486,305
2026-01-06 03:30:00,1.28533,1.28616,1.28443,1.28483,184
2026-01-06 03:45:00,1.28472,1.28521,1.28428,1.28431,340
2026-01-06 04:00:00,1.28397,1.28493,1.28318,1.28319,414
2026-01-06 04:15:00,1.28221,1.28417,1.28179,1.28301,162
2026-01-06 04:30:00,1.28296,1.28341,1.28248,1.28324,424
2026-01-06 04:45:00,1.28288,1.28362,1.28213,1.28262,170
2026-01-06 05:00:00,1.28262,1.28407,1.28211,1.28243,205
2026-01-06 05:15:00,1.28124,1.28315,1.28117,1.28262,418
2026-01-06 05:30:00,1.28204,1.28336,1.28192,1.28292,240
2026-01-06 05:45:00,1.28271,1.28385,1.28216,1.28235,137
2026-01-06 06:00:00,1.28273,1.28359,1.282,1.28225,225
2026-01-06 06:15:00,1.28284,1.28347,1.2819,1.28269,167
2026-01-06 06:30:00,1.28314,1.28451,1.28098,1.28243,229
2026-01-06 06:45:00,1.28212,1.28328,1.28045,1.28052,206
2026-01-06 07:00:00,1.28019,1.28068,1.27927,1.27993,447
2026-01-06 07:15:00,1.28001,1.28076,1.27945,1.28024,359
2026-01-06 07:30:00,1.28002,1.28092,1.27875,1.28,129
2026-01-06 07:45:00,1.28046,1.28121,1.27972,1.28113,324
2026-01-06 08:00:00,1.28181,1.28233,1.28049,1.28137,421
2026-01-06 08:15:00,1.282,1.28275,1.28115,1.28244,275
2026-01-06 08:30:00,1.28248,1.28352,1.28082,1.28261,177
2026-01-06 08:45:00,1.28218,1.28312,1.2813,1.28135,493
2026-01-06 09:00:00,1.28196,1.28208,1.28069,1.28207,316
2026-01-06 09:15:00,1.28242,1.28308,1.28069,1.2813,464
2026-01-06 09:30:00,1.28086,1.28219,1.27978,1.28154,499
2026-01-06 09:45:00,1.28156,1.28393,1.28105,1.2829,355
2026-01-06 10:00:00,1.28272,1.28388,1.28215,1.28362,350
2026-01-06 10:15:00,1.28347,1.28447,1.2823,1.28444,318
2026-01-06 10:30:00,1.28428,1.28492,1.28338,1.28472,198
2026-01-06 10:45:00,1.28348,1.28545,1.28322,1.28393,293
2026-01-06 11:00:00,1.28454,1.28539,1.28325,1.28449,303
2026-01-06 11:15:00,1.28465,1.28584,1.28349,1.28582,272
2026-01-06 11:30:00,1.28616,1.28698,1.28474,1.28526,299
2026-01-06 11:45:00,1.28524,1.28716,1.2846,1.28475,138
2026-01-06 12:00:00,1.28474,1.28507,1.28343,1.28408,471
2026-01-06 12:15:00,1.28417,1.28524,1.28298,1.28381,366
2026-01-06 12:30:00,1.28431,1.28487,1.28251,1.28469,368
2026-01-06 12:45:00,1.2848,1.28545,1.28381,1.28446,404
2026-01-06 13:00:00,1.28387,1.28508,1.28229,1.2839,412
2026-01-06 13:15:00,1.28442,1.28487,1.28231,1.28272,385
2026-01-06 13:30:00,1.28223,1.28282,1.28144,1.28207,419
2026-01-06 13:45:00,1.28281,1.28311,1.28118,1.28234,480
2026-01-06 14:00:00,1.28192,1.28249,1.28122,1.28149,170
2026-01-06 14:15:00,1.28194,1.28269,1.28056,1.28227,343
2026-01-06 14:30:00,1.28233,1.28293,1.28169,1.28188,286
2026-01-06 14:45:00,1.28166,1.28304,1.28017,1.28152,231
2026-01-06 15:00:00,1.2812,1.28256,1.28045,1.28113,445
2026-01-06 15:15:00,1.28062,1.28303,1.28011,1.28207,132
2026-01-06 15:30:00,1.28227,1.28323,1.28141,1.28205,357
2026-01-06 15:45:00,1.28131,1.28319,1.28121,1.283,335
2026-01-06 16:00:00,1.28318,1.28335,1.28197,1.28234,197
2026-01-06 16:15:00,1.2822,1.28337,1.28151,1.28297,284
2026-01-06 16:30:00,1.28292,1.28315,1.28267,1.28306,314
2026-01-06 16:45:00,1.28305,1.28375,1.28214,1.28274,222
2026-01-06 17:00:00,1.28254,1.2831,1.2816,1.28237,246
2026-01-06 17:15:00,1.28209,1.2828,1.28132,1.28133,144
2026-01-06 17:30:00,1.28186,1.28392,1.27935,1.28086,307
2026-01-06 17:45:00,1.28153,1.2819,1.28031,1.28088,270
2026-01-06 18:00:00,1.28143,1.28212,1.28016,1.28026,155
2026-01-06 18:15:00,1.28052,1.28222,1.28022,1.28089,401
2026-01-06 18:30:00,1.28091,1.28185,1.28078,1.28101,400
2026-01-06 18:45:00,1.28074,1.28135,1.2806,1.28087,302
2026-01-06 19:00:00,1.28064,1.28132,1.2806,1.28105,474
2026-01-06 19:15:00,1.28193,1.28206,1.28066,1.28104,286
2026-01-06 19:30:00,1.28124,1.28296,1.27968,1.28154,249
2026-01-06 19:45:00,1.28231,1.28261,1.28133,1.28153,313
2026-01-06 20:00:00,1.28222,1.2835,1.28068,1.2823,324
2026-01-06 20:15:00,1.28144,1.28273,1.28064,1.28078,402
2026-01-06 20:30:00,1.28076,1.28103,1.27967,1.28044,386
2026-01-06 20:45:00,1.2799,1.2815,1.27965,1.28023,345
2026-01-06 21:00:00,1.28114,1.28224,1.28023,1.28081,137
2026-01-06 21:15:00,1.28069,1.28127,1.28019,1.28022,340
2026-01-06 21:30:00,1.27978,1.28079,1.2788,1.27904,444
2026-01-06 21:45:00,1.27815,1.28015,1.27782,1.27851,428
2026-01-06 22:00:00,1.27787,1.27913,1.27739,1.27836,233
2026-01-06 22:15:00,1.27783,1.27847,1.27753,1.27821,109
2026-01-06 22:30:00,1.27746,1.27875,1.27629,1.27825,487
2026-01-06 22:45:00,1.27884,1.27949,1.27752,1.27883,178
2026-01-06 23:00:00,1.27946,1.28031,1.27857,1.27902,198
2026-01-06 23:15:00,1.27891,1.28004,1.27838,1.27845,298
2026-01-06 23:30:00,1.27804,1.27931,1.2777,1.27894,188
2026-01-06 23:45:00,1.27859,1.27961,1.27853,1.27921,474
2026-01-07 00:00:00,1.27822,1.28064,1.27751,1.27878,481
2026-01-07 00:15:00,1.27916,1.27961,1.27822,1.27926,134
2026-01-07 00:30:00,1.27909,1.27937,1.27875,1.27905,331
2026-01-07 00:45:00,1.27896,1.28093,1.27838,1.2806,109
2026-01-07 01:00:00,1.28032,1.28085,1.27975,1.2803,251
2026-01-07 01:15:00,1.28092,1.28148,1.28017,1.2804,288
2026-01-07 01:30:00,1.281,1.28194,1.2803,1.28171,492
2026-01-07 01:45:00,1.28188,1.2819,1.28122,1.28165,486
2026-01-07 02:00:00,1.28155,1.2829,1.28076,1.28193,277
2026-01-07 02:15:00,1.28177,1.28332,1.28048,1.28273,147
2026-01-07 02:30:00,1.283,1.28364,1.28208,1.28321,250
2026-01-07 02:45:00,1.28306,1.28422,1.28267,1.28321,149
2026-01-07 03:00:00,1.28252,1.28396,1.28197,1.28199,340
2026-01-07 03:15:00,1.28184,1.28325,1.28156,1.28234,291
2026-01-07 03:30:00,1.28178,1.28251,1.28118,1.28174,344
2026-01-07 03:45:00,1.28261,1.28294,1.28123,1.28131,231
2026-01-07 04:00:00,1.2803,1.2819,1.2802,1.28055,296
2026-01-07 04:15:00,1.28047,1.28271,1.27985,1.28201,350
2026-01-07 04:30:00,1.28208,1.2823,1.28153,1.2818,270
2026-01-07 04:45:00,1.28127,1.28255,1.2807,1.28239,417
2026-01-07 05:00:00,1.28302,1.28336,1.28154,1.28311,281
2026-01-07 05:15:00,1.28413,1.28433,1.2831,1.28403,292
2026-01-07 05:30:00,1.28391,1.2846,1.28318,1.28364,397
2026-01-07 05:45:00,1.28369,1.28419,1.28294,1.28294,164
2026-01-07 06:00:00,1.28227,1.28345,1.28219,1.28274,311
2026-01-07 06:15:00,1.28212,1.28334,1.2812,1.28193,346
2026-01-07 06:30:00,1.28238,1.28273,1.28121,1.28124,213
2026-01-07 06:45:00,1.28064,1.28159,1.28004,1.28152,318
2026-01-07 07:00:00,1.2812,1.28212,1.27912,1.28163,291
2026-01-07 07:15:00,1.28151,1.28178,1.28076,1.28115,305
2026-01-07 07:30:00,1.28054,1.28182,1.28015,1.28148,387
2026-01-07 07:45:00,1.28049,1.28219,1.28031,1.2818,489
2026-01-07 08:00:00,1.28155,1.2819,1.28124,1.28133,154
2026-01-07 08:15:00,1.28127,1.2823,1.27958,1.28088,134
2026-01-07 08:30:00,1.2803,1.28177,1.27994,1.28051,323
2026-01-07 08:45:00,1.28025,1.28102,1.27982,1.28048,308
2026-01-07 09:00:00,1.28071,1.28107,1.27927,1.28021,161
2026-01-07 09:15:00,1.28056,1.28093,1.2795,1.27976,391
2026-01-07 09:30:00,1.27847,1.28005,1.27748,1.27967,124
2026-01-07 09:45:00,1.2793,1.28035,1.27876,1.27899,219
2026-01-07 10:00:00,1.27822,1.27923,1.27741,1.27804,372
2026-01-07 10:15:00,1.27774,1.27864,1.27699,1.2779,464
2026-01-07 10:30:00,1.27809,1.27854,1.27688,1.27707,231
2026-01-07 10:45:00,1.27699,1.2777,1.27584,1.27723,125
2026-01-07 11:00:00,1.2763,1.27727,1.27558,1.27712,372
2026-01-07 11:15:00,1.27704,1.27843,1.2762,1.27798,253
2026-01-07 11:30:00,1.27858,1.27899,1.27739,1.27874,417
2026-01-07 11:45:00,1.27905,1.27933,1.27828,1.27889,447
2026-01-07 12:00:00,1.2787,1.28046,1.27821,1.2793,220
2026-01-07 12:15:00,1.27884,1.27996,1.27877,1.27934,239
2026-01-07 12:30:00,1.27936,1.28049,1.27861,1.27941,165
2026-01-07 12:45:00,1.28046,1.28048,1.27823,1.27854,229
2026-01-07 13:00:00,1.27878,1.27968,1.27714,1.27879,233
2026-01-07 13:15:00,1.27922,1.28022,1.27802,1.27844,147
2026-01-07 13:30:00,1.27776,1.27947,1.27694,1.27881,280
2026-01-07 13:45:00,1.27854,1.28018,1.27811,1.27819,248
2026-01-07 14:00:00,1.27844,1.27907,1.27738,1.27856,393
2026-01-07 14:15:00,1.27811,1.27938,1.27783,1.27865,367
2026-01-07 14:30:00,1.27917,1.27993,1.27803,1.27865,366
2026-01-07 14:45:00,1.27894,1.27997,1.27658,1.27771,408
2026-01-07 15:00:00,1.27812,1.27857,1.27757,1.27842,341
2026-01-07 15:15:00,1.27721,1.2797,1.2768,1.27948,234
2026-01-07 15:30:00,1.27998,1.28069,1.27884,1.27891,489
2026-01-07 15:45:00,1.27869,1.27993,1.27805,1.27987,347
2026-01-07 16:00:00,1.27959,1.28102,1.27761,1.27917,403
2026-01-07 16:15:00,1.27957,1.27981,1.27833,1.27978,124
2026-01-07 16:30:00,1.28037,1.28053,1.27918,1.27996,345
2026-01-07 16:45:00,1.27968,1.28095,1.27901,1.27946,442
2026-01-07 17:00:00,1.28026,1.28086,1.2786,1.28031,409
2026-01-07 17:15:00,1.27889,1.28046,1.27876,1.27904,281
2026-01-07 17:30:00,1.27865,1.27958,1.27779,1.27782,255
2026-01-07 17:45:00,1.27784,1.27869,1.27704,1.27761,250
2026-01-07 18:00:00,1.27834,1.27868,1.27705,1.27806,280
2026-01-07 18:15:00,1.2782,1.27886,1.27667,1.27755,454
2026-01-07 18:30:00,1.27709,1.27767,1.27588,1.27595,320
2026-01-07 18:45:00,1.27529,1.2765,1.27441,1.27484,222
2026-01-07 19:00:00,1.27516,1.2761,1.27373,1.27583,319
2026-01-07 19:15:00,1.27572,1.27763,1.2747,1.27506,465
2026-01-07 19:30:00,1.27494,1.27608,1.2749,1.27564,170
2026-01-07 19:45:00,1.2752,1.27622,1.27471,1.27481,182
2026-01-07 20:00:00,1.27444,1.27492,1.27373,1.27448,108
2026-01-07 20:15:00,1.27422,1.27465,1.27336,1.27387,354
2026-01-07 20:30:00,1.27468,1.27496,1.27326,1.27394,446
2026-01-07 20:45:00,1.27342,1.27473,1.27259,1.27276,158
2026-01-07 21:00:00,1.27283,1.27479,1.27264,1.27355,197
2026-01-07 21:15:00,1.27353,1.27441,1.27193,1.27371,126
2026-01-07 21:30:00,1.27295,1.27492,1.27288,1.27464,223
2026-01-07 21:45:00,1.27476,1.2752,1.27402,1.27426,442
2026-01-07 22:00:00,1.27399,1.27469,1.27208,1.27368,305
2026-01-07 22:15:00,1.27418,1.27448,1.27255,1.27299,216
2026-01-07 22:30:00,1.27322,1.27399,1.27292,1.27368,227
2026-01-07 22:45:00,1.27416,1.27489,1.27285,1.27409,265
2026-01-07 23:00:00,1.27318,1.27481,1.27307,1.27445,391
2026-01-07 23:15:00,1.27544,1.27723,1.27328,1.27694,411
2026-01-07 23:30:00,1.27743,1.27751,1.27614,1.27727,452
2026-01-07 23:45:00,1.27721,1.2778,1.27639,1.27711,154
2026-01-08 00:00:00,1.27707,1.27789,1.27592,1.27748,421
2026-01-08 00:15:00,1.27685,1.27781,1.27539,1.27767,428
2026-01-08 00:30:00,1.2786,1.27896,1.27588,1.2764,296
2026-01-08 00:45:00,1.27682,1.27688,1.27595,1.27603,310
2026-01-08 01:00:00,1.27525,1.27649,1.27486,1.27556,370
2026-01-08 01:15:00,1.27497,1.2757,1.27389,1.2745,247
2026-01-08 01:30:00,1.27412,1.27579,1.27232,1.27568,126
2026-01-08 01:45:00,1.27597,1.2767,1.27528,1.27592,353
2026-01-08 02:00:00,1.27537,1.27656,1.27469,1.27492,278
2026-01-08 02:15:00,1.27523,1.2758,1.27455,1.27495,334
2026-01-08 02:30:00,1.27468,1.27525,1.27436,1.2744,205
2026-01-08 02:45:00,1.2741,1.27486,1.27281,1.27399,221
2026-01-08 03:00:00,1.27377,1.27478,1.27197,1.27474,278
2026-01-08 03:15:00,1.27462,1.27506,1.2735,1.27371,173
2026-01-08 03:30:00,1.27295,1.27412,1.27269,1.27308,310
2026-01-08 03:45:00,1.27283,1.27407,1.27215,1.2729,103
2026-01-08 04:00:00,1.27278,1.27426,1.27223,1.27278,395
2026-01-08 04:15:00,1.27346,1.27362,1.27228,1.27313,357
2026-01-08 04:30:00,1.27312,1.27405,1.27232,1.27372,326
2026-01-08 04:45:00,1.27424,1.2756,1.27254,1.27386,227
2026-01-08 05:00:00,1.27376,1.27508,1.2724,1.2741,261
2026-01-08 05:15:00,1.27457,1.2749,1.27322,1.27478,119
2026-01-08 05:30:00,1.27421,1.27561,1.27413,1.27528,229
2026-01-08 05:45:00,1.27544,1.27587,1.27504,1.27546,148
2026-01-08 06:00:00,1.27516,1.27673,1.27495,1.27572,419
2026-01-08 06:15:00,1.27584,1.27666,1.27509,1.27535,409
2026-01-08 06:30:00,1.27517,1.27714,1.27494,1.2759,330
2026-01-08 06:45:00,1.27578,1.27673,1.27544,1.27594,325
2026-01-08 07:00:00,1.27591,1.27801,1.27571,1.27678,163
2026-01-08 07:15:00,1.27616,1.27761,1.27574,1.27639,165
2026-01-08 07:30:00,1.27705,1.27804,1.27598,1.27673,309
2026-01-08 07:45:00,1.27669,1.27723,1.27649,1.27683,329
2026-01-08 08:00:00,1.27693,1.27739,1.27547,1.27615,288
2026-01-08 08:15:00,1.27504,1.27694,1.27479,1.27552,370
2026-01-08 08:30:00,1.27536,1.27628,1.27517,1.27568,248
2026-01-08 08:45:00,1.27616,1.27645,1.27408,1.2744,316
2026-01-08 09:00:00,1.27423,1.27542,1.27399,1.27406,157
2026-01-08 09:15:00,1.2744,1.27562,1.27251,1.27464,493
2026-01-08 09:30:00,1.274,1.275,1.27363,1.27479,435
2026-01-08 09:45:00,1.27447,1.27521,1.27314,1.2752,189
2026-01-08 10:00:00,1.27439,1.27558,1.27379,1.27503,460
2026-01-08 10:15:00,1.27519,1.27582,1.27474,1.27494,281
2026-01-08 10:30:00,1.27543,1.27666,1.27478,1.2763,249
2026-01-08 10:45:00,1.27603,1.27664,1.27528,1.2757,484
2026-01-08 11:00:00,1.27602,1.2765,1.27533,1.27589,123
2026-01-08 11:15:00,1.27596,1.27633,1.2753,1.27545,342
2026-01-08 11:30:00,1.27516,1.27609,1.2739,1.27488,496
2026-01-08 11:45:00,1.27542,1.27614,1.27423,1.27598,106
2026-01-08 12:00:00,1.27587,1.27697,1.27454,1.27501,432
2026-01-08 12:15:00,1.27524,1.27594,1.2748,1.27496,316
2026-01-08 12:30:00,1.27616,1.27817,1.2737,1.27745,455
2026-01-08 12:45:00,1.27728,1.27826,1.2759,1.27749,483
2026-01-08 13:00:00,1.27771,1.27979,1.27671,1.27673,497
2026-01-08 13:15:00,1.27646,1.27732,1.27633,1.2771,328
2026-01-08 13:30:00,1.277,1.27824,1.27695,1.27708,131
2026-01-08 13:45:00,1.27669,1.27752,1.27662,1.27686,284
2026-01-08 14:00:00,1.27619,1.27734,1.27541,1.27559,330
2026-01-08 14:15:00,1.27467,1.27651,1.27345,1.27378,461
2026-01-08 14:30:00,1.27365,1.27429,1.27302,1.27418,399
2026-01-08 14:45:00,1.27422,1.27515,1.27408,1.27464,213
2026-01-08 15:00:00,1.27504,1.27548,1.27376,1.27404,399
2026-01-08 15:15:00,1.27495,1.2759,1.27347,1.27421,168
2026-01-08 15:30:00,1.2751,1.27545,1.27319,1.27335,473
2026-01-08 15:45:00,1.27266,1.27336,1.27165,1.27239,398
2026-01-08 16:00:00,1.27283,1.27301,1.27214,1.27227,199
2026-01-08 16:15:00,1.27217,1.27264,1.27164,1.27196,363
2026-01-08 16:30:00,1.27227,1.27292,1.2713,1.27201,182
2026-01-08 16:45:00,1.27227,1.27245,1.27103,1.27165,196
2026-01-08 17:00:00,1.27199,1.27267,1.27117,1.27242,381
2026-01-08 17:15:00,1.27176,1.27289,1.27173,1.27179,117
2026-01-08 17:30:00,1.27205,1.2733,1.26993,1.27263,265
2026-01-08 17:45:00,1.27269,1.27373,1.27218,1.2729,125
2026-01-08 18:00:00,1.274,1.27442,1.2723,1.27362,332
2026-01-08 18:15:00,1.2735,1.27431,1.27314,1.27413,325
2026-01-08 18:30:00,1.27381,1.27506,1.27364,1.2738,202
2026-01-08 18:45:00,1.27298,1.27382,1.27297,1.27299,307
2026-01-08 19:00:00,1.27344,1.27429,1.2725,1.27292,398
2026-01-08 19:15:00,1.27212,1.27312,1.27132,1.27181,421
2026-01-08 19:30:00,1.27228,1.27268,1.27142,1.27148,422
2026-01-08 19:45:00,1.27212,1.27271,1.27124,1.27141,382
2026-01-08 20:00:00,1.27135,1.27179,1.27018,1.2705,313
2026-01-08 20:15:00,1.27078,1.27226,1.27047,1.27143,110
2026-01-08 20:30:00,1.27179,1.27218,1.2714,1.27176,354
2026-01-08 20:45:00,1.27161,1.27252,1.27135,1.2716,268
2026-01-08 21:00:00,1.2718,1.27252,1.27079,1.27246,431
2026-01-08 21:15:00,1.27264,1.27356,1.27178,1.27344,168
2026-01-08 21:30:00,1.27425,1.27446,1.27279,1.27349,464
2026-01-08 21:45:00,1.27354,1.27362,1.27289,1.27296,483
2026-01-08 22:00:00,1.27318,1.27326,1.27273,1.2729,429
2026-01-08 22:15:00,1.27266,1.27367,1.27213,1.27238,128
2026-01-08 22:30:00,1.27218,1.2734,1.27216,1.27334,497
2026-01-08 22:45:00,1.27371,1.27557,1.27251,1.27497,337
2026-01-08 23:00:00,1.27501,1.2755,1.27467,1.27543,219
2026-01-08 23:15:00,1.27554,1.2771,1.27513,1.277,446
2026-01-08 23:30:00,1.27671,1.27808,1.27645,1.27692,111
2026-01-08 23:45:00,1.27711,1.27789,1.27621,1.27652,233
2026-01-09 00:00:00,1.27731,1.2775,1.27647,1.27727,154
2026-01-09 00:15:00,1.2771,1.27814,1.27684,1.27798,401
2026-01-09 00:30:00,1.27784,1.27879,1.2772,1.27757,123
2026-01-09 00:45:00,1.2767,1.27772,1.27542,1.27703,326
2026-01-09 01:00:00,1.27684,1.27707,1.27573,1.27611,200
2026-01-09 01:15:00,1.27588,1.27628,1.27537,1.27593,343
2026-01-09 01:30:00,1.27628,1.27681,1.2743,1.27457,238
2026-01-09 01:45:00,1.27431,1.27493,1.27234,1.27396,494
2026-01-09 02:00:00,1.27455,1.27631,1.27384,1.27422,405
2026-01-09 02:15:00,1.27415,1.27456,1.27369,1.27387,200
2026-01-09 02:30:00,1.2732,1.27519,1.27296,1.27494,305
2026-01-09 02:45:00,1.27474,1.27567,1.27418,1.27506,436
2026-01-09 03:00:00,1.27456,1.27611,1.27412,1.2743,475
2026-01-09 03:15:00,1.27411,1.27502,1.27399,1.27415,420
2026-01-09 03:30:00,1.27421,1.27543,1.27266,1.27485,235
2026-01-09 03:45:00,1.27476,1.27556,1.27349,1.27509,404
2026-01-09 04:00:00,1.27516,1.27647,1.27463,1.27538,289
2026-01-09 04:15:00,1.27599,1.27636,1.27494,1.27565,329
2026-01-09 04:30:00,1.27571,1.27635,1.27486,1.27583,422
2026-01-09 04:45:00,1.27633,1.27754,1.27532,1.27694,108
2026-01-09 05:00:00,1.27723,1.27829,1.2766,1.27738,218
2026-01-09 05:15:00,1.2775,1.27829,1.2767,1.27676,383
2026-01-09 05:30:00,1.27725,1.2776,1.27663,1.27758,357
2026-01-09 05:45:00,1.27767,1.27821,1.27725,1.27789,448
2026-01-09 06:00:00,1.27899,1.27989,1.27712,1.27766,203
2026-01-09 06:15:00,1.27746,1.27872,1.2772,1.27788,387
2026-01-09 06:30:00,1.27778,1.27857,1.2774,1.27852,409
2026-01-09 06:45:00,1.278,1.27869,1.2773,1.27839,107
2026-01-09 07:00:00,1.27841,1.27857,1.27751,1.27789,178
2026-01-09 07:15:00,1.27789,1.27875,1.27636,1.27701,108
2026-01-09 07:30:00,1.27646,1.27838,1.276,1.27769,240
2026-01-09 07:45:00,1.27741,1.27898,1.27726,1.27806,276
2026-01-09 08:00:00,1.27842,1.28075,1.27775,1.27913,385
2026-01-09 08:15:00,1.27891,1.27945,1.27806,1.27918,407
2026-01-09 08:30:00,1.2791,1.27934,1.27877,1.27909,461
2026-01-09 08:45:00,1.2791,1.28057,1.27834,1.28023,244
2026-01-09 09:00:00,1.28131,1.28184,1.28018,1.28028,269
2026-01-09 09:15:00,1.28144,1.28236,1.27988,1.28228,462
2026-01-09 09:30:00,1.2828,1.28383,1.28209,1.28255,218
2026-01-09 09:45:00,1.28255,1.28319,1.28142,1.28265,397
2026-01-09 10:00:00,1.28363,1.28499,1.28256,1.28389,353
2026-01-09 10:15:00,1.2843,1.28455,1.28305,1.28382,204
2026-01-09 10:30:00,1.28343,1.28425,1.28302,1.28411,195
2026-01-09 10:45:00,1.28373,1.28428,1.2835,1.28387,262
2026-01-09 11:00:00,1.28433,1.28565,1.28289,1.28425,343
2026-01-09 11:15:00,1.28399,1.28433,1.28347,1.28413,232
2026-01-09 11:30:00,1.28437,1.28447,1.28339,1.2841,433
2026-01-09 11:45:00,1.28453,1.28584,1.28372,1.28386,153
2026-01-09 12:00:00,1.28358,1.28576,1.28357,1.28407,311
2026-01-09 12:15:00,1.28395,1.2849,1.28371,1.28403,439
2026-01-09 12:30:00,1.28443,1.28501,1.28383,1.28477,289
2026-01-09 12:45:00,1.28404,1.28533,1.28311,1.28477,139
2026-01-09 13:00:00,1.28453,1.28644,1.28348,1.28474,276
2026-01-09 13:15:00,1.28499,1.2852,1.28414,1.28456,376
2026-01-09 13:30:00,1.28439,1.2851,1.28393,1.28395,111
2026-01-09 13:45:00,1.28353,1.28466,1.28225,1.28309,328
2026-01-09 14:00:00,1.28329,1.28428,1.28273,1.28425,174
2026-01-09 14:15:00,1.28461,1.28529,1.28418,1.28493,392
2026-01-09 14:30:00,1.28472,1.28551,1.28382,1.28532,458
2026-01-09 14:45:00,1.28473,1.28641,1.28469,1.28527,385
2026-01-09 15:00:00,1.28483,1.28537,1.28265,1.28356,432
2026-01-09 15:15:00,1.28299,1.2844,1.28224,1.28225,408
2026-01-09 15:30:00,1.28309,1.28419,1.28188,1.28215,217
2026-01-09 15:45:00,1.28191,1.28354,1.28182,1.28195,327
2026-01-09 16:00:00,1.28206,1.28245,1.28036,1.28227,185
2026-01-09 16:15:00,1.28229,1.28274,1.28043,1.28054,317
2026-01-09 16:30:00,1.28017,1.28114,1.27949,1.28013,290
2026-01-09 16:45:00,1.28132,1.28157,1.27955,1.28063,156
2026-01-09 17:00:00,1.27934,1.2812,1.27891,1.27935,254
2026-01-09 17:15:00,1.27948,1.28006,1.27884,1.27929,445
2026-01-09 17:30:00,1.27898,1.2809,1.27872,1.28084,303
2026-01-09 17:45:00,1.28121,1.28136,1.27964,1.28105,386
2026-01-09 18:00:00,1.2812,1.28275,1.2803,1.28051,287
2026-01-09 18:15:00,1.28093,1.28175,1.27973,1.27991,302
2026-01-09 18:30:00,1.28035,1.2805,1.27961,1.27977,459
2026-01-09 18:45:00,1.28018,1.28169,1.27851,1.27965,485
2026-01-09 19:00:00,1.28029,1.28065,1.27953,1.28041,481
2026-01-09 19:15:00,1.28075,1.28156,1.27974,1.28075,435
2026-01-09 19:30:00,1.28104,1.28289,1.27955,1.28182,486
2026-01-09 19:45:00,1.28143,1.28263,1.28081,1.28216,470
2026-01-09 20:00:00,1.28278,1.28398,1.2818,1.28366,228
2026-01-09 20:15:00,1.28296,1.28423,1.28243,1.28261,204
2026-01-09 20:30:00,1.28189,1.28297,1.28128,1.28228,470
2026-01-09 20:45:00,1.28147,1.28336,1.28128,1.28146,260
2026-01-09 21:00:00,1.28142,1.28232,1.28053,1.28085,352
2026-01-09 21:15:00,1.28134,1.28215,1.28084,1.28173,287
2026-01-09 21:30:00,1.28144,1.28366,1.28104,1.28344,108
2026-01-09 21:45:00,1.28322,1.28417,1.283,1.28333,268
2026-01-09 22:00:00,1.28445,1.28567,1.28266,1.2842,295
2026-01-09 22:15:00,1.2837,1.28452,1.28242,1.28397,128
2026-01-09 22:30:00,1.28437,1.28564,1.28235,1.28325,237
2026-01-09 22:45:00,1.28382,1.28407,1.28252,1.28271,432
2026-01-09 23:00:00,1.28254,1.28401,1.2822,1.2824,397
2026-01-09 23:15:00,1.28242,1.28404,1.28198,1.28395,107
2026-01-09 23:30:00,1.28333,1.28477,1.28328,1.284,389
2026-01-09 23:45:00,1.28437,1.28483,1.28353,1.28441,344
2026-01-10 00:00:00,1.28479,1.28559,1.28404,1.28464,265
2026-01-10 00:15:00,1.28493,1.28574,1.28367,1.2846,425
2026-01-10 00:30:00,1.28514,1.28625,1.28413,1.28606,118
2026-01-10 00:45:00,1.28616,1.28658,1.28539,1.28576,293
2026-01-10 01:00:00,1.28603,1.2864,1.28461,1.28614,396
2026-01-10 01:15:00,1.28672,1.28772,1.28531,1.28538,292
2026-01-10 01:30:00,1.28506,1.28589,1.28464,1.28528,352
2026-01-10 01:45:00,1.28508,1.28743,1.2847,1.28602,130
2026-01-10 02:00:00,1.28564,1.28697,1.28517,1.28564,441
2026-01-10 02:15:00,1.28547,1.2861,1.28476,1.28532,264
2026-01-10 02:30:00,1.2847,1.2859,1.28383,1.28551,147
2026-01-10 02:45:00,1.28555,1.28705,1.28515,1.28638,176
2026-01-10 03:00:00,1.28673,1.28705,1.28511,1.28621,165
2026-01-10 03:15:00,1.28617,1.28765,1.28595,1.28709,183
2026-01-10 03:30:00,1.287,1.2876,1.28634,1.28715,158
2026-01-10 03:45:00,1.28711,1.28799,1.2867,1.28722,431
2026-01-10 04:00:00,1.28653,1.28827,1.28562,1.28722,329
2026-01-10 04:15:00,1.28715,1.28788,1.28652,1.28704,151
2026-01-10 04:30:00,1.28712,1.28816,1.28625,1.28655,275
2026-01-10 04:45:00,1.28528,1.28685,1.28429,1.2847,391
2026-01-10 05:00:00,1.2856,1.28624,1.28438,1.28473,212
2026-01-10 05:15:00,1.28478,1.28587,1.2836,1.28549,474
2026-01-10 05:30:00,1.28512,1.28606,1.28466,1.28537,499
2026-01-10 05:45:00,1.28506,1.28545,1.28409,1.28484,292
2026-01-10 06:00:00,1.28524,1.28556,1.28403,1.28498,251
2026-01-10 06:15:00,1.28482,1.28567,1.28376,1.28488,463
2026-01-10 06:30:00,1.28467,1.28515,1.28271,1.28463,113
2026-01-10 06:45:00,1.28437,1.28572,1.28384,1.28558,378
2026-01-10 07:00:00,1.28544,1.28675,1.28399,1.28526,306
2026-01-10 07:15:00,1.28588,1.28739,1.28501,1.28644,438
2026-01-10 07:30:00,1.28575,1.28647,1.28514,1.28548,471
2026-01-10 07:45:00,1.2855,1.28754,1.28433,1.28532,396
2026-01-10 08:00:00,1.28532,1.28555,1.28413,1.28458,309
2026-01-10 08:15:00,1.28449,1.28545,1.28385,1.28463,204
2026-01-10 08:30:00,1.28487,1.28584,1.28441,1.28468,407
2026-01-10 08:45:00,1.28507,1.28557,1.28443,1.28531,267
2026-01-10 09:00:00,1.28583,1.2859,1.28392,1.28456,462
2026-01-10 09:15:00,1.2844,1.28471,1.28261,1.28421,185
2026-01-10 09:30:00,1.28452,1.28533,1.28368,1.28412,476
2026-01-10 09:45:00,1.28388,1.28474,1.28302,1.28408,182
2026-01-10 10:00:00,1.28392,1.28433,1.28264,1.28362,453
2026-01-10 10:15:00,1.28342,1.28559,1.28225,1.28269,177
2026-01-10 10:30:00,1.28225,1.28345,1.28166,1.28183,125
2026-01-10 10:45:00,1.28149,1.28207,1.27981,1.28054,167
2026-01-10 11:00:00,1.28123,1.28157,1.28042,1.28085,297
2026-01-10 11:15:00,1.28123,1.28241,1.2782,1.27894,458
2026-01-10 11:30:00,1.27878,1.27918,1.27764,1.27862,458
2026-01-10 11:45:00,1.27816,1.27892,1.2775,1.27804,349
2026-01-10 12:00:00,1.27824,1.27861,1.27689,1.27855,447
2026-01-10 12:15:00,1.2774,1.27857,1.27696,1.27784,130
2026-01-10 12:30:00,1.27735,1.27849,1.27662,1.27816,321
2026-01-10 12:45:00,1.27858,1.27922,1.27784,1.27902,356
2026-01-10 13:00:00,1.27835,1.27957,1.27754,1.2782,386
2026-01-10 13:15:00,1.27882,1.28001,1.27737,1.27991,325
2026-01-10 13:30:00,1.28002,1.28104,1.27972,1.28081,156
2026-01-10 13:45:00,1.28133,1.28266,1.28066,1.28087,380
2026-01-10 14:00:00,1.28142,1.28276,1.28067,1.28234,244
2026-01-10 14:15:00,1.2823,1.28354,1.28157,1.28164,145
2026-01-10 14:30:00,1.28239,1.28263,1.28103,1.2814,481
2026-01-10 14:45:00,1.28121,1.28262,1.28068,1.28105,401
2026-01-10 15:00:00,1.2818,1.28339,1.2807,1.28184,430
2026-01-10 15:15:00,1.28236,1.28311,1.28097,1.28299,136
2026-01-10 15:30:00,1.2831,1.2835,1.28224,1.28258,455
2026-01-10 15:45:00,1.28296,1.28389,1.28222,1.28365,288
2026-01-10 16:00:00,1.28381,1.28507,1.28237,1.28308,294
2026-01-10 16:15:00,1.28275,1.28374,1.28189,1.28282,441
2026-01-10 16:30:00,1.28283,1.28365,1.28194,1.28305,275
2026-01-10 16:45:00,1.28221,1.28407,1.28204,1.28237,222
2026-01-10 17:00:00,1.28283,1.28393,1.28038,1.2822,358
2026-01-10 17:15:00,1.28227,1.2836,1.28106,1.28316,120
2026-01-10 17:30:00,1.28355,1.28386,1.28295,1.28335,167
2026-01-10 17:45:00,1.2829,1.2847,1.28124,1.28159,173
2026-01-10 18:00:00,1.28221,1.28313,1.28086,1.28091,230
2026-01-10 18:15:00,1.28061,1.28147,1.28053,1.28096,318
2026-01-10 18:30:00,1.28119,1.28165,1.28086,1.28123,393
2026-01-10 18:45:00,1.28118,1.28192,1.28014,1.28059,377
2026-01-10 19:00:00,1.28095,1.28164,1.27977,1.28098,457
2026-01-10 19:15:00,1.28079,1.28175,1.27985,1.27989,211
2026-01-10 19:30:00,1.27985,1.28174,1.27906,1.28024,186
2026-01-10 19:45:00,1.28004,1.28087,1.27991,1.28083,160
2026-01-10 20:00:00,1.28077,1.28207,1.27999,1.28015,362
2026-01-10 20:15:00,1.28026,1.28109,1.27974,1.28042,220
2026-01-10 20:30:00,1.28051,1.2813,1.27968,1.28119,375
2026-01-10 20:45:00,1.28038,1.28235,1.2788,1.28075,420
2026-01-10 21:00:00,1.2808,1.28253,1.27983,1.28141,240
2026-01-10 21:15:00,1.28062,1.28185,1.27979,1.2801,184
2026-01-10 21:30:00,1.2798,1.28135,1.27868,1.27912,425
2026-01-10 21:45:00,1.27914,1.28032,1.27867,1.27884,437
2026-01-10 22:00:00,1.27971,1.2805,1.27784,1.27919,441
2026-01-10 22:15:00,1.27908,1.28002,1.27898,1.27934,130
2026-01-10 22:30:00,1.27983,1.27986,1.27821,1.27823,289
2026-01-10 22:45:00,1.27791,1.27964,1.27719,1.27895,108
2026-01-10 23:00:00,1.279,1.27978,1.27768,1.27783,105
2026-01-10 23:15:00,1.27871,1.27879,1.27737,1.27841,282
2026-01-10 23:30:00,1.27791,1.27906,1.27755,1.27783,435
2026-01-10 23:45:00,1.27722,1.27801,1.27604,1.27779,259
2026-01-11 00:00:00,1.27707,1.27922,1.27666,1.27811,268
2026-01-11 00:15:00,1.27802,1.27907,1.277,1.2773,309
2026-01-11 00:30:00,1.27743,1.27917,1.27707,1.27775,336
2026-01-11 00:45:00,1.27781,1.27855,1.27744,1.27767,185
2026-01-11 01:00:00,1.27775,1.27922,1.27698,1.27731,441
2026-01-11 01:15:00,1.27739,1.27837,1.27692,1.27708,194
2026-01-11 01:30:00,1.27818,1.27845,1.27708,1.27757,188
2026-01-11 01:45:00,1.27834,1.27856,1.27718,1.27762,299
2026-01-11 02:00:00,1.2785,1.28059,1.27588,1.27816,448
2026-01-11 02:15:00,1.27846,1.27979,1.27732,1.27909,429
2026-01-11 02:30:00,1.27877,1.27925,1.27805,1.27906,307
2026-01-11 02:45:00,1.27853,1.27973,1.27753,1.27764,438
2026-01-11 03:00:00,1.27841,1.27865,1.27756,1.27782,409
2026-01-11 03:15:00,1.27766,1.27812,1.27722,1.27735,288
2026-01-11 03:30:00,1.27737,1.27765,1.27682,1.27727,363
2026-01-11 03:45:00,1.27721,1.27838,1.27649,1.27747,127
2026-01-11 04:00:00,1.27688,1.27809,1.27659,1.27666,288
2026-01-11 04:15:00,1.27561,1.27761,1.27525,1.27555,393
2026-01-11 04:30:00,1.27597,1.27659,1.27547,1.27616,368
2026-01-11 04:45:00,1.27623,1.27738,1.27504,1.2757,154
2026-01-11 05:00:00,1.27592,1.27667,1.27436,1.27649,262
2026-01-11 05:15:00,1.27688,1.2769,1.27475,1.27482,380
2026-01-11 05:30:00,1.27413,1.2754,1.27294,1.27461,478
2026-01-11 05:45:00,1.2752,1.27631,1.27378,1.27562,326
2026-01-11 06:00:00,1.27513,1.27625,1.27414,1.27481,424
2026-01-11 06:15:00,1.27454,1.27524,1.27422,1.27424,476
2026-01-11 06:30:00,1.27514,1.27635,1.27339,1.27524,334
2026-01-11 06:45:00,1.27434,1.27591,1.27336,1.27521,344
2026-01-11 07:00:00,1.27508,1.27632,1.27382,1.27391,290
2026-01-11 07:15:00,1.27379,1.27463,1.27195,1.27258,112
2026-01-11 07:30:00,1.27255,1.27311,1.27168,1.27185,263
2026-01-11 07:45:00,1.27249,1.27273,1.27147,1.27211,264
2026-01-11 08:00:00,1.27122,1.2725,1.27093,1.27245,301
2026-01-11 08:15:00,1.27297,1.27318,1.27125,1.27275,234
2026-01-11 08:30:00,1.2739,1.2753,1.27245,1.27261,494
2026-01-11 08:45:00,1.27267,1.27329,1.27047,1.27253,306
2026-01-11 09:00:00,1.27173,1.27335,1.27147,1.2723,134
2026-01-11 09:15:00,1.2723,1.27289,1.27103,1.27267,196
2026-01-11 09:30:00,1.27231,1.27302,1.27135,1.27204,294
2026-01-11 09:45:00,1.27203,1.2734,1.271,1.27207,334
2026-01-11 10:00:00,1.27167,1.2724,1.27163,1.27187,166
2026-01-11 10:15:00,1.27181,1.27226,1.27139,1.27191,475
2026-01-11 10:30:00,1.27188,1.27228,1.27127,1.27192,335
2026-01-11 10:45:00,1.27162,1.27276,1.27085,1.271,466
2026-01-11 11:00:00,1.27202,1.27229,1.27042,1.2713,192
2026-01-11 11:15:00,1.2711,1.2725,1.27095,1.27098,221
2026-01-11 11:30:00,1.27038,1.27107,1.27024,1.27041,320
2026-01-11 11:45:00,1.27092,1.2716,1.26894,1.2698,448
2026-01-11 12:00:00,1.27051,1.27069,1.26923,1.26969,293
2026-01-11 12:15:00,1.26924,1.2702,1.26858,1.26875,257
2026-01-11 12:30:00,1.26823,1.26923,1.26813,1.26887,340
2026-01-11 12:45:00,1.26895,1.26988,1.26812,1.26896,130
2026-01-11 13:00:00,1.26942,1.27014,1.26824,1.26911,470
2026-01-11 13:15:00,1.26823,1.26936,1.26795,1.26909,463
2026-01-11 13:30:00,1.26845,1.26922,1.26827,1.26908,109
2026-01-11 13:45:00,1.26884,1.26933,1.26833,1.26922,132
2026-01-11 14:00:00,1.26937,1.26995,1.26798,1.26844,185
2026-01-11 14:15:00,1.26792,1.26949,1.26791,1.26844,244
2026-01-11 14:30:00,1.26811,1.26874,1.2676,1.26792,285
2026-01-11 14:45:00,1.26766,1.26926,1.26619,1.26715,116
2026-01-11 15:00:00,1.26752,1.26815,1.26531,1.26773,435
2026-01-11 15:15:00,1.26817,1.26975,1.2674,1.26953,407
2026-01-11 15:30:00,1.27028,1.27069,1.26908,1.2697,334
2026-01-11 15:45:00,1.27005,1.27065,1.26863,1.27013,344
2026-01-11 16:00:00,1.26975,1.27168,1.26948,1.2713,409
2026-01-11 16:15:00,1.27185,1.27323,1.27108,1.27249,380
2026-01-11 16:30:00,1.27211,1.27302,1.27174,1.27246,104
2026-01-11 16:45:00,1.27221,1.27331,1.27188,1.27276,192
2026-01-11 17:00:00,1.27186,1.27303,1.27135,1.27295,477
2026-01-11 17:15:00,1.27369,1.27395,1.27202,1.27248,231
2026-01-11 17:30:00,1.27221,1.27309,1.27108,1.27302,325
2026-01-11 17:45:00,1.27279,1.27414,1.27164,1.27213,410
2026-01-11 18:00:00,1.27247,1.27266,1.27105,1.27159,479
2026-01-11 18:15:00,1.27165,1.27233,1.27042,1.27082,340
2026-01-11 18:30:00,1.27144,1.27211,1.26945,1.26946,388
2026-01-11 18:45:00,1.26979,1.26992,1.26885,1.26899,418
2026-01-11 19:00:00,1.26952,1.26959,1.26849,1.26956,397
2026-01-11 19:15:00,1.26923,1.27007,1.26848,1.2694,158
2026-01-11 19:30:00,1.26952,1.27048,1.26835,1.26961,353
2026-01-11 19:45:00,1.26949,1.2707,1.2686,1.27013,417
2026-01-11 20:00:00,1.27075,1.27165,1.26933,1.26992,234
2026-01-11 20:15:00,1.26979,1.27074,1.26885,1.27,426
2026-01-11 20:30:00,1.26945,1.27024,1.26884,1.26909,364
2026-01-11 20:45:00,1.26858,1.26951,1.26805,1.26871,119
2026-01-11 21:00:00,1.26848,1.26914,1.26799,1.26873,485
2026-01-11 21:15:00,1.26927,1.27089,1.26847,1.26989,249
2026-01-11 21:30:00,1.26963,1.2704,1.26763,1.26771,245
2026-01-11 21:45:00,1.26762,1.26815,1.26618,1.26758,472
2026-01-11 22:00:00,1.26751,1.26883,1.26667,1.2676,277
2026-01-11 22:15:00,1.26784,1.26901,1.26686,1.26817,317
2026-01-11 22:30:00,1.26828,1.26924,1.26656,1.26879,270
2026-01-11 22:45:00,1.26855,1.26974,1.26807,1.26865,140
2026-01-11 23:00:00,1.26833,1.26893,1.26802,1.26843,312
2026-01-11 23:15:00,1.26818,1.26943,1.26765,1.2685,385
2026-01-11 23:30:00,1.2689,1.27062,1.2685,1.26884,342
2026-01-11 23:45:00,1.26794,1.2689,1.26725,1.26768,191
2026-01-12 00:00:00,1.26829,1.26906,1.26628,1.26705,403
2026-01-12 00:15:00,1.26755,1.26756,1.26652,1.26708,330
2026-01-12 00:30:00,1.26721,1.2676,1.26707,1.26726,399
2026-01-12 00:45:00,1.26721,1.26879,1.26616,1.26816,230
2026-01-12 01:00:00,1.26791,1.26964,1.26711,1.26779,478
2026-01-12 01:15:00,1.26759,1.26805,1.26709,1.26791,127
2026-01-12 01:30:00,1.26776,1.26895,1.26673,1.26719,204
2026-01-12 01:45:00,1.26689,1.26814,1.26574,1.26811,275
2026-01-12 02:00:00,1.26824,1.26867,1.2677,1.26862,155
2026-01-12 02:15:00,1.26953,1.27013,1.26826,1.26965,272
2026-01-12 02:30:00,1.26951,1.26995,1.26824,1.26827,399
2026-01-12 02:45:00,1.26836,1.26956,1.2682,1.26916,317
2026-01-12 03:00:00,1.26991,1.27,1.26841,1.26908,263
2026-01-12 03:15:00,1.26907,1.26977,1.26841,1.26872,175
2026-01-12 03:30:00,1.26852,1.26933,1.26714,1.26847,345
2026-01-12 03:45:00,1.26901,1.26936,1.26812,1.26835,277
2026-01-12 04:00:00,1.26892,1.26903,1.26698,1.26731,431
2026-01-12 04:15:00,1.26665,1.26752,1.26552,1.26556,103
2026-01-12 04:30:00,1.26635,1.26741,1.26471,1.26519,497
2026-01-12 04:45:00,1.26531,1.26594,1.26445,1.26545,385
2026-01-12 05:00:00,1.26559,1.26638,1.26512,1.26527,339
2026-01-12 05:15:00,1.26546,1.26661,1.2642,1.26436,162
2026-01-12 05:30:00,1.26386,1.26502,1.26251,1.26271,359
2026-01-12 05:45:00,1.26318,1.2634,1.26158,1.26229,487
2026-01-12 06:00:00,1.26197,1.26318,1.26101,1.26135,230
2026-01-12 06:15:00,1.261,1.26163,1.25955,1.26137,204
2026-01-12 06:30:00,1.26146,1.26252,1.26088,1.26196,400
2026-01-12 06:45:00,1.2627,1.26399,1.26034,1.26273,381
2026-01-12 07:00:00,1.26356,1.26357,1.261,1.26121,283
2026-01-12 07:15:00,1.2611,1.26175,1.26048,1.26175,413
2026-01-12 07:30:00,1.26164,1.26341,1.2615,1.26272,159
2026-01-12 07:45:00,1.26274,1.26388,1.26219,1.26335,210
2026-01-12 08:00:00,1.26355,1.26375,1.26317,1.26372,242
2026-01-12 08:15:00,1.26438,1.26461,1.26234,1.26358,197
2026-01-12 08:30:00,1.26381,1.26484,1.2626,1.26475,143
2026-01-12 08:45:00,1.2651,1.26646,1.26301,1.26371,243
2026-01-12 09:00:00,1.2637,1.26417,1.26293,1.26361,166
2026-01-12 09:15:00,1.26285,1.26394,1.26251,1.26327,186
2026-01-12 09:30:00,1.26347,1.26435,1.26214,1.26263,389
2026-01-12 09:45:00,1.2625,1.26283,1.26205,1.26277,431
2026-01-12 10:00:00,1.26314,1.26323,1.26218,1.26271,190
2026-01-12 10:15:00,1.26227,1.26334,1.2618,1.26258,349
2026-01-12 10:30:00,1.26283,1.26344,1.26205,1.26321,406
2026-01-12 10:45:00,1.26324,1.26425,1.26223,1.26259,299
2026-01-12 11:00:00,1.26261,1.26467,1.26184,1.26265,390
2026-01-12 11:15:00,1.26215,1.26408,1.26213,1.26312,407
2026-01-12 11:30:00,1.26306,1.26426,1.26254,1.26388,383
2026-01-12 11:45:00,1.26419,1.26473,1.26277,1.26281,120
2026-01-12 12:00:00,1.2625,1.26321,1.26139,1.26305,158
2026-01-12 12:15:00,1.2622,1.26405,1.26169,1.26203,151
2026-01-12 12:30:00,1.26157,1.26324,1.25994,1.26107,115
2026-01-12 12:45:00,1.26103,1.26235,1.26026,1.26132,100
2026-01-12 13:00:00,1.26155,1.26291,1.26119,1.26249,119
2026-01-12 13:15:00,1.26191,1.263,1.26151,1.26277,177
2026-01-12 13:30:00,1.26203,1.26289,1.26183,1.26208,123
2026-01-12 13:45:00,1.26112,1.26308,1.26036,1.26107,483
2026-01-12 14:00:00,1.26116,1.262,1.26035,1.26164,268
2026-01-12 14:15:00,1.26132,1.26216,1.26095,1.26097,104
2026-01-12 14:30:00,1.26107,1.26147,1.26093,1.26094,364
2026-01-12 14:45:00,1.26136,1.26154,1.26071,1.26109,350
2026-01-12 15:00:00,1.26124,1.26163,1.25963,1.26033,432
2026-01-12 15:15:00,1.26076,1.26096,1.25972,1.25991,338
2026-01-12 15:30:00,1.25935,1.26046,1.25831,1.259,115
2026-01-12 15:45:00,1.25897,1.2595,1.25805,1.25863,194
2026-01-12 16:00:00,1.25839,1.259,1.25648,1.25688,225
2026-01-12 16:15:00,1.25704,1.25757,1.25583,1.25694,235
2026-01-12 16:30:00,1.25627,1.25806,1.25578,1.25692,349
2026-01-12 16:45:00,1.25742,1.25829,1.25639,1.25672,162
2026-01-12 17:00:00,1.25649,1.25749,1.25542,1.2571,272
2026-01-12 17:15:00,1.25674,1.25744,1.25552,1.2571,379
2026-01-12 17:30:00,1.25748,1.25817,1.25624,1.25662,478
2026-01-12 17:45:00,1.2563,1.25664,1.25483,1.2559,346
2026-01-12 18:00:00,1.25575,1.25734,1.25475,1.25544,388
2026-01-12 18:15:00,1.25622,1.25766,1.25443,1.25551,462
2026-01-12 18:30:00,1.25589,1.25717,1.25441,1.25672,195
2026-01-12 18:45:00,1.25626,1.25765,1.25568,1.25635,442
2026-01-12 19:00:00,1.25595,1.2571,1.25444,1.25671,169
2026-01-12 19:15:00,1.25616,1.25748,1.25466,1.25629,201
2026-01-12 19:30:00,1.25626,1.25684,1.25607,1.25654,449
2026-01-12 19:45:00,1.25643,1.25677,1.25596,1.25635,183
2026-01-12 20:00:00,1.25705,1.25707,1.25607,1.2561,205
2026-01-12 20:15:00,1.25532,1.25633,1.25496,1.25525,323
2026-01-12 20:30:00,1.25515,1.25661,1.25391,1.25531,455
2026-01-12 20:45:00,1.25636,1.25687,1.25428,1.25672,161
2026-01-12 21:00:00,1.25705,1.25832,1.25639,1.25692,207
2026-01-12 21:15:00,1.25671,1.25728,1.25493,1.2558,389
2026-01-12 21:30:00,1.25614,1.2567,1.25551,1.2559,292
2026-01-12 21:45:00,1.25487,1.25622,1.25411,1.2558,342
2026-01-12 22:00:00,1.2552,1.2567,1.25462,1.25643,287
2026-01-12 22:15:00,1.25738,1.25855,1.25637,1.25664,250
2026-01-12 22:30:00,1.25643,1.25698,1.25609,1.25693,192
2026-01-12 22:45:00,1.25646,1.25746,1.25637,1.25699,399
2026-01-12 23:00:00,1.25803,1.25835,1.25692,1.25778,347
2026-01-12 23:15:00,1.25803,1.25947,1.25716,1.25851,270
2026-01-12 23:30:00,1.25788,1.26029,1.25755,1.26018,469
2026-01-12 23:45:00,1.25998,1.261,1.25817,1.25835,357
2026-01-13 00:00:00,1.25936,1.2609,1.25738,1.25783,269
2026-01-13 00:15:00,1.25782,1.25861,1.25666,1.25687,374
2026-01-13 00:30:00,1.25631,1.25822,1.25529,1.25568,234
2026-01-13 00:45:00,1.25592,1.25627,1.25469,1.25564,317
2026-01-13 01:00:00,1.25598,1.25608,1.25524,1.25563,219
2026-01-13 01:15:00,1.25513,1.25699,1.25506,1.25622,211
2026-01-13 01:30:00,1.25495,1.25659,1.25431,1.25486,109
2026-01-13 01:45:00,1.25519,1.25544,1.25336,1.25525,267
2026-01-13 02:00:00,1.25553,1.257,1.25461,1.25569,367
2026-01-13 02:15:00,1.25541,1.25747,1.25501,1.25525,183
2026-01-13 02:30:00,1.25521,1.25583,1.25377,1.25446,112
2026-01-13 02:45:00,1.25444,1.25539,1.25405,1.25465,224
2026-01-13 03:00:00,1.25396,1.25477,1.25366,1.254,129
2026-01-13 03:15:00,1.25435,1.25521,1.25355,1.25376,314
2026-01-13 03:30:00,1.25359,1.2547,1.25319,1.25404,424
2026-01-13 03:45:00,1.25438,1.25472,1.25258,1.254,433
2026-01-13 04:00:00,1.25354,1.25447,1.25218,1.25383,220
2026-01-13 04:15:00,1.25377,1.25504,1.25209,1.25443,496
2026-01-13 04:30:00,1.25533,1.25703,1.25423,1.25562,126
2026-01-13 04:45:00,1.25538,1.25577,1.25497,1.25537,377
2026-01-13 05:00:00,1.25514,1.25598,1.25417,1.25518,280
2026-01-13 05:15:00,1.25589,1.25701,1.25482,1.25537,190
2026-01-13 05:30:00,1.25551,1.25633,1.25491,1.25606,210
2026-01-13 05:45:00,1.2555,1.25623,1.25466,1.25524,320
2026-01-13 06:00:00,1.25535,1.25554,1.25391,1.25528,230
2026-01-13 06:15:00,1.25627,1.2567,1.25499,1.25518,317
2026-01-13 06:30:00,1.25549,1.25596,1.25322,1.25371,349
2026-01-13 06:45:00,1.25391,1.25519,1.2528,1.25327,351
2026-01-13 07:00:00,1.25297,1.25404,1.2514,1.25161,303
2026-01-13 07:15:00,1.25178,1.25187,1.25036,1.25168,455
2026-01-13 07:30:00,1.25143,1.25181,1.25076,1.25083,353
2026-01-13 07:45:00,1.25146,1.25204,1.24856,1.24864,358
2026-01-13 08:00:00,1.24889,1.25022,1.24757,1.24899,408
2026-01-13 08:15:00,1.24874,1.24933,1.24855,1.2486,234
2026-01-13 08:30:00,1.24821,1.24973,1.24727,1.24955,482
2026-01-13 08:45:00,1.25094,1.25168,1.24942,1.25151,156
2026-01-13 09:00:00,1.25176,1.25295,1.25138,1.25199,290
2026-01-13 09:15:00,1.2514,1.253,1.25095,1.25294,253
2026-01-13 09:30:00,1.25307,1.25331,1.25179,1.25281,130
2026-01-13 09:45:00,1.25271,1.25344,1.25174,1.25177,231
2026-01-13 10:00:00,1.25246,1.2525,1.25137,1.25215,329
2026-01-13 10:15:00,1.25107,1.25299,1.25052,1.25144,477
2026-01-13 10:30:00,1.25127,1.25236,1.25093,1.25094,298
2026-01-13 10:45:00,1.25134,1.25306,1.25023,1.25224,400
2026-01-13 11:00:00,1.25248,1.25329,1.25007,1.25076,350
2026-01-13 11:15:00,1.25072,1.252,1.25027,1.25108,106
2026-01-13 11:30:00,1.25075,1.25176,1.25033,1.25125,215
2026-01-13 11:45:00,1.25086,1.25244,1.25073,1.25086,447
2026-01-13 12:00:00,1.25106,1.25121,1.25026,1.25047,388
2026-01-13 12:15:00,1.25019,1.25171,1.24926,1.25011,474
2026-01-13 12:30:00,1.24984,1.25019,1.24913,1.25001,118
2026-01-13 12:45:00,1.2489,1.25102,1.24811,1.24842,193
2026-01-13 13:00:00,1.24917,1.24956,1.24747,1.2475,455
2026-01-13 13:15:00,1.24798,1.24897,1.24733,1.24743,271
2026-01-13 13:30:00,1.24666,1.24816,1.24601,1.24632,312
2026-01-13 13:45:00,1.24546,1.24718,1.24545,1.24623,139
2026-01-13 14:00:00,1.2459,1.24738,1.24523,1.2472,248
2026-01-13 14:15:00,1.24743,1.24834,1.24716,1.24807,480
2026-01-13 14:30:00,1.24805,1.24921,1.2477,1.24841,344
2026-01-13 14:45:00,1.24839,1.24869,1.24776,1.24817,214
2026-01-13 15:00:00,1.24889,1.24939,1.24742,1.24752,272
2026-01-13 15:15:00,1.24764,1.24849,1.24719,1.24823,304
2026-01-13 15:30:00,1.24886,1.24919,1.24773,1.24847,293
2026-01-13 15:45:00,1.24861,1.24943,1.24678,1.24731,378
2026-01-13 16:00:00,1.24762,1.24874,1.24716,1.24858,394
2026-01-13 16:15:00,1.24892,1.24975,1.24772,1.24825,332
2026-01-13 16:30:00,1.24778,1.24834,1.24686,1.24772,182
2026-01-13 16:45:00,1.2484,1.24922,1.24635,1.24907,382
2026-01-13 17:00:00,1.24804,1.24941,1.24803,1.24879,323
2026-01-13 17:15:00,1.24852,1.24993,1.24698,1.24947,312
2026-01-13 17:30:00,1.24955,1.25024,1.24849,1.24884,215
2026-01-13 17:45:00,1.24862,1.24932,1.24785,1.24785,337
2026-01-13 18:00:00,1.24822,1.24974,1.24722,1.24843,456
2026-01-13 18:15:00,1.24806,1.24892,1.24777,1.24836,360
2026-01-13 18:30:00,1.24801,1.24886,1.24654,1.2476,174
2026-01-13 18:45:00,1.2477,1.24884,1.24699,1.24811,314
2026-01-13 19:00:00,1.24929,1.24944,1.24712,1.24832,344
2026-01-13 19:15:00,1.24717,1.24916,1.24668,1.24676,298
2026-01-13 19:30:00,1.24698,1.24773,1.24649,1.2468,417
2026-01-13 19:45:00,1.24682,1.24738,1.24587,1.24702,454
2026-01-13 20:00:00,1.24768,1.24775,1.24675,1.24726,497
2026-01-13 20:15:00,1.24825,1.24941,1.24662,1.24923,447
2026-01-13 20:30:00,1.24937,1.24989,1.24888,1.24892,364
2026-01-13 20:45:00,1.24965,1.25168,1.24846,1.2498,263
2026-01-13 21:00:00,1.25017,1.25071,1.24931,1.24974,234
2026-01-13 21:15:00,1.24886,1.2498,1.24846,1.2495,205
2026-01-13 21:30:00,1.24967,1.25002,1.24886,1.24969,481
2026-01-13 21:45:00,1.24904,1.2497,1.24762,1.24838,485
2026-01-13 22:00:00,1.24882,1.24898,1.24777,1.24881,285
2026-01-13 22:15:00,1.24911,1.25002,1.24832,1.2497,460
2026-01-13 22:30:00,1.25031,1.25162,1.2489,1.25021,497
2026-01-13 22:45:00,1.25032,1.25189,1.24938,1.2503,361
2026-01-13 23:00:00,1.25061,1.25133,1.24901,1.2495,293
2026-01-13 23:15:00,1.24956,1.25079,1.2485,1.25018,257
2026-01-13 23:30:00,1.251,1.25244,1.25006,1.25218,471
2026-01-13 23:45:00,1.25198,1.25316,1.25151,1.25314,383
2026-01-14 00:00:00,1.25353,1.25403,1.25279,1.25371,108
2026-01-14 00:15:00,1.25353,1.25429,1.25291,1.25345,349
2026-01-14 00:30:00,1.25357,1.25484,1.25271,1.25303,177
2026-01-14 00:45:00,1.25385,1.25405,1.2527,1.25307,212
2026-01-14 01:00:00,1.25387,1.25497,1.25259,1.25371,144
2026-01-14 01:15:00,1.25355,1.25432,1.25275,1.25419,405
2026-01-14 01:30:00,1.25448,1.25661,1.2533,1.25446,477
2026-01-14 01:45:00,1.2542,1.25494,1.2537,1.25476,379
2026-01-14 02:00:00,1.25617,1.25644,1.25432,1.25446,158
2026-01-14 02:15:00,1.25466,1.25565,1.2537,1.25556,118
2026-01-14 02:30:00,1.25614,1.25738,1.25543,1.25607,146
2026-01-14 02:45:00,1.2566,1.25805,1.2556,1.2559,113
2026-01-14 03:00:00,1.25523,1.25702,1.25439,1.25564,258
2026-01-14 03:15:00,1.25506,1.25577,1.25467,1.25551,121
2026-01-14 03:30:00,1.25566,1.25578,1.25409,1.25453,235
2026-01-14 03:45:00,1.25441,1.25503,1.25362,1.25444,340
2026-01-14 04:00:00,1.25447,1.25493,1.25371,1.25434,180
2026-01-14 04:15:00,1.25453,1.25481,1.25338,1.25427,299
2026-01-14 04:30:00,1.25415,1.25486,1.25393,1.25437,375
2026-01-14 04:45:00,1.2547,1.25637,1.25358,1.25505,488
2026-01-14 05:00:00,1.25433,1.25536,1.25362,1.25449,402
2026-01-14 05:15:00,1.2549,1.25553,1.25321,1.25455,324
2026-01-14 05:30:00,1.2552,1.25588,1.25411,1.25422,307
2026-01-14 05:45:00,1.25415,1.25457,1.25338,1.25436,196
2026-01-14 06:00:00,1.25358,1.25517,1.25261,1.25386,412
2026-01-14 06:15:00,1.25421,1.25497,1.25233,1.25411,389
2026-01-14 06:30:00,1.25385,1.25479,1.25351,1.25448,126
2026-01-14 06:45:00,1.25459,1.25594,1.25437,1.25506,140
2026-01-14 07:00:00,1.25523,1.2563,1.25367,1.2561,271
2026-01-14 07:15:00,1.25585,1.25633,1.25575,1.25603,394
2026-01-14 07:30:00,1.25563,1.25711,1.25529,1.25681,407
2026-01-14 07:45:00,1.2567,1.25713,1.25489,1.25496,276
2026-01-14 08:00:00,1.25406,1.25732,1.25395,1.25568,297
2026-01-14 08:15:00,1.25571,1.25652,1.25429,1.25534,393
2026-01-14 08:30:00,1.25579,1.25709,1.25422,1.25564,406
2026-01-14 08:45:00,1.25498,1.25595,1.25497,1.25564,403
2026-01-14 09:00:00,1.25647,1.25667,1.25464,1.25636,211
2026-01-14 09:15:00,1.25659,1.25691,1.25601,1.25604,148
2026-01-14 09:30:00,1.25565,1.25669,1.25554,1.2559,260
2026-01-14 09:45:00,1.25654,1.25732,1.25531,1.25707,363
2026-01-14 10:00:00,1.25708,1.25778,1.25658,1.25719,392
2026-01-14 10:15:00,1.2568,1.25812,1.25643,1.25657,352
2026-01-14 10:30:00,1.25706,1.25743,1.25577,1.25629,361
2026-01-14 10:45:00,1.25555,1.25637,1.25525,1.25619,421
2026-01-14 11:00:00,1.25567,1.2563,1.2553,1.25618,334
2026-01-14 11:15:00,1.25749,1.25819,1.25608,1.25803,247
2026-01-14 11:30:00,1.25801,1.25924,1.25641,1.25763,232
2026-01-14 11:45:00,1.25718,1.25764,1.25675,1.25728,447
2026-01-14 12:00:00,1.2581,1.25831,1.2572,1.25726,233
2026-01-14 12:15:00,1.25742,1.25799,1.25662,1.25769,127
2026-01-14 12:30:00,1.25746,1.25829,1.25699,1.2571,416
2026-01-14 12:45:00,1.2564,1.25729,1.25619,1.25653,495
2026-01-14 13:00:00,1.25679,1.25698,1.25587,1.25648,344
2026-01-14 13:15:00,1.25682,1.2575,1.2556,1.25741,457
2026-01-14 13:30:00,1.2571,1.2585,1.2566,1.25795,477
2026-01-14 13:45:00,1.25794,1.25896,1.25724,1.25793,413
2026-01-14 14:00:00,1.25738,1.25835,1.25717,1.25826,369
2026-01-14 14:15:00,1.25687,1.25927,1.25638,1.25859,124
2026-01-14 14:30:00,1.25819,1.25925,1.25772,1.25828,393
2026-01-14 14:45:00,1.25806,1.25844,1.25794,1.25803,207
2026-01-14 15:00:00,1.25803,1.25813,1.25703,1.2579,109
2026-01-14 15:15:00,1.25822,1.25867,1.25783,1.25794,440
2026-01-14 15:30:00,1.25827,1.25961,1.25703,1.25948,325
2026-01-14 15:45:00,1.26016,1.26074,1.25782,1.25926,324
2026-01-14 16:00:00,1.2593,1.26051,1.25835,1.25958,142
2026-01-14 16:15:00,1.25938,1.26019,1.25891,1.25922,343
2026-01-14 16:30:00,1.25876,1.2608,1.25803,1.25952,458
2026-01-14 16:45:00,1.25901,1.26064,1.25819,1.26025,286
2026-01-14 17:00:00,1.26012,1.26042,1.25958,1.25988,125
2026-01-14 17:15:00,1.25985,1.26139,1.25906,1.26104,453
2026-01-14 17:30:00,1.26081,1.26154,1.25974,1.26033,173
2026-01-14 17:45:00,1.26015,1.26137,1.26003,1.26074,241
2026-01-14 18:00:00,1.2617,1.26224,1.26038,1.26076,409
2026-01-14 18:15:00,1.26121,1.26253,1.26028,1.26108,246
2026-01-14 18:30:00,1.26066,1.26166,1.26043,1.26146,303
2026-01-14 18:45:00,1.26158,1.26269,1.26117,1.2621,434
2026-01-14 19:00:00,1.26294,1.26384,1.26162,1.26177,466
2026-01-14 19:15:00,1.26209,1.2628,1.25956,1.26187,283
2026-01-14 19:30:00,1.26225,1.2627,1.26136,1.26179,108
2026-01-14 19:45:00,1.26235,1.2636,1.26041,1.26258,137
2026-01-14 20:00:00,1.26268,1.26389,1.26174,1.2626,384
2026-01-14 20:15:00,1.26271,1.26403,1.26223,1.26324,415
2026-01-14 20:30:00,1.26336,1.264,1.26279,1.26394,122
2026-01-14 20:45:00,1.26437,1.26548,1.26229,1.26378,186
2026-01-14 21:00:00,1.26454,1.26492,1.26346,1.26488,247
2026-01-14 21:15:00,1.26528,1.26541,1.26478,1.26512,304
2026-01-14 21:30:00,1.2652,1.2659,1.26439,1.26575,401
2026-01-14 21:45:00,1.26508,1.26659,1.26475,1.26508,170
2026-01-14 22:00:00,1.26496,1.26646,1.26427,1.26533,167
2026-01-14 22:15:00,1.26517,1.26664,1.26472,1.26607,319
2026-01-14 22:30:00,1.26634,1.26708,1.26513,1.26693,142
2026-01-14 22:45:00,1.26634,1.26719,1.26592,1.2666,162
2026-01-14 23:00:00,1.26669,1.26757,1.26561,1.2674,117
2026-01-14 23:15:00,1.26716,1.2682,1.26627,1.26801,370
2026-01-14 23:30:00,1.26721,1.26817,1.266,1.26734,200
2026-01-14 23:45:00,1.26715,1.2682,1.26671,1.2681,386
2026-01-15 00:00:00,1.26768,1.2688,1.26756,1.26782,437
2026-01-15 00:15:00,1.2678,1.26928,1.26755,1.26823,266
2026-01-15 00:30:00,1.26839,1.2697,1.26753,1.2687,125
2026-01-15 00:45:00,1.26905,1.26962,1.268,1.26883,211
2026-01-15 01:00:00,1.2683,1.26926,1.26808,1.26832,183
2026-01-15 01:15:00,1.26837,1.26893,1.26705,1.26812,395
2026-01-15 01:30:00,1.26801,1.26938,1.26677,1.26695,245
2026-01-15 01:45:00,1.26604,1.26738,1.26591,1.26645,246
2026-01-15 02:00:00,1.26678,1.26844,1.26513,1.26824,277
2026-01-15 02:15:00,1.26847,1.26866,1.26813,1.26844,387
2026-01-15 02:30:00,1.26837,1.26896,1.26802,1.26851,388
2026-01-15 02:45:00,1.26814,1.26955,1.26781,1.26887,444
2026-01-15 03:00:00,1.26884,1.26971,1.26701,1.26866,452
2026-01-15 03:15:00,1.26857,1.26983,1.26691,1.26947,458
2026-01-15 03:30:00,1.2695,1.27048,1.26859,1.26913,385
2026-01-15 03:45:00,1.26867,1.26913,1.26803,1.26874,136
2026-01-15 04:00:00,1.26861,1.27026,1.26679,1.26749,449
2026-01-15 04:15:00,1.26837,1.26904,1.26718,1.268,145
2026-01-15 04:30:00,1.268,1.26844,1.26764,1.26782,183
2026-01-15 04:45:00,1.26793,1.27004,1.26683,1.26898,205
2026-01-15 05:00:00,1.26848,1.2699,1.26796,1.26959,339
2026-01-15 05:15:00,1.26922,1.27002,1.26883,1.26903,435
2026-01-15 05:30:00,1.26927,1.27031,1.26855,1.27011,336
2026-01-15 05:45:00,1.27096,1.27169,1.26982,1.27058,119
2026-01-15 06:00:00,1.27078,1.27133,1.26942,1.26965,102
2026-01-15 06:15:00,1.26972,1.27006,1.26823,1.26964,427
2026-01-15 06:30:00,1.26959,1.27047,1.26894,1.27037,369
2026-01-15 06:45:00,1.27048,1.27176,1.26915,1.26942,473
2026-01-15 07:00:00,1.26955,1.26983,1.26886,1.26935,309
2026-01-15 07:15:00,1.2692,1.27089,1.26889,1.27006,431
2026-01-15 07:30:00,1.27049,1.27115,1.2697,1.26982,117
2026-01-15 07:45:00,1.26977,1.27037,1.26794,1.26963,118
2026-01-15 08:00:00,1.269,1.27031,1.26835,1.27,443
2026-01-15 08:15:00,1.26954,1.27034,1.26926,1.26982,268
2026-01-15 08:30:00,1.27054,1.27125,1.26949,1.27113,430
2026-01-15 08:45:00,1.27062,1.27208,1.27016,1.27065,214
2026-01-15 09:00:00,1.27188,1.27197,1.26939,1.26945,432
2026-01-15 09:15:00,1.26991,1.27059,1.26882,1.26888,294
2026-01-15 09:30:00,1.2692,1.26988,1.26774,1.26841,469
2026-01-15 09:45:00,1.26898,1.26934,1.26781,1.26865,311
2026-01-15 10:00:00,1.2685,1.26929,1.26716,1.26828,375
2026-01-15 10:15:00,1.2687,1.26955,1.26795,1.26857,195
2026-01-15 10:30:00,1.2684,1.26934,1.26776,1.26824,349
2026-01-15 10:45:00,1.26901,1.26975,1.26764,1.26903,446
2026-01-15 11:00:00,1.26857,1.2699,1.26832,1.26914,394
2026-01-15 11:15:00,1.26955,1.27099,1.26835,1.26918,258
2026-01-15 11:30:00,1.26862,1.26947,1.26801,1.26859,365
2026-01-15 11:45:00,1.26842,1.26944,1.26834,1.26837,250
2026-01-15 12:00:00,1.26836,1.27013,1.26731,1.26966,246
2026-01-15 12:15:00,1.26907,1.27011,1.26903,1.26912,432
2026-01-15 12:30:00,1.26919,1.26962,1.26883,1.26938,418
2026-01-15 12:45:00,1.27011,1.27154,1.26894,1.26938,452
2026-01-15 13:00:00,1.26993,1.27036,1.26899,1.27002,447
2026-01-15 13:15:00,1.26962,1.27026,1.26952,1.2699,318
2026-01-15 13:30:00,1.26887,1.27095,1.26867,1.27036,432
2026-01-15 13:45:00,1.27021,1.27152,1.26911,1.27005,358
2026-01-15 14:00:00,1.26919,1.27076,1.26908,1.26961,209
2026-01-15 14:15:00,1.26859,1.27019,1.26834,1.26901,105
2026-01-15 14:30:00,1.26859,1.26986,1.26854,1.26916,388
2026-01-15 14:45:00,1.26964,1.26968,1.26887,1.26963,451
2026-01-15 15:00:00,1.27034,1.27131,1.26934,1.27015,389
2026-01-15 15:15:00,1.27062,1.27136,1.26876,1.26918,357
2026-01-15 15:30:00,1.26958,1.2705,1.26841,1.26874,121
2026-01-15 15:45:00,1.26892,1.26938,1.26821,1.26872,374
2026-01-15 16:00:00,1.26846,1.26966,1.26757,1.26931,451
2026-01-15 16:15:00,1.26874,1.27038,1.26766,1.26784,370
2026-01-15 16:30:00,1.26721,1.26839,1.26577,1.2665,243
2026-01-15 16:45:00,1.26713,1.26734,1.2663,1.26712,345
2026-01-15 17:00:00,1.26635,1.26728,1.26517,1.26674,207
2026-01-15 17:15:00,1.26701,1.26741,1.26613,1.26686,344
2026-01-15 17:30:00,1.26679,1.26833,1.26562,1.2681,190
2026-01-15 17:45:00,1.26822,1.26862,1.26764,1.26793,212
2026-01-15 18:00:00,1.26886,1.26943,1.26736,1.26894,361
2026-01-15 18:15:00,1.26861,1.26964,1.268,1.26801,250
2026-01-15 18:30:00,1.26871,1.26892,1.26715,1.26805,483
2026-01-15 18:45:00,1.26829,1.26884,1.26748,1.26867,127
2026-01-15 19:00:00,1.26931,1.27021,1.2685,1.2691,265
2026-01-15 19:15:00,1.26925,1.27055,1.269,1.26904,348
2026-01-15 19:30:00,1.26882,1.26917,1.26784,1.26863,143
2026-01-15 19:45:00,1.26824,1.2691,1.26815,1.2683,221
2026-01-15 20:00:00,1.26866,1.26954,1.26787,1.26828,106
2026-01-15 20:15:00,1.26824,1.26893,1.26681,1.26831,249
2026-01-15 20:30:00,1.26828,1.26897,1.26768,1.26876,234
2026-01-15 20:45:00,1.26822,1.26924,1.2672,1.26832,342
2026-01-15 21:00:00,1.26814,1.26834,1.2674,1.26828,245
2026-01-15 21:15:00,1.26826,1.2692,1.2676,1.26884,468
2026-01-15 21:30:00,1.26811,1.26927,1.26672,1.26816,235
2026-01-15 21:45:00,1.26842,1.26901,1.26802,1.26886,431
2026-01-15 22:00:00,1.26934,1.26957,1.26867,1.26902,404
2026-01-15 22:15:00,1.26891,1.26936,1.26867,1.26934,413
2026-01-15 22:30:00,1.26914,1.27025,1.26815,1.26903,216
2026-01-15 22:45:00,1.26857,1.26938,1.26805,1.26863,319
2026-01-15 23:00:00,1.26858,1.2692,1.26733,1.26813,372
2026-01-15 23:15:00,1.26782,1.26816,1.26715,1.26747,353
2026-01-15 23:30:00,1.26746,1.26834,1.26627,1.26785,230
2026-01-15 23:45:00,1.26825,1.26912,1.26735,1.26745,242
2026-01-16 00:00:00,1.26681,1.2676,1.26479,1.26596,123
2026-01-16 00:15:00,1.26584,1.26669,1.26552,1.2662,454
2026-01-16 00:30:00,1.2663,1.2675,1.26564,1.26719,218
2026-01-16 00:45:00,1.26753,1.26873,1.26609,1.26728,223
2026-01-16 01:00:00,1.26736,1.26827,1.26586,1.26811,473
2026-01-16 01:15:00,1.26988,1.2704,1.26792,1.26902,417
2026-01-16 01:30:00,1.26992,1.27027,1.26815,1.26871,186
2026-01-16 01:45:00,1.26852,1.26897,1.26722,1.2688,322
2026-01-16 02:00:00,1.26889,1.26973,1.26769,1.26908,432
2026-01-16 02:15:00,1.269,1.26978,1.26769,1.26807,464
2026-01-16 02:30:00,1.26759,1.26925,1.26718,1.26902,325
2026-01-16 02:45:00,1.26864,1.27028,1.26782,1.27014,250
2026-01-16 03:00:00,1.26995,1.27062,1.26954,1.2703,462
2026-01-16 03:15:00,1.2698,1.27182,1.26956,1.2698,153
2026-01-16 03:30:00,1.26958,1.2703,1.26901,1.2695,343
2026-01-16 03:45:00,1.26965,1.27035,1.26908,1.27026,327
2026-01-16 04:00:00,1.2703,1.2717,1.26918,1.26981,114
2026-01-16 04:15:00,1.26923,1.2707,1.26874,1.27001,123
2026-01-16 04:30:00,1.27042,1.27081,1.2679,1.26914,307
2026-01-16 04:45:00,1.26861,1.26994,1.26801,1.26891,211
2026-01-16 05:00:00,1.26952,1.27103,1.26776,1.2706,473
2026-01-16 05:15:00,1.27034,1.27189,1.27026,1.27158,298
2026-01-16 05:30:00,1.27117,1.2729,1.27047,1.27053,266
2026-01-16 05:45:00,1.2685,1.27156,1.26781,1.26798,391
2026-01-16 06:00:00,1.26917,1.27078,1.26695,1.26985,174
2026-01-16 06:15:00,1.26981,1.27063,1.26899,1.26962,459
2026-01-16 06:30:00,1.26944,1.2701,1.2692,1.26931,385
2026-01-16 06:45:00,1.2694,1.27,1.26882,1.26997,454
2026-01-16 07:00:00,1.26954,1.27077,1.26877,1.26992,237
2026-01-16 07:15:00,1.27057,1.27112,1.26856,1.27094,346
2026-01-16 07:30:00,1.27116,1.27176,1.2706,1.27162,337
2026-01-16 07:45:00,1.27229,1.27265,1.27035,1.27038,478
2026-01-16 08:00:00,1.27005,1.2711,1.27005,1.27011,180
2026-01-16 08:15:00,1.27086,1.27144,1.26962,1.27026,150
2026-01-16 08:30:00,1.27038,1.27051,1.26936,1.26949,358
2026-01-16 08:45:00,1.26933,1.27045,1.26897,1.26971,183
2026-01-16 09:00:00,1.27014,1.27059,1.26962,1.27033,136
2026-01-16 09:15:00,1.26988,1.27098,1.26977,1.27018,130
2026-01-16 09:30:00,1.27015,1.27022,1.2698,1.27003,186
2026-01-16 09:45:00,1.27002,1.27077,1.26877,1.27049,244
2026-01-16 10:00:00,1.27168,1.27276,1.26982,1.27134,392
2026-01-16 10:15:00,1.27153,1.27208,1.2705,1.2714,373
2026-01-16 10:30:00,1.27153,1.27248,1.26946,1.27157,373
2026-01-16 10:45:00,1.27153,1.27287,1.2704,1.27216,353
2026-01-16 11:00:00,1.27293,1.27342,1.27101,1.27241,300
2026-01-16 11:15:00,1.2722,1.27323,1.27074,1.27102,336
2026-01-16 11:30:00,1.27119,1.2725,1.27056,1.27242,462
2026-01-16 11:45:00,1.27258,1.27315,1.27162,1.27293,463
2026-01-16 12:00:00,1.27258,1.27334,1.27224,1.27297,385
2026-01-16 12:15:00,1.27341,1.27423,1.27196,1.27394,466
2026-01-16 12:30:00,1.27404,1.27471,1.27332,1.27412,128
2026-01-16 12:45:00,1.27427,1.27461,1.27291,1.27388,312
2026-01-16 13:00:00,1.27407,1.27517,1.27326,1.27362,368
2026-01-16 13:15:00,1.27371,1.27457,1.27319,1.2743,205
2026-01-16 13:30:00,1.27459,1.27507,1.27397,1.27465,244
2026-01-16 13:45:00,1.27451,1.27521,1.27406,1.27507,477
2026-01-16 14:00:00,1.27512,1.27611,1.27362,1.27518,356
2026-01-16 14:15:00,1.27561,1.27565,1.27438,1.27517,380
2026-01-16 14:30:00,1.27486,1.27542,1.2744,1.27527,260
2026-01-16 14:45:00,1.27523,1.27604,1.27368,1.27527,291
2026-01-16 15:00:00,1.27515,1.27732,1.2745,1.27637,328
2026-01-16 15:15:00,1.27684,1.27768,1.27576,1.27726,313
2026-01-16 15:30:00,1.2771,1.27807,1.27681,1.27759,373
2026-01-16 15:45:00,1.27776,1.27801,1.27743,1.278,496
2026-01-16 16:00:00,1.27799,1.27858,1.27718,1.27741,225
2026-01-16 16:15:00,1.27747,1.27846,1.27606,1.2782,381
2026-01-16 16:30:00,1.27848,1.27912,1.2769,1.2791,192
2026-01-16 16:45:00,1.27929,1.27946,1.27882,1.27927,386
2026-01-16 17:00:00,1.27904,1.27968,1.27801,1.27818,276
2026-01-16 17:15:00,1.27811,1.2793,1.27752,1.27819,278
2026-01-16 17:30:00,1.27824,1.27881,1.27687,1.27714,171
2026-01-16 17:45:00,1.27702,1.27783,1.27569,1.27776,358
2026-01-16 18:00:00,1.27802,1.27848,1.27693,1.27705,488
2026-01-16 18:15:00,1.27639,1.27723,1.27635,1.27704,176
2026-01-16 18:30:00,1.277,1.27745,1.27597,1.27723,448
2026-01-16 18:45:00,1.2763,1.27865,1.27519,1.27606,260
2026-01-16 19:00:00,1.27666,1.27723,1.27489,1.27688,195
2026-01-16 19:15:00,1.27701,1.27746,1.27529,1.27701,305
2026-01-16 19:30:00,1.27677,1.27717,1.27668,1.27682,373
2026-01-16 19:45:00,1.27701,1.27772,1.27548,1.27639,452
2026-01-16 20:00:00,1.27569,1.27666,1.27548,1.27614,490
2026-01-16 20:15:00,1.27697,1.27762,1.27594,1.27755,326
2026-01-16 20:30:00,1.27766,1.27808,1.2762,1.2773,372
2026-01-16 20:45:00,1.27732,1.27761,1.27582,1.27691,401
2026-01-16 21:00:00,1.27728,1.27828,1.27644,1.27708,494
2026-01-16 21:15:00,1.27729,1.27756,1.27579,1.27625,356
2026-01-16 21:30:00,1.27617,1.2771,1.27541,1.27705,311
2026-01-16 21:45:00,1.27762,1.27807,1.27614,1.27759,493
2026-01-16 22:00:00,1.27793,1.27849,1.27639,1.27708,198
2026-01-16 22:15:00,1.27711,1.27816,1.27609,1.27774,121
2026-01-16 22:30:00,1.27727,1.27865,1.27673,1.27837,232
2026-01-16 22:45:00,1.27848,1.28004,1.27788,1.27886,444
2026-01-16 23:00:00,1.27867,1.27923,1.27661,1.27817,383
2026-01-16 23:15:00,1.27775,1.27856,1.27665,1.27769,401
2026-01-16 23:30:00,1.27827,1.27945,1.27615,1.27735,155
2026-01-16 23:45:00,1.27775,1.27864,1.27705,1.27772,317
2026-01-17 00:00:00,1.27755,1.27939,1.27713,1.27807,148
2026-01-17 00:15:00,1.27855,1.27938,1.27749,1.27759,176
2026-01-17 00:30:00,1.27735,1.27875,1.27683,1.27744,336
2026-01-17 00:45:00,1.27685,1.27782,1.27672,1.2771,215
2026-01-17 01:00:00,1.27662,1.27741,1.27487,1.27519,221
2026-01-17 01:15:00,1.27576,1.27626,1.27503,1.27512,437
2026-01-17 01:30:00,1.27497,1.2756,1.27328,1.27525,140
2026-01-17 01:45:00,1.27514,1.27534,1.27497,1.27515,415
2026-01-17 02:00:00,1.27595,1.27701,1.27493,1.27521,226
2026-01-17 02:15:00,1.27489,1.27552,1.27431,1.27457,376
2026-01-17 02:30:00,1.27528,1.27582,1.27356,1.27542,495
2026-01-17 02:45:00,1.27665,1.27763,1.2751,1.27623,164
2026-01-17 03:00:00,1.27617,1.27692,1.27597,1.27629,347
2026-01-17 03:15:00,1.27648,1.27655,1.27606,1.27638,485
2026-01-17 03:30:00,1.27554,1.27695,1.27497,1.27499,301
2026-01-17 03:45:00,1.27488,1.27501,1.27362,1.27486,372
2026-01-17 04:00:00,1.27346,1.27571,1.27263,1.27567,183
2026-01-17 04:15:00,1.27476,1.27702,1.27467,1.27669,225
2026-01-17 04:30:00,1.27616,1.27765,1.27592,1.27616,427
2026-01-17 04:45:00,1.27613,1.27657,1.27495,1.27608,353
2026-01-17 05:00:00,1.27631,1.27723,1.27499,1.27532,220
2026-01-17 05:15:00,1.27532,1.27606,1.27491,1.27504,456
2026-01-17 05:30:00,1.27551,1.27581,1.27395,1.27546,387
2026-01-17 05:45:00,1.27555,1.27656,1.27439,1.27493,226
2026-01-17 06:00:00,1.27493,1.27555,1.27383,1.27547,360
2026-01-17 06:15:00,1.27525,1.27648,1.27489,1.27608,289
2026-01-17 06:30:00,1.27629,1.27687,1.27582,1.2763,191
2026-01-17 06:45:00,1.27547,1.27749,1.27517,1.27671,298
2026-01-17 07:00:00,1.27736,1.27871,1.27507,1.27617,135
2026-01-17 07:15:00,1.27643,1.27681,1.27511,1.27531,279
2026-01-17 07:30:00,1.27573,1.27598,1.27487,1.27595,208
2026-01-17 07:45:00,1.27658,1.27672,1.27474,1.27561,314
2026-01-17 08:00:00,1.27603,1.27701,1.27406,1.2746,489
2026-01-17 08:15:00,1.27449,1.27495,1.27359,1.27443,396
2026-01-17 08:30:00,1.27443,1.27497,1.274,1.27414,481
2026-01-17 08:45:00,1.2746,1.27477,1.27368,1.27415,381
2026-01-17 09:00:00,1.27392,1.27578,1.27313,1.27391,373
2026-01-17 09:15:00,1.27449,1.27536,1.27244,1.27261,498
2026-01-17 09:30:00,1.27237,1.27332,1.27228,1.27287,165
2026-01-17 09:45:00,1.27285,1.2733,1.27205,1.27221,154
2026-01-17 10:00:00,1.27209,1.27306,1.27085,1.27154,303
2026-01-17 10:15:00,1.27159,1.27234,1.2715,1.27206,265
2026-01-17 10:30:00,1.27225,1.27248,1.27133,1.27187,149
2026-01-17 10:45:00,1.27257,1.27281,1.2713,1.272,350
2026-01-17 11:00:00,1.27189,1.27213,1.27161,1.27195,429
2026-01-17 11:15:00,1.27169,1.27319,1.27076,1.27207,272
2026-01-17 11:30:00,1.27189,1.27217,1.2713,1.27183,124
2026-01-17 11:45:00,1.27169,1.27198,1.27064,1.27135,482
2026-01-17 12:00:00,1.2719,1.27308,1.2707,1.2721,389
2026-01-17 12:15:00,1.27225,1.27342,1.27143,1.27276,385
2026-01-17 12:30:00,1.27266,1.27353,1.27147,1.27154,254
2026-01-17 12:45:00,1.27206,1.27272,1.27126,1.27258,342
2026-01-17 13:00:00,1.27217,1.27305,1.27162,1.27223,181
2026-01-17 13:15:00,1.27302,1.27433,1.27174,1.27297,103
2026-01-17 13:30:00,1.27356,1.27462,1.27274,1.2728,107
2026-01-17 13:45:00,1.27307,1.27374,1.27256,1.27353,120
2026-01-17 14:00:00,1.27373,1.27451,1.27273,1.27337,100
2026-01-17 14:15:00,1.27298,1.27353,1.27224,1.27297,183
2026-01-17 14:30:00,1.27385,1.27408,1.27269,1.27373,141
2026-01-17 14:45:00,1.27437,1.2752,1.27349,1.27384,419
2026-01-17 15:00:00,1.27374,1.27431,1.27249,1.27291,278
2026-01-17 15:15:00,1.27272,1.27352,1.27182,1.27304,266
2026-01-17 15:30:00,1.27364,1.27462,1.27267,1.2733,436
2026-01-17 15:45:00,1.27362,1.2743,1.27207,1.274,229
2026-01-17 16:00:00,1.27359,1.27458,1.27296,1.27417,170
2026-01-17 16:15:00,1.27372,1.27454,1.27294,1.27393,254
2026-01-17 16:30:00,1.27357,1.27508,1.27291,1.27448,172
2026-01-17 16:45:00,1.27451,1.27496,1.27337,1.27454,115
2026-01-17 17:00:00,1.27497,1.27558,1.27443,1.27535,158
2026-01-17 17:15:00,1.27543,1.27662,1.2743,1.27532,320
2026-01-17 17:30:00,1.27538,1.27554,1.2747,1.27546,339
2026-01-17 17:45:00,1.27552,1.27584,1.27509,1.27525,301
2026-01-17 18:00:00,1.27475,1.27608,1.27364,1.27478,114
2026-01-17 18:15:00,1.27442,1.27498,1.27382,1.27449,480
2026-01-17 18:30:00,1.27416,1.27527,1.272,1.27207,434
2026-01-17 18:45:00,1.27175,1.27249,1.27106,1.27137,459
2026-01-17 19:00:00,1.27205,1.27265,1.27011,1.27259,151
2026-01-17 19:15:00,1.27234,1.27287,1.27132,1.27226,384
2026-01-17 19:30:00,1.27201,1.27279,1.27159,1.27184,475
2026-01-17 19:45:00,1.27257,1.27307,1.2714,1.27231,498
2026-01-17 20:00:00,1.27286,1.27368,1.27199,1.27226,217
2026-01-17 20:15:00,1.27227,1.27267,1.27074,1.27158,444
2026-01-17 20:30:00,1.27108,1.27302,1.2705,1.27276,222
2026-01-17 20:45:00,1.27219,1.27407,1.27155,1.2723,288
2026-01-17 21:00:00,1.27254,1.27458,1.27167,1.27438,271
2026-01-17 21:15:00,1.27387,1.27472,1.2734,1.27354,208
2026-01-17 21:30:00,1.27364,1.27469,1.27209,1.27459,159
2026-01-17 21:45:00,1.27407,1.27528,1.27349,1.2752,490
2026-01-17 22:00:00,1.27443,1.27594,1.27365,1.27413,370
2026-01-17 22:15:00,1.2743,1.27479,1.27359,1.27471,160
2026-01-17 22:30:00,1.27347,1.27584,1.27338,1.27482,346
2026-01-17 22:45:00,1.27456,1.27507,1.27362,1.27502,398
2026-01-17 23:00:00,1.27602,1.27681,1.27453,1.27637,316
2026-01-17 23:15:00,1.27599,1.27658,1.27587,1.27597,180
2026-01-17 23:30:00,1.27609,1.27768,1.27517,1.27739,493
2026-01-17 23:45:00,1.27739,1.2782,1.27702,1.27808,333
2026-01-18 00:00:00,1.27835,1.2788,1.27625,1.27781,137
2026-01-18 00:15:00,1.27781,1.27811,1.2768,1.278,161
2026-01-18 00:30:00,1.27705,1.27867,1.27499,1.27666,163
2026-01-18 00:45:00,1.27692,1.27772,1.27636,1.27686,488
2026-01-18 01:00:00,1.27636,1.27748,1.2757,1.27608,176
2026-01-18 01:15:00,1.27511,1.27701,1.27469,1.27497,178
2026-01-18 01:30:00,1.27473,1.27619,1.27397,1.27509,121
2026-01-18 01:45:00,1.2754,1.27645,1.2743,1.27441,212
2026-01-18 02:00:00,1.27401,1.27509,1.27399,1.27499,279
2026-01-18 02:15:00,1.2753,1.27608,1.27436,1.27455,132
2026-01-18 02:30:00,1.27485,1.27512,1.27423,1.2751,341
2026-01-18 02:45:00,1.27504,1.27551,1.27457,1.27539,430
2026-01-18 03:00:00,1.27497,1.2756,1.27412,1.27525,330
2026-01-18 03:15:00,1.27518,1.27693,1.27499,1.27667,206
2026-01-18 03:30:00,1.27769,1.27838,1.27629,1.27652,154
2026-01-18 03:45:00,1.27636,1.27757,1.2757,1.27578,454
2026-01-18 04:00:00,1.2746,1.2766,1.27427,1.27649,491
2026-01-18 04:15:00,1.276,1.27676,1.27568,1.27584,160
2026-01-18 04:30:00,1.27558,1.27704,1.27512,1.27567,391
2026-01-18 04:45:00,1.27534,1.27621,1.27511,1.27567,475
2026-01-18 05:00:00,1.27554,1.27614,1.2748,1.27568,193
2026-01-18 05:15:00,1.2759,1.27665,1.27544,1.2765,433
2026-01-18 05:30:00,1.2766,1.27712,1.27539,1.27568,454
2026-01-18 05:45:00,1.27512,1.27718,1.27463,1.27514,306
2026-01-18 06:00:00,1.27566,1.27716,1.27382,1.27571,241
2026-01-18 06:15:00,1.27564,1.27606,1.27487,1.27492,165
2026-01-18 06:30:00,1.27492,1.27572,1.27458,1.27564,120
2026-01-18 06:45:00,1.27613,1.2769,1.27431,1.276,345
2026-01-18 07:00:00,1.27544,1.27646,1.27467,1.27528,467
2026-01-18 07:15:00,1.27403,1.27531,1.27289,1.27474,423
2026-01-18 07:30:00,1.27444,1.27642,1.27279,1.27534,283
2026-01-18 07:45:00,1.27468,1.27583,1.27365,1.27482,285
2026-01-18 08:00:00,1.27495,1.27594,1.27332,1.27553,481
2026-01-18 08:15:00,1.27494,1.27666,1.27396,1.27656,305
2026-01-18 08:30:00,1.27653,1.27746,1.27624,1.27633,271
2026-01-18 08:45:00,1.27685,1.2772,1.27496,1.27518,290
2026-01-18 09:00:00,1.27519,1.27617,1.27466,1.27596,189
2026-01-18 09:15:00,1.27606,1.27645,1.27555,1.27599,279
2026-01-18 09:30:00,1.27638,1.27716,1.27487,1.27618,141
2026-01-18 09:45:00,1.2758,1.27658,1.27574,1.27644,108
2026-01-18 10:00:00,1.27628,1.27742,1.27535,1.27729,288
2026-01-18 10:15:00,1.27694,1.278,1.27605,1.27639,180
2026-01-18 10:30:00,1.27642,1.27775,1.27541,1.27584,130
2026-01-18 10:45:00,1.27566,1.27667,1.27484,1.27665,449
2026-01-18 11:00:00,1.2764,1.27711,1.27552,1.27638,223
2026-01-18 11:15:00,1.27695,1.27778,1.27592,1.27696,113
2026-01-18 11:30:00,1.27775,1.27806,1.27661,1.2767,480
2026-01-18 11:45:00,1.27725,1.27741,1.27603,1.27682,252
2026-01-18 12:00:00,1.27691,1.27801,1.27608,1.27787,270
2026-01-18 12:15:00,1.27895,1.27981,1.27758,1.2778,342
2026-01-18 12:30:00,1.27775,1.27881,1.27695,1.27801,327
2026-01-18 12:45:00,1.27865,1.27939,1.27708,1.279,178
2026-01-18 13:00:00,1.27956,1.28056,1.27858,1.28018,271
2026-01-18 13:15:00,1.28011,1.28158,1.27906,1.28015,437
2026-01-18 13:30:00,1.27984,1.2813,1.27929,1.27976,456
2026-01-18 13:45:00,1.28043,1.28117,1.27914,1.27915,275
2026-01-18 14:00:00,1.27974,1.2798,1.27808,1.27974,448
2026-01-18 14:15:00,1.27982,1.28009,1.27825,1.2784,350
2026-01-18 14:30:00,1.27747,1.27931,1.27717,1.2773,186
2026-01-18 14:45:00,1.27752,1.27891,1.27713,1.27811,149
2026-01-18 15:00:00,1.27881,1.2794,1.27693,1.27806,197
2026-01-18 15:15:00,1.27853,1.27915,1.27779,1.27795,337
2026-01-18 15:30:00,1.27829,1.27903,1.27696,1.2776,368
2026-01-18 15:45:00,1.27855,1.27897,1.27731,1.27863,240
2026-01-18 16:00:00,1.27845,1.27908,1.27707,1.27762,209
2026-01-18 16:15:00,1.27762,1.27784,1.27724,1.2775,134
2026-01-18 16:30:00,1.27707,1.27799,1.27607,1.27761,143
2026-01-18 16:45:00,1.27827,1.27862,1.27737,1.27739,259
2026-01-18 17:00:00,1.27647,1.27767,1.27641,1.27682,116
2026-01-18 17:15:00,1.27672,1.27788,1.27663,1.27729,430
2026-01-18 17:30:00,1.27655,1.27755,1.27501,1.27721,171
2026-01-18 17:45:00,1.27811,1.27828,1.27698,1.27734,345
2026-01-18 18:00:00,1.27768,1.27881,1.27677,1.27684,276
2026-01-18 18:15:00,1.27703,1.27811,1.27596,1.27631,423
2026-01-18 18:30:00,1.27668,1.2782,1.27547,1.27601,135
2026-01-18 18:45:00,1.2766,1.27783,1.27584,1.27638,322
2026-01-18 19:00:00,1.27646,1.2769,1.2756,1.27686,472
2026-01-18 19:15:00,1.27675,1.27798,1.27584,1.27763,405
2026-01-18 19:30:00,1.27801,1.27826,1.27703,1.2779,324
2026-01-18 19:45:00,1.27774,1.27834,1.27681,1.27797,255
2026-01-18 20:00:00,1.27792,1.27914,1.27751,1.27884,362
2026-01-18 20:15:00,1.27784,1.27888,1.27779,1.27782,382
2026-01-18 20:30:00,1.27828,1.27926,1.27656,1.27895,209
2026-01-18 20:45:00,1.27834,1.27948,1.27784,1.27935,442
2026-01-18 21:00:00,1.27982,1.28102,1.27863,1.2789,201
2026-01-18 21:15:00,1.27986,1.28015,1.27813,1.27951,390
2026-01-18 21:30:00,1.28028,1.28182,1.27949,1.28123,311
2026-01-18 21:45:00,1.28067,1.28147,1.27993,1.28114,417
2026-01-18 22:00:00,1.28085,1.28125,1.28076,1.28109,311
2026-01-18 22:15:00,1.28064,1.28191,1.27999,1.28129,434
2026-01-18 22:30:00,1.28105,1.28333,1.28026,1.28179,148
2026-01-18 22:45:00,1.28119,1.28322,1.27964,1.28312,128
2026-01-18 23:00:00,1.28273,1.28383,1.2824,1.28243,333
2026-01-18 23:15:00,1.28216,1.28295,1.28085,1.28274,107
2026-01-18 23:30:00,1.28298,1.28391,1.2813,1.28144,394
2026-01-18 23:45:00,1.28135,1.28245,1.28049,1.28242,210
2026-01-19 00:00:00,1.28299,1.28398,1.2824,1.28315,258
2026-01-19 00:15:00,1.28316,1.28331,1.28282,1.28328,296
2026-01-19 00:30:00,1.28318,1.2844,1.28283,1.28437,203
2026-01-19 00:45:00,1.28421,1.28487,1.28342,1.28388,350
2026-01-19 01:00:00,1.28355,1.28432,1.28291,1.28322,199
2026-01-19 01:15:00,1.28358,1.28557,1.28253,1.28445,220
2026-01-19 01:30:00,1.28381,1.28507,1.28337,1.28449,298
2026-01-19 01:45:00,1.28438,1.28496,1.28373,1.28383,467
2026-01-19 02:00:00,1.28439,1.28495,1.28382,1.28475,260
2026-01-19 02:15:00,1.28429,1.2848,1.28363,1.28433,424
2026-01-19 02:30:00,1.28392,1.28506,1.28369,1.28405,304
2026-01-19 02:45:00,1.28365,1.28551,1.28315,1.2855,333
2026-01-19 03:00:00,1.28507,1.28585,1.28396,1.28572,440
2026-01-19 03:15:00,1.28601,1.28681,1.2847,1.28631,211
2026-01-19 03:30:00,1.28569,1.28698,1.28504,1.28669,467
2026-01-19 03:45:00,1.28685,1.28708,1.28649,1.28672,152
2026-01-19 04:00:00,1.28725,1.28917,1.28491,1.28853,386
2026-01-19 04:15:00,1.28796,1.28918,1.28634,1.28668,108
2026-01-19 04:30:00,1.28694,1.28754,1.28459,1.28657,397
2026-01-19 04:45:00,1.28697,1.28756,1.28644,1.28646,170
2026-01-19 05:00:00,1.28666,1.28776,1.28484,1.28512,140
2026-01-19 05:15:00,1.28514,1.28592,1.28389,1.28449,109
2026-01-19 05:30:00,1.28466,1.28529,1.28398,1.28458,185
2026-01-19 05:45:00,1.28387,1.28661,1.28299,1.28382,151
2026-01-19 06:00:00,1.28274,1.28408,1.28159,1.28322,107
2026-01-19 06:15:00,1.28259,1.28335,1.28211,1.28306,468
2026-01-19 06:30:00,1.28363,1.28433,1.28295,1.28333,146
2026-01-19 06:45:00,1.28309,1.28444,1.28196,1.28325,252
2026-01-19 07:00:00,1.28354,1.28386,1.28273,1.28358,487
2026-01-19 07:15:00,1.28407,1.28491,1.28302,1.28443,237
2026-01-19 07:30:00,1.28466,1.28473,1.28356,1.28437,268
2026-01-19 07:45:00,1.28468,1.28556,1.28381,1.28456,181
2026-01-19 08:00:00,1.28421,1.28479,1.28361,1.28364,170
2026-01-19 08:15:00,1.28403,1.28549,1.28347,1.28428,184
2026-01-19 08:30:00,1.28434,1.28604,1.28389,1.28485,295
2026-01-19 08:45:00,1.28504,1.28602,1.28431,1.28559,245
2026-01-19 09:00:00,1.28528,1.28684,1.28454,1.28674,234
2026-01-19 09:15:00,1.28625,1.2873,1.28587,1.2871,291
2026-01-19 09:30:00,1.28713,1.28762,1.28643,1.28675,149
2026-01-19 09:45:00,1.2872,1.2883,1.28619,1.28745,476
2026-01-19 10:00:00,1.28751,1.28825,1.28656,1.28753,258
2026-01-19 10:15:00,1.28708,1.28814,1.28619,1.28733,160
2026-01-19 10:30:00,1.2867,1.28907,1.28529,1.28558,417
2026-01-19 10:45:00,1.28431,1.28673,1.28374,1.28496,205
2026-01-19 11:00:00,1.28494,1.28617,1.28336,1.28364,103
2026-01-19 11:15:00,1.28388,1.28481,1.28234,1.2829,232
2026-01-19 11:30:00,1.28221,1.28404,1.28191,1.28381,215
2026-01-19 11:45:00,1.2839,1.28461,1.28322,1.28384,281
2026-01-19 12:00:00,1.28296,1.28406,1.2822,1.28291,245
2026-01-19 12:15:00,1.28234,1.28332,1.28189,1.28254,176
2026-01-19 12:30:00,1.28283,1.28356,1.28145,1.2835,364
2026-01-19 12:45:00,1.28436,1.28459,1.28274,1.2833,230
2026-01-19 13:00:00,1.28376,1.28479,1.2813,1.28167,265
2026-01-19 13:15:00,1.28143,1.28256,1.28103,1.28253,421
2026-01-19 13:30:00,1.28301,1.28517,1.28176,1.28434,377
2026-01-19 13:45:00,1.28359,1.28581,1.2822,1.28331,435
2026-01-19 14:00:00,1.28308,1.28364,1.28184,1.28278,307
2026-01-19 14:15:00,1.28201,1.2835,1.28192,1.28293,278
2026-01-19 14:30:00,1.28234,1.28343,1.28196,1.28322,118
2026-01-19 14:45:00,1.28369,1.28447,1.2825,1.28427,421
2026-01-19 15:00:00,1.2833,1.28436,1.2832,1.28323,154
2026-01-19 15:15:00,1.28291,1.28351,1.28194,1.282,154
2026-01-19 15:30:00,1.28186,1.28232,1.28057,1.28137,464
2026-01-19 15:45:00,1.28226,1.28227,1.2809,1.28102,303
2026-01-19 16:00:00,1.28125,1.28169,1.27999,1.28129,250
2026-01-19 16:15:00,1.28125,1.28223,1.2806,1.28126,496
2026-01-19 16:30:00,1.28112,1.28183,1.27983,1.28181,154
2026-01-19 16:45:00,1.28175,1.2837,1.27967,1.2797,329
2026-01-19 17:00:00,1.28008,1.28142,1.27878,1.28032,365
2026-01-19 17:15:00,1.27997,1.28106,1.2797,1.2803,176
2026-01-19 17:30:00,1.28007,1.28122,1.2792,1.28105,425
2026-01-19 17:45:00,1.28127,1.28165,1.28009,1.28139,403
2026-01-19 18:00:00,1.28109,1.28172,1.28031,1.28085,496
2026-01-19 18:15:00,1.28083,1.28165,1.28042,1.28065,163
2026-01-19 18:30:00,1.28022,1.28185,1.27905,1.28179,236
2026-01-19 18:45:00,1.28207,1.28267,1.28135,1.28136,149
2026-01-19 19:00:00,1.28096,1.28186,1.28078,1.28148,398
2026-01-19 19:15:00,1.28082,1.2819,1.28024,1.2809,147
2026-01-19 19:30:00,1.28178,1.28193,1.28082,1.28172,280
2026-01-19 19:45:00,1.28152,1.2831,1.28019,1.28106,446
2026-01-19 20:00:00,1.28167,1.28229,1.28063,1.28139,215
2026-01-19 20:15:00,1.2817,1.28302,1.28095,1.28125,327
2026-01-19 20:30:00,1.2806,1.28193,1.27996,1.28065,347
2026-01-19 20:45:00,1.28049,1.28071,1.27989,1.28059,300
2026-01-19 21:00:00,1.28089,1.28174,1.28027,1.28131,219
2026-01-19 21:15:00,1.28146,1.28177,1.28095,1.2816,136
2026-01-19 21:30:00,1.28076,1.2818,1.28055,1.28135,396
2026-01-19 21:45:00,1.28156,1.28221,1.28037,1.28039,188
2026-01-19 22:00:00,1.28048,1.28092,1.27954,1.28036,221
2026-01-19 22:15:00,1.28021,1.28157,1.27909,1.28089,140
2026-01-19 22:30:00,1.28022,1.28206,1.27919,1.28197,237
2026-01-19 22:45:00,1.28268,1.28349,1.28058,1.28242,442
2026-01-19 23:00:00,1.2828,1.28354,1.28143,1.28236,341
2026-01-19 23:15:00,1.28192,1.28285,1.28169,1.28266,269
2026-01-19 23:30:00,1.28211,1.28337,1.28138,1.28314,164
2026-01-19 23:45:00,1.28317,1.28353,1.28208,1.28236,492
2026-01-20 00:00:00,1.28215,1.28263,1.28139,1.28145,159
2026-01-20 00:15:00,1.28202,1.28225,1.28138,1.28223,242
2026-01-20 00:30:00,1.28271,1.28376,1.28194,1.28374,396
2026-01-20 00:45:00,1.28357,1.28455,1.28328,1.28356,118
2026-01-20 01:00:00,1.28279,1.28383,1.28258,1.28352,117
2026-01-20 01:15:00,1.28388,1.28426,1.28312,1.28353,118
2026-01-20 01:30:00,1.28336,1.28366,1.28291,1.28302,360
2026-01-20 01:45:00,1.28327,1.28396,1.28133,1.28245,215
2026-01-20 02:00:00,1.28161,1.28259,1.28066,1.28077,290
2026-01-20 02:15:00,1.28078,1.28171,1.27971,1.281,385
2026-01-20 02:30:00,1.2804,1.28192,1.28012,1.28076,200
2026-01-20 02:45:00,1.27994,1.28135,1.27975,1.28121,389
2026-01-20 03:00:00,1.2815,1.28183,1.27874,1.28078,220
2026-01-20 03:15:00,1.28071,1.2816,1.27971,1.28037,325
2026-01-20 03:30:00,1.28103,1.28187,1.27934,1.28157,338
2026-01-20 03:45:00,1.28128,1.28249,1.28127,1.28144,373
2026-01-20 04:00:00,1.28115,1.28323,1.28032,1.28318,412
2026-01-20 04:15:00,1.28378,1.28439,1.28221,1.28327,107
2026-01-20 04:30:00,1.2831,1.28422,1.28284,1.28403,172
2026-01-20 04:45:00,1.28372,1.2846,1.28342,1.28417,410
2026-01-20 05:00:00,1.28453,1.28647,1.28382,1.28475,239
2026-01-20 05:15:00,1.28503,1.28603,1.2844,1.28512,357
2026-01-20 05:30:00,1.28408,1.28579,1.28312,1.28498,281
2026-01-20 05:45:00,1.28526,1.28649,1.28438,1.2849,244
2026-01-20 06:00:00,1.28567,1.28581,1.28441,1.28565,445
2026-01-20 06:15:00,1.2862,1.28703,1.28558,1.28575,395
2026-01-20 06:30:00,1.28575,1.28786,1.28517,1.28626,467
2026-01-20 06:45:00,1.28537,1.28712,1.28448,1.2858,127
2026-01-20 07:00:00,1.28607,1.28699,1.28552,1.28611,302
2026-01-20 07:15:00,1.28625,1.2864,1.28536,1.28615,485
2026-01-20 07:30:00,1.2867,1.28696,1.28546,1.28564,145
2026-01-20 07:45:00,1.28515,1.28586,1.28454,1.28521,161
2026-01-20 08:00:00,1.2849,1.28613,1.28352,1.2861,211
2026-01-20 08:15:00,1.2864,1.28708,1.28491,1.28551,279
2026-01-20 08:30:00,1.28584,1.28779,1.28515,1.28531,218
2026-01-20 08:45:00,1.28533,1.28674,1.28489,1.28535,222
2026-01-20 09:00:00,1.28461,1.28632,1.28452,1.28549,498
2026-01-20 09:15:00,1.28478,1.28559,1.28439,1.28499,432
2026-01-20 09:30:00,1.28547,1.28561,1.28483,1.28519,194
2026-01-20 09:45:00,1.28549,1.28741,1.28465,1.28538,482
2026-01-20 10:00:00,1.28546,1.28643,1.28431,1.28631,237
2026-01-20 10:15:00,1.28582,1.28779,1.2849,1.28697,407
2026-01-20 10:30:00,1.28643,1.28735,1.28582,1.28694,220
2026-01-20 10:45:00,1.28631,1.28783,1.28585,1.28631,493
2026-01-20 11:00:00,1.28582,1.28728,1.28496,1.28564,149
2026-01-20 11:15:00,1.28553,1.28591,1.2847,1.28518,439
2026-01-20 11:30:00,1.28404,1.28604,1.28357,1.28523,106
2026-01-20 11:45:00,1.2856,1.2869,1.28406,1.28622,286
2026-01-20 12:00:00,1.2867,1.28712,1.28569,1.28667,160
2026-01-20 12:15:00,1.28595,1.28783,1.28557,1.28726,140
2026-01-20 12:30:00,1.28726,1.28814,1.28647,1.28682,267
2026-01-20 12:45:00,1.2867,1.28746,1.28587,1.28594,341
2026-01-20 13:00:00,1.28551,1.28718,1.28538,1.28612,429
2026-01-20 13:15:00,1.28588,1.28652,1.28429,1.28523,434
2026-01-20 13:30:00,1.28479,1.2856,1.28351,1.28538,499
2026-01-20 13:45:00,1.28498,1.28661,1.28441,1.28528,159
2026-01-20 14:00:00,1.28561,1.28629,1.28459,1.28471,439
2026-01-20 14:15:00,1.28471,1.2849,1.28429,1.28477,196
2026-01-20 14:30:00,1.28447,1.2854,1.28317,1.28522,107
2026-01-20 14:45:00,1.28534,1.28638,1.28461,1.28556,256
2026-01-20 15:00:00,1.28701,1.2871,1.28525,1.28666,410
2026-01-20 15:15:00,1.28718,1.28742,1.28637,1.28742,180
2026-01-20 15:30:00,1.28857,1.28873,1.28729,1.28826,184
2026-01-20 15:45:00,1.288,1.28888,1.28781,1.28853,479
2026-01-20 16:00:00,1.28736,1.28864,1.28689,1.2884,260
2026-01-20 16:15:00,1.28778,1.28952,1.28778,1.28815,163
2026-01-20 16:30:00,1.28854,1.28889,1.28742,1.28791,185
2026-01-20 16:45:00,1.28771,1.28871,1.28665,1.28824,362
2026-01-20 17:00:00,1.28925,1.29036,1.28807,1.29035,201
2026-01-20 17:15:00,1.28966,1.29097,1.2884,1.28985,455
2026-01-20 17:30:00,1.29066,1.29108,1.28963,1.29075,214
2026-01-20 17:45:00,1.2908,1.29162,1.28985,1.2911,122
2026-01-20 18:00:00,1.29124,1.29195,1.28967,1.29029,295
2026-01-20 18:15:00,1.29051,1.29222,1.29016,1.29024,295
2026-01-20 18:30:00,1.29056,1.29078,1.28981,1.28987,165
2026-01-20 18:45:00,1.28939,1.29091,1.28857,1.29038,120
2026-01-20 19:00:00,1.29093,1.29104,1.2894,1.29072,259
2026-01-20 19:15:00,1.29089,1.29097,1.29064,1.29094,369
2026-01-20 19:30:00,1.29053,1.29108,1.2898,1.29099,423
2026-01-20 19:45:00,1.29154,1.29179,1.29021,1.29057,134
2026-01-20 20:00:00,1.29068,1.29142,1.29047,1.29056,330
2026-01-20 20:15:00,1.29063,1.29149,1.29008,1.29082,419
2026-01-20 20:30:00,1.29168,1.29295,1.29051,1.29053,185
2026-01-20 20:45:00,1.29065,1.2911,1.28994,1.29041,302
2026-01-20 21:00:00,1.29163,1.29186,1.29004,1.2916,299
2026-01-20 21:15:00,1.29269,1.29288,1.29065,1.29212,210
2026-01-20 21:30:00,1.29165,1.29255,1.29085,1.29255,111
2026-01-20 21:45:00,1.2922,1.29304,1.29144,1.29253,484
2026-01-20 22:00:00,1.29181,1.29337,1.29114,1.2922,304
2026-01-20 22:15:00,1.29202,1.29273,1.29083,1.29273,423
2026-01-20 22:30:00,1.29231,1.29311,1.29182,1.2925,391
2026-01-20 22:45:00,1.292,1.29292,1.29114,1.29164,165
2026-01-20 23:00:00,1.29202,1.29304,1.29126,1.29285,315
2026-01-20 23:15:00,1.29314,1.29474,1.29114,1.29183,263
2026-01-20 23:30:00,1.29248,1.29281,1.29097,1.29108,152
2026-01-20 23:45:00,1.29114,1.29156,1.29046,1.29075,375
2026-01-21 00:00:00,1.29055,1.29126,1.28966,1.28982,221
2026-01-21 00:15:00,1.29024,1.29051,1.28857,1.2887,220
2026-01-21 00:30:00,1.2891,1.28975,1.28817,1.28963,318
2026-01-21 00:45:00,1.29027,1.2907,1.28949,1.29009,183
2026-01-21 01:00:00,1.28965,1.29021,1.28945,1.28975,313
2026-01-21 01:15:00,1.29041,1.29139,1.288,1.28938,327
2026-01-21 01:30:00,1.28954,1.28962,1.28813,1.28917,417
2026-01-21 01:45:00,1.28929,1.28963,1.28817,1.28874,164
2026-01-21 02:00:00,1.2882,1.2891,1.28809,1.28848,252
2026-01-21 02:15:00,1.28785,1.28956,1.28757,1.28827,285
2026-01-21 02:30:00,1.28844,1.28869,1.28733,1.2874,322
2026-01-21 02:45:00,1.2878,1.28783,1.28672,1.28709,124
2026-01-21 03:00:00,1.28716,1.28766,1.28574,1.28588,267
2026-01-21 03:15:00,1.28502,1.28593,1.28498,1.28592,202
2026-01-21 03:30:00,1.28551,1.2871,1.28508,1.28706,137
2026-01-21 03:45:00,1.28663,1.28718,1.2854,1.28698,391
2026-01-21 04:00:00,1.2869,1.28774,1.28603,1.2861,284
2026-01-21 04:15:00,1.28711,1.28815,1.28533,1.28793,354
2026-01-21 04:30:00,1.28734,1.2881,1.2861,1.28772,274
2026-01-21 04:45:00,1.28814,1.28887,1.28714,1.28798,254
2026-01-21 05:00:00,1.28746,1.28827,1.28714,1.28797,381
2026-01-21 05:15:00,1.28801,1.28895,1.28735,1.28743,178
2026-01-21 05:30:00,1.28798,1.28881,1.28711,1.28772,245
2026-01-21 05:45:00,1.28647,1.28864,1.28581,1.28757,158
2026-01-21 06:00:00,1.28724,1.28788,1.28671,1.2874,492
2026-01-21 06:15:00,1.28743,1.28815,1.2858,1.28805,179
2026-01-21 06:30:00,1.28807,1.28899,1.28636,1.28718,429
2026-01-21 06:45:00,1.28614,1.28735,1.28523,1.28712,373
2026-01-21 07:00:00,1.28738,1.28882,1.28605,1.28835,243
2026-01-21 07:15:00,1.28789,1.28855,1.28731,1.28829,216
2026-01-21 07:30:00,1.28857,1.28956,1.28799,1.28885,414
2026-01-21 07:45:00,1.28867,1.29039,1.28827,1.28847,281
2026-01-21 08:00:00,1.28889,1.28944,1.28743,1.28854,161
2026-01-21 08:15:00,1.28854,1.28946,1.28826,1.28833,418
2026-01-21 08:30:00,1.28819,1.2885,1.28765,1.2882,495
2026-01-21 08:45:00,1.28862,1.28995,1.28753,1.28941,252
2026-01-21 09:00:00,1.28925,1.28963,1.2878,1.28833,206
2026-01-21 09:15:00,1.28804,1.28879,1.28722,1.28847,162
2026-01-21 09:30:00,1.28836,1.28945,1.2879,1.28933,219
2026-01-21 09:45:00,1.28874,1.29065,1.28859,1.29012,390
2026-01-21 10:00:00,1.29039,1.29088,1.28962,1.29012,301
2026-01-21 10:15:00,1.28986,1.2907,1.28873,1.2903,273
2026-01-21 10:30:00,1.29037,1.29091,1.29009,1.29082,102
2026-01-21 10:45:00,1.2909,1.29125,1.28902,1.29049,433
2026-01-21 11:00:00,1.28966,1.29064,1.28906,1.29061,196
2026-01-21 11:15:00,1.29079,1.29159,1.28941,1.29096,268
2026-01-21 11:30:00,1.29078,1.29154,1.2903,1.29104,240
2026-01-21 11:45:00,1.291,1.29149,1.29046,1.29112,156
2026-01-21 12:00:00,1.2907,1.29168,1.28975,1.29168,278
2026-01-21 12:15:00,1.29189,1.2932,1.29108,1.29287,211
2026-01-21 12:30:00,1.29336,1.29456,1.29256,1.29392,369
2026-01-21 12:45:00,1.2939,1.29437,1.2931,1.29362,383
2026-01-21 13:00:00,1.29407,1.29436,1.29325,1.29341,454
2026-01-21 13:15:00,1.29367,1.29398,1.29174,1.29239,377
2026-01-21 13:30:00,1.29121,1.29309,1.29078,1.29221,158
2026-01-21 13:45:00,1.29223,1.29269,1.29095,1.29187,200
2026-01-21 14:00:00,1.29158,1.29246,1.29114,1.29115,494
2026-01-21 14:15:00,1.29088,1.29174,1.29065,1.29163,436
2026-01-21 14:30:00,1.2918,1.29327,1.29075,1.29253,154
2026-01-21 14:45:00,1.29257,1.29277,1.29223,1.29273,275
2026-01-21 15:00:00,1.29257,1.29362,1.29181,1.29195,172
2026-01-21 15:15:00,1.29306,1.29386,1.29175,1.29211,261
2026-01-21 15:30:00,1.29268,1.29345,1.29126,1.29185,183
2026-01-21 15:45:00,1.29191,1.29299,1.29128,1.29262,363
2026-01-21 16:00:00,1.29237,1.29412,1.29092,1.29149,321
2026-01-21 16:15:00,1.29171,1.29195,1.29058,1.29145,375
2026-01-21 16:30:00,1.29074,1.29158,1.29013,1.29152,204
2026-01-21 16:45:00,1.29207,1.29243,1.29127,1.29128,409
2026-01-21 17:00:00,1.29169,1.29222,1.29091,1.29177,232
2026-01-21 17:15:00,1.29224,1.29344,1.29158,1.292,226
2026-01-21 17:30:00,1.29188,1.29239,1.29151,1.29196,339
2026-01-21 17:45:00,1.292,1.29305,1.29087,1.29157,435
2026-01-21 18:00:00,1.29173,1.29182,1.29068,1.29086,102
2026-01-21 18:15:00,1.29059,1.29131,1.2898,1.29078,244
2026-01-21 18:30:00,1.29104,1.29241,1.28983,1.28997,210
2026-01-21 18:45:00,1.28983,1.29036,1.28912,1.28959,196
2026-01-21 19:00:00,1.28977,1.2908,1.28919,1.28961,464
2026-01-21 19:15:00,1.28872,1.28974,1.28748,1.28904,166
2026-01-21 19:30:00,1.28949,1.2896,1.2889,1.28955,399
2026-01-21 19:45:00,1.29002,1.29035,1.28882,1.29001,148
2026-01-21 20:00:00,1.29127,1.29229,1.28956,1.28994,349
2026-01-21 20:15:00,1.28921,1.29082,1.2892,1.28934,397
2026-01-21 20:30:00,1.29003,1.29024,1.28841,1.28993,111
2026-01-21 20:45:00,1.28986,1.29135,1.28939,1.28979,448
2026-01-21 21:00:00,1.28927,1.29014,1.28827,1.28918,232
2026-01-21 21:15:00,1.28986,1.29039,1.28893,1.28899,172
2026-01-21 21:30:00,1.28969,1.29078,1.28888,1.28935,388
2026-01-21 21:45:00,1.28908,1.28979,1.28904,1.28948,255
2026-01-21 22:00:00,1.28871,1.29042,1.28849,1.29028,455
2026-01-21 22:15:00,1.2904,1.29192,1.28952,1.29188,390
2026-01-21 22:30:00,1.29132,1.29241,1.29115,1.29161,439
2026-01-21 22:45:00,1.29157,1.29289,1.29079,1.29149,397
2026-01-21 23:00:00,1.29104,1.29181,1.29051,1.29107,193
2026-01-21 23:15:00,1.29128,1.29217,1.29041,1.29096,339
2026-01-21 23:30:00,1.29126,1.29239,1.29088,1.29214,105
2026-01-21 23:45:00,1.29272,1.29351,1.29161,1.29342,160
2026-01-22 00:00:00,1.2924,1.29359,1.29115,1.2935,323
2026-01-22 00:15:00,1.29428,1.29505,1.29316,1.29498,422
2026-01-22 00:30:00,1.2949,1.29604,1.29437,1.29493,285
2026-01-22 00:45:00,1.29487,1.29629,1.29378,1.29587,113
2026-01-22 01:00:00,1.29683,1.29691,1.29585,1.29659,393
2026-01-22 01:15:00,1.29729,1.29767,1.29606,1.29746,403
2026-01-22 01:30:00,1.29638,1.29772,1.29541,1.29748,354
2026-01-22 01:45:00,1.29736,1.29801,1.29655,1.29761,437
2026-01-22 02:00:00,1.29769,1.29891,1.29721,1.29781,124
2026-01-22 02:15:00,1.29812,1.29866,1.29635,1.29781,453
2026-01-22 02:30:00,1.29776,1.29817,1.29739,1.29745,462
2026-01-22 02:45:00,1.29707,1.29802,1.29651,1.29724,489
2026-01-22 03:00:00,1.29748,1.29775,1.29629,1.29758,438
2026-01-22 03:15:00,1.29837,1.29967,1.29668,1.29846,192
2026-01-22 03:30:00,1.29849,1.29893,1.29696,1.29742,391
2026-01-22 03:45:00,1.29686,1.29899,1.29515,1.29872,186
2026-01-22 04:00:00,1.29877,1.29884,1.29837,1.29862,356
2026-01-22 04:15:00,1.29952,1.29961,1.29855,1.29951,256
2026-01-22 04:30:00,1.29902,1.30036,1.2982,1.30029,195
2026-01-22 04:45:00,1.29973,1.30031,1.29934,1.29949,281
2026-01-22 05:00:00,1.29861,1.30059,1.29708,1.29797,155
2026-01-22 05:15:00,1.29788,1.29939,1.29718,1.29721,238
2026-01-22 05:30:00,1.29716,1.29811,1.29688,1.29768,228
2026-01-22 05:45:00,1.29775,1.29819,1.2965,1.29796,116
2026-01-22 06:00:00,1.29804,1.29815,1.29738,1.29791,358
2026-01-22 06:15:00,1.29769,1.2986,1.29715,1.2972,369
2026-01-22 06:30:00,1.29729,1.29775,1.29701,1.29748,224
2026-01-22 06:45:00,1.29754,1.29795,1.29672,1.29693,395
2026-01-22 07:00:00,1.29686,1.29775,1.29485,1.29579,418
2026-01-22 07:15:00,1.29575,1.29647,1.29527,1.29611,219
2026-01-22 07:30:00,1.29541,1.29657,1.29539,1.29544,137
2026-01-22 07:45:00,1.29559,1.29632,1.29487,1.29623,253
2026-01-22 08:00:00,1.29679,1.29727,1.29602,1.29642,221
2026-01-22 08:15:00,1.29629,1.29774,1.29614,1.29622,345
2026-01-22 08:30:00,1.29678,1.2974,1.29541,1.29661,413
2026-01-22 08:45:00,1.29725,1.29857,1.29545,1.29774,124
2026-01-22 09:00:00,1.29767,1.29799,1.29698,1.29753,321
2026-01-22 09:15:00,1.29756,1.29827,1.2965,1.29682,392
2026-01-22 09:30:00,1.29715,1.29785,1.29617,1.29656,131
2026-01-22 09:45:00,1.29694,1.29779,1.29589,1.29713,278
2026-01-22 10:00:00,1.2967,1.29786,1.29642,1.29705,156
2026-01-22 10:15:00,1.29669,1.29723,1.296,1.29653,220
2026-01-22 10:30:00,1.2968,1.29789,1.29629,1.29659,228
2026-01-22 10:45:00,1.29666,1.29787,1.29628,1.29687,420
2026-01-22 11:00:00,1.2962,1.2981,1.29553,1.29683,262
2026-01-22 11:15:00,1.29639,1.29727,1.29503,1.29692,212
2026-01-22 11:30:00,1.29687,1.29762,1.29603,1.29603,183
2026-01-22 11:45:00,1.29583,1.29714,1.29522,1.29561,324
2026-01-22 12:00:00,1.29571,1.29591,1.29458,1.29476,283
2026-01-22 12:15:00,1.29424,1.29503,1.29417,1.29446,105
2026-01-22 12:30:00,1.29405,1.29532,1.29374,1.29447,248
2026-01-22 12:45:00,1.29318,1.29508,1.29203,1.29206,343
2026-01-22 13:00:00,1.29258,1.29267,1.29205,1.29261,387
2026-01-22 13:15:00,1.29189,1.29337,1.2907,1.29205,393
2026-01-22 13:30:00,1.29209,1.29269,1.29114,1.29152,309
2026-01-22 13:45:00,1.29193,1.29283,1.29091,1.29252,272
2026-01-22 14:00:00,1.29208,1.29347,1.29129,1.29215,471
2026-01-22 14:15:00,1.29273,1.29274,1.29155,1.2917,498
2026-01-22 14:30:00,1.29183,1.29202,1.29121,1.29123,199
2026-01-22 14:45:00,1.29134,1.29192,1.29074,1.29106,129
2026-01-22 15:00:00,1.29092,1.29131,1.2903,1.29037,456
2026-01-22 15:15:00,1.29073,1.29228,1.28982,1.2908,298
2026-01-22 15:30:00,1.29039,1.29149,1.29005,1.29066,489
2026-01-22 15:45:00,1.29036,1.29129,1.29026,1.29066,147
2026-01-22 16:00:00,1.29032,1.29177,1.2903,1.2917,194
2026-01-22 16:15:00,1.29136,1.29178,1.29036,1.29061,349
2026-01-22 16:30:00,1.29044,1.29121,1.28931,1.29001,247
2026-01-22 16:45:00,1.2898,1.29058,1.28945,1.2901,199
2026-01-22 17:00:00,1.29001,1.29177,1.28921,1.29105,349
2026-01-22 17:15:00,1.29104,1.29191,1.29068,1.29132,371
2026-01-22 17:30:00,1.29097,1.29241,1.29019,1.29166,399
2026-01-22 17:45:00,1.29108,1.292,1.28993,1.29081,141
2026-01-22 18:00:00,1.29095,1.29213,1.28932,1.28977,412
2026-01-22 18:15:00,1.28976,1.29033,1.28947,1.28953,283
2026-01-22 18:30:00,1.2902,1.29031,1.28884,1.29018,443
2026-01-22 18:45:00,1.29019,1.2906,1.28955,1.29031,156
2026-01-22 19:00:00,1.28944,1.2907,1.28843,1.28942,282
2026-01-22 19:15:00,1.28896,1.28973,1.28805,1.28915,268
2026-01-22 19:30:00,1.29036,1.29072,1.28867,1.28952,414
2026-01-22 19:45:00,1.28917,1.29009,1.2885,1.28991,187
2026-01-22 20:00:00,1.28913,1.28998,1.28869,1.28911,253
2026-01-22 20:15:00,1.28885,1.28973,1.28831,1.28852,342
2026-01-22 20:30:00,1.28986,1.29031,1.28728,1.28772,129
2026-01-22 20:45:00,1.28796,1.28866,1.28587,1.28817,103
2026-01-22 21:00:00,1.2887,1.28917,1.28799,1.28858,284
2026-01-22 21:15:00,1.28919,1.28946,1.28804,1.2893,288
2026-01-22 21:30:00,1.28928,1.29141,1.28838,1.28885,414
2026-01-22 21:45:00,1.28918,1.29016,1.2877,1.28923,181
2026-01-22 22:00:00,1.28859,1.29039,1.28773,1.2902,270
2026-01-22 22:15:00,1.29002,1.29077,1.28909,1.29031,291
2026-01-22 22:30:00,1.29078,1.29216,1.2895,1.2899,251
2026-01-22 22:45:00,1.28962,1.29117,1.28843,1.28864,153
2026-01-22 23:00:00,1.28925,1.29061,1.28801,1.2897,454
2026-01-22 23:15:00,1.29002,1.29028,1.28854,1.28974,174
2026-01-22 23:30:00,1.28924,1.29075,1.28878,1.28884,124
2026-01-22 23:45:00,1.28914,1.28991,1.28802,1.28973,208
2026-01-23 00:00:00,1.2902,1.29048,1.28879,1.2897,357
2026-01-23 00:15:00,1.28978,1.29061,1.2895,1.28978,342
2026-01-23 00:30:00,1.28972,1.29076,1.28864,1.28974,332
2026-01-23 00:45:00,1.28966,1.2909,1.28829,1.28921,140
2026-01-23 01:00:00,1.28929,1.2904,1.28837,1.29019,493
2026-01-23 01:15:00,1.29029,1.29064,1.28903,1.29017,253
2026-01-23 01:30:00,1.28813,1.2915,1.28727,1.29131,162
2026-01-23 01:45:00,1.29145,1.29183,1.29078,1.29141,365
2026-01-23 02:00:00,1.2912,1.29146,1.28973,1.29086,145
2026-01-23 02:15:00,1.29093,1.29139,1.29069,1.29116,157
2026-01-23 02:30:00,1.29104,1.29162,1.29081,1.29123,404
2026-01-23 02:45:00,1.29114,1.29232,1.29091,1.29163,403
2026-01-23 03:00:00,1.29141,1.29172,1.2907,1.29128,231
2026-01-23 03:15:00,1.29132,1.29229,1.2905,1.29054,168
2026-01-23 03:30:00,1.29045,1.29093,1.29005,1.29031,157
2026-01-23 03:45:00,1.29033,1.29045,1.28969,1.29003,457
2026-01-23 04:00:00,1.29048,1.2914,1.28997,1.29007,458
2026-01-23 04:15:00,1.28978,1.29096,1.28921,1.28996,499
2026-01-23 04:30:00,1.2902,1.2911,1.28926,1.29047,381
2026-01-23 04:45:00,1.28997,1.29059,1.28964,1.29024,116
2026-01-23 05:00:00,1.29074,1.29169,1.28965,1.29056,373
2026-01-23 05:15:00,1.29032,1.29111,1.28997,1.291,195
2026-01-23 05:30:00,1.29099,1.29247,1.29027,1.29189,339
2026-01-23 05:45:00,1.29212,1.2926,1.29151,1.29188,300
2026-01-23 06:00:00,1.29179,1.29273,1.29114,1.2923,167
2026-01-23 06:15:00,1.29283,1.29331,1.29192,1.29278,306
2026-01-23 06:30:00,1.29296,1.29304,1.29184,1.29209,305
2026-01-23 06:45:00,1.29203,1.29271,1.29082,1.29167,173
2026-01-23 07:00:00,1.29193,1.29285,1.29153,1.29192,169
2026-01-23 07:15:00,1.29276,1.29304,1.29115,1.29161,346
2026-01-23 07:30:00,1.29096,1.29185,1.29068,1.29141,152
2026-01-23 07:45:00,1.29115,1.29165,1.28924,1.28946,255
2026-01-23 08:00:00,1.28968,1.29041,1.28923,1.28986,361
2026-01-23 08:15:00,1.28915,1.2906,1.28762,1.2904,407
2026-01-23 08:30:00,1.29025,1.29213,1.28954,1.29148,218
2026-01-23 08:45:00,1.29218,1.29287,1.29008,1.29014,281
2026-01-23 09:00:00,1.29025,1.29092,1.28932,1.29066,449
2026-01-23 09:15:00,1.29,1.29098,1.28905,1.28925,427
2026-01-23 09:30:00,1.28957,1.29022,1.28843,1.2888,131
2026-01-23 09:45:00,1.28845,1.29016,1.28815,1.28843,396
2026-01-23 10:00:00,1.28818,1.29038,1.28682,1.28892,289
2026-01-23 10:15:00,1.28895,1.28991,1.28852,1.28956,336
2026-01-23 10:30:00,1.28994,1.29145,1.28843,1.28886,392
2026-01-23 10:45:00,1.28906,1.28949,1.28848,1.2894,439
2026-01-23 11:00:00,1.28973,1.2902,1.28847,1.28899,476
2026-01-23 11:15:00,1.28902,1.28905,1.28812,1.28816,244
2026-01-23 11:30:00,1.28766,1.28879,1.28601,1.28602,379
2026-01-23 11:45:00,1.28567,1.28634,1.28477,1.2849,162
2026-01-23 12:00:00,1.28507,1.28546,1.28414,1.28457,247
2026-01-23 12:15:00,1.28516,1.2856,1.28358,1.28408,328
2026-01-23 12:30:00,1.28412,1.28479,1.28335,1.28473,331
2026-01-23 12:45:00,1.28526,1.28581,1.28416,1.28466,312
2026-01-23 13:00:00,1.28416,1.28697,1.28386,1.28645,434
2026-01-23 13:15:00,1.28701,1.2876,1.2859,1.28597,309
2026-01-23 13:30:00,1.28598,1.28636,1.28475,1.28526,476
2026-01-23 13:45:00,1.28609,1.28686,1.28472,1.28517,235
2026-01-23 14:00:00,1.28486,1.28548,1.28332,1.28358,115
2026-01-23 14:15:00,1.28305,1.28429,1.28298,1.28372,479
2026-01-23 14:30:00,1.28381,1.28473,1.28264,1.28447,157
2026-01-23 14:45:00,1.28373,1.28516,1.28311,1.28312,130
2026-01-23 15:00:00,1.28328,1.28403,1.28252,1.28342,113
2026-01-23 15:15:00,1.28345,1.28404,1.283,1.28394,462
2026-01-23 15:30:00,1.28485,1.28586,1.28342,1.28394,250
2026-01-23 15:45:00,1.28452,1.28522,1.28328,1.28358,129
2026-01-23 16:00:00,1.28432,1.28479,1.28281,1.28327,313
2026-01-23 16:15:00,1.28326,1.28379,1.28195,1.28231,268
2026-01-23 16:30:00,1.28272,1.28337,1.28169,1.28199,202
2026-01-23 16:45:00,1.28187,1.2833,1.27994,1.28281,466
2026-01-23 17:00:00,1.28192,1.28298,1.28142,1.2821,175
2026-01-23 17:15:00,1.28252,1.2832,1.28027,1.28154,362
2026-01-23 17:30:00,1.28173,1.28305,1.28119,1.28223,258
2026-01-23 17:45:00,1.28207,1.28239,1.28053,1.28134,445
2026-01-23 18:00:00,1.28165,1.28287,1.27886,1.28177,188
2026-01-23 18:15:00,1.28281,1.28363,1.28144,1.28147,286
2026-01-23 18:30:00,1.28129,1.28253,1.2802,1.28203,213
2026-01-23 18:45:00,1.28221,1.28325,1.28123,1.28167,450
2026-01-23 19:00:00,1.28126,1.28242,1.28077,1.28185,399
2026-01-23 19:15:00,1.28104,1.28317,1.27936,1.28005,392
2026-01-23 19:30:00,1.27916,1.28086,1.2791,1.28036,360
2026-01-23 19:45:00,1.28093,1.28203,1.27989,1.28033,356
2026-01-23 20:00:00,1.28054,1.28133,1.28013,1.2803,474
2026-01-23 20:15:00,1.27997,1.28083,1.27832,1.28026,375
2026-01-23 20:30:00,1.27998,1.28095,1.27906,1.28,342
2026-01-23 20:45:00,1.28004,1.28025,1.27891,1.27912,329
2026-01-23 21:00:00,1.27929,1.28053,1.27891,1.27901,289
2026-01-23 21:15:00,1.2806,1.28135,1.27888,1.27974,141
2026-01-23 21:30:00,1.28026,1.28184,1.2795,1.28032,447
2026-01-23 21:45:00,1.28031,1.28046,1.27999,1.28003,491
2026-01-23 22:00:00,1.28045,1.28108,1.2793,1.28015,442
2026-01-23 22:15:00,1.28041,1.28068,1.27929,1.27974,132
2026-01-23 22:30:00,1.27849,1.27989,1.27743,1.27832,172
2026-01-23 22:45:00,1.27944,1.27948,1.27692,1.27697,374
2026-01-23 23:00:00,1.27681,1.2773,1.27605,1.27644,305
2026-01-23 23:15:00,1.27625,1.27686,1.27557,1.27648,133
2026-01-23 23:30:00,1.276,1.27743,1.27585,1.27686,230
2026-01-23 23:45:00,1.2775,1.27778,1.27632,1.27732,283
2026-01-24 00:00:00,1.27639,1.27842,1.2758,1.2774,360
2026-01-24 00:15:00,1.27692,1.27747,1.27663,1.27722,181
2026-01-24 00:30:00,1.27779,1.27802,1.2768,1.27788,348
2026-01-24 00:45:00,1.27802,1.27911,1.27734,1.27898,380
2026-01-24 01:00:00,1.27996,1.28001,1.27855,1.27874,377
2026-01-24 01:15:00,1.27802,1.27888,1.27733,1.2781,196
2026-01-24 01:30:00,1.27752,1.27861,1.27602,1.27605,366
2026-01-24 01:45:00,1.27497,1.27636,1.27489,1.27583,156
2026-01-24 02:00:00,1.27524,1.27627,1.27449,1.27471,301
2026-01-24 02:15:00,1.27443,1.27603,1.27382,1.27544,289
2026-01-24 02:30:00,1.27593,1.27616,1.27351,1.27573,167
2026-01-24 02:45:00,1.2757,1.27657,1.27508,1.27583,157
2026-01-24 03:00:00,1.27624,1.2769,1.27444,1.27535,422
2026-01-24 03:15:00,1.27591,1.27641,1.27428,1.27518,190
2026-01-24 03:30:00,1.27523,1.27737,1.27415,1.27619,392
2026-01-24 03:45:00,1.2772,1.27731,1.27542,1.27639,243
2026-01-24 04:00:00,1.27622,1.27642,1.27524,1.27586,467
2026-01-24 04:15:00,1.27626,1.27686,1.27513,1.27539,388
2026-01-24 04:30:00,1.27569,1.2776,1.27474,1.27619,302
2026-01-24 04:45:00,1.27636,1.27841,1.27589,1.27733,191
2026-01-24 05:00:00,1.27783,1.27802,1.27671,1.27704,466
2026-01-24 05:15:00,1.27733,1.27764,1.27691,1.27742,319
2026-01-24 05:30:00,1.27757,1.27856,1.276,1.27641,489
2026-01-24 05:45:00,1.2758,1.27748,1.27533,1.27648,215
2026-01-24 06:00:00,1.27582,1.27734,1.27524,1.27588,237
2026-01-24 06:15:00,1.276,1.27679,1.27429,1.27642,388
2026-01-24 06:30:00,1.27754,1.27828,1.27636,1.27763,223
2026-01-24 06:45:00,1.27696,1.27907,1.27603,1.27728,277
2026-01-24 07:00:00,1.27774,1.27807,1.27704,1.2778,159
2026-01-24 07:15:00,1.27735,1.2784,1.27637,1.27719,322
2026-01-24 07:30:00,1.27673,1.27752,1.27595,1.27688,191
2026-01-24 07:45:00,1.27743,1.27803,1.27663,1.27677,160
2026-01-24 08:00:00,1.27634,1.27774,1.27576,1.27661,182
2026-01-24 08:15:00,1.27622,1.27733,1.27598,1.2763,192
2026-01-24 08:30:00,1.27689,1.27693,1.27607,1.27686,302
2026-01-24 08:45:00,1.27626,1.27734,1.27549,1.27598,367
2026-01-24 09:00:00,1.27595,1.27751,1.27544,1.2765,463
2026-01-24 09:15:00,1.2769,1.27788,1.27604,1.27644,436
2026-01-24 09:30:00,1.27637,1.27748,1.27584,1.27735,494
2026-01-24 09:45:00,1.27732,1.27838,1.27679,1.2768,485
2026-01-24 10:00:00,1.27759,1.27862,1.27667,1.27825,263
2026-01-24 10:15:00,1.27748,1.27943,1.27732,1.27751,405
2026-01-24 10:30:00,1.27712,1.27769,1.2756,1.27569,268
2026-01-24 10:45:00,1.27589,1.2766,1.27467,1.27471,262
2026-01-24 11:00:00,1.27387,1.27477,1.27283,1.27387,297
2026-01-24 11:15:00,1.27413,1.27418,1.27367,1.27399,255
2026-01-24 11:30:00,1.27407,1.27449,1.27219,1.27232,351
2026-01-24 11:45:00,1.2725,1.27297,1.27184,1.27229,477
2026-01-24 12:00:00,1.27172,1.27352,1.27158,1.2723,383
2026-01-24 12:15:00,1.27217,1.27281,1.27186,1.27211,386
2026-01-24 12:30:00,1.27264,1.27365,1.27195,1.2726,261
2026-01-24 12:45:00,1.27247,1.27346,1.27207,1.27329,244
2026-01-24 13:00:00,1.27398,1.27512,1.27269,1.27408,318
2026-01-24 13:15:00,1.27325,1.27438,1.27259,1.27385,312
2026-01-24 13:30:00,1.27407,1.27532,1.27278,1.27492,189
2026-01-24 13:45:00,1.27501,1.27552,1.27333,1.27367,364
2026-01-24 14:00:00,1.27355,1.27452,1.27249,1.27287,322
2026-01-24 14:15:00,1.27251,1.2731,1.27228,1.27277,326
2026-01-24 14:30:00,1.27279,1.27334,1.27171,1.27284,111
2026-01-24 14:45:00,1.2733,1.27416,1.27195,1.27388,491
2026-01-24 15:00:00,1.27384,1.2741,1.27214,1.27313,192
2026-01-24 15:15:00,1.27308,1.27368,1.27234,1.27353,281
2026-01-24 15:30:00,1.27338,1.27385,1.2731,1.27372,366
2026-01-24 15:45:00,1.27382,1.27512,1.27273,1.27333,159
2026-01-24 16:00:00,1.27332,1.27373,1.27228,1.27343,257
2026-01-24 16:15:00,1.27355,1.27408,1.27275,1.27388,178
2026-01-24 16:30:00,1.27395,1.27461,1.27351,1.27357,192
2026-01-24 16:45:00,1.27391,1.27531,1.27315,1.27356,139
2026-01-24 17:00:00,1.27367,1.27418,1.27263,1.27415,377
2026-01-24 17:15:00,1.27381,1.27496,1.27339,1.27446,472
2026-01-24 17:30:00,1.27544,1.27608,1.27397,1.2742,307
2026-01-24 17:45:00,1.27354,1.27437,1.27351,1.27393,444
2026-01-24 18:00:00,1.27389,1.27538,1.2732,1.27496,488
2026-01-24 18:15:00,1.27501,1.27549,1.27414,1.27482,418
2026-01-24 18:30:00,1.27478,1.27542,1.27391,1.27403,411
2026-01-24 18:45:00,1.27417,1.27537,1.27332,1.27536,232
2026-01-24 19:00:00,1.27534,1.27682,1.27364,1.27602,277
2026-01-24 19:15:00,1.27606,1.27664,1.27507,1.27605,396
2026-01-24 19:30:00,1.27558,1.27714,1.27469,1.27575,347
2026-01-24 19:45:00,1.2759,1.27627,1.27475,1.27588,266
2026-01-24 20:00:00,1.27622,1.27701,1.27485,1.27548,395
2026-01-24 20:15:00,1.27564,1.27602,1.27414,1.27494,333
2026-01-24 20:30:00,1.27455,1.2759,1.27365,1.2738,495
2026-01-24 20:45:00,1.27363,1.27472,1.27309,1.27402,465
2026-01-24 21:00:00,1.27352,1.27556,1.27312,1.27512,320
2026-01-24 21:15:00,1.27485,1.27642,1.27433,1.27471,309
2026-01-24 21:30:00,1.2756,1.27612,1.27401,1.27543,348
2026-01-24 21:45:00,1.27614,1.27629,1.27464,1.27524,156
2026-01-24 22:00:00,1.2749,1.27552,1.27394,1.27411,355
2026-01-24 22:15:00,1.27468,1.27492,1.27401,1.27418,496
2026-01-24 22:30:00,1.27404,1.27471,1.27342,1.2737,108
2026-01-24 22:45:00,1.27378,1.27429,1.27317,1.27371,259
2026-01-24 23:00:00,1.27333,1.27495,1.27262,1.27415,375
2026-01-24 23:15:00,1.27428,1.27451,1.27311,1.27342,371
2026-01-24 23:30:00,1.27436,1.27469,1.2729,1.27327,260
2026-01-24 23:45:00,1.27328,1.27373,1.27168,1.27263,385
2026-01-25 00:00:00,1.27275,1.27363,1.27102,1.27165,450
2026-01-25 00:15:00,1.27188,1.27328,1.27033,1.27118,426
2026-01-25 00:30:00,1.27022,1.27133,1.26952,1.27069,431
2026-01-25 00:45:00,1.27139,1.27217,1.27009,1.27055,384
2026-01-25 01:00:00,1.27012,1.27144,1.26986,1.27109,303
2026-01-25 01:15:00,1.27075,1.27197,1.27057,1.27162,315
2026-01-25 01:30:00,1.27231,1.27241,1.27112,1.27213,207
2026-01-25 01:45:00,1.27243,1.27353,1.2706,1.27262,383
2026-01-25 02:00:00,1.27262,1.2735,1.27191,1.27341,380
2026-01-25 02:15:00,1.27315,1.27376,1.27292,1.27345,402
2026-01-25 02:30:00,1.27433,1.27505,1.27176,1.27427,455
2026-01-25 02:45:00,1.27458,1.27514,1.27383,1.27462,228
2026-01-25 03:00:00,1.27518,1.27609,1.27387,1.27401,254
2026-01-25 03:15:00,1.27424,1.27517,1.27385,1.27511,487
2026-01-25 03:30:00,1.27587,1.27611,1.27452,1.2755,323
2026-01-25 03:45:00,1.276,1.27679,1.27428,1.27522,319
2026-01-25 04:00:00,1.27477,1.2757,1.27444,1.27457,435
2026-01-25 04:15:00,1.27612,1.27711,1.27438,1.27554,170
2026-01-25 04:30:00,1.27582,1.27657,1.27537,1.27575,191
2026-01-25 04:45:00,1.27622,1.27712,1.27477,1.27492,376
2026-01-25 05:00:00,1.27464,1.27522,1.27309,1.27481,191
2026-01-25 05:15:00,1.27481,1.27521,1.2744,1.27515,240
2026-01-25 05:30:00,1.27421,1.27556,1.27356,1.27478,180
2026-01-25 05:45:00,1.275,1.2764,1.27408,1.27438,219
2026-01-25 06:00:00,1.27488,1.27498,1.274,1.27487,341
2026-01-25 06:15:00,1.27596,1.27721,1.27452,1.27506,199
2026-01-25 06:30:00,1.27537,1.27568,1.2742,1.27494,402
2026-01-25 06:45:00,1.27532,1.27579,1.27379,1.27426,193
2026-01-25 07:00:00,1.27415,1.2747,1.27379,1.274,205
2026-01-25 07:15:00,1.27385,1.2748,1.27359,1.27478,347
2026-01-25 07:30:00,1.27522,1.27576,1.27361,1.27507,298
2026-01-25 07:45:00,1.27562,1.27588,1.27482,1.27508,109
2026-01-25 08:00:00,1.27346,1.27524,1.27276,1.2747,499
2026-01-25 08:15:00,1.27479,1.27544,1.27377,1.27516,487
2026-01-25 08:30:00,1.27553,1.27645,1.27453,1.27592,313
2026-01-25 08:45:00,1.27572,1.27727,1.27438,1.27645,117
2026-01-25 09:00:00,1.27704,1.27783,1.27575,1.2773,403
2026-01-25 09:15:00,1.27791,1.27805,1.27663,1.27741,386
2026-01-25 09:30:00,1.27695,1.27811,1.27637,1.27747,148
2026-01-25 09:45:00,1.27804,1.27919,1.2766,1.27731,384
2026-01-25 10:00:00,1.27758,1.27859,1.27635,1.27771,275
2026-01-25 10:15:00,1.27743,1.27983,1.27727,1.27977,498
2026-01-25 10:30:00,1.27944,1.28085,1.27862,1.27977,395
2026-01-25 10:45:00,1.2802,1.28125,1.27925,1.28088,194
2026-01-25 11:00:00,1.28027,1.28128,1.27932,1.2805,266
2026-01-25 11:15:00,1.28081,1.28231,1.27971,1.2813,180
2026-01-25 11:30:00,1.28154,1.28209,1.28058,1.28076,185
2026-01-25 11:45:00,1.28037,1.28121,1.27971,1.28107,218
2026-01-25 12:00:00,1.28123,1.28164,1.28037,1.28127,336
2026-01-25 12:15:00,1.28024,1.28169,1.27908,1.28103,285
2026-01-25 12:30:00,1.2808,1.28148,1.27985,1.28118,460
2026-01-25 12:45:00,1.28061,1.28127,1.2803,1.28063,459
2026-01-25 13:00:00,1.28057,1.28154,1.28039,1.28145,199
2026-01-25 13:15:00,1.28195,1.28219,1.28129,1.28164,453
2026-01-25 13:30:00,1.2817,1.28228,1.28088,1.28151,333
2026-01-25 13:45:00,1.28157,1.282,1.28104,1.28132,279
2026-01-25 14:00:00,1.2821,1.28247,1.28088,1.28095,244
2026-01-25 14:15:00,1.28051,1.28179,1.27998,1.28102,433
2026-01-25 14:30:00,1.28156,1.28167,1.28004,1.2813,431
2026-01-25 14:45:00,1.28119,1.28147,1.28016,1.28113,312
2026-01-25 15:00:00,1.28109,1.28175,1.28048,1.28055,381
2026-01-25 15:15:00,1.27988,1.28104,1.27955,1.28098,167
2026-01-25 15:30:00,1.28089,1.28187,1.28069,1.28085,484
2026-01-25 15:45:00,1.28078,1.28214,1.28035,1.28146,108
2026-01-25 16:00:00,1.28077,1.28148,1.2802,1.28113,376
2026-01-25 16:15:00,1.28062,1.28129,1.28054,1.28125,498
2026-01-25 16:30:00,1.28165,1.2822,1.28049,1.28164,397
2026-01-25 16:45:00,1.28118,1.28281,1.28078,1.28276,133
2026-01-25 17:00:00,1.28279,1.28328,1.28227,1.28288,398
2026-01-25 17:15:00,1.28201,1.28353,1.2816,1.28331,134
2026-01-25 17:30:00,1.28411,1.28491,1.28269,1.28347,170
2026-01-25 17:45:00,1.28357,1.28407,1.2826,1.28398,121
2026-01-25 18:00:00,1.2838,1.28634,1.2832,1.28522,134
2026-01-25 18:15:00,1.28461,1.28563,1.28368,1.28521,480
2026-01-25 18:30:00,1.28504,1.28617,1.28486,1.28519,349
2026-01-25 18:45:00,1.28595,1.28668,1.28436,1.28562,278
2026-01-25 19:00:00,1.28617,1.28656,1.28506,1.28608,393
2026-01-25 19:15:00,1.28604,1.28704,1.2848,1.28486,396
2026-01-25 19:30:00,1.28481,1.28669,1.28411,1.28643,489
2026-01-25 19:45:00,1.28606,1.28749,1.2858,1.28739,383
2026-01-25 20:00:00,1.28808,1.28907,1.28638,1.28795,447
2026-01-25 20:15:00,1.28787,1.2882,1.2869,1.28741,178
2026-01-25 20:30:00,1.28786,1.28817,1.28661,1.28724,241
2026-01-25 20:45:00,1.28688,1.28834,1.28453,1.28547,466
2026-01-25 21:00:00,1.28485,1.28608,1.2842,1.28546,191
2026-01-25 21:15:00,1.28589,1.28605,1.28478,1.28562,268
2026-01-25 21:30:00,1.28504,1.28626,1.28501,1.28609,482
2026-01-25 21:45:00,1.28657,1.28717,1.28517,1.28558,272
2026-01-25 22:00:00,1.28563,1.28685,1.28497,1.28524,136
2026-01-25 22:15:00,1.28544,1.28607,1.28443,1.28605,251
2026-01-25 22:30:00,1.28555,1.28656,1.28506,1.28537,375
2026-01-25 22:45:00,1.2848,1.28609,1.28447,1.2852,327
2026-01-25 23:00:00,1.28458,1.28639,1.28401,1.28407,141
2026-01-25 23:15:00,1.28413,1.28465,1.28396,1.28461,376
2026-01-25 23:30:00,1.28377,1.28476,1.28376,1.28388,370
2026-01-25 23:45:00,1.28398,1.28457,1.28326,1.28348,165
2026-01-26 00:00:00,1.28317,1.2835,1.2825,1.28294,367
2026-01-26 00:15:00,1.28288,1.28382,1.28233,1.28357,189
2026-01-26 00:30:00,1.2836,1.28422,1.28309,1.28317,404
2026-01-26 00:45:00,1.28291,1.28353,1.28172,1.28292,399
2026-01-26 01:00:00,1.28285,1.28397,1.28235,1.28317,313
2026-01-26 01:15:00,1.28311,1.28417,1.2814,1.28246,459
2026-01-26 01:30:00,1.28255,1.28351,1.28192,1.28199,327
2026-01-26 01:45:00,1.28283,1.28309,1.28143,1.28306,461
2026-01-26 02:00:00,1.28359,1.2843,1.28299,1.28367,328
2026-01-26 02:15:00,1.28402,1.28475,1.28324,1.28353,461
2026-01-26 02:30:00,1.28357,1.28469,1.28265,1.28372,442
2026-01-26 02:45:00,1.28319,1.28419,1.28293,1.28374,313
2026-01-26 03:00:00,1.28306,1.2843,1.28276,1.28374,404
2026-01-26 03:15:00,1.28347,1.28437,1.2833,1.28379,352
2026-01-26 03:30:00,1.28362,1.28496,1.28223,1.28467,436
2026-01-26 03:45:00,1.28365,1.28564,1.28321,1.28494,438
2026-01-26 04:00:00,1.28532,1.28572,1.28385,1.28564,390
2026-01-26 04:15:00,1.28547,1.2866,1.28503,1.28508,384
2026-01-26 04:30:00,1.28575,1.28662,1.28455,1.28549,304
2026-01-26 04:45:00,1.28534,1.28597,1.28262,1.2832,386
2026-01-26 05:00:00,1.28361,1.28435,1.28282,1.28403,404
2026-01-26 05:15:00,1.28439,1.28441,1.28346,1.28385,415
2026-01-26 05:30:00,1.28327,1.28456,1.28298,1.28455,466
2026-01-26 05:45:00,1.28406,1.28551,1.28397,1.2843,118
2026-01-26 06:00:00,1.28489,1.28542,1.2835,1.28526,152
2026-01-26 06:15:00,1.28417,1.2859,1.2837,1.28405,148
2026-01-26 06:30:00,1.28475,1.28541,1.28369,1.28495,448
2026-01-26 06:45:00,1.28478,1.28501,1.28399,1.28473,496
2026-01-26 07:00:00,1.28608,1.28614,1.28414,1.28613,426
2026-01-26 07:15:00,1.2866,1.28771,1.28592,1.28723,156
2026-01-26 07:30:00,1.28666,1.28782,1.28654,1.28658,389
2026-01-26 07:45:00,1.28679,1.28783,1.28589,1.28685,299
2026-01-26 08:00:00,1.28731,1.28819,1.28584,1.28673,477
2026-01-26 08:15:00,1.28674,1.28873,1.28599,1.28819,226
2026-01-26 08:30:00,1.28846,1.28928,1.28746,1.28896,479
2026-01-26 08:45:00,1.2886,1.28913,1.28847,1.28885,364
2026-01-26 09:00:00,1.28834,1.2893,1.28825,1.28903,135
2026-01-26 09:15:00,1.28901,1.29022,1.2872,1.28784,344
2026-01-26 09:30:00,1.28834,1.28902,1.28776,1.28885,239
2026-01-26 09:45:00,1.28931,1.28938,1.28798,1.28919,172
2026-01-26 10:00:00,1.28922,1.28941,1.28827,1.28891,416
2026-01-26 10:15:00,1.28976,1.29186,1.28837,1.28932,244
2026-01-26 10:30:00,1.28935,1.29015,1.28889,1.28956,166
2026-01-26 10:45:00,1.28985,1.29217,1.28941,1.29043,390
2026-01-26 11:00:00,1.29012,1.29156,1.28993,1.29109,352
2026-01-26 11:15:00,1.29106,1.29151,1.2894,1.29022,135
2026-01-26 11:30:00,1.29059,1.29126,1.28968,1.29066,420
2026-01-26 11:45:00,1.28994,1.29093,1.28932,1.29089,304
2026-01-26 12:00:00,1.29071,1.29176,1.29019,1.29153,476
2026-01-26 12:15:00,1.29228,1.29275,1.29055,1.29192,228
2026-01-26 12:30:00,1.29128,1.2922,1.29063,1.2922,198
2026-01-26 12:45:00,1.29176,1.29247,1.29098,1.29196,307
2026-01-26 13:00:00,1.29168,1.29305,1.2906,1.29101,158
2026-01-26 13:15:00,1.29054,1.29217,1.29041,1.29211,460
2026-01-26 13:30:00,1.29193,1.29331,1.2911,1.29151,359
2026-01-26 13:45:00,1.29229,1.29283,1.29023,1.29117,416
2026-01-26 14:00:00,1.29124,1.29237,1.29077,1.29089,394
2026-01-26 14:15:00,1.29103,1.29172,1.29032,1.29047,478
2026-01-26 14:30:00,1.29033,1.29098,1.28921,1.29052,231
2026-01-26 14:45:00,1.29072,1.29127,1.28926,1.2894,142
2026-01-26 15:00:00,1.28934,1.29005,1.28915,1.28938,466
2026-01-26 15:15:00,1.29002,1.29107,1.2888,1.28989,359
2026-01-26 15:30:00,1.28982,1.29071,1.28932,1.2898,239
2026-01-26 15:45:00,1.28986,1.29001,1.28923,1.28938,371
2026-01-26 16:00:00,1.28946,1.29012,1.28884,1.28893,162
2026-01-26 16:15:00,1.28879,1.28934,1.28792,1.28822,238
2026-01-26 16:30:00,1.28914,1.28945,1.28758,1.28768,485
2026-01-26 16:45:00,1.2885,1.28859,1.28623,1.28839,360
2026-01-26 17:00:00,1.28869,1.28913,1.28754,1.28783,466
2026-01-26 17:15:00,1.28753,1.28855,1.28724,1.28819,329
2026-01-26 17:30:00,1.2869,1.28916,1.28662,1.2872,357
2026-01-26 17:45:00,1.28669,1.28743,1.28646,1.28702,499
2026-01-26 18:00:00,1.28766,1.28833,1.28554,1.2883,463
2026-01-26 18:15:00,1.28767,1.28886,1.28682,1.28756,256
2026-01-26 18:30:00,1.28839,1.28937,1.28735,1.2891,437
2026-01-26 18:45:00,1.28897,1.28964,1.28818,1.28819,297
2026-01-26 19:00:00,1.288,1.28871,1.28585,1.28703,258
2026-01-26 19:15:00,1.28713,1.28721,1.28701,1.28702,315
2026-01-26 19:30:00,1.28732,1.28843,1.28586,1.28837,245
2026-01-26 19:45:00,1.2876,1.28928,1.28733,1.28852,127
2026-01-26 20:00:00,1.28848,1.28926,1.28739,1.28821,408
2026-01-26 20:15:00,1.28731,1.2885,1.28663,1.2875,163
2026-01-26 20:30:00,1.28772,1.28884,1.28559,1.28641,468
2026-01-26 20:45:00,1.28623,1.28757,1.2845,1.28723,479
2026-01-26 21:00:00,1.28691,1.2885,1.28565,1.2867,289
2026-01-26 21:15:00,1.28667,1.28752,1.2858,1.28644,409
2026-01-26 21:30:00,1.28559,1.287,1.28424,1.28659,101
2026-01-26 21:45:00,1.28677,1.2884,1.28546,1.28573,131
2026-01-26 22:00:00,1.28505,1.28645,1.28423,1.28622,266
2026-01-26 22:15:00,1.28661,1.28705,1.28531,1.28635,154
2026-01-26 22:30:00,1.28665,1.28722,1.28602,1.28611,161
2026-01-26 22:45:00,1.28603,1.28723,1.28452,1.28679,386
2026-01-26 23:00:00,1.28669,1.28854,1.28534,1.28782,473
2026-01-26 23:15:00,1.28804,1.28881,1.28731,1.28833,137
2026-01-26 23:30:00,1.28774,1.2887,1.28759,1.28789,471
2026-01-26 23:45:00,1.28815,1.28907,1.28724,1.28788,400
2026-01-27 00:00:00,1.28813,1.28842,1.28683,1.28693,490
2026-01-27 00:15:00,1.28664,1.28719,1.28558,1.28655,367
2026-01-27 00:30:00,1.28705,1.28773,1.28502,1.2867,498
2026-01-27 00:45:00,1.287,1.28789,1.28614,1.28651,411
2026-01-27 01:00:00,1.28633,1.28706,1.28593,1.28661,449
2026-01-27 01:15:00,1.28689,1.28773,1.28639,1.28655,476
2026-01-27 01:30:00,1.28644,1.28788,1.28631,1.28654,298
2026-01-27 01:45:00,1.28777,1.28914,1.28624,1.28852,331
2026-01-27 02:00:00,1.28867,1.2891,1.28818,1.28838,494
2026-01-27 02:15:00,1.28886,1.28916,1.28722,1.28733,101
2026-01-27 02:30:00,1.2874,1.28801,1.28673,1.28775,478
2026-01-27 02:45:00,1.28731,1.28823,1.28702,1.28772,375
2026-01-27 03:00:00,1.28758,1.28884,1.28687,1.28714,490
2026-01-27 03:15:00,1.28677,1.28753,1.28604,1.28753,239
2026-01-27 03:30:00,1.28815,1.28818,1.28749,1.28768,491
2026-01-27 03:45:00,1.28791,1.28902,1.28716,1.28818,306
2026-01-27 04:00:00,1.28804,1.28894,1.28784,1.28867,178
2026-01-27 04:15:00,1.28807,1.28962,1.28794,1.28927,223
2026-01-27 04:30:00,1.28976,1.29021,1.2888,1.2902,357
2026-01-27 04:45:00,1.29022,1.29101,1.28863,1.29038,244
2026-01-27 05:00:00,1.29106,1.29213,1.28957,1.28975,160
2026-01-27 05:15:00,1.29056,1.2911,1.28934,1.28992,186
2026-01-27 05:30:00,1.28953,1.29027,1.28953,1.29002,249
2026-01-27 05:45:00,1.28974,1.29045,1.28923,1.29022,451
2026-01-27 06:00:00,1.29047,1.29147,1.29021,1.29128,460
2026-01-27 06:15:00,1.29081,1.29173,1.29014,1.29021,231
2026-01-27 06:30:00,1.29049,1.29132,1.28982,1.28999,177
2026-01-27 06:45:00,1.28973,1.29102,1.28863,1.29005,225
2026-01-27 07:00:00,1.29045,1.2907,1.28959,1.29033,124
2026-01-27 07:15:00,1.29001,1.29178,1.28946,1.28965,453
2026-01-27 07:30:00,1.28932,1.29268,1.28867,1.2912,346
2026-01-27 07:45:00,1.29199,1.29261,1.28949,1.29137,421
2026-01-27 08:00:00,1.29152,1.2923,1.29111,1.29228,215
2026-01-27 08:15:00,1.29199,1.29329,1.29138,1.29206,439
2026-01-27 08:30:00,1.29248,1.29292,1.29032,1.29277,128
2026-01-27 08:45:00,1.29305,1.29338,1.2912,1.29317,423
2026-01-27 09:00:00,1.29344,1.29393,1.29299,1.29364,471
2026-01-27 09:15:00,1.29299,1.29416,1.29272,1.294,464
2026-01-27 09:30:00,1.29432,1.29529,1.29232,1.29306,333
2026-01-27 09:45:00,1.29265,1.29407,1.29126,1.29282,496
2026-01-27 10:00:00,1.29272,1.29375,1.29194,1.2937,229
2026-01-27 10:15:00,1.29383,1.2943,1.29296,1.29406,456
2026-01-27 10:30:00,1.29413,1.2951,1.29318,1.2942,141
2026-01-27 10:45:00,1.29396,1.29466,1.29308,1.29445,252
2026-01-27 11:00:00,1.29478,1.29561,1.29391,1.29533,346
2026-01-27 11:15:00,1.29472,1.29576,1.29335,1.29364,235
2026-01-27 11:30:00,1.29381,1.29454,1.29255,1.29269,438
2026-01-27 11:45:00,1.29248,1.29357,1.29201,1.29335,385
2026-01-27 12:00:00,1.29309,1.29403,1.29228,1.2932,342
2026-01-27 12:15:00,1.29349,1.29368,1.29245,1.2935,475
2026-01-27 12:30:00,1.29317,1.29357,1.29256,1.29344,492
2026-01-27 12:45:00,1.29345,1.29395,1.2927,1.29311,278
2026-01-27 13:00:00,1.29211,1.29402,1.29184,1.29242,219
2026-01-27 13:15:00,1.29286,1.29421,1.29125,1.29363,228
2026-01-27 13:30:00,1.29387,1.29414,1.29274,1.29382,186
2026-01-27 13:45:00,1.29367,1.29489,1.29297,1.29473,370
2026-01-27 14:00:00,1.29448,1.29509,1.29359,1.29414,447
2026-01-27 14:15:00,1.29452,1.29547,1.29353,1.29407,415
2026-01-27 14:30:00,1.29389,1.29458,1.29345,1.29414,492
2026-01-27 14:45:00,1.29345,1.29525,1.29326,1.29383,259
2026-01-27 15:00:00,1.29315,1.29433,1.29173,1.29347,195
2026-01-27 15:15:00,1.29374,1.29431,1.29338,1.29429,204
2026-01-27 15:30:00,1.29331,1.29564,1.29312,1.29464,473
2026-01-27 15:45:00,1.29421,1.29549,1.29371,1.29416,395
2026-01-27 16:00:00,1.29363,1.29452,1.29352,1.29394,285
2026-01-27 16:15:00,1.2938,1.29525,1.29223,1.29482,194
2026-01-27 16:30:00,1.29443,1.29519,1.29364,1.29453,470
2026-01-27 16:45:00,1.29496,1.29571,1.29409,1.2951,192
2026-01-27 17:00:00,1.29472,1.29529,1.2937,1.29475,476
2026-01-27 17:15:00,1.29433,1.29588,1.29256,1.29326,401
2026-01-27 17:30:00,1.29297,1.2946,1.29155,1.29214,367
2026-01-27 17:45:00,1.29212,1.29273,1.29168,1.29175,111
2026-01-27 18:00:00,1.2911,1.29267,1.28964,1.29057,470
2026-01-27 18:15:00,1.29037,1.29131,1.28954,1.29074,163
2026-01-27 18:30:00,1.29096,1.29119,1.29047,1.2908,369
2026-01-27 18:45:00,1.29103,1.29141,1.28942,1.29117,344
2026-01-27 19:00:00,1.29142,1.29201,1.2905,1.2908,359
2026-01-27 19:15:00,1.29067,1.29167,1.28934,1.28981,429
2026-01-27 19:30:00,1.29032,1.29083,1.2888,1.289,415
2026-01-27 19:45:00,1.28871,1.28921,1.28823,1.28836,480
2026-01-27 20:00:00,1.28882,1.2889,1.28717,1.28869,271
2026-01-27 20:15:00,1.2881,1.28911,1.28724,1.28801,229
2026-01-27 20:30:00,1.28825,1.28891,1.28708,1.28735,130
2026-01-27 20:45:00,1.28741,1.28791,1.28622,1.28693,353
2026-01-27 21:00:00,1.28652,1.2882,1.28585,1.28709,100
2026-01-27 21:15:00,1.2874,1.28745,1.2866,1.28663,206
2026-01-27 21:30:00,1.28709,1.28794,1.28609,1.28743,156
2026-01-27 21:45:00,1.28714,1.28821,1.28601,1.28751,332
2026-01-27 22:00:00,1.28698,1.288,1.28692,1.28748,194
2026-01-27 22:15:00,1.28866,1.2887,1.28577,1.28864,369
2026-01-27 22:30:00,1.2883,1.28916,1.28718,1.28792,324
2026-01-27 22:45:00,1.28832,1.28959,1.28742,1.28778,444
2026-01-27 23:00:00,1.28771,1.28964,1.28661,1.28666,278
2026-01-27 23:15:00,1.28624,1.28707,1.28579,1.28699,406
2026-01-27 23:30:00,1.28634,1.28759,1.28584,1.28667,341
2026-01-27 23:45:00,1.28685,1.28705,1.28622,1.287,116
2026-01-28 00:00:00,1.28728,1.288,1.28645,1.28796,333
2026-01-28 00:15:00,1.28746,1.28824,1.28637,1.28652,138
2026-01-28 00:30:00,1.28698,1.28811,1.28587,1.28769,433
2026-01-28 00:45:00,1.28724,1.28823,1.28706,1.28722,124
2026-01-28 01:00:00,1.28717,1.28831,1.28608,1.2874,461
2026-01-28 01:15:00,1.28704,1.28868,1.28696,1.28763,170
2026-01-28 01:30:00,1.28785,1.28917,1.28754,1.28849,263
2026-01-28 01:45:00,1.28866,1.28935,1.28717,1.28924,457
2026-01-28 02:00:00,1.28964,1.28982,1.28837,1.28849,441
2026-01-28 02:15:00,1.2882,1.28962,1.2875,1.28867,352
2026-01-28 02:30:00,1.28886,1.29024,1.28854,1.28941,199
2026-01-28 02:45:00,1.28844,1.2895,1.28818,1.28846,121
2026-01-28 03:00:00,1.28864,1.28904,1.28596,1.28735,311
2026-01-28 03:15:00,1.28764,1.28843,1.28625,1.28695,313
2026-01-28 03:30:00,1.28709,1.28785,1.28641,1.2877,164
2026-01-28 03:45:00,1.28649,1.28897,1.28628,1.28873,108
2026-01-28 04:00:00,1.28836,1.28996,1.28778,1.28981,452
2026-01-28 04:15:00,1.28947,1.2918,1.28847,1.28864,239
2026-01-28 04:30:00,1.28953,1.28982,1.28863,1.28956,293
2026-01-28 04:45:00,1.28901,1.28996,1.2881,1.28937,201
2026-01-28 05:00:00,1.28927,1.29004,1.28806,1.28807,437
2026-01-28 05:15:00,1.2881,1.28828,1.28548,1.28646,452
2026-01-28 05:30:00,1.28635,1.28735,1.28609,1.28647,152
2026-01-28 05:45:00,1.28744,1.28833,1.28604,1.28711,121
2026-01-28 06:00:00,1.28716,1.28793,1.28616,1.2875,428
2026-01-28 06:15:00,1.28686,1.28794,1.28667,1.28746,464
2026-01-28 06:30:00,1.28755,1.28868,1.28692,1.28863,144
2026-01-28 06:45:00,1.28868,1.28917,1.28822,1.28894,143
2026-01-28 07:00:00,1.28921,1.28927,1.28837,1.28843,312
2026-01-28 07:15:00,1.28939,1.28996,1.28759,1.2886,411
2026-01-28 07:30:00,1.28926,1.28974,1.28843,1.28896,367
2026-01-28 07:45:00,1.28887,1.28912,1.28817,1.28902,115
2026-01-28 08:00:00,1.28888,1.29035,1.28855,1.28933,166
2026-01-28 08:15:00,1.28991,1.29032,1.28919,1.28922,435
2026-01-28 08:30:00,1.28821,1.28964,1.28815,1.28884,359
2026-01-28 08:45:00,1.28872,1.29058,1.28791,1.29043,316
2026-01-28 09:00:00,1.29134,1.2922,1.2896,1.29155,296
2026-01-28 09:15:00,1.2918,1.29272,1.29027,1.29154,104
2026-01-28 09:30:00,1.29217,1.29219,1.29093,1.29111,480
2026-01-28 09:45:00,1.29049,1.29204,1.29043,1.29195,322
2026-01-28 10:00:00,1.29191,1.29256,1.29133,1.2915,395
2026-01-28 10:15:00,1.2924,1.29262,1.29137,1.29237,396
2026-01-28 10:30:00,1.29247,1.29385,1.29093,1.29103,453
2026-01-28 10:45:00,1.291,1.2927,1.29033,1.29115,131
2026-01-28 11:00:00,1.29003,1.29123,1.28887,1.2911,235
2026-01-28 11:15:00,1.29043,1.29233,1.29025,1.29184,371
2026-01-28 11:30:00,1.2923,1.2934,1.29172,1.29291,148
2026-01-28 11:45:00,1.29314,1.29392,1.29245,1.29345,231
2026-01-28 12:00:00,1.29304,1.29454,1.29287,1.29405,430
2026-01-28 12:15:00,1.29444,1.29472,1.29339,1.29466,281
2026-01-28 12:30:00,1.29481,1.2955,1.29337,1.29544,272
2026-01-28 12:45:00,1.29639,1.29686,1.29505,1.29574,419
2026-01-28 13:00:00,1.29536,1.29657,1.29428,1.29606,472
2026-01-28 13:15:00,1.29562,1.29698,1.29554,1.29685,200
2026-01-28 13:30:00,1.29693,1.2974,1.29655,1.29661,405
2026-01-28 13:45:00,1.29703,1.29745,1.29638,1.29639,126
2026-01-28 14:00:00,1.29573,1.29683,1.29459,1.29561,182
2026-01-28 14:15:00,1.29563,1.29718,1.29469,1.29696,172
2026-01-28 14:30:00,1.29668,1.29771,1.29622,1.29631,127
2026-01-28 14:45:00,1.29687,1.2972,1.29584,1.29684,168
2026-01-28 15:00:00,1.29622,1.29776,1.29589,1.29611,477
2026-01-28 15:15:00,1.2959,1.29692,1.29469,1.29557,399
2026-01-28 15:30:00,1.29557,1.29642,1.29448,1.29578,347
2026-01-28 15:45:00,1.29563,1.29625,1.29428,1.2947,370
2026-01-28 16:00:00,1.2938,1.29478,1.29293,1.29436,171
2026-01-28 16:15:00,1.29416,1.29492,1.29312,1.29367,396
2026-01-28 16:30:00,1.29376,1.29515,1.29325,1.29408,144
2026-01-28 16:45:00,1.29445,1.29475,1.29303,1.29384,377
2026-01-28 17:00:00,1.29421,1.29434,1.29335,1.29401,112
2026-01-28 17:15:00,1.29406,1.29484,1.29302,1.29319,314
2026-01-28 17:30:00,1.29393,1.29447,1.29273,1.29334,140
2026-01-28 17:45:00,1.29325,1.29496,1.29203,1.29441,268
2026-01-28 18:00:00,1.29482,1.29606,1.29345,1.29414,251
2026-01-28 18:15:00,1.29469,1.29529,1.29365,1.29478,302
2026-01-28 18:30:00,1.29444,1.29514,1.29405,1.295,477
2026-01-28 18:45:00,1.29575,1.2961,1.2946,1.29461,440
2026-01-28 19:00:00,1.29481,1.29672,1.29427,1.29655,110
2026-01-28 19:15:00,1.29674,1.29792,1.29619,1.29787,305
2026-01-28 19:30:00,1.29841,1.2992,1.29754,1.29833,441
2026-01-28 19:45:00,1.29825,1.29925,1.29767,1.29879,264
2026-01-28 20:00:00,1.29944,1.29981,1.29816,1.29818,370
2026-01-28 20:15:00,1.29802,1.29876,1.29685,1.29784,387
2026-01-28 20:30:00,1.29737,1.29836,1.29707,1.29808,426
2026-01-28 20:45:00,1.29814,1.29919,1.29768,1.29883,140
2026-01-28 21:00:00,1.29877,1.29901,1.29728,1.29869,440
2026-01-28 21:15:00,1.29844,1.29939,1.29807,1.29837,115
2026-01-28 21:30:00,1.29854,1.2987,1.298,1.29822,115
2026-01-28 21:45:00,1.29783,1.29909,1.2962,1.29708,263
2026-01-28 22:00:00,1.29688,1.29713,1.29648,1.29664,312
2026-01-28 22:15:00,1.29701,1.29752,1.29613,1.2967,189
2026-01-28 22:30:00,1.29672,1.29822,1.29645,1.29821,477
2026-01-28 22:45:00,1.29859,1.29949,1.29766,1.29779,156
2026-01-28 23:00:00,1.29801,1.29938,1.29726,1.2991,297
2026-01-28 23:15:00,1.29886,1.29923,1.29753,1.29819,258
2026-01-28 23:30:00,1.29807,1.29884,1.29748,1.29878,106
2026-01-28 23:45:00,1.29869,1.29898,1.29822,1.29863,171
2026-01-29 00:00:00,1.29876,1.29903,1.29782,1.29851,465
2026-01-29 00:15:00,1.29811,1.29919,1.29743,1.2985,160
2026-01-29 00:30:00,1.29814,1.29889,1.29708,1.29867,217
2026-01-29 00:45:00,1.29859,1.29943,1.29809,1.29905,103
2026-01-29 01:00:00,1.29856,1.29962,1.29853,1.29907,369
2026-01-29 01:15:00,1.30002,1.30049,1.29883,1.29949,421
2026-01-29 01:30:00,1.29923,1.29987,1.29842,1.2995,266
2026-01-29 01:45:00,1.3001,1.30058,1.2992,1.29954,300
2026-01-29 02:00:00,1.29954,1.29993,1.29831,1.29921,433
2026-01-29 02:15:00,1.29925,1.29963,1.29838,1.29921,121
2026-01-29 02:30:00,1.29929,1.29975,1.29867,1.2997,196
2026-01-29 02:45:00,1.30015,1.30096,1.29924,1.29946,372
2026-01-29 03:00:00,1.29973,1.30027,1.2988,1.30002,268
2026-01-29 03:15:00,1.29994,1.30189,1.29965,1.29992,440
2026-01-29 03:30:00,1.29983,1.30051,1.29912,1.29918,186
2026-01-29 03:45:00,1.29934,1.29958,1.29714,1.29866,392
2026-01-29 04:00:00,1.29872,1.29954,1.29822,1.29887,255
2026-01-29 04:15:00,1.29927,1.2995,1.29874,1.299,157
2026-01-29 04:30:00,1.29864,1.29981,1.29828,1.29874,320
2026-01-29 04:45:00,1.2991,1.29982,1.29799,1.2991,234
2026-01-29 05:00:00,1.29842,1.29991,1.29766,1.29978,450
2026-01-29 05:15:00,1.29931,1.30154,1.29794,1.29827,260
2026-01-29 05:30:00,1.2988,1.2989,1.29791,1.29852,461
2026-01-29 05:45:00,1.29828,1.2992,1.29731,1.29896,219
2026-01-29 06:00:00,1.29879,1.29998,1.29829,1.29947,202
2026-01-29 06:15:00,1.29866,1.29998,1.29776,1.29944,204
2026-01-29 06:30:00,1.30041,1.30118,1.29939,1.30102,173
2026-01-29 06:45:00,1.30157,1.30272,1.30007,1.30177,253
2026-01-29 07:00:00,1.30198,1.30284,1.30131,1.30155,155
2026-01-29 07:15:00,1.30168,1.3017,1.30111,1.30149,116
2026-01-29 07:30:00,1.30193,1.30231,1.3007,1.30087,190
2026-01-29 07:45:00,1.30054,1.30127,1.29974,1.30029,198
2026-01-29 08:00:00,1.29981,1.30065,1.29962,1.29973,417
2026-01-29 08:15:00,1.29934,1.30016,1.29895,1.29923,343
2026-01-29 08:30:00,1.2994,1.29983,1.29804,1.29941,251
2026-01-29 08:45:00,1.29917,1.29997,1.29823,1.29954,224
2026-01-29 09:00:00,1.2995,1.30084,1.29922,1.29966,224
2026-01-29 09:15:00,1.29962,1.30035,1.29737,1.29892,442
2026-01-29 09:30:00,1.29843,1.29931,1.29725,1.29913,268
2026-01-29 09:45:00,1.29917,1.29947,1.29831,1.29903,292
2026-01-29 10:00:00,1.29809,1.29993,1.29713,1.29721,178
2026-01-29 10:15:00,1.29709,1.29777,1.2964,1.29643,229
2026-01-29 10:30:00,1.29597,1.29762,1.29569,1.29572,308
2026-01-29 10:45:00,1.29513,1.29579,1.2943,1.29564,308
2026-01-29 11:00:00,1.29455,1.29587,1.2945,1.29499,225
2026-01-29 11:15:00,1.29371,1.29535,1.29351,1.29413,204
2026-01-29 11:30:00,1.29346,1.29415,1.29257,1.29342,326
2026-01-29 11:45:00,1.29409,1.29477,1.29311,1.29375,403
2026-01-29 12:00:00,1.2938,1.29448,1.29254,1.29344,261
2026-01-29 12:15:00,1.29441,1.29531,1.29277,1.29371,288
2026-01-29 12:30:00,1.29315,1.29504,1.29308,1.2931,353
2026-01-29 12:45:00,1.2931,1.29397,1.29284,1.2932,498
2026-01-29 13:00:00,1.29407,1.29468,1.29272,1.29402,183
2026-01-29 13:15:00,1.29411,1.29449,1.29358,1.29422,350
2026-01-29 13:30:00,1.29448,1.29557,1.29384,1.29392,371
2026-01-29 13:45:00,1.29357,1.29421,1.29238,1.29289,336
2026-01-29 14:00:00,1.2933,1.29355,1.29189,1.29232,136
2026-01-29 14:15:00,1.29145,1.29273,1.29055,1.29194,372
2026-01-29 14:30:00,1.292,1.29288,1.29119,1.29193,192
2026-01-29 14:45:00,1.29211,1.29234,1.2909,1.29095,375
2026-01-29 15:00:00,1.29069,1.29332,1.29031,1.29317,495
2026-01-29 15:15:00,1.29239,1.29408,1.2921,1.2926,208
2026-01-29 15:30:00,1.29157,1.29261,1.2911,1.29255,163
2026-01-29 15:45:00,1.29263,1.2931,1.29175,1.29298,242
2026-01-29 16:00:00,1.29262,1.29365,1.29249,1.29262,112
2026-01-29 16:15:00,1.29285,1.29338,1.29152,1.29167,305
2026-01-29 16:30:00,1.29274,1.29341,1.2913,1.29322,457
2026-01-29 16:45:00,1.29373,1.29445,1.29289,1.29314,305
2026-01-29 17:00:00,1.29308,1.29365,1.29205,1.29352,220
2026-01-29 17:15:00,1.2934,1.29492,1.29227,1.29451,465
2026-01-29 17:30:00,1.2954,1.29659,1.29359,1.2957,450
2026-01-29 17:45:00,1.2947,1.296,1.294,1.29567,207
2026-01-29 18:00:00,1.29623,1.29687,1.29459,1.29603,470
2026-01-29 18:15:00,1.29597,1.29833,1.29561,1.29698,218
2026-01-29 18:30:00,1.29729,1.29857,1.29595,1.2971,378
2026-01-29 18:45:00,1.29725,1.29767,1.2965,1.29717,402
2026-01-29 19:00:00,1.29689,1.29917,1.29548,1.298,160
2026-01-29 19:15:00,1.29769,1.29801,1.29726,1.29731,224
2026-01-29 19:30:00,1.29801,1.29867,1.29717,1.29742,356
2026-01-29 19:45:00,1.29732,1.29859,1.29682,1.2972,188
2026-01-29 20:00:00,1.29825,1.2991,1.29717,1.29895,248
2026-01-29 20:15:00,1.29893,1.29928,1.29834,1.29853,372
2026-01-29 20:30:00,1.2984,1.29908,1.29824,1.29904,154
2026-01-29 20:45:00,1.29954,1.30079,1.29846,1.29991,496
2026-01-29 21:00:00,1.2999,1.3019,1.29962,1.30024,146
2026-01-29 21:15:00,1.30093,1.30167,1.29996,1.30133,423
2026-01-29 21:30:00,1.30152,1.30201,1.30099,1.30166,304
2026-01-29 21:45:00,1.30129,1.30281,1.30068,1.30262,357
2026-01-29 22:00:00,1.30269,1.30294,1.30209,1.30216,263
2026-01-29 22:15:00,1.30253,1.30315,1.30126,1.30151,209
2026-01-29 22:30:00,1.3006,1.30251,1.29981,1.30154,210
2026-01-29 22:45:00,1.3013,1.30272,1.30106,1.30268,490
2026-01-29 23:00:00,1.30245,1.30395,1.30152,1.30374,284
2026-01-29 23:15:00,1.30435,1.30548,1.30169,1.30434,389
2026-01-29 23:30:00,1.30432,1.30541,1.30349,1.30452,235
2026-01-29 23:45:00,1.30437,1.30558,1.30311,1.30352,250
2026-01-30 00:00:00,1.30343,1.30357,1.30259,1.30345,115
2026-01-30 00:15:00,1.30304,1.3045,1.3019,1.3025,220
2026-01-30 00:30:00,1.30236,1.30359,1.30171,1.30244,490
2026-01-30 00:45:00,1.30254,1.30291,1.30165,1.30263,151
2026-01-30 01:00:00,1.3029,1.30329,1.30155,1.30289,225
2026-01-30 01:15:00,1.30352,1.30367,1.30171,1.303,394
2026-01-30 01:30:00,1.30342,1.30363,1.30272,1.30337,465
2026-01-30 01:45:00,1.30327,1.30373,1.30158,1.3029,372
2026-01-30 02:00:00,1.30367,1.30436,1.3027,1.30411,338
2026-01-30 02:15:00,1.30391,1.30491,1.30332,1.30471,162
2026-01-30 02:30:00,1.30581,1.30646,1.3037,1.30485,454
2026-01-30 02:45:00,1.30382,1.30518,1.30284,1.30398,125
2026-01-30 03:00:00,1.30383,1.30458,1.30333,1.3042,411
2026-01-30 03:15:00,1.30479,1.30514,1.3037,1.3044,169
2026-01-30 03:30:00,1.30452,1.30509,1.30374,1.30461,236
2026-01-30 03:45:00,1.30348,1.30484,1.30322,1.3036,344
2026-01-30 04:00:00,1.30457,1.30518,1.30282,1.30415,192
2026-01-30 04:15:00,1.3051,1.30614,1.30279,1.30584,112
2026-01-30 04:30:00,1.30515,1.30739,1.30475,1.3055,467
2026-01-30 04:45:00,1.30494,1.30659,1.30481,1.30561,497
2026-01-30 05:00:00,1.30432,1.30598,1.30373,1.30482,441
2026-01-30 05:15:00,1.30442,1.30507,1.30369,1.30389,110
2026-01-30 05:30:00,1.30415,1.30441,1.30294,1.30437,158
2026-01-30 05:45:00,1.30425,1.30494,1.30342,1.30455,225
2026-01-30 06:00:00,1.30455,1.30549,1.30258,1.30517,381
2026-01-30 06:15:00,1.30509,1.30519,1.30449,1.30506,158
2026-01-30 06:30:00,1.30468,1.30561,1.30374,1.30473,490
2026-01-30 06:45:00,1.30478,1.30597,1.30407,1.30492,482
2026-01-30 07:00:00,1.30523,1.30729,1.30376,1.30552,198
2026-01-30 07:15:00,1.30626,1.30775,1.30464,1.30565,267
2026-01-30 07:30:00,1.30499,1.3057,1.30433,1.30517,284
2026-01-30 07:45:00,1.30546,1.30578,1.30477,1.30547,262
2026-01-30 08:00:00,1.30511,1.30645,1.30394,1.30415,218
2026-01-30 08:15:00,1.30428,1.30446,1.30379,1.30402,232
2026-01-30 08:30:00,1.30398,1.30464,1.30251,1.30379,468
2026-01-30 08:45:00,1.30398,1.30469,1.30321,1.30406,384
2026-01-30 09:00:00,1.30359,1.30496,1.30259,1.30447,294
2026-01-30 09:15:00,1.3046,1.30472,1.30367,1.3044,418
2026-01-30 09:30:00,1.30476,1.30506,1.30342,1.30487,419
2026-01-30 09:45:00,1.30464,1.30597,1.30427,1.3046,387
2026-01-30 10:00:00,1.30512,1.30547,1.30407,1.30471,428
2026-01-30 10:15:00,1.30435,1.30526,1.30408,1.3042,481
2026-01-30 10:30:00,1.30386,1.30468,1.30305,1.30425,443
2026-01-30 10:45:00,1.30501,1.30642,1.30366,1.30625,386
2026-01-30 11:00:00,1.30621,1.3071,1.30501,1.30656,220
2026-01-30 11:15:00,1.3056,1.30712,1.30557,1.30625,393
2026-01-30 11:30:00,1.30658,1.30662,1.30513,1.30631,366
2026-01-30 11:45:00,1.30673,1.30675,1.30562,1.30598,325
2026-01-30 12:00:00,1.30608,1.30656,1.30549,1.30579,219
2026-01-30 12:15:00,1.30484,1.30708,1.30471,1.30587,210
2026-01-30 12:30:00,1.30663,1.30694,1.30571,1.30611,479
2026-01-30 12:45:00,1.30536,1.30717,1.30502,1.30655,461
2026-01-30 13:00:00,1.30687,1.30823,1.30516,1.30709,295
2026-01-30 13:15:00,1.30691,1.3073,1.30666,1.3067,262
2026-01-30 13:30:00,1.30608,1.30727,1.3054,1.30689,110
2026-01-30 13:45:00,1.30799,1.30909,1.3063,1.30663,148
2026-01-30 14:00:00,1.30608,1.30775,1.30372,1.30614,368
2026-01-30 14:15:00,1.3057,1.30756,1.30561,1.30662,299
2026-01-30 14:30:00,1.30601,1.3075,1.30562,1.30682,262
2026-01-30 14:45:00,1.30643,1.30716,1.30591,1.30701,422
2026-01-30 15:00:00,1.30746,1.30813,1.30591,1.30651,497
2026-01-30 15:15:00,1.30673,1.30756,1.30597,1.30664,482
2026-01-30 15:30:00,1.30754,1.308,1.30619,1.3076,493
2026-01-30 15:45:00,1.30762,1.308,1.30708,1.30793,163
2026-01-30 16:00:00,1.30869,1.30949,1.30672,1.30819,346
2026-01-30 16:15:00,1.30904,1.30951,1.30707,1.30928,313
2026-01-30 16:30:00,1.30887,1.30951,1.30808,1.30885,128
2026-01-30 16:45:00,1.30975,1.31026,1.30878,1.30984,290
2026-01-30 17:00:00,1.30977,1.31068,1.30914,1.3094,272
2026-01-30 17:15:00,1.30918,1.31052,1.30887,1.30913,223
2026-01-30 17:30:00,1.3083,1.30923,1.30824,1.30921,290
2026-01-30 17:45:00,1.30943,1.31081,1.30894,1.30993,287
2026-01-30 18:00:00,1.30979,1.31072,1.30892,1.30942,222
2026-01-30 18:15:00,1.31044,1.31166,1.30929,1.31014,169
2026-01-30 18:30:00,1.30978,1.31057,1.30894,1.31044,231
2026-01-30 18:45:00,1.31031,1.31077,1.30954,1.31033,115
2026-01-30 19:00:00,1.3109,1.31153,1.30976,1.31019,354
2026-01-30 19:15:00,1.31039,1.31086,1.30913,1.31031,278
2026-01-30 19:30:00,1.31063,1.31076,1.3097,1.30985,254
2026-01-30 19:45:00,1.30959,1.31054,1.30802,1.30921,353
2026-01-30 20:00:00,1.30919,1.30957,1.3087,1.30909,324
2026-01-30 20:15:00,1.30957,1.30969,1.30862,1.30941,295
2026-01-30 20:30:00,1.30871,1.31045,1.30859,1.30951,493
2026-01-30 20:45:00,1.30926,1.30986,1.30854,1.30927,328
2026-01-30 21:00:00,1.30982,1.31137,1.30908,1.30968,152
2026-01-30 21:15:00,1.30944,1.31048,1.30896,1.31012,187
2026-01-30 21:30:00,1.31082,1.31169,1.309,1.3096,288
2026-01-30 21:45:00,1.31028,1.31108,1.30948,1.30987,119
2026-01-30 22:00:00,1.31013,1.31112,1.30914,1.30939,429
2026-01-30 22:15:00,1.30975,1.31001,1.30931,1.31001,469
2026-01-30 22:30:00,1.31035,1.3108,1.30872,1.31035,481
2026-01-30 22:45:00,1.30986,1.31157,1.30862,1.31107,218
2026-01-30 23:00:00,1.3107,1.31114,1.30974,1.3109,288
2026-01-30 23:15:00,1.31094,1.31252,1.31045,1.31227,146
2026-01-30 23:30:00,1.31177,1.31269,1.31118,1.31155,110
2026-01-30 23:45:00,1.31202,1.31236,1.31112,1.31232,364
2026-01-31 00:00:00,1.31219,1.31261,1.31176,1.31183,267
2026-01-31 00:15:00,1.31233,1.31322,1.31008,1.31273,361
2026-01-31 00:30:00,1.31288,1.3133,1.3117,1.31208,442
2026-01-31 00:45:00,1.31268,1.31327,1.31195,1.31229,110
2026-01-31 01:00:00,1.31197,1.31266,1.31184,1.31201,472
2026-01-31 01:15:00,1.31239,1.31271,1.31107,1.31176,175
2026-01-31 01:30:00,1.31262,1.31271,1.31166,1.31265,368
2026-01-31 01:45:00,1.31302,1.31357,1.31145,1.31351,178
2026-01-31 02:00:00,1.31334,1.31441,1.31249,1.31302,359
2026-01-31 02:15:00,1.31321,1.31422,1.31208,1.3121,359
2026-01-31 02:30:00,1.31295,1.31339,1.31191,1.31242,103
2026-01-31 02:45:00,1.31216,1.31279,1.31167,1.31261,474
2026-01-31 03:00:00,1.31318,1.31329,1.31154,1.31321,463
2026-01-31 03:15:00,1.31317,1.31346,1.31106,1.31186,400
2026-01-31 03:30:00,1.31151,1.31261,1.31031,1.31146,217
2026-01-31 03:45:00,1.31119,1.31165,1.31027,1.3109,163
2026-01-31 04:00:00,1.31149,1.3129,1.31002,1.3115,204
2026-01-31 04:15:00,1.31135,1.31167,1.31086,1.31107,302
2026-01-31 04:30:00,1.31195,1.31251,1.31019,1.31194,314
2026-01-31 04:45:00,1.31234,1.31261,1.3117,1.31237,396
2026-01-31 05:00:00,1.31259,1.31285,1.31137,1.31232,475
2026-01-31 05:15:00,1.31279,1.31353,1.31152,1.31165,154
2026-01-31 05:30:00,1.31127,1.31229,1.31096,1.31141,319
2026-01-31 05:45:00,1.3115,1.3118,1.31087,1.31111,205
2026-01-31 06:00:00,1.31109,1.31166,1.31047,1.31085,258
2026-01-31 06:15:00,1.31091,1.31191,1.30901,1.31025,483
2026-01-31 06:30:00,1.31046,1.31077,1.30909,1.30921,485
2026-01-31 06:45:00,1.30881,1.30942,1.30839,1.30919,427
2026-01-31 07:00:00,1.3096,1.31015,1.30832,1.30967,419
2026-01-31 07:15:00,1.31021,1.3117,1.30821,1.31163,350
2026-01-31 07:30:00,1.31216,1.31289,1.31126,1.31164,196
2026-01-31 07:45:00,1.31127,1.31285,1.31093,1.31113,409
2026-01-31 08:00:00,1.3116,1.3123,1.30961,1.31,110
2026-01-31 08:15:00,1.30995,1.31036,1.30963,1.31021,372
2026-01-31 08:30:00,1.30973,1.31112,1.30953,1.31102,290
2026-01-31 08:45:00,1.31067,1.31158,1.30999,1.31058,498
2026-01-31 09:00:00,1.31068,1.31147,1.31031,1.31101,250
2026-01-31 09:15:00,1.31079,1.31167,1.3098,1.31119,246
2026-01-31 09:30:00,1.31083,1.31198,1.31067,1.31141,109
2026-01-31 09:45:00,1.31142,1.31309,1.31064,1.31119,431
2026-01-31 10:00:00,1.31128,1.31146,1.31044,1.31092,282
2026-01-31 10:15:00,1.31102,1.31203,1.31071,1.31081,317
2026-01-31 10:30:00,1.31095,1.31209,1.3098,1.31138,423
2026-01-31 10:45:00,1.31164,1.31275,1.31001,1.31017,263
2026-01-31 11:00:00,1.3097,1.31042,1.30845,1.30858,203
2026-01-31 11:15:00,1.30814,1.30969,1.30732,1.30896,120
2026-01-31 11:30:00,1.30922,1.30975,1.30885,1.30958,308
2026-01-31 11:45:00,1.3091,1.31063,1.30883,1.30954,181
2026-01-31 12:00:00,1.30959,1.31007,1.30915,1.30948,447
2026-01-31 12:15:00,1.3097,1.31005,1.30929,1.3094,480
2026-01-31 12:30:00,1.30914,1.31054,1.30885,1.31053,133
2026-01-31 12:45:00,1.31056,1.31234,1.3098,1.31232,393
2026-01-31 13:00:00,1.31191,1.31244,1.31103,1.31211,139
2026-01-31 13:15:00,1.31207,1.31262,1.31125,1.3115,398
2026-01-31 13:30:00,1.31137,1.31334,1.30916,1.31259,273
2026-01-31 13:45:00,1.31312,1.31364,1.31159,1.31359,113
2026-01-31 14:00:00,1.31444,1.31572,1.31304,1.31418,237
2026-01-31 14:15:00,1.3141,1.31425,1.31369,1.31375,336
2026-01-31 14:30:00,1.31416,1.31509,1.31283,1.31391,148
2026-01-31 14:45:00,1.31409,1.31424,1.31381,1.31406,346
2026-01-31 15:00:00,1.31437,1.31534,1.31278,1.31389,221
2026-01-31 15:15:00,1.31374,1.31479,1.31306,1.31348,457
2026-01-31 15:30:00,1.31355,1.31437,1.312,1.31214,346
2026-01-31 15:45:00,1.31232,1.31336,1.31167,1.31255,420
2026-01-31 16:00:00,1.3126,1.31381,1.31183,1.31376,112
2026-01-31 16:15:00,1.31344,1.31415,1.31268,1.31333,483
2026-01-31 16:30:00,1.31326,1.31384,1.31191,1.31343,474
2026-01-31 16:45:00,1.3141,1.31575,1.3129,1.31507,285
2026-01-31 17:00:00,1.31536,1.31672,1.31506,1.31541,423
2026-01-31 17:15:00,1.31425,1.31649,1.31362,1.31546,214
2026-01-31 17:30:00,1.31543,1.31663,1.31404,1.31405,242
2026-01-31 17:45:00,1.31335,1.31418,1.3132,1.31383,143
2026-01-31 18:00:00,1.31428,1.31467,1.31241,1.3146,455
2026-01-31 18:15:00,1.31375,1.31472,1.3134,1.31346,460
2026-01-31 18:30:00,1.31377,1.31464,1.31219,1.31461,224
2026-01-31 18:45:00,1.31396,1.31498,1.31353,1.31435,280
2026-01-31 19:00:00,1.31515,1.31587,1.3141,1.3149,350
2026-01-31 19:15:00,1.31493,1.31515,1.31366,1.31443,345
2026-01-31 19:30:00,1.31465,1.31661,1.3136,1.31452,439
2026-01-31 19:45:00,1.31438,1.31627,1.31366,1.31507,107
2026-01-31 20:00:00,1.31493,1.31624,1.31425,1.31431,162
2026-01-31 20:15:00,1.31404,1.31505,1.31247,1.31456,468
2026-01-31 20:30:00,1.31449,1.31526,1.31399,1.31473,433
2026-01-31 20:45:00,1.31409,1.31568,1.3132,1.31435,366
2026-01-31 21:00:00,1.31421,1.31516,1.31406,1.31492,328
2026-01-31 21:15:00,1.31553,1.3164,1.31415,1.31479,432
2026-01-31 21:30:00,1.31508,1.31576,1.31468,1.31554,346
2026-01-31 21:45:00,1.31553,1.31663,1.31523,1.31629,276
2026-01-31 22:00:00,1.31595,1.31691,1.31583,1.31686,230
2026-01-31 22:15:00,1.31753,1.31805,1.31663,1.31724,179
2026-01-31 22:30:00,1.31778,1.31808,1.31672,1.3177,306
2026-01-31 22:45:00,1.31768,1.31927,1.31687,1.31702,387
2026-01-31 23:00:00,1.31703,1.31784,1.31689,1.31703,341
2026-01-31 23:15:00,1.31746,1.31758,1.31525,1.31687,138
2026-01-31 23:30:00,1.3163,1.31732,1.31554,1.31608,286
2026-01-31 23:45:00,1.31609,1.31681,1.31571,1.3158,106
2026-02-01 00:00:00,1.31527,1.31642,1.3147,1.31611,147
2026-02-01 00:15:00,1.31677,1.31801,1.31573,1.31658,288
2026-02-01 00:30:00,1.31665,1.31718,1.31636,1.31641,200
2026-02-01 00:45:00,1.31688,1.31896,1.3143,1.31697,402
2026-02-01 01:00:00,1.31658,1.31758,1.31626,1.31671,129
2026-02-01 01:15:00,1.31656,1.31776,1.31571,1.31715,221
2026-02-01 01:30:00,1.3169,1.31811,1.31619,1.31781,192
2026-02-01 01:45:00,1.31748,1.31838,1.31654,1.31733,166
2026-02-01 02:00:00,1.31705,1.31794,1.31648,1.31666,285
2026-02-01 02:15:00,1.31544,1.31685,1.31466,1.31551,223
2026-02-01 02:30:00,1.31509,1.31668,1.31464,1.31478,119
2026-02-01 02:45:00,1.3153,1.31568,1.31453,1.31541,134
2026-02-01 03:00:00,1.31567,1.31628,1.3151,1.31518,253
2026-02-01 03:15:00,1.31536,1.31656,1.31453,1.31498,134
2026-02-01 03:30:00,1.31444,1.31573,1.31384,1.31496,181
2026-02-01 03:45:00,1.31431,1.31546,1.31394,1.31474,291
2026-02-01 04:00:00,1.31448,1.31555,1.31412,1.31431,359
2026-02-01 04:15:00,1.31479,1.31511,1.31341,1.31352,194
2026-02-01 04:30:00,1.31331,1.31425,1.31236,1.31288,288
2026-02-01 04:45:00,1.31285,1.31383,1.312,1.31269,120
2026-02-01 05:00:00,1.31327,1.31408,1.31193,1.31277,103
2026-02-01 05:15:00,1.31244,1.31309,1.31229,1.31283,406
2026-02-01 05:30:00,1.31244,1.3143,1.31043,1.31419,274
2026-02-01 05:45:00,1.31443,1.31754,1.31324,1.31511,293
2026-02-01 06:00:00,1.31492,1.31515,1.31461,1.31483,265
2026-02-01 06:15:00,1.31395,1.31499,1.31356,1.31447,450
2026-02-01 06:30:00,1.31508,1.31565,1.31384,1.31462,397
2026-02-01 06:45:00,1.31359,1.31542,1.31194,1.31277,328
2026-02-01 07:00:00,1.31248,1.31375,1.3122,1.31265,448
2026-02-01 07:15:00,1.31126,1.31286,1.31054,1.31118,382
2026-02-01 07:30:00,1.31113,1.31203,1.31035,1.31037,324
2026-02-01 07:45:00,1.31032,1.3113,1.30913,1.3098,419
2026-02-01 08:00:00,1.31029,1.31055,1.30978,1.31035,477
2026-02-01 08:15:00,1.31034,1.31131,1.30889,1.30903,400
2026-02-01 08:30:00,1.30946,1.30957,1.30722,1.30889,227
2026-02-01 08:45:00,1.30952,1.31036,1.30843,1.3086,486
2026-02-01 09:00:00,1.30837,1.30932,1.30758,1.30851,316
2026-02-01 09:15:00,1.30937,1.30984,1.3083,1.3085,472
2026-02-01 09:30:00,1.3082,1.30895,1.30804,1.30892,485
2026-02-01 09:45:00,1.30857,1.30918,1.30838,1.30887,199
2026-02-01 10:00:00,1.30803,1.30923,1.30737,1.30766,286
2026-02-01 10:15:00,1.30767,1.30827,1.30656,1.30793,212
2026-02-01 10:30:00,1.30831,1.30925,1.30743,1.30805,308
2026-02-01 10:45:00,1.30826,1.30921,1.30717,1.30836,490
2026-02-01 11:00:00,1.30805,1.30853,1.30667,1.3073,344
2026-02-01 11:15:00,1.30658,1.30835,1.30604,1.30782,420
2026-02-01 11:30:00,1.30791,1.30843,1.30626,1.30701,275
2026-02-01 11:45:00,1.30765,1.30884,1.30656,1.30782,150
2026-02-01 12:00:00,1.30848,1.30902,1.30725,1.30824,438
2026-02-01 12:15:00,1.30792,1.30863,1.30589,1.30664,136
2026-02-01 12:30:00,1.30647,1.30684,1.30642,1.30646,230
2026-02-01 12:45:00,1.30642,1.3069,1.30498,1.30647,226
2026-02-01 13:00:00,1.30705,1.30713,1.30559,1.30652,248
2026-02-01 13:15:00,1.30656,1.30765,1.30517,1.30541,420
2026-02-01 13:30:00,1.30543,1.30578,1.30362,1.30463,161
2026-02-01 13:45:00,1.30483,1.30544,1.30431,1.30483,339
2026-02-01 14:00:00,1.30547,1.30651,1.30476,1.30623,235
2026-02-01 14:15:00,1.30611,1.30691,1.30539,1.30563,421
2026-02-01 14:30:00,1.3053,1.30578,1.30401,1.305,155
2026-02-01 14:45:00,1.30513,1.30673,1.30453,1.30508,444
2026-02-01 15:00:00,1.30488,1.30515,1.30427,1.30444,387
2026-02-01 15:15:00,1.3038,1.30476,1.30286,1.30413,249
2026-02-01 15:30:00,1.30417,1.30579,1.30352,1.30415,406
2026-02-01 15:45:00,1.30446,1.30456,1.30233,1.30325,282
2026-02-01 16:00:00,1.30354,1.30529,1.30223,1.304,125
2026-02-01 16:15:00,1.30356,1.30471,1.30293,1.30383,416
2026-02-01 16:30:00,1.3039,1.30461,1.30252,1.30347,129
2026-02-01 16:45:00,1.30358,1.30455,1.30277,1.30311,279
2026-02-01 17:00:00,1.30252,1.30429,1.30218,1.30271,387
2026-02-01 17:15:00,1.30264,1.30275,1.30069,1.30079,436
2026-02-01 17:30:00,1.2998,1.30179,1.29952,1.30067,315
2026-02-01 17:45:00,1.30013,1.30108,1.29937,1.3002,248
2026-02-01 18:00:00,1.30023,1.30131,1.30012,1.30101,419
2026-02-01 18:15:00,1.30055,1.30206,1.29982,1.30165,176
2026-02-01 18:30:00,1.3023,1.3033,1.30078,1.30182,197
2026-02-01 18:45:00,1.3017,1.30197,1.30126,1.30176,454
2026-02-01 19:00:00,1.30255,1.30334,1.30071,1.30279,440
2026-02-01 19:15:00,1.30348,1.30396,1.30178,1.30378,219
2026-02-01 19:30:00,1.3036,1.30419,1.30248,1.30372,337
2026-02-01 19:45:00,1.30378,1.30446,1.3034,1.30377,137
2026-02-01 20:00:00,1.3038,1.30408,1.30299,1.30362,432
2026-02-01 20:15:00,1.3038,1.30405,1.30293,1.30381,413
2026-02-01 20:30:00,1.30462,1.30477,1.30306,1.30324,342
2026-02-01 20:45:00,1.30386,1.30472,1.30313,1.30443,174
2026-02-01 21:00:00,1.30514,1.30548,1.30426,1.30505,358
2026-02-01 21:15:00,1.30508,1.30556,1.30459,1.30465,222
2026-02-01 21:30:00,1.30508,1.30571,1.30442,1.30536,195
2026-02-01 21:45:00,1.30523,1.3058,1.30471,1.30562,278
2026-02-01 22:00:00,1.30559,1.30627,1.3045,1.30456,100
2026-02-01 22:15:00,1.30426,1.30478,1.30354,1.30372,267
2026-02-01 22:30:00,1.3042,1.30468,1.3028,1.30286,103
2026-02-01 22:45:00,1.30179,1.304,1.30157,1.30385,173
2026-02-01 23:00:00,1.30462,1.30527,1.30282,1.30373,391
2026-02-01 23:15:00,1.30426,1.3048,1.30291,1.30298,304
2026-02-01 23:30:00,1.30299,1.30402,1.30241,1.30299,361
2026-02-01 23:45:00,1.30257,1.30451,1.30171,1.30437,177
2026-02-02 00:00:00,1.30466,1.30543,1.3039,1.30492,494
2026-02-02 00:15:00,1.30482,1.30571,1.30375,1.30435,155
2026-02-02 00:30:00,1.30365,1.30497,1.30296,1.30422,321
2026-02-02 00:45:00,1.30425,1.30481,1.30345,1.3044,324
2026-02-02 01:00:00,1.30438,1.30477,1.30351,1.30431,102
2026-02-02 01:15:00,1.30352,1.30525,1.30295,1.30462,388
2026-02-02 01:30:00,1.30509,1.30588,1.30361,1.30473,480
2026-02-02 01:45:00,1.30521,1.3066,1.30441,1.30648,475
2026-02-02 02:00:00,1.30632,1.30662,1.30558,1.30622,131
2026-02-02 02:15:00,1.30518,1.30719,1.30484,1.30708,318
2026-02-02 02:30:00,1.30701,1.30747,1.30631,1.30636,151
2026-02-02 02:45:00,1.3069,1.30822,1.30594,1.30716,332
2026-02-02 03:00:00,1.30662,1.3074,1.30453,1.3071,128
2026-02-02 03:15:00,1.30712,1.30783,1.30638,1.30706,143
2026-02-02 03:30:00,1.30779,1.30879,1.30701,1.30777,362
2026-02-02 03:45:00,1.30766,1.30958,1.30718,1.30923,102
2026-02-02 04:00:00,1.30854,1.30978,1.30843,1.30884,212
2026-02-02 04:15:00,1.30873,1.30985,1.30767,1.30846,272
2026-02-02 04:30:00,1.30872,1.30898,1.30772,1.30883,189
2026-02-02 04:45:00,1.30809,1.30953,1.30764,1.30863,295
2026-02-02 05:00:00,1.30849,1.30919,1.30785,1.30844,473
2026-02-02 05:15:00,1.30886,1.31058,1.30773,1.30895,216
2026-02-02 05:30:00,1.30897,1.30907,1.3087,1.30907,338
2026-02-02 05:45:00,1.30837,1.30981,1.3075,1.3093,115
2026-02-02 06:00:00,1.30901,1.30941,1.30851,1.3089,380
2026-02-02 06:15:00,1.3092,1.30962,1.30845,1.30956,203
2026-02-02 06:30:00,1.30913,1.31049,1.30841,1.30934,346
2026-02-02 06:45:00,1.30961,1.31066,1.30918,1.31042,171
2026-02-02 07:00:00,1.31052,1.31154,1.31027,1.31079,280
2026-02-02 07:15:00,1.30986,1.31263,1.30929,1.31077,122
2026-02-02 07:30:00,1.31047,1.31157,1.30857,1.31149,231
2026-02-02 07:45:00,1.31241,1.31319,1.31095,1.31199,357
2026-02-02 08:00:00,1.31175,1.3125,1.3108,1.31132,278
2026-02-02 08:15:00,1.31156,1.31167,1.31111,1.31121,484
2026-02-02 08:30:00,1.31086,1.31176,1.30965,1.31004,152
2026-02-02 08:45:00,1.31023,1.31086,1.30896,1.30936,158
2026-02-02 09:00:00,1.3094,1.30958,1.30811,1.30904,468
2026-02-02 09:15:00,1.31002,1.31147,1.30864,1.30996,119
2026-02-02 09:30:00,1.30971,1.31016,1.30865,1.31001,289
2026-02-02 09:45:00,1.30987,1.31075,1.3092,1.3101,496
2026-02-02 10:00:00,1.31021,1.31133,1.30878,1.30977,155
2026-02-02 10:15:00,1.3104,1.31148,1.30925,1.31047,199
2026-02-02 10:30:00,1.31008,1.31186,1.30951,1.31052,427
2026-02-02 10:45:00,1.31109,1.3125,1.31015,1.31096,235
2026-02-02 11:00:00,1.31133,1.31208,1.31066,1.31193,482
2026-02-02 11:15:00,1.31267,1.31294,1.31135,1.31238,451
2026-02-02 11:30:00,1.31378,1.31451,1.31067,1.31107,200
2026-02-02 11:45:00,1.31097,1.31128,1.31074,1.31078,464
2026-02-02 12:00:00,1.31063,1.31087,1.3106,1.3106,494
2026-02-02 12:15:00,1.31014,1.3109,1.30985,1.31072,399
2026-02-02 12:30:00,1.31076,1.31139,1.30978,1.30999,267
2026-02-02 12:45:00,1.30946,1.31111,1.30843,1.31006,157
2026-02-02 13:00:00,1.31019,1.31126,1.3094,1.30964,280
2026-02-02 13:15:00,1.30978,1.3106,1.30876,1.31005,281
2026-02-02 13:30:00,1.31022,1.31079,1.30865,1.30973,266
2026-02-02 13:45:00,1.30997,1.31089,1.30906,1.30976,305
2026-02-02 14:00:00,1.31004,1.31065,1.30967,1.31062,194
2026-02-02 14:15:00,1.31,1.31155,1.30941,1.31131,147
2026-02-02 14:30:00,1.31126,1.31271,1.31044,1.31208,382
2026-02-02 14:45:00,1.31224,1.31274,1.31153,1.31247,224
2026-02-02 15:00:00,1.31241,1.31402,1.31162,1.3118,348
2026-02-02 15:15:00,1.31061,1.3135,1.30935,1.3121,241
2026-02-02 15:30:00,1.31331,1.31385,1.31171,1.31278,118
2026-02-02 15:45:00,1.31332,1.31422,1.3123,1.31412,125
2026-02-02 16:00:00,1.3142,1.31466,1.31355,1.3136,188
2026-02-02 16:15:00,1.313,1.31436,1.31216,1.31246,309
2026-02-02 16:30:00,1.3125,1.31325,1.31193,1.31232,289
2026-02-02 16:45:00,1.3133,1.31413,1.31139,1.31354,293
2026-02-02 17:00:00,1.31282,1.31493,1.31247,1.31251,394
2026-02-02 17:15:00,1.31371,1.31496,1.31088,1.31331,470
2026-02-02 17:30:00,1.31336,1.31457,1.31296,1.31412,321
2026-02-02 17:45:00,1.31435,1.31563,1.31376,1.31536,173
2026-02-02 18:00:00,1.315,1.31573,1.31413,1.31567,469
2026-02-02 18:15:00,1.31497,1.31612,1.3142,1.31456,216
2026-02-02 18:30:00,1.31575,1.31682,1.3144,1.3149,379
2026-02-02 18:45:00,1.31418,1.3155,1.31402,1.31536,413
2026-02-02 19:00:00,1.31543,1.31574,1.3152,1.31526,221
2026-02-02 19:15:00,1.31563,1.31717,1.31495,1.31543,343
2026-02-02 19:30:00,1.31586,1.31686,1.31453,1.31657,137
2026-02-02 19:45:00,1.3159,1.31714,1.3155,1.31629,177
2026-02-02 20:00:00,1.31724,1.31776,1.31563,1.31589,327
2026-02-02 20:15:00,1.31572,1.31649,1.3144,1.31617,165
2026-02-02 20:30:00,1.31634,1.31787,1.31564,1.31582,300
2026-02-02 20:45:00,1.31537,1.31714,1.31458,1.31487,104
2026-02-02 21:00:00,1.31515,1.31616,1.31416,1.31561,245
2026-02-02 21:15:00,1.3163,1.31675,1.31561,1.3165,491
2026-02-02 21:30:00,1.31709,1.31777,1.31565,1.31709,387
2026-02-02 21:45:00,1.31679,1.31816,1.31643,1.31768,125
2026-02-02 22:00:00,1.31778,1.31811,1.31656,1.31731,442
2026-02-02 22:15:00,1.31707,1.3179,1.31647,1.31717,137
2026-02-02 22:30:00,1.3171,1.31746,1.31616,1.31717,251
2026-02-02 22:45:00,1.31739,1.31829,1.31589,1.31775,420
2026-02-02 23:00:00,1.31799,1.31889,1.31724,1.3174,368
2026-02-02 23:15:00,1.31796,1.31812,1.31575,1.31629,447
2026-02-02 23:30:00,1.31626,1.31712,1.31562,1.31683,459
2026-02-02 23:45:00,1.31709,1.31831,1.31629,1.317,471
2026-02-03 00:00:00,1.31639,1.31726,1.31564,1.31622,211
2026-02-03 00:15:00,1.31531,1.31701,1.31491,1.31534,233
2026-02-03 00:30:00,1.31518,1.3167,1.31444,1.31536,349
2026-02-03 00:45:00,1.31583,1.31639,1.31486,1.31525,427
2026-02-03 01:00:00,1.31494,1.31579,1.3135,1.314,134
2026-02-03 01:15:00,1.31396,1.31482,1.3132,1.31437,204
2026-02-03 01:30:00,1.31451,1.31495,1.31354,1.31379,448
2026-02-03 01:45:00,1.31412,1.31451,1.31182,1.31334,275
2026-02-03 02:00:00,1.31356,1.31495,1.31284,1.31375,351
2026-02-03 02:15:00,1.3137,1.31427,1.31285,1.31404,376
2026-02-03 02:30:00,1.31454,1.31542,1.31323,1.31518,400
2026-02-03 02:45:00,1.31459,1.31522,1.31374,1.3147,216
2026-02-03 03:00:00,1.31415,1.31623,1.31378,1.31559,234
2026-02-03 03:15:00,1.31536,1.31607,1.31432,1.31505,307
2026-02-03 03:30:00,1.31532,1.31582,1.31439,1.31539,241
2026-02-03 03:45:00,1.31631,1.31652,1.31416,1.31515,392
2026-02-03 04:00:00,1.31558,1.31706,1.3145,1.31597,478
2026-02-03 04:15:00,1.31606,1.31733,1.3144,1.31457,441
2026-02-03 04:30:00,1.31433,1.31538,1.31266,1.31358,208
2026-02-03 04:45:00,1.31349,1.31478,1.31256,1.31462,451
2026-02-03 05:00:00,1.31443,1.31536,1.31356,1.31484,168
2026-02-03 05:15:00,1.31565,1.31657,1.31479,1.31563,328
2026-02-03 05:30:00,1.31602,1.31636,1.31554,1.31584,435
2026-02-03 05:45:00,1.31595,1.3171,1.31474,1.31482,185
2026-02-03 06:00:00,1.31505,1.31544,1.31352,1.31498,285
2026-02-03 06:15:00,1.31411,1.31572,1.31275,1.31455,325
2026-02-03 06:30:00,1.31419,1.31553,1.31358,1.3154,332
2026-02-03 06:45:00,1.31574,1.31749,1.314,1.31445,303
2026-02-03 07:00:00,1.31401,1.31552,1.31375,1.31404,208
2026-02-03 07:15:00,1.3136,1.31491,1.31217,1.31384,351
2026-02-03 07:30:00,1.31414,1.31505,1.31263,1.31356,312
2026-02-03 07:45:00,1.31352,1.31407,1.31274,1.31282,108
2026-02-03 08:00:00,1.3122,1.31402,1.31112,1.3131,262
2026-02-03 08:15:00,1.31265,1.31319,1.31133,1.312,286
2026-02-03 08:30:00,1.3125,1.31383,1.31176,1.31334,105
2026-02-03 08:45:00,1.31324,1.31442,1.31242,1.31343,156
2026-02-03 09:00:00,1.31295,1.31436,1.31173,1.31383,330
2026-02-03 09:15:00,1.31354,1.31474,1.31217,1.31331,124
2026-02-03 09:30:00,1.31264,1.31452,1.3114,1.31211,324
2026-02-03 09:45:00,1.31289,1.31315,1.3115,1.313,288
2026-02-03 10:00:00,1.31292,1.31334,1.31267,1.31268,143
2026-02-03 10:15:00,1.31276,1.3139,1.31198,1.31347,466
2026-02-03 10:30:00,1.31306,1.31488,1.31199,1.31256,473
2026-02-03 10:45:00,1.31215,1.31349,1.31039,1.31099,199
2026-02-03 11:00:00,1.31102,1.31185,1.31036,1.31123,130
2026-02-03 11:15:00,1.31113,1.31296,1.30999,1.3119,182
2026-02-03 11:30:00,1.31289,1.31437,1.30956,1.31074,205
2026-02-03 11:45:00,1.3111,1.31111,1.31051,1.311,106
2026-02-03 12:00:00,1.31135,1.31177,1.30855,1.31111,320
2026-02-03 12:15:00,1.3113,1.31241,1.31062,1.31071,192
2026-02-03 12:30:00,1.31078,1.3108,1.30989,1.30997,466
2026-02-03 12:45:00,1.30978,1.31169,1.30978,1.31162,112
2026-02-03 13:00:00,1.3117,1.31275,1.30998,1.31113,184
2026-02-03 13:15:00,1.3113,1.31255,1.31076,1.31231,161
2026-02-03 13:30:00,1.31145,1.31275,1.311,1.31124,400
2026-02-03 13:45:00,1.3113,1.31232,1.31021,1.31138,423
2026-02-03 14:00:00,1.31154,1.31237,1.31061,1.31099,372
2026-02-03 14:15:00,1.31148,1.31169,1.31042,1.31089,374
2026-02-03 14:30:00,1.31035,1.31147,1.31022,1.31112,245
2026-02-03 14:45:00,1.31167,1.31218,1.31039,1.31186,436
2026-02-03 15:00:00,1.31324,1.31332,1.31125,1.31303,276
2026-02-03 15:15:00,1.31393,1.31422,1.31274,1.31304,466
2026-02-03 15:30:00,1.31284,1.31342,1.31193,1.31299,385
2026-02-03 15:45:00,1.3133,1.31404,1.31187,1.31297,460
2026-02-03 16:00:00,1.31262,1.31348,1.31188,1.31307,355
2026-02-03 16:15:00,1.31407,1.31488,1.31306,1.31463,343
2026-02-03 16:30:00,1.3156,1.31575,1.31402,1.3145,123
2026-02-03 16:45:00,1.31503,1.3154,1.31448,1.31484,301
2026-02-03 17:00:00,1.31468,1.31586,1.3138,1.31574,145
2026-02-03 17:15:00,1.31635,1.31679,1.31521,1.31558,463
2026-02-03 17:30:00,1.31705,1.3178,1.31452,1.31581,271
2026-02-03 17:45:00,1.3146,1.31599,1.31448,1.31574,292
2026-02-03 18:00:00,1.31599,1.31638,1.31568,1.31636,428
2026-02-03 18:15:00,1.31557,1.31668,1.31507,1.31521,152
2026-02-03 18:30:00,1.31458,1.31577,1.3143,1.31472,331
2026-02-03 18:45:00,1.3147,1.31534,1.31407,1.31451,296
2026-02-03 19:00:00,1.31372,1.31512,1.31334,1.31477,311
2026-02-03 19:15:00,1.31473,1.31565,1.31302,1.31565,151
2026-02-03 19:30:00,1.31525,1.31645,1.31525,1.31534,245
2026-02-03 19:45:00,1.31566,1.31701,1.31494,1.3162,152
2026-02-03 20:00:00,1.31621,1.31685,1.31554,1.31682,191
2026-02-03 20:15:00,1.31702,1.31794,1.31671,1.31786,454
2026-02-03 20:30:00,1.31775,1.31887,1.31631,1.31793,287
2026-02-03 20:45:00,1.31817,1.31954,1.31745,1.31919,344
2026-02-03 21:00:00,1.31863,1.31978,1.31851,1.31968,455
2026-02-03 21:15:00,1.31955,1.32031,1.31846,1.32031,168
2026-02-03 21:30:00,1.32004,1.3207,1.31896,1.32002,121
2026-02-03 21:45:00,1.32024,1.32077,1.31934,1.31947,391
2026-02-03 22:00:00,1.31917,1.32116,1.31716,1.31908,407
2026-02-03 22:15:00,1.31904,1.32041,1.31858,1.32012,420
2026-02-03 22:30:00,1.31994,1.32104,1.31861,1.32011,219
2026-02-03 22:45:00,1.32015,1.32136,1.31952,1.32065,385
2026-02-03 23:00:00,1.32123,1.32152,1.32027,1.32059,239
2026-02-03 23:15:00,1.32045,1.32102,1.31942,1.32043,195
2026-02-03 23:30:00,1.32096,1.3214,1.31903,1.32131,417
2026-02-03 23:45:00,1.32105,1.32261,1.32072,1.32234,163
2026-02-04 00:00:00,1.32185,1.32282,1.32046,1.32264,445
2026-02-04 00:15:00,1.32234,1.3234,1.32217,1.3222,312
2026-02-04 00:30:00,1.32099,1.32273,1.32078,1.32186,320
2026-02-04 00:45:00,1.32131,1.32254,1.32072,1.32147,309
2026-02-04 01:00:00,1.3216,1.3227,1.3209,1.322,297
2026-02-04 01:15:00,1.3211,1.32258,1.31994,1.32014,415
2026-02-04 01:30:00,1.3202,1.32047,1.31943,1.31969,306
2026-02-04 01:45:00,1.31949,1.32012,1.31886,1.31934,460
2026-02-04 02:00:00,1.31915,1.32101,1.31817,1.31833,326
2026-02-04 02:15:00,1.31869,1.31995,1.31762,1.3198,306
2026-02-04 02:30:00,1.31958,1.32012,1.3181,1.31855,314
2026-02-04 02:45:00,1.31872,1.31979,1.318,1.31939,202
2026-02-04 03:00:00,1.32074,1.32178,1.31786,1.3189,136
2026-02-04 03:15:00,1.31873,1.3195,1.31853,1.3191,393
2026-02-04 03:30:00,1.31911,1.32,1.31829,1.31986,244
2026-02-04 03:45:00,1.31949,1.32056,1.31835,1.32021,110
2026-02-04 04:00:00,1.32073,1.32148,1.31893,1.31931,148
2026-02-04 04:15:00,1.31899,1.31986,1.31846,1.31895,132
2026-02-04 04:30:00,1.31873,1.3197,1.31751,1.31754,413
2026-02-04 04:45:00,1.31726,1.31775,1.3169,1.31762,131
2026-02-04 05:00:00,1.31735,1.31855,1.31666,1.31835,326
2026-02-04 05:15:00,1.31821,1.31972,1.31723,1.31911,286
2026-02-04 05:30:00,1.31888,1.31944,1.3188,1.31906,134
2026-02-04 05:45:00,1.3192,1.32011,1.31849,1.31951,203
2026-02-04 06:00:00,1.31849,1.31988,1.31821,1.31913,425
2026-02-04 06:15:00,1.3185,1.31978,1.31817,1.31924,468
2026-02-04 06:30:00,1.31921,1.3204,1.31868,1.31941,128
2026-02-04 06:45:00,1.31821,1.32057,1.31748,1.31779,385
2026-02-04 07:00:00,1.31838,1.31932,1.3172,1.31862,306
2026-02-04 07:15:00,1.31869,1.31899,1.3179,1.31823,430
2026-02-04 07:30:00,1.31783,1.31837,1.31764,1.31837,384
2026-02-04 07:45:00,1.31814,1.31927,1.31695,1.31765,173
2026-02-04 08:00:00,1.31707,1.31783,1.31626,1.31661,284
2026-02-04 08:15:00,1.31578,1.31757,1.31511,1.3157,216
2026-02-04 08:30:00,1.31596,1.31702,1.31516,1.31549,155
2026-02-04 08:45:00,1.31509,1.31625,1.31418,1.3157,119
2026-02-04 09:00:00,1.31649,1.31749,1.3156,1.31703,368
2026-02-04 09:15:00,1.31562,1.31815,1.31431,1.31771,334
2026-02-04 09:30:00,1.31759,1.3187,1.31742,1.31839,162
2026-02-04 09:45:00,1.31776,1.31919,1.31752,1.31816,499
2026-02-04 10:00:00,1.31762,1.31856,1.31637,1.31799,164
2026-02-04 10:15:00,1.31857,1.31948,1.3165,1.31841,254
2026-02-04 10:30:00,1.31711,1.32055,1.31705,1.31927,254
2026-02-04 10:45:00,1.31932,1.31965,1.31821,1.31945,209
2026-02-04 11:00:00,1.31928,1.32031,1.31864,1.31967,312
2026-02-04 11:15:00,1.31925,1.32037,1.31818,1.31916,497
2026-02-04 11:30:00,1.31873,1.31936,1.31802,1.31883,331
2026-02-04 11:45:00,1.3195,1.32036,1.31832,1.31915,312
2026-02-04 12:00:00,1.31904,1.31922,1.31856,1.31897,452
2026-02-04 12:15:00,1.31872,1.31971,1.31716,1.31744,312
2026-02-04 12:30:00,1.31743,1.31807,1.31688,1.31791,449
2026-02-04 12:45:00,1.3171,1.31853,1.31684,1.3174,319
2026-02-04 13:00:00,1.31709,1.3183,1.31667,1.31745,267
2026-02-04 13:15:00,1.31705,1.31952,1.31679,1.31919,348
2026-02-04 13:30:00,1.31929,1.31946,1.31873,1.3191,332
2026-02-04 13:45:00,1.31989,1.3208,1.31829,1.32072,263
2026-02-04 14:00:00,1.32075,1.32143,1.31984,1.32087,101
2026-02-04 14:15:00,1.32054,1.32171,1.31969,1.31974,348
2026-02-04 14:30:00,1.32015,1.32027,1.31852,1.31991,122
2026-02-04 14:45:00,1.31981,1.32042,1.31898,1.31992,256
2026-02-04 15:00:00,1.32035,1.32103,1.3177,1.32079,469
2026-02-04 15:15:00,1.32145,1.32216,1.31978,1.3213,331
2026-02-04 15:30:00,1.32145,1.32205,1.32094,1.32188,331
2026-02-04 15:45:00,1.32107,1.32256,1.32001,1.32141,106
2026-02-04 16:00:00,1.32154,1.32225,1.32014,1.32047,127
2026-02-04 16:15:00,1.32032,1.32182,1.31894,1.32085,151
2026-02-04 16:30:00,1.3208,1.32152,1.31883,1.3213,191
2026-02-04 16:45:00,1.32117,1.32215,1.32044,1.32101,152
2026-02-04 17:00:00,1.32111,1.32178,1.31994,1.32001,447
2026-02-04 17:15:00,1.3204,1.32099,1.31902,1.31912,264
2026-02-04 17:30:00,1.31966,1.31992,1.319,1.31973,106
2026-02-04 17:45:00,1.31862,1.32011,1.31827,1.31972,186
2026-02-04 18:00:00,1.31982,1.3216,1.31948,1.32125,384
2026-02-04 18:15:00,1.32099,1.32147,1.32032,1.32116,348
2026-02-04 18:30:00,1.32133,1.32187,1.32069,1.32095,394
2026-02-04 18:45:00,1.32111,1.32247,1.31963,1.32174,391
2026-02-04 19:00:00,1.32267,1.3233,1.32169,1.32236,496
2026-02-04 19:15:00,1.32178,1.32302,1.32109,1.32236,269
2026-02-04 19:30:00,1.32145,1.32281,1.32048,1.32104,106
2026-02-04 19:45:00,1.32067,1.32188,1.32041,1.32074,101
2026-02-04 20:00:00,1.32155,1.32259,1.32023,1.32188,107
2026-02-04 20:15:00,1.32208,1.32259,1.32102,1.32168,121
2026-02-04 20:30:00,1.32196,1.32268,1.32072,1.32108,263
2026-02-04 20:45:00,1.32048,1.32247,1.32034,1.32075,398
2026-02-04 21:00:00,1.32086,1.32186,1.31976,1.31979,246
2026-02-04 21:15:00,1.32043,1.32177,1.31831,1.31944,460
2026-02-04 21:30:00,1.31894,1.31948,1.31854,1.31915,379
2026-02-04 21:45:00,1.31919,1.32013,1.31814,1.31927,389
2026-02-04 22:00:00,1.31944,1.32069,1.31887,1.31887,141
2026-02-04 22:15:00,1.31905,1.32002,1.31869,1.31956,360
2026-02-04 22:30:00,1.31954,1.32049,1.3191,1.31948,410
2026-02-04 22:45:00,1.31932,1.32008,1.31848,1.31874,149
2026-02-04 23:00:00,1.31922,1.31927,1.3177,1.31815,375
2026-02-04 23:15:00,1.31869,1.31904,1.31792,1.319,225
2026-02-04 23:30:00,1.31942,1.32066,1.31815,1.31931,182
2026-02-04 23:45:00,1.31918,1.31964,1.31855,1.31885,124
2026-02-05 00:00:00,1.31803,1.31925,1.31774,1.31778,318
2026-02-05 00:15:00,1.31768,1.31863,1.31684,1.31762,377
2026-02-05 00:30:00,1.31776,1.31863,1.31662,1.31827,253
2026-02-05 00:45:00,1.31783,1.31917,1.31695,1.31865,258
2026-02-05 01:00:00,1.31952,1.3198,1.31811,1.31916,375
2026-02-05 01:15:00,1.3195,1.32004,1.31817,1.31971,126
2026-02-05 01:30:00,1.32057,1.32143,1.31902,1.31959,144
2026-02-05 01:45:00,1.31975,1.32041,1.31831,1.32041,337
2026-02-05 02:00:00,1.32035,1.32078,1.31934,1.32029,346
2026-02-05 02:15:00,1.32083,1.32145,1.31897,1.3198,215
2026-02-05 02:30:00,1.31975,1.32071,1.31905,1.32035,436
2026-02-05 02:45:00,1.32097,1.32104,1.31994,1.32015,410
2026-02-05 03:00:00,1.32019,1.32161,1.31945,1.32097,467
2026-02-05 03:15:00,1.32058,1.32202,1.31983,1.32198,121
2026-02-05 03:30:00,1.32224,1.32336,1.32056,1.32241,299
2026-02-05 03:45:00,1.32214,1.32275,1.32163,1.32168,386
2026-02-05 04:00:00,1.32201,1.32223,1.32089,1.32192,140
2026-02-05 04:15:00,1.32145,1.3233,1.32066,1.32173,345
2026-02-05 04:30:00,1.32195,1.32309,1.31981,1.32273,391
2026-02-05 04:45:00,1.32298,1.32421,1.322,1.32356,424
2026-02-05 05:00:00,1.32449,1.32478,1.32341,1.32474,124
2026-02-05 05:15:00,1.32509,1.32548,1.32408,1.32412,488
2026-02-05 05:30:00,1.32375,1.32481,1.32221,1.32247,410
2026-02-05 05:45:00,1.32276,1.32387,1.32128,1.32216,437
2026-02-05 06:00:00,1.32228,1.32258,1.32173,1.32214,127
2026-02-05 06:15:00,1.32167,1.32264,1.32048,1.3211,459
2026-02-05 06:30:00,1.32099,1.32179,1.32021,1.32032,230
2026-02-05 06:45:00,1.32048,1.32128,1.3202,1.3208,116
2026-02-05 07:00:00,1.32033,1.32231,1.32001,1.3201,427
2026-02-05 07:15:00,1.32051,1.32055,1.3191,1.31915,191
2026-02-05 07:30:00,1.31892,1.31958,1.31821,1.31861,440
2026-02-05 07:45:00,1.31808,1.32025,1.31776,1.32012,317
2026-02-05 08:00:00,1.32102,1.32114,1.31977,1.32069,470
2026-02-05 08:15:00,1.31923,1.32142,1.31894,1.319,240
2026-02-05 08:30:00,1.31903,1.32039,1.31862,1.32015,257
2026-02-05 08:45:00,1.32045,1.32155,1.31973,1.32015,171
2026-02-05 09:00:00,1.32077,1.32132,1.31977,1.3204,403
2026-02-05 09:15:00,1.3205,1.3211,1.3203,1.32084,117
2026-02-05 09:30:00,1.3201,1.32105,1.31972,1.3201,164
2026-02-05 09:45:00,1.31989,1.32079,1.31927,1.32067,220
2026-02-05 10:00:00,1.32002,1.32125,1.3193,1.32094,419
2026-02-05 10:15:00,1.32224,1.32387,1.32067,1.32349,122
2026-02-05 10:30:00,1.32338,1.32392,1.32254,1.32348,113
2026-02-05 10:45:00,1.32332,1.32428,1.32238,1.32289,494
2026-02-05 11:00:00,1.32321,1.32395,1.32251,1.32279,335
2026-02-05 11:15:00,1.32201,1.32363,1.32198,1.32212,292
2026-02-05 11:30:00,1.32211,1.32288,1.32065,1.32137,351
2026-02-05 11:45:00,1.32116,1.322,1.32092,1.32134,395
2026-02-05 12:00:00,1.32065,1.32171,1.31964,1.32127,267
2026-02-05 12:15:00,1.3211,1.32157,1.31986,1.31988,184
2026-02-05 12:30:00,1.32024,1.3208,1.31936,1.31996,265
2026-02-05 12:45:00,1.32028,1.32066,1.31921,1.31969,308
2026-02-05 13:00:00,1.31913,1.32036,1.31858,1.31949,138
2026-02-05 13:15:00,1.31989,1.32,1.31828,1.3199,424
2026-02-05 13:30:00,1.31908,1.32011,1.31834,1.31839,144
2026-02-05 13:45:00,1.3182,1.31898,1.31664,1.31766,172
2026-02-05 14:00:00,1.31713,1.31842,1.31641,1.31675,124
2026-02-05 14:15:00,1.31737,1.31779,1.31644,1.31719,165
2026-02-05 14:30:00,1.317,1.31783,1.31574,1.31744,428
2026-02-05 14:45:00,1.31811,1.31886,1.31687,1.31737,346
2026-02-05 15:00:00,1.31638,1.31737,1.3158,1.31612,351
2026-02-05 15:15:00,1.31691,1.31733,1.3153,1.31691,165
2026-02-05 15:30:00,1.31681,1.31782,1.31554,1.3175,354
2026-02-05 15:45:00,1.31757,1.31845,1.31668,1.31775,365
2026-02-05 16:00:00,1.31767,1.31832,1.31633,1.31822,243
2026-02-05 16:15:00,1.31758,1.3191,1.31665,1.31701,278
2026-02-05 16:30:00,1.31663,1.31733,1.31576,1.31627,437
2026-02-05 16:45:00,1.31668,1.31748,1.31548,1.31554,154
2026-02-05 17:00:00,1.31512,1.31605,1.31438,1.3158,260
2026-02-05 17:15:00,1.31597,1.31608,1.31426,1.3147,294
2026-02-05 17:30:00,1.31455,1.31496,1.31355,1.31449,110
2026-02-05 17:45:00,1.31491,1.31576,1.31382,1.31491,197
2026-02-05 18:00:00,1.31459,1.31561,1.31406,1.31522,323
2026-02-05 18:15:00,1.31551,1.31663,1.3138,1.31654,136
2026-02-05 18:30:00,1.31669,1.31755,1.31503,1.31584,224
2026-02-05 18:45:00,1.3157,1.31595,1.31484,1.31499,494
2026-02-05 19:00:00,1.31546,1.31579,1.31454,1.31519,113
2026-02-05 19:15:00,1.31554,1.31592,1.31477,1.31557,151
2026-02-05 19:30:00,1.3158,1.31828,1.31487,1.31595,361
2026-02-05 19:45:00,1.31578,1.31648,1.31509,1.31534,229
2026-02-05 20:00:00,1.31597,1.31684,1.31484,1.31523,331
2026-02-05 20:15:00,1.31605,1.3169,1.31416,1.31575,154
2026-02-05 20:30:00,1.31543,1.31581,1.3146,1.31475,431
2026-02-05 20:45:00,1.3157,1.31596,1.3129,1.31323,260
2026-02-05 21:00:00,1.31301,1.31424,1.31199,1.314,158
2026-02-05 21:15:00,1.31381,1.3152,1.31363,1.31465,259
2026-02-05 21:30:00,1.3128,1.31497,1.31276,1.3129,419
2026-02-05 21:45:00,1.31374,1.31388,1.31122,1.31313,385
2026-02-05 22:00:00,1.31286,1.31389,1.31066,1.31254,329
2026-02-05 22:15:00,1.31294,1.31371,1.31198,1.31202,268
2026-02-05 22:30:00,1.31198,1.31233,1.31082,1.31183,378
2026-02-05 22:45:00,1.31252,1.31331,1.31131,1.31235,477
2026-02-05 23:00:00,1.31201,1.31317,1.31186,1.31302,108
2026-02-05 23:15:00,1.31311,1.31449,1.31258,1.31436,255
2026-02-05 23:30:00,1.31483,1.31525,1.31394,1.31477,337
2026-02-05 23:45:00,1.31431,1.31519,1.31393,1.31514,363
2026-02-06 00:00:00,1.31504,1.31651,1.31377,1.31631,495
2026-02-06 00:15:00,1.31617,1.31744,1.31539,1.31692,111
2026-02-06 00:30:00,1.31664,1.3182,1.31617,1.31748,435
2026-02-06 00:45:00,1.31632,1.31777,1.31495,1.31613,123
2026-02-06 01:00:00,1.31664,1.31712,1.31552,1.31577,110
2026-02-06 01:15:00,1.31585,1.31634,1.31504,1.31553,199
2026-02-06 01:30:00,1.3154,1.31635,1.31539,1.31554,199
2026-02-06 01:45:00,1.31618,1.31677,1.31486,1.31497,413
2026-02-06 02:00:00,1.31472,1.31584,1.31391,1.31511,184
2026-02-06 02:15:00,1.31418,1.31523,1.31353,1.31387,222
2026-02-06 02:30:00,1.31334,1.31469,1.31236,1.31301,126
2026-02-06 02:45:00,1.31371,1.31465,1.31255,1.31306,108
2026-02-06 03:00:00,1.31256,1.31395,1.31187,1.31254,207
2026-02-06 03:15:00,1.31316,1.31374,1.31164,1.31303,493
2026-02-06 03:30:00,1.31282,1.31313,1.31146,1.31237,365
2026-02-06 03:45:00,1.31191,1.31239,1.31149,1.31224,153
2026-02-06 04:00:00,1.31228,1.31326,1.31101,1.31116,384
2026-02-06 04:15:00,1.31086,1.31137,1.30959,1.31018,469
2026-02-06 04:30:00,1.30999,1.3107,1.30917,1.30985,493
2026-02-06 04:45:00,1.30887,1.31049,1.30884,1.30897,282
2026-02-06 05:00:00,1.30916,1.30999,1.3079,1.30878,438
2026-02-06 05:15:00,1.30877,1.31044,1.30744,1.30811,328
2026-02-06 05:30:00,1.3081,1.30913,1.30646,1.30708,380
2026-02-06 05:45:00,1.30709,1.30788,1.30638,1.30741,358
2026-02-06 06:00:00,1.30816,1.30866,1.30739,1.30814,481
2026-02-06 06:15:00,1.30896,1.30966,1.30741,1.30928,269
2026-02-06 06:30:00,1.30906,1.30943,1.30725,1.30895,296
2026-02-06 06:45:00,1.30929,1.30931,1.30867,1.30919,368
2026-02-06 07:00:00,1.3094,1.30998,1.30847,1.30871,278
2026-02-06 07:15:00,1.30847,1.30924,1.30833,1.30915,102
2026-02-06 07:30:00,1.30905,1.30982,1.30886,1.30889,185
2026-02-06 07:45:00,1.30922,1.30929,1.30841,1.30878,469
2026-02-06 08:00:00,1.30839,1.30913,1.30781,1.30844,304
2026-02-06 08:15:00,1.30912,1.30963,1.30792,1.30875,239
2026-02-06 08:30:00,1.30825,1.30904,1.30795,1.30843,457
2026-02-06 08:45:00,1.30905,1.30916,1.30761,1.30777,327
2026-02-06 09:00:00,1.30714,1.30889,1.30691,1.30847,138
2026-02-06 09:15:00,1.30856,1.30944,1.30767,1.30881,429
2026-02-06 09:30:00,1.30873,1.30925,1.30776,1.3087,490
2026-02-06 09:45:00,1.30823,1.30983,1.30816,1.30979,107
2026-02-06 10:00:00,1.30977,1.31018,1.30838,1.3095,186
2026-02-06 10:15:00,1.30855,1.31087,1.30777,1.30783,240
2026-02-06 10:30:00,1.30851,1.30879,1.3066,1.3079,282
2026-02-06 10:45:00,1.308,1.30887,1.3073,1.30873,176
2026-02-06 11:00:00,1.30902,1.30982,1.30817,1.30926,329
2026-02-06 11:15:00,1.30931,1.31059,1.30919,1.30992,181
2026-02-06 11:30:00,1.30888,1.31031,1.30867,1.31019,258
2026-02-06 11:45:00,1.31046,1.31162,1.30945,1.31072,385
2026-02-06 12:00:00,1.31092,1.31183,1.31056,1.31083,422
2026-02-06 12:15:00,1.31089,1.31154,1.31047,1.3113,435
2026-02-06 12:30:00,1.31193,1.31231,1.3096,1.31184,266
2026-02-06 12:45:00,1.31259,1.31294,1.31152,1.31256,377
2026-02-06 13:00:00,1.31238,1.31302,1.31173,1.31257,381
2026-02-06 13:15:00,1.31301,1.31326,1.31053,1.31302,186
2026-02-06 13:30:00,1.31338,1.31433,1.31234,1.31393,151
2026-02-06 13:45:00,1.31377,1.31539,1.31335,1.31433,443
2026-02-06 14:00:00,1.3149,1.31553,1.31371,1.3154,345
2026-02-06 14:15:00,1.31552,1.31657,1.31419,1.31533,437
2026-02-06 14:30:00,1.31543,1.31645,1.3136,1.31486,485
2026-02-06 14:45:00,1.31472,1.31487,1.31422,1.31471,148
2026-02-06 15:00:00,1.31422,1.3151,1.31344,1.31351,329
2026-02-06 15:15:00,1.31324,1.31449,1.31288,1.31434,322
2026-02-06 15:30:00,1.31434,1.31481,1.31314,1.31328,237
2026-02-06 15:45:00,1.31303,1.3147,1.31111,1.31416,487
2026-02-06 16:00:00,1.31401,1.31452,1.31384,1.31392,211
2026-02-06 16:15:00,1.31374,1.31434,1.31349,1.31434,265
2026-02-06 16:30:00,1.3155,1.31585,1.31326,1.31514,366
2026-02-06 16:45:00,1.3156,1.31593,1.31503,1.31554,442
2026-02-06 17:00:00,1.31559,1.31617,1.31522,1.31555,329
2026-02-06 17:15:00,1.31462,1.31628,1.3145,1.31482,147
2026-02-06 17:30:00,1.31467,1.31626,1.31378,1.31391,119
2026-02-06 17:45:00,1.31378,1.31573,1.31354,1.31377,100
2026-02-06 18:00:00,1.31385,1.31445,1.31246,1.31342,218
2026-02-06 18:15:00,1.31296,1.31382,1.31255,1.31319,266
2026-02-06 18:30:00,1.31311,1.31342,1.3124,1.31338,394
2026-02-06 18:45:00,1.31288,1.31373,1.31238,1.31239,360
2026-02-06 19:00:00,1.31228,1.3134,1.31143,1.31209,265
2026-02-06 19:15:00,1.31168,1.31309,1.30991,1.31175,311
2026-02-06 19:30:00,1.31174,1.31251,1.31163,1.31173,163
2026-02-06 19:45:00,1.31223,1.31227,1.31112,1.31171,487
2026-02-06 20:00:00,1.31105,1.31202,1.3104,1.31042,103
2026-02-06 20:15:00,1.31084,1.31162,1.30991,1.31084,275
2026-02-06 20:30:00,1.31077,1.31209,1.31,1.31109,279
2026-02-06 20:45:00,1.31086,1.31198,1.31021,1.31116,479
2026-02-06 21:00:00,1.31062,1.31138,1.31022,1.31076,264
2026-02-06 21:15:00,1.31085,1.31225,1.31013,1.31189,448
2026-02-06 21:30:00,1.31257,1.31287,1.31063,1.31134,224
2026-02-06 21:45:00,1.31067,1.31143,1.30982,1.31017,179
2026-02-06 22:00:00,1.31159,1.31194,1.30903,1.31147,196
2026-02-06 22:15:00,1.31133,1.3125,1.31064,1.31167,279
2026-02-06 22:30:00,1.31234,1.31342,1.31076,1.31291,177
2026-02-06 22:45:00,1.31337,1.31383,1.31222,1.31227,411
2026-02-06 23:00:00,1.31253,1.3134,1.31119,1.31281,310
2026-02-06 23:15:00,1.31315,1.31361,1.3125,1.31343,179
2026-02-06 23:30:00,1.31267,1.31449,1.31238,1.31398,295
2026-02-06 23:45:00,1.31409,1.31431,1.31257,1.31417,428
2026-02-07 00:00:00,1.31456,1.31502,1.31341,1.31407,135
2026-02-07 00:15:00,1.31441,1.31475,1.31362,1.3138,362
2026-02-07 00:30:00,1.31463,1.31627,1.31374,1.31447,332
2026-02-07 00:45:00,1.31411,1.31539,1.31376,1.31397,150
2026-02-07 01:00:00,1.31359,1.31511,1.31323,1.31362,151
2026-02-07 01:15:00,1.31311,1.31378,1.31308,1.31342,329
2026-02-07 01:30:00,1.31351,1.31484,1.31213,1.31328,315
2026-02-07 01:45:00,1.31274,1.31461,1.31256,1.31313,234
2026-02-07 02:00:00,1.31259,1.31451,1.31229,1.31357,263
2026-02-07 02:15:00,1.31319,1.31516,1.31223,1.31319,112
2026-02-07 02:30:00,1.31318,1.31382,1.31236,1.31288,110
2026-02-07 02:45:00,1.31391,1.31567,1.31258,1.31518,458
2026-02-07 03:00:00,1.31541,1.31602,1.31512,1.31577,455
2026-02-07 03:15:00,1.31619,1.31664,1.31473,1.31639,278
2026-02-07 03:30:00,1.31644,1.31704,1.3151,1.31511,321
2026-02-07 03:45:00,1.31502,1.31512,1.31447,1.31469,203
2026-02-07 04:00:00,1.31557,1.31562,1.31373,1.31461,184
2026-02-07 04:15:00,1.31452,1.31534,1.31445,1.31447,339
2026-02-07 04:30:00,1.31497,1.31554,1.31262,1.31394,321
2026-02-07 04:45:00,1.31335,1.31557,1.31323,1.31523,195
2026-02-07 05:00:00,1.3162,1.3166,1.31513,1.31535,162
2026-02-07 05:15:00,1.31503,1.31569,1.31319,1.31557,189
2026-02-07 05:30:00,1.3153,1.31588,1.3141,1.31529,204
2026-02-07 05:45:00,1.31436,1.31567,1.3134,1.31451,199
2026-02-07 06:00:00,1.31452,1.31586,1.31177,1.31328,185
2026-02-07 06:15:00,1.31304,1.31401,1.3124,1.31343,170
2026-02-07 06:30:00,1.31413,1.31445,1.31246,1.31275,253
2026-02-07 06:45:00,1.31286,1.3132,1.3126,1.31264,113
2026-02-07 07:00:00,1.31207,1.31315,1.31186,1.31189,339
2026-02-07 07:15:00,1.31214,1.31282,1.31105,1.31215,129
2026-02-07 07:30:00,1.31132,1.31234,1.3113,1.31173,377
2026-02-07 07:45:00,1.3115,1.31193,1.31078,1.31132,258
2026-02-07 08:00:00,1.3112,1.31189,1.31063,1.31081,336
2026-02-07 08:15:00,1.31083,1.31176,1.31036,1.31125,211
2026-02-07 08:30:00,1.31112,1.31184,1.31054,1.31125,163
2026-02-07 08:45:00,1.31128,1.31216,1.3111,1.31123,109
2026-02-07 09:00:00,1.3119,1.31251,1.30984,1.31198,338
2026-02-07 09:15:00,1.31263,1.31381,1.31057,1.31258,228
2026-02-07 09:30:00,1.31283,1.31343,1.31242,1.31329,202
2026-02-07 09:45:00,1.31294,1.31416,1.31253,1.31314,484
2026-02-07 10:00:00,1.31376,1.3154,1.3127,1.31303,109
2026-02-07 10:15:00,1.31278,1.3149,1.3116,1.31319,287
2026-02-07 10:30:00,1.31278,1.31402,1.31267,1.31308,192
2026-02-07 10:45:00,1.31271,1.31399,1.31191,1.31212,127
2026-02-07 11:00:00,1.31097,1.31347,1.31017,1.31182,339
2026-02-07 11:15:00,1.31204,1.31269,1.31012,1.31158,146
2026-02-07 11:30:00,1.31162,1.31238,1.31135,1.31225,338
2026-02-07 11:45:00,1.31213,1.31311,1.31177,1.31278,439
2026-02-07 12:00:00,1.31339,1.31383,1.3118,1.31319,434
2026-02-07 12:15:00,1.31331,1.31395,1.31264,1.31326,498
2026-02-07 12:30:00,1.31282,1.3142,1.31228,1.31296,474
2026-02-07 12:45:00,1.31273,1.313,1.31123,1.31237,472
2026-02-07 13:00:00,1.31356,1.31364,1.3122,1.31277,298
2026-02-07 13:15:00,1.3124,1.31352,1.31139,1.31273,377
2026-02-07 13:30:00,1.31224,1.31279,1.31188,1.3127,379
2026-02-07 13:45:00,1.31264,1.3134,1.31178,1.31268,308
2026-02-07 14:00:00,1.31264,1.31377,1.3115,1.3133,196
2026-02-07 14:15:00,1.31377,1.31425,1.31251,1.31338,282
2026-02-07 14:30:00,1.31285,1.31429,1.31212,1.31306,217
2026-02-07 14:45:00,1.31248,1.31393,1.31157,1.31191,300
2026-02-07 15:00:00,1.31189,1.31332,1.31113,1.31312,384
2026-02-07 15:15:00,1.31352,1.31423,1.31279,1.31282,240
2026-02-07 15:30:00,1.31208,1.31432,1.31159,1.31339,111
2026-02-07 15:45:00,1.31374,1.31514,1.31196,1.3149,376
2026-02-07 16:00:00,1.31472,1.31603,1.31445,1.31512,105
2026-02-07 16:15:00,1.31549,1.3159,1.3141,1.31446,175
2026-02-07 16:30:00,1.31427,1.31575,1.31312,1.31562,225
2026-02-07 16:45:00,1.3155,1.31689,1.3153,1.31543,399
2026-02-07 17:00:00,1.31473,1.31559,1.31443,1.31533,187
2026-02-07 17:15:00,1.31437,1.31619,1.31381,1.31484,195
2026-02-07 17:30:00,1.31466,1.31592,1.31356,1.31425,463
2026-02-07 17:45:00,1.31468,1.31486,1.31411,1.31444,481
2026-02-07 18:00:00,1.31346,1.31554,1.31327,1.31489,264
2026-02-07 18:15:00,1.31473,1.31638,1.31345,1.31534,210
2026-02-07 18:30:00,1.31543,1.31582,1.31461,1.31569,319
2026-02-07 18:45:00,1.31566,1.3164,1.31523,1.31575,433
2026-02-07 19:00:00,1.31555,1.31761,1.31462,1.3175,218
2026-02-07 19:15:00,1.31728,1.31866,1.31539,1.31677,147
2026-02-07 19:30:00,1.31697,1.31775,1.31602,1.31703,267
2026-02-07 19:45:00,1.31681,1.31817,1.3156,1.31679,130
2026-02-07 20:00:00,1.31724,1.31774,1.31595,1.316,310
2026-02-07 20:15:00,1.31591,1.3168,1.3155,1.31623,418
2026-02-07 20:30:00,1.31686,1.31786,1.3157,1.31697,346
2026-02-07 20:45:00,1.31625,1.31749,1.31564,1.3165,384
2026-02-07 21:00:00,1.31682,1.31723,1.31573,1.31611,341
2026-02-07 21:15:00,1.31673,1.31685,1.31465,1.31614,475
2026-02-07 21:30:00,1.31581,1.31688,1.31459,1.31549,328
2026-02-07 21:45:00,1.31546,1.31664,1.3153,1.31602,202
2026-02-07 22:00:00,1.31716,1.31778,1.31538,1.31725,261
2026-02-07 22:15:00,1.31604,1.31768,1.31559,1.31738,399
2026-02-07 22:30:00,1.31704,1.3186,1.31664,1.31713,262
2026-02-07 22:45:00,1.31669,1.31816,1.31626,1.31664,115
2026-02-07 23:00:00,1.31645,1.31755,1.31502,1.31555,205
2026-02-07 23:15:00,1.31532,1.31555,1.31414,1.31431,317
2026-02-07 23:30:00,1.31442,1.31471,1.31289,1.31462,399
2026-02-07 23:45:00,1.31429,1.31532,1.31339,1.3152,396
2026-02-08 00:00:00,1.31452,1.31633,1.31447,1.31553,252
2026-02-08 00:15:00,1.31563,1.31638,1.31537,1.31622,169
2026-02-08 00:30:00,1.31599,1.31664,1.31559,1.31561,355
2026-02-08 00:45:00,1.31586,1.31603,1.31546,1.31558,381
2026-02-08 01:00:00,1.31498,1.31565,1.31442,1.31545,318
2026-02-08 01:15:00,1.31541,1.31641,1.31475,1.31585,247
2026-02-08 01:30:00,1.31581,1.31718,1.31498,1.31628,330
2026-02-08 01:45:00,1.31573,1.31629,1.31433,1.31615,125
2026-02-08 02:00:00,1.31677,1.31687,1.31446,1.31582,181
2026-02-08 02:15:00,1.31557,1.31584,1.31469,1.3151,129
2026-02-08 02:30:00,1.31431,1.31547,1.31378,1.31398,247
2026-02-08 02:45:00,1.31372,1.31475,1.31351,1.3145,458
2026-02-08 03:00:00,1.31468,1.31542,1.3129,1.31327,496
2026-02-08 03:15:00,1.31381,1.31432,1.31241,1.31394,188
2026-02-08 03:30:00,1.31362,1.31404,1.31252,1.31367,142
2026-02-08 03:45:00,1.31278,1.31453,1.31241,1.31294,455
2026-02-08 04:00:00,1.31273,1.3133,1.31161,1.31252,429
2026-02-08 04:15:00,1.31199,1.31252,1.31136,1.31208,348
2026-02-08 04:30:00,1.31213,1.31254,1.3112,1.31147,460
2026-02-08 04:45:00,1.31025,1.31217,1.30924,1.30958,447
2026-02-08 05:00:00,1.30965,1.31015,1.30904,1.31001,228
2026-02-08 05:15:00,1.30951,1.31143,1.30889,1.30998,135
2026-02-08 05:30:00,1.3086,1.31178,1.30803,1.3106,428
2026-02-08 05:45:00,1.31152,1.3122,1.30971,1.31175,114
2026-02-08 06:00:00,1.31174,1.31221,1.31132,1.31195,323
2026-02-08 06:15:00,1.31209,1.31328,1.31126,1.31179,220
2026-02-08 06:30:00,1.31198,1.31333,1.31154,1.31273,356
2026-02-08 06:45:00,1.3126,1.31425,1.31112,1.31313,267
2026-02-08 07:00:00,1.31296,1.31414,1.31189,1.31249,315
2026-02-08 07:15:00,1.31263,1.31282,1.31129,1.31195,470
2026-02-08 07:30:00,1.31245,1.31323,1.3112,1.3127,423
2026-02-08 07:45:00,1.31251,1.31395,1.3115,1.31335,125
2026-02-08 08:00:00,1.31438,1.31439,1.31284,1.31358,336
2026-02-08 08:15:00,1.31359,1.314,1.31327,1.31393,408
2026-02-08 08:30:00,1.31392,1.3147,1.31347,1.31418,380
2026-02-08 08:45:00,1.315,1.31552,1.31332,1.31509,366
2026-02-08 09:00:00,1.31563,1.31613,1.31461,1.31488,407
2026-02-08 09:15:00,1.31532,1.31708,1.31359,1.3136,499
2026-02-08 09:30:00,1.31413,1.31444,1.31276,1.31383,374
2026-02-08 09:45:00,1.31365,1.31445,1.31315,1.31388,195
2026-02-08 10:00:00,1.31325,1.31403,1.31283,1.31321,421
2026-02-08 10:15:00,1.31274,1.31414,1.31149,1.31356,176
2026-02-08 10:30:00,1.31368,1.31418,1.31302,1.31395,406
2026-02-08 10:45:00,1.31394,1.31501,1.3134,1.31416,443
2026-02-08 11:00:00,1.3141,1.31445,1.31335,1.31337,103
2026-02-08 11:15:00,1.31359,1.31441,1.31184,1.31336,126
2026-02-08 11:30:00,1.31289,1.31407,1.31227,1.31349,346
2026-02-08 11:45:00,1.31276,1.31366,1.31181,1.31243,359
2026-02-08 12:00:00,1.31115,1.31297,1.31092,1.31242,209
2026-02-08 12:15:00,1.31239,1.31268,1.31113,1.31188,404
2026-02-08 12:30:00,1.3125,1.31328,1.31147,1.31317,384
2026-02-08 12:45:00,1.31279,1.31351,1.31167,1.31288,116
2026-02-08 13:00:00,1.31277,1.31315,1.31123,1.31152,474
2026-02-08 13:15:00,1.31261,1.31335,1.31114,1.31296,186
2026-02-08 13:30:00,1.31293,1.31436,1.31164,1.31242,474
2026-02-08 13:45:00,1.31281,1.31352,1.31216,1.31247,197
2026-02-08 14:00:00,1.31245,1.31389,1.31174,1.31233,480
2026-02-08 14:15:00,1.31218,1.31305,1.31111,1.31135,346
2026-02-08 14:30:00,1.31233,1.31316,1.31127,1.31139,488
2026-02-08 14:45:00,1.31166,1.31259,1.31133,1.31147,343
2026-02-08 15:00:00,1.31093,1.31176,1.31076,1.31175,203
2026-02-08 15:15:00,1.31154,1.31318,1.31026,1.3117,323
2026-02-08 15:30:00,1.31142,1.31229,1.31051,1.31184,101
2026-02-08 15:45:00,1.31247,1.3139,1.31089,1.31307,411
2026-02-08 16:00:00,1.31325,1.31453,1.31165,1.31186,272
2026-02-08 16:15:00,1.3117,1.31228,1.31066,1.31075,144
2026-02-08 16:30:00,1.31136,1.31185,1.30959,1.31098,229
2026-02-08 16:45:00,1.31059,1.3111,1.30997,1.31081,243
2026-02-08 17:00:00,1.31114,1.312,1.3102,1.3111,468
2026-02-08 17:15:00,1.31106,1.31127,1.31004,1.31021,209
2026-02-08 17:30:00,1.30993,1.31056,1.30864,1.31041,457
2026-02-08 17:45:00,1.3101,1.31098,1.30928,1.31014,380
2026-02-08 18:00:00,1.30987,1.31095,1.30854,1.30929,271
2026-02-08 18:15:00,1.30955,1.31022,1.30899,1.30981,276
2026-02-08 18:30:00,1.31008,1.31125,1.30946,1.31022,392
2026-02-08 18:45:00,1.31063,1.31131,1.3102,1.31086,370
2026-02-08 19:00:00,1.31071,1.31118,1.30937,1.3106,364
2026-02-08 19:15:00,1.31085,1.31137,1.30989,1.31008,418
2026-02-08 19:30:00,1.30991,1.31061,1.30945,1.30966,474
2026-02-08 19:45:00,1.30921,1.30994,1.30835,1.30852,343
2026-02-08 20:00:00,1.30883,1.30965,1.3081,1.30953,324
2026-02-08 20:15:00,1.30915,1.31015,1.30884,1.30912,126
2026-02-08 20:30:00,1.30958,1.31004,1.30732,1.30953,290
2026-02-08 20:45:00,1.30975,1.31005,1.30869,1.30988,258
2026-02-08 21:00:00,1.30925,1.31182,1.30843,1.31065,141
2026-02-08 21:15:00,1.31069,1.31251,1.31044,1.31201,497
2026-02-08 21:30:00,1.31307,1.31355,1.30966,1.30981,492
2026-02-08 21:45:00,1.3097,1.3105,1.30852,1.31032,432
2026-02-08 22:00:00,1.30951,1.31038,1.30929,1.30985,395
2026-02-08 22:15:00,1.30998,1.31064,1.30975,1.30998,230
2026-02-08 22:30:00,1.31016,1.3106,1.30932,1.31024,234
2026-02-08 22:45:00,1.31,1.31096,1.30919,1.30934,498
2026-02-08 23:00:00,1.30845,1.30989,1.3072,1.30791,107
2026-02-08 23:15:00,1.30782,1.30801,1.30653,1.30673,295
2026-02-08 23:30:00,1.30658,1.30677,1.30502,1.30571,323
2026-02-08 23:45:00,1.30503,1.30635,1.30488,1.30498,133
2026-02-09 00:00:00,1.30446,1.30567,1.30322,1.30404,327
2026-02-09 00:15:00,1.30388,1.30412,1.30353,1.30395,263
2026-02-09 00:30:00,1.30371,1.30424,1.3027,1.3042,267
2026-02-09 00:45:00,1.30373,1.3046,1.30265,1.30331,235
2026-02-09 01:00:00,1.30393,1.30523,1.3027,1.30396,113
2026-02-09 01:15:00,1.30393,1.30532,1.30333,1.30497,194
2026-02-09 01:30:00,1.30473,1.30557,1.30417,1.30511,330
2026-02-09 01:45:00,1.30482,1.30577,1.30253,1.30492,289
2026-02-09 02:00:00,1.30503,1.30636,1.30455,1.30487,421
2026-02-09 02:15:00,1.30511,1.30614,1.30455,1.3046,344
2026-02-09 02:30:00,1.30471,1.30514,1.30378,1.30493,489
2026-02-09 02:45:00,1.30552,1.30637,1.30485,1.30596,298
2026-02-09 03:00:00,1.30559,1.3068,1.30458,1.30611,220
2026-02-09 03:15:00,1.30651,1.30653,1.30598,1.30603,179
2026-02-09 03:30:00,1.30613,1.30684,1.30529,1.30651,129
2026-02-09 03:45:00,1.30714,1.30807,1.30594,1.30646,467
2026-02-09 04:00:00,1.30623,1.30743,1.30546,1.30647,347
2026-02-09 04:15:00,1.30715,1.30721,1.3052,1.30676,296
2026-02-09 04:30:00,1.30579,1.30693,1.30525,1.30672,310
2026-02-09 04:45:00,1.30701,1.30832,1.30576,1.30787,326
2026-02-09 05:00:00,1.30862,1.30922,1.30753,1.3082,201
2026-02-09 05:15:00,1.30788,1.30875,1.30778,1.3082,172
2026-02-09 05:30:00,1.30762,1.30989,1.30742,1.30792,234
2026-02-09 05:45:00,1.30716,1.30813,1.30653,1.30735,270
2026-02-09 06:00:00,1.30802,1.30826,1.30677,1.30726,420
2026-02-09 06:15:00,1.30782,1.30785,1.30682,1.30688,378
2026-02-09 06:30:00,1.30702,1.30766,1.30641,1.3068,467
2026-02-09 06:45:00,1.30729,1.30756,1.30586,1.30641,359
2026-02-09 07:00:00,1.3061,1.30723,1.30566,1.30635,314
2026-02-09 07:15:00,1.30641,1.30799,1.30508,1.30788,389
2026-02-09 07:30:00,1.30806,1.3087,1.30728,1.30732,499
2026-02-09 07:45:00,1.3077,1.30822,1.30668,1.30768,174
2026-02-09 08:00:00,1.3071,1.30801,1.30617,1.30754,354
2026-02-09 08:15:00,1.30696,1.30898,1.30569,1.30862,201
2026-02-09 08:30:00,1.30888,1.30907,1.30778,1.309,232
2026-02-09 08:45:00,1.309,1.30942,1.3088,1.30929,381
2026-02-09 09:00:00,1.30876,1.31006,1.30811,1.30968,153
2026-02-09 09:15:00,1.3099,1.31053,1.3087,1.31022,122
2026-02-09 09:30:00,1.31053,1.31056,1.30966,1.30994,345
2026-02-09 09:45:00,1.3101,1.31109,1.30886,1.30963,118
2026-02-09 10:00:00,1.30997,1.31138,1.30885,1.30906,188
2026-02-09 10:15:00,1.30881,1.30973,1.30764,1.30804,146
2026-02-09 10:30:00,1.3082,1.3088,1.30717,1.30843,177
2026-02-09 10:45:00,1.30859,1.30946,1.30685,1.30701,391
2026-02-09 11:00:00,1.30722,1.30803,1.30593,1.3073,140
2026-02-09 11:15:00,1.30706,1.30792,1.30612,1.30749,438
2026-02-09 11:30:00,1.30751,1.30845,1.30705,1.30739,202
2026-02-09 11:45:00,1.30685,1.30769,1.30619,1.30763,429
2026-02-09 12:00:00,1.30764,1.30911,1.30651,1.30667,125
2026-02-09 12:15:00,1.30685,1.30742,1.30516,1.30621,147
2026-02-09 12:30:00,1.30612,1.30696,1.30469,1.30522,174
2026-02-09 12:45:00,1.30472,1.30589,1.30377,1.30381,303
2026-02-09 13:00:00,1.30356,1.30501,1.30284,1.30337,426
2026-02-09 13:15:00,1.30326,1.30359,1.3027,1.30303,300
2026-02-09 13:30:00,1.30364,1.30394,1.30195,1.30239,213
2026-02-09 13:45:00,1.30259,1.30332,1.30155,1.30265,399
2026-02-09 14:00:00,1.30217,1.30297,1.30158,1.30293,281
2026-02-09 14:15:00,1.30263,1.30323,1.30249,1.3025,132
2026-02-09 14:30:00,1.30241,1.30354,1.30231,1.30311,187
2026-02-09 14:45:00,1.30336,1.30356,1.30263,1.30313,495
2026-02-09 15:00:00,1.30262,1.30434,1.30013,1.30305,420
2026-02-09 15:15:00,1.30251,1.30386,1.30232,1.30294,495
2026-02-09 15:30:00,1.30269,1.30358,1.30227,1.30253,156
2026-02-09 15:45:00,1.30239,1.30334,1.30113,1.30233,236
2026-02-09 16:00:00,1.30293,1.30385,1.30215,1.30258,116
2026-02-09 16:15:00,1.30191,1.30311,1.30154,1.30299,470
2026-02-09 16:30:00,1.30331,1.30347,1.30245,1.30329,205
2026-02-09 16:45:00,1.30434,1.30485,1.30189,1.30274,280
2026-02-09 17:00:00,1.30257,1.30336,1.30182,1.30288,178
2026-02-09 17:15:00,1.30319,1.30341,1.30232,1.30295,301
2026-02-09 17:30:00,1.30292,1.30387,1.30204,1.30382,194
2026-02-09 17:45:00,1.30381,1.30433,1.30281,1.30283,172
2026-02-09 18:00:00,1.30308,1.30358,1.30208,1.30315,125
2026-02-09 18:15:00,1.3039,1.30393,1.30216,1.30308,205
2026-02-09 18:30:00,1.30325,1.30425,1.30289,1.30334,375
2026-02-09 18:45:00,1.30427,1.30481,1.30282,1.30346,329
2026-02-09 19:00:00,1.30363,1.30411,1.3018,1.30403,256
2026-02-09 19:15:00,1.303,1.3044,1.30273,1.30364,105
2026-02-09 19:30:00,1.30347,1.30462,1.30292,1.30341,153
2026-02-09 19:45:00,1.30383,1.30462,1.30299,1.3031,170
2026-02-09 20:00:00,1.30202,1.30359,1.30197,1.30311,218
2026-02-09 20:15:00,1.30271,1.30355,1.30197,1.30326,363
2026-02-09 20:30:00,1.30245,1.30368,1.30171,1.30213,392
2026-02-09 20:45:00,1.30174,1.30312,1.30093,1.30242,387
2026-02-09 21:00:00,1.30175,1.30279,1.3006,1.30224,286
2026-02-09 21:15:00,1.30149,1.30277,1.30129,1.30191,157
2026-02-09 21:30:00,1.30181,1.30269,1.29999,1.30244,275
2026-02-09 21:45:00,1.30272,1.30335,1.30173,1.30183,467
2026-02-09 22:00:00,1.30231,1.30238,1.30086,1.30199,221
2026-02-09 22:15:00,1.30128,1.30258,1.3007,1.30222,223
2026-02-09 22:30:00,1.30254,1.30283,1.30217,1.30274,499
2026-02-09 22:45:00,1.30288,1.30362,1.30067,1.30091,166
2026-02-09 23:00:00,1.30062,1.3017,1.30029,1.30046,155
2026-02-09 23:15:00,1.30138,1.30164,1.30035,1.30144,287
2026-02-09 23:30:00,1.3007,1.30228,1.30049,1.30143,302
2026-02-09 23:45:00,1.30151,1.30291,1.30019,1.30282,439
2026-02-10 00:00:00,1.30326,1.30486,1.30231,1.30341,409
2026-02-10 00:15:00,1.30305,1.30394,1.30275,1.30318,397
2026-02-10 00:30:00,1.30267,1.30418,1.30237,1.30408,274
2026-02-10 00:45:00,1.30427,1.30472,1.30389,1.3041,194
2026-02-10 01:00:00,1.30445,1.30577,1.30365,1.30574,418
2026-02-10 01:15:00,1.30502,1.30616,1.30469,1.30543,437
2026-02-10 01:30:00,1.30503,1.30625,1.30417,1.30473,321
2026-02-10 01:45:00,1.30482,1.30539,1.30396,1.30399,460
2026-02-10 02:00:00,1.3041,1.30545,1.30269,1.30414,427
2026-02-10 02:15:00,1.30441,1.30538,1.30262,1.30266,286
2026-02-10 02:30:00,1.30297,1.30337,1.30153,1.30168,403
2026-02-10 02:45:00,1.30181,1.30271,1.30142,1.30181,368
2026-02-10 03:00:00,1.30103,1.30221,1.30092,1.30152,167
2026-02-10 03:15:00,1.30136,1.30309,1.30029,1.30207,194
2026-02-10 03:30:00,1.30199,1.30265,1.3011,1.30214,361
2026-02-10 03:45:00,1.30213,1.30252,1.30115,1.3021,375
2026-02-10 04:00:00,1.30196,1.30273,1.30061,1.30223,245
2026-02-10 04:15:00,1.30257,1.30295,1.30138,1.3025,182
2026-02-10 04:30:00,1.30244,1.30343,1.30193,1.303,244
2026-02-10 04:45:00,1.30378,1.30393,1.3027,1.30289,254
2026-02-10 05:00:00,1.30237,1.30296,1.30078,1.30285,385
2026-02-10 05:15:00,1.30241,1.30339,1.3017,1.30307,350
2026-02-10 05:30:00,1.30325,1.30354,1.30208,1.30318,141
2026-02-10 05:45:00,1.30332,1.30365,1.3025,1.3032,446
2026-02-10 06:00:00,1.30303,1.30493,1.30116,1.30318,390
2026-02-10 06:15:00,1.30254,1.30404,1.30189,1.30313,435
2026-02-10 06:30:00,1.30371,1.30434,1.30187,1.3041,442
2026-02-10 06:45:00,1.30413,1.30491,1.30364,1.30401,297
2026-02-10 07:00:00,1.30457,1.30467,1.30278,1.30422,376
2026-02-10 07:15:00,1.30364,1.30537,1.30302,1.30501,427
2026-02-10 07:30:00,1.30569,1.30704,1.30464,1.30679,408
2026-02-10 07:45:00,1.30693,1.30799,1.30567,1.30581,383
2026-02-10 08:00:00,1.30473,1.30622,1.30416,1.30475,372
2026-02-10 08:15:00,1.30435,1.30567,1.30434,1.30528,410
2026-02-10 08:30:00,1.30451,1.30758,1.30435,1.30454,209
2026-02-10 08:45:00,1.30461,1.3055,1.30413,1.3052,419
2026-02-10 09:00:00,1.30508,1.30546,1.30434,1.30468,368
2026-02-10 09:15:00,1.30363,1.30511,1.30262,1.30468,146
2026-02-10 09:30:00,1.3052,1.30605,1.30397,1.30437,215
2026-02-10 09:45:00,1.30418,1.30513,1.30403,1.30419,359
2026-02-10 10:00:00,1.30458,1.30538,1.30376,1.30403,426
2026-02-10 10:15:00,1.30385,1.30545,1.30275,1.30521,367
2026-02-10 10:30:00,1.30559,1.3061,1.30347,1.30358,375
2026-02-10 10:45:00,1.30389,1.30455,1.30205,1.30337,432
2026-02-10 11:00:00,1.3034,1.30496,1.30223,1.30272,288
2026-02-10 11:15:00,1.30308,1.30341,1.30241,1.30304,494
2026-02-10 11:30:00,1.30274,1.30383,1.30168,1.30306,244
2026-02-10 11:45:00,1.30347,1.30365,1.30164,1.3025,443
2026-02-10 12:00:00,1.30198,1.30283,1.30072,1.30264,178
2026-02-10 12:15:00,1.30253,1.30447,1.30182,1.30433,320
2026-02-10 12:30:00,1.3048,1.30628,1.30379,1.3056,367
2026-02-10 12:45:00,1.305,1.30568,1.3047,1.30529,275
2026-02-10 13:00:00,1.30614,1.30645,1.3043,1.30559,484
2026-02-10 13:15:00,1.3054,1.30619,1.30477,1.30502,226
2026-02-10 13:30:00,1.30552,1.30665,1.30491,1.30579,172
2026-02-10 13:45:00,1.30524,1.30693,1.30507,1.30656,493
2026-02-10 14:00:00,1.30664,1.30822,1.30547,1.30784,119
2026-02-10 14:15:00,1.30812,1.30898,1.30744,1.30778,208
2026-02-10 14:30:00,1.30689,1.30867,1.3057,1.30657,350
2026-02-10 14:45:00,1.30659,1.30661,1.30528,1.30583,482
2026-02-10 15:00:00,1.30588,1.30654,1.30516,1.30541,441
2026-02-10 15:15:00,1.30556,1.30581,1.30477,1.30567,471
2026-02-10 15:30:00,1.30559,1.30699,1.30539,1.30547,374
2026-02-10 15:45:00,1.30546,1.30637,1.30496,1.30581,360
2026-02-10 16:00:00,1.30576,1.30713,1.30505,1.30525,108
2026-02-10 16:15:00,1.30599,1.30673,1.30439,1.30629,349
2026-02-10 16:30:00,1.30614,1.30735,1.30543,1.3073,331
2026-02-10 16:45:00,1.30713,1.30757,1.30636,1.30648,431
2026-02-10 17:00:00,1.3071,1.30753,1.30602,1.30701,137
2026-02-10 17:15:00,1.30681,1.30749,1.30654,1.30728,186
2026-02-10 17:30:00,1.30665,1.30781,1.30402,1.30447,298
2026-02-10 17:45:00,1.30393,1.30558,1.30275,1.30456,446
2026-02-10 18:00:00,1.30517,1.3057,1.30444,1.3057,257
2026-02-10 18:15:00,1.30562,1.30622,1.30449,1.30474,371
2026-02-10 18:30:00,1.30491,1.3063,1.30392,1.30606,368
2026-02-10 18:45:00,1.30601,1.30697,1.30559,1.30582,283
2026-02-10 19:00:00,1.30639,1.30818,1.30489,1.30711,149
2026-02-10 19:15:00,1.30765,1.30807,1.306,1.30684,324
2026-02-10 19:30:00,1.3059,1.30793,1.30581,1.30766,360
2026-02-10 19:45:00,1.30743,1.30783,1.30691,1.30761,441
2026-02-10 20:00:00,1.3072,1.3078,1.30636,1.3076,316
2026-02-10 20:15:00,1.30687,1.30842,1.30534,1.30809,461
2026-02-10 20:30:00,1.30871,1.30908,1.30739,1.30842,418
2026-02-10 20:45:00,1.3075,1.3085,1.30729,1.30755,229
2026-02-10 21:00:00,1.30795,1.30895,1.30736,1.30761,421
2026-02-10 21:15:00,1.30705,1.30878,1.30698,1.30772,402
2026-02-10 21:30:00,1.30828,1.30844,1.30715,1.30835,484
2026-02-10 21:45:00,1.30766,1.30873,1.30722,1.30742,346
2026-02-10 22:00:00,1.3072,1.30785,1.30667,1.30678,457
2026-02-10 22:15:00,1.30714,1.30775,1.306,1.30711,169
2026-02-10 22:30:00,1.30717,1.30846,1.30635,1.30644,156
2026-02-10 22:45:00,1.30645,1.3071,1.3058,1.30707,475
2026-02-10 23:00:00,1.30717,1.3072,1.30698,1.30707,321
2026-02-10 23:15:00,1.3071,1.30784,1.30684,1.30722,379
2026-02-10 23:30:00,1.30722,1.30817,1.30652,1.30754,377
2026-02-10 23:45:00,1.30759,1.30858,1.30699,1.30779,496
2026-02-11 00:00:00,1.30713,1.30799,1.30677,1.30747,474
2026-02-11 00:15:00,1.30827,1.30915,1.30581,1.30688,408
2026-02-11 00:30:00,1.30753,1.30835,1.30681,1.3075,481
2026-02-11 00:45:00,1.3068,1.30753,1.30663,1.30667,356
2026-02-11 01:00:00,1.30629,1.30745,1.30559,1.30735,322
2026-02-11 01:15:00,1.30801,1.30941,1.30679,1.30865,391
2026-02-11 01:30:00,1.30927,1.3101,1.30809,1.31,483
2026-02-11 01:45:00,1.31019,1.31103,1.30909,1.30973,401
2026-02-11 02:00:00,1.30968,1.31012,1.30873,1.3101,180
2026-02-11 02:15:00,1.31073,1.31161,1.30949,1.30997,309
2026-02-11 02:30:00,1.30975,1.31039,1.30861,1.30962,399
2026-02-11 02:45:00,1.31008,1.31046,1.30822,1.30902,393
2026-02-11 03:00:00,1.30898,1.31029,1.30786,1.30818,362
2026-02-11 03:15:00,1.30789,1.30898,1.30737,1.30832,159
2026-02-11 03:30:00,1.30859,1.31014,1.3082,1.30899,413
2026-02-11 03:45:00,1.30817,1.31068,1.30814,1.3098,242
2026-02-11 04:00:00,1.30957,1.31005,1.3082,1.30997,449
2026-02-11 04:15:00,1.30935,1.31017,1.30788,1.30969,284
2026-02-11 04:30:00,1.31,1.31064,1.30863,1.31037,113
2026-02-11 04:45:00,1.31031,1.31112,1.30984,1.31054,110
2026-02-11 05:00:00,1.31002,1.31108,1.30965,1.30976,169
2026-02-11 05:15:00,1.30998,1.31108,1.30942,1.30952,235
2026-02-11 05:30:00,1.30948,1.30993,1.30904,1.30988,466
2026-02-11 05:45:00,1.31011,1.31166,1.30936,1.30974,383
2026-02-11 06:00:00,1.31004,1.31049,1.30935,1.31026,220
2026-02-11 06:15:00,1.31002,1.31129,1.30928,1.31064,117
2026-02-11 06:30:00,1.31066,1.31191,1.31035,1.31148,488
2026-02-11 06:45:00,1.31127,1.31186,1.3107,1.31154,251
2026-02-11 07:00:00,1.3117,1.3125,1.31077,1.31096,412
2026-02-11 07:15:00,1.3112,1.3116,1.31023,1.31093,198
2026-02-11 07:30:00,1.31061,1.3113,1.30969,1.31052,498
2026-02-11 07:45:00,1.31011,1.31107,1.30941,1.31066,188
2026-02-11 08:00:00,1.30995,1.31141,1.3095,1.31025,306
2026-02-11 08:15:00,1.31061,1.31144,1.3088,1.3099,249
2026-02-11 08:30:00,1.31048,1.31215,1.30957,1.31005,378
2026-02-11 08:45:00,1.31035,1.31153,1.30981,1.30984,407
2026-02-11 09:00:00,1.30951,1.31113,1.30898,1.30927,353
2026-02-11 09:15:00,1.30899,1.30961,1.30814,1.30955,308
2026-02-11 09:30:00,1.30968,1.31101,1.30886,1.31051,343
2026-02-11 09:45:00,1.31046,1.31092,1.30982,1.31067,276
2026-02-11 10:00:00,1.31014,1.31098,1.30881,1.30985,231
2026-02-11 10:15:00,1.3099,1.31106,1.30928,1.31091,388
2026-02-11 10:30:00,1.31049,1.31172,1.3101,1.31112,108
2026-02-11 10:45:00,1.31191,1.31232,1.31079,1.31224,136
2026-02-11 11:00:00,1.31307,1.31332,1.31213,1.31303,167
2026-02-11 11:15:00,1.31287,1.31474,1.31278,1.31377,232
2026-02-11 11:30:00,1.31329,1.31379,1.31223,1.3128,168
2026-02-11 11:45:00,1.31212,1.31357,1.31108,1.31275,393
2026-02-11 12:00:00,1.31249,1.31299,1.31173,1.31213,115
2026-02-11 12:15:00,1.31218,1.31242,1.3114,1.31147,464
2026-02-11 12:30:00,1.31156,1.31306,1.31082,1.31229,387
2026-02-11 12:45:00,1.31164,1.31232,1.31124,1.3118,284
2026-02-11 13:00:00,1.31262,1.31338,1.31109,1.31126,331
2026-02-11 13:15:00,1.3107,1.31139,1.31035,1.31037,153
2026-02-11 13:30:00,1.31039,1.31095,1.30947,1.31027,365
2026-02-11 13:45:00,1.30979,1.31055,1.30961,1.30968,229
2026-02-11 14:00:00,1.30941,1.31012,1.30921,1.3093,143
2026-02-11 14:15:00,1.30907,1.30989,1.3076,1.30824,497
2026-02-11 14:30:00,1.3076,1.30945,1.30614,1.30659,145
2026-02-11 14:45:00,1.30704,1.30751,1.30579,1.3071,244
2026-02-11 15:00:00,1.30657,1.30715,1.30591,1.30701,415
2026-02-11 15:15:00,1.30673,1.3074,1.30652,1.30658,197
2026-02-11 15:30:00,1.30526,1.30674,1.30525,1.30649,359
2026-02-11 15:45:00,1.30702,1.30902,1.30635,1.30871,163
2026-02-11 16:00:00,1.30891,1.30897,1.30846,1.30884,316
2026-02-11 16:15:00,1.30934,1.30982,1.30844,1.30929,313
2026-02-11 16:30:00,1.30833,1.31038,1.30678,1.30837,471
2026-02-11 16:45:00,1.30843,1.30853,1.30672,1.30774,426
2026-02-11 17:00:00,1.308,1.30895,1.30645,1.30865,255
2026-02-11 17:15:00,1.30857,1.30979,1.30852,1.30977,493
2026-02-11 17:30:00,1.30941,1.31047,1.30807,1.3097,294
2026-02-11 17:45:00,1.30987,1.31072,1.30922,1.30965,474
2026-02-11 18:00:00,1.30942,1.31054,1.3079,1.31031,489
2026-02-11 18:15:00,1.31034,1.31146,1.30972,1.31051,186
2026-02-11 18:30:00,1.31105,1.31137,1.3104,1.31085,497
2026-02-11 18:45:00,1.31146,1.31177,1.30949,1.31132,168
2026-02-11 19:00:00,1.31273,1.31382,1.31025,1.31061,217
2026-02-11 19:15:00,1.31091,1.31142,1.31002,1.31121,103
2026-02-11 19:30:00,1.3121,1.31289,1.31043,1.31049,446
2026-02-11 19:45:00,1.31061,1.31134,1.30976,1.30997,122
2026-02-11 20:00:00,1.31063,1.31154,1.30951,1.31009,292
2026-02-11 20:15:00,1.31012,1.31051,1.30904,1.30966,126
2026-02-11 20:30:00,1.30901,1.31053,1.30777,1.30892,445
2026-02-11 20:45:00,1.3092,1.30975,1.30851,1.30886,479
2026-02-11 21:00:00,1.30876,1.30978,1.30746,1.30868,316
2026-02-11 21:15:00,1.30917,1.31053,1.30837,1.30924,195
2026-02-11 21:30:00,1.30851,1.30998,1.3085,1.30855,298
2026-02-11 21:45:00,1.30811,1.30963,1.30777,1.30929,174
2026-02-11 22:00:00,1.30941,1.31036,1.30829,1.30849,126
2026-02-11 22:15:00,1.3081,1.30957,1.30738,1.30883,149
2026-02-11 22:30:00,1.3093,1.30994,1.30832,1.30864,247
2026-02-11 22:45:00,1.3083,1.30925,1.30784,1.3091,327
2026-02-11 23:00:00,1.30983,1.31001,1.30864,1.30956,108
2026-02-11 23:15:00,1.30925,1.31003,1.30913,1.30921,104
2026-02-11 23:30:00,1.30865,1.30982,1.30783,1.30907,333
2026-02-11 23:45:00,1.30859,1.30941,1.30782,1.30856,235
2026-02-12 00:00:00,1.30926,1.30941,1.3081,1.3086,400
2026-02-12 00:15:00,1.30793,1.30913,1.30792,1.30897,333
2026-02-12 00:30:00,1.30746,1.30967,1.30731,1.30949,401
2026-02-12 00:45:00,1.30921,1.31013,1.30762,1.30895,308
2026-02-12 01:00:00,1.30833,1.31054,1.30741,1.30935,347
2026-02-12 01:15:00,1.30909,1.30946,1.30838,1.30917,488
2026-02-12 01:30:00,1.30837,1.30994,1.3075,1.30823,138
2026-02-12 01:45:00,1.30723,1.3085,1.30612,1.30614,357
2026-02-12 02:00:00,1.30582,1.30709,1.30478,1.30498,380
2026-02-12 02:15:00,1.30497,1.30545,1.30383,1.30502,342
2026-02-12 02:30:00,1.30411,1.30506,1.30241,1.30255,202
2026-02-12 02:45:00,1.30217,1.3032,1.30097,1.30202,241
2026-02-12 03:00:00,1.30151,1.30391,1.30049,1.30125,355
2026-02-12 03:15:00,1.30115,1.30194,1.30025,1.30119,382
2026-02-12 03:30:00,1.30194,1.30255,1.30109,1.30181,464
2026-02-12 03:45:00,1.30127,1.30294,1.29965,1.30212,324
2026-02-12 04:00:00,1.30281,1.30402,1.30201,1.30384,339
2026-02-12 04:15:00,1.30438,1.30478,1.30361,1.30399,449
2026-02-12 04:30:00,1.30412,1.30468,1.30316,1.30329,269
2026-02-12 04:45:00,1.30427,1.3049,1.30282,1.30376,437
2026-02-12 05:00:00,1.30452,1.30495,1.30315,1.30361,267
2026-02-12 05:15:00,1.30357,1.30481,1.30287,1.30413,494
2026-02-12 05:30:00,1.30481,1.30608,1.30406,1.30508,385
2026-02-12 05:45:00,1.30428,1.30576,1.3039,1.30449,341
2026-02-12 06:00:00,1.30458,1.30547,1.30403,1.30417,325
2026-02-12 06:15:00,1.30446,1.30501,1.30356,1.30474,349
2026-02-12 06:30:00,1.30457,1.30596,1.30365,1.3059,488
2026-02-12 06:45:00,1.30606,1.30656,1.30474,1.30607,218
2026-02-12 07:00:00,1.30544,1.30675,1.30519,1.3065,126
2026-02-12 07:15:00,1.30705,1.30742,1.30554,1.30579,181
2026-02-12 07:30:00,1.30616,1.30733,1.30539,1.30701,285
2026-02-12 07:45:00,1.30679,1.30731,1.30576,1.30638,323
2026-02-12 08:00:00,1.30698,1.30755,1.30599,1.30719,465
2026-02-12 08:15:00,1.3074,1.3088,1.30655,1.30697,151
2026-02-12 08:30:00,1.30675,1.30746,1.30622,1.30652,407
2026-02-12 08:45:00,1.30605,1.30709,1.3045,1.30642,481
2026-02-12 09:00:00,1.30669,1.3091,1.30481,1.30506,227
2026-02-12 09:15:00,1.30528,1.30591,1.30452,1.3047,384
2026-02-12 09:30:00,1.30487,1.30536,1.30459,1.30482,490
2026-02-12 09:45:00,1.30563,1.30582,1.3043,1.30478,268
2026-02-12 10:00:00,1.30535,1.3058,1.30397,1.30539,269
2026-02-12 10:15:00,1.30526,1.30592,1.3051,1.30543,279
2026-02-12 10:30:00,1.3062,1.30717,1.30416,1.30429,357
2026-02-12 10:45:00,1.3055,1.30606,1.30359,1.30464,481
2026-02-12 11:00:00,1.30391,1.30496,1.30251,1.30338,425
2026-02-12 11:15:00,1.30316,1.30479,1.30294,1.30346,307
2026-02-12 11:30:00,1.30286,1.30368,1.30205,1.30253,438
2026-02-12 11:45:00,1.30221,1.30256,1.29988,1.30145,112
2026-02-12 12:00:00,1.30121,1.30181,1.29949,1.29992,371
2026-02-12 12:15:00,1.29989,1.30003,1.29913,1.29986,450
2026-02-12 12:30:00,1.29964,1.30063,1.29792,1.29804,171
2026-02-12 12:45:00,1.29891,1.29912,1.29734,1.29762,183
2026-02-12 13:00:00,1.29744,1.29811,1.29715,1.29746,444
2026-02-12 13:15:00,1.29669,1.29784,1.29635,1.29721,164
2026-02-12 13:30:00,1.29703,1.29857,1.29611,1.29824,370
2026-02-12 13:45:00,1.29792,1.29976,1.29709,1.29749,184
2026-02-12 14:00:00,1.29746,1.29811,1.29576,1.29786,484
2026-02-12 14:15:00,1.29752,1.29917,1.29743,1.29794,392
2026-02-12 14:30:00,1.29879,1.29948,1.29749,1.29769,283
2026-02-12 14:45:00,1.29708,1.29868,1.29696,1.29729,409
2026-02-12 15:00:00,1.29769,1.29829,1.29641,1.29721,341
2026-02-12 15:15:00,1.29703,1.29762,1.29634,1.29663,358
2026-02-12 15:30:00,1.29568,1.29764,1.29488,1.29598,496
2026-02-12 15:45:00,1.29586,1.29638,1.29583,1.29614,162
2026-02-12 16:00:00,1.29571,1.29756,1.29457,1.29487,168
2026-02-12 16:15:00,1.29453,1.29526,1.29372,1.29405,398
2026-02-12 16:30:00,1.29388,1.29463,1.29254,1.29432,185
2026-02-12 16:45:00,1.29475,1.29556,1.29423,1.29451,221
2026-02-12 17:00:00,1.29442,1.29502,1.29343,1.29398,230
2026-02-12 17:15:00,1.29339,1.29398,1.29214,1.29302,314
2026-02-12 17:30:00,1.29321,1.2938,1.29226,1.29289,158
2026-02-12 17:45:00,1.29261,1.29297,1.29151,1.29224,185
2026-02-12 18:00:00,1.29234,1.2937,1.29087,1.29268,144
2026-02-12 18:15:00,1.29293,1.29353,1.29196,1.29335,248
2026-02-12 18:30:00,1.29371,1.2939,1.29253,1.29361,415
2026-02-12 18:45:00,1.2948,1.29679,1.29271,1.29408,285
2026-02-12 19:00:00,1.29379,1.29459,1.2934,1.29407,138
2026-02-12 19:15:00,1.29397,1.29524,1.29322,1.29323,434
2026-02-12 19:30:00,1.29379,1.29399,1.29239,1.29378,128
2026-02-12 19:45:00,1.29403,1.29464,1.29325,1.29339,371
2026-02-12 20:00:00,1.29345,1.29398,1.29135,1.29321,351
2026-02-12 20:15:00,1.2941,1.29422,1.2919,1.29384,296
2026-02-12 20:30:00,1.29326,1.29466,1.29284,1.29307,229
2026-02-12 20:45:00,1.29287,1.29406,1.29206,1.29236,447
2026-02-12 21:00:00,1.29296,1.29356,1.29093,1.29164,162
2026-02-12 21:15:00,1.29045,1.29214,1.2898,1.29132,377
2026-02-12 21:30:00,1.2913,1.29149,1.28992,1.29017,408
2026-02-12 21:45:00,1.2898,1.29203,1.28932,1.29023,330
2026-02-12 22:00:00,1.29001,1.29038,1.28981,1.29023,197
2026-02-12 22:15:00,1.28988,1.29077,1.28977,1.29014,242
2026-02-12 22:30:00,1.29043,1.29127,1.28883,1.28945,474
2026-02-12 22:45:00,1.28998,1.29006,1.28868,1.28982,452
2026-02-12 23:00:00,1.28969,1.29054,1.28836,1.28989,176
2026-02-12 23:15:00,1.28967,1.29027,1.28915,1.28995,285
2026-02-12 23:30:00,1.29028,1.29051,1.28888,1.2895,135
2026-02-12 23:45:00,1.28882,1.29006,1.28813,1.28896,218
2026-02-13 00:00:00,1.28924,1.29021,1.28826,1.28887,378
2026-02-13 00:15:00,1.28916,1.29012,1.28802,1.28995,145
2026-02-13 00:30:00,1.29017,1.29148,1.28909,1.2901,311
2026-02-13 00:45:00,1.28989,1.29199,1.28946,1.29079,302
2026-02-13 01:00:00,1.29017,1.29112,1.28995,1.29038,272
2026-02-13 01:15:00,1.29039,1.29147,1.29007,1.29039,242
2026-02-13 01:30:00,1.29035,1.29142,1.28954,1.29126,419
2026-02-13 01:45:00,1.29084,1.29154,1.2899,1.29122,392
2026-02-13 02:00:00,1.29074,1.29229,1.29006,1.29062,432
2026-02-13 02:15:00,1.29091,1.29267,1.29045,1.29067,403
2026-02-13 02:30:00,1.29115,1.29199,1.28998,1.29069,441
2026-02-13 02:45:00,1.29122,1.29175,1.29037,1.29121,316
2026-02-13 03:00:00,1.2913,1.2922,1.2905,1.29203,245
2026-02-13 03:15:00,1.29265,1.29291,1.29165,1.2918,373
2026-02-13 03:30:00,1.29172,1.29358,1.29075,1.29343,275
2026-02-13 03:45:00,1.29435,1.29465,1.29266,1.29387,209
2026-02-13 04:00:00,1.29268,1.29402,1.29171,1.29201,411
2026-02-13 04:15:00,1.2919,1.29298,1.29119,1.29249,173
2026-02-13 04:30:00,1.29362,1.29406,1.29234,1.29329,332
2026-02-13 04:45:00,1.2935,1.29468,1.29287,1.29409,186
2026-02-13 05:00:00,1.29346,1.2942,1.29327,1.29338,135
2026-02-13 05:15:00,1.29292,1.29356,1.29283,1.29307,245
2026-02-13 05:30:00,1.29263,1.29404,1.29227,1.29369,467
2026-02-13 05:45:00,1.29374,1.29418,1.29335,1.29341,285
2026-02-13 06:00:00,1.29427,1.29506,1.29273,1.29433,279
2026-02-13 06:15:00,1.29483,1.29561,1.29371,1.2942,368
2026-02-13 06:30:00,1.29456,1.29512,1.29325,1.29475,332
2026-02-13 06:45:00,1.2958,1.29728,1.29418,1.2957,400
2026-02-13 07:00:00,1.29588,1.29673,1.29461,1.29559,329
2026-02-13 07:15:00,1.29565,1.29626,1.29467,1.29512,351
2026-02-13 07:30:00,1.29575,1.29629,1.29497,1.29599,258
2026-02-13 07:45:00,1.29617,1.29699,1.29567,1.29578,104
2026-02-13 08:00:00,1.29622,1.29642,1.29548,1.29574,128
2026-02-13 08:15:00,1.29568,1.29599,1.29462,1.29491,413
2026-02-13 08:30:00,1.29442,1.29619,1.29334,1.29562,125
2026-02-13 08:45:00,1.29622,1.29683,1.29497,1.29562,139
2026-02-13 09:00:00,1.29583,1.29727,1.29507,1.29537,308
2026-02-13 09:15:00,1.29566,1.29667,1.29516,1.29634,197
2026-02-13 09:30:00,1.29612,1.29673,1.29496,1.29671,459
2026-02-13 09:45:00,1.29651,1.29741,1.29586,1.29728,497
2026-02-13 10:00:00,1.29721,1.29765,1.29684,1.29745,446
2026-02-13 10:15:00,1.29766,1.29818,1.29727,1.29727,201
2026-02-13 10:30:00,1.29765,1.29793,1.29709,1.29786,117
2026-02-13 10:45:00,1.29817,1.29925,1.29776,1.29895,439
2026-02-13 11:00:00,1.29848,1.29901,1.29773,1.29839,113
2026-02-13 11:15:00,1.29849,1.29923,1.2983,1.29834,286
2026-02-13 11:30:00,1.29803,1.29959,1.29638,1.29919,244
2026-02-13 11:45:00,1.2992,1.30084,1.29834,1.30031,168
2026-02-13 12:00:00,1.30006,1.3014,1.29923,1.2999,437
2026-02-13 12:15:00,1.29948,1.3001,1.29813,1.29974,433
2026-02-13 12:30:00,1.30074,1.30115,1.29827,1.29912,275
2026-02-13 12:45:00,1.2989,1.2993,1.29864,1.29903,467
2026-02-13 13:00:00,1.29934,1.29986,1.29734,1.29876,376
2026-02-13 13:15:00,1.29976,1.30038,1.29836,1.29868,323
2026-02-13 13:30:00,1.29881,1.29963,1.29768,1.29908,468
2026-02-13 13:45:00,1.29951,1.29954,1.29902,1.2991,346
2026-02-13 14:00:00,1.29835,1.29985,1.297,1.29723,117
2026-02-13 14:15:00,1.29623,1.29784,1.29601,1.29693,430
2026-02-13 14:30:00,1.29637,1.29761,1.2955,1.29725,144
2026-02-13 14:45:00,1.29746,1.2977,1.29548,1.29714,458
2026-02-13 15:00:00,1.29719,1.29845,1.29681,1.29695,231
2026-02-13 15:15:00,1.29668,1.29772,1.29605,1.29733,411
2026-02-13 15:30:00,1.29697,1.29736,1.29611,1.2969,242
2026-02-13 15:45:00,1.29587,1.29733,1.29512,1.29605,447
2026-02-13 16:00:00,1.2971,1.29838,1.29583,1.29619,462
2026-02-13 16:15:00,1.29592,1.29657,1.29437,1.29534,221
2026-02-13 16:30:00,1.29525,1.29675,1.29421,1.29423,233
2026-02-13 16:45:00,1.29369,1.29471,1.29281,1.29453,396
2026-02-13 17:00:00,1.29447,1.29557,1.29373,1.29448,178
2026-02-13 17:15:00,1.29445,1.29522,1.29209,1.29513,324
2026-02-13 17:30:00,1.29612,1.29704,1.2949,1.29537,149
2026-02-13 17:45:00,1.29575,1.29623,1.29446,1.29548,269
2026-02-13 18:00:00,1.29549,1.29592,1.2952,1.29566,166
2026-02-13 18:15:00,1.29612,1.29679,1.2947,1.29511,189
2026-02-13 18:30:00,1.29532,1.29695,1.29454,1.29501,217
2026-02-13 18:45:00,1.29445,1.29509,1.29344,1.2937,447
2026-02-13 19:00:00,1.29417,1.29455,1.29341,1.29404,272
2026-02-13 19:15:00,1.29356,1.29615,1.29333,1.29572,232
2026-02-13 19:30:00,1.29557,1.2967,1.29477,1.29619,470
2026-02-13 19:45:00,1.29578,1.29756,1.29567,1.29666,281
2026-02-13 20:00:00,1.29679,1.29777,1.29641,1.2968,365
2026-02-13 20:15:00,1.2967,1.29711,1.29513,1.29682,110
2026-02-13 20:30:00,1.29643,1.29798,1.29585,1.2979,169
2026-02-13 20:45:00,1.29779,1.29891,1.29653,1.29701,404
2026-02-13 21:00:00,1.29743,1.2976,1.29606,1.29684,168
2026-02-13 21:15:00,1.29624,1.29766,1.29613,1.29627,331
2026-02-13 21:30:00,1.29679,1.29767,1.29534,1.2959,497
2026-02-13 21:45:00,1.29621,1.29705,1.29514,1.29659,337
2026-02-13 22:00:00,1.29713,1.29808,1.29578,1.29751,391
2026-02-13 22:15:00,1.29668,1.29792,1.29623,1.2977,266
2026-02-13 22:30:00,1.29816,1.29826,1.29736,1.29745,443
2026-02-13 22:45:00,1.29746,1.29806,1.2971,1.29779,104
2026-02-13 23:00:00,1.29837,1.29884,1.29765,1.29837,149
2026-02-13 23:15:00,1.29851,1.30004,1.29829,1.29857,236
2026-02-13 23:30:00,1.29941,1.30119,1.29813,1.29874,401
2026-02-13 23:45:00,1.29873,1.29955,1.2981,1.29893,489
2026-02-14 00:00:00,1.29917,1.29937,1.298,1.29881,294
2026-02-14 00:15:00,1.29888,1.29938,1.29811,1.29887,199
2026-02-14 00:30:00,1.29974,1.29979,1.29832,1.29883,240
2026-02-14 00:45:00,1.29886,1.29919,1.29786,1.29827,277
2026-02-14 01:00:00,1.29799,1.2985,1.29754,1.29784,293
2026-02-14 01:15:00,1.29765,1.29853,1.29673,1.29799,195
2026-02-14 01:30:00,1.29725,1.29855,1.29633,1.29745,452
2026-02-14 01:45:00,1.29667,1.2976,1.29516,1.29692,466
2026-02-14 02:00:00,1.29701,1.29705,1.29617,1.2966,420
2026-02-14 02:15:00,1.29643,1.29709,1.29614,1.29667,287
2026-02-14 02:30:00,1.29641,1.29728,1.29583,1.29623,162
2026-02-14 02:45:00,1.29561,1.29713,1.29425,1.29464,333
2026-02-14 03:00:00,1.29426,1.2961,1.29306,1.29502,194
2026-02-14 03:15:00,1.29531,1.2958,1.29381,1.29389,388
2026-02-14 03:30:00,1.29365,1.29408,1.29259,1.2932,208
2026-02-14 03:45:00,1.2932,1.29414,1.29191,1.29371,341
2026-02-14 04:00:00,1.29409,1.29442,1.29334,1.29407,178
2026-02-14 04:15:00,1.29412,1.29428,1.2936,1.29378,417
2026-02-14 04:30:00,1.29305,1.29468,1.29212,1.29413,288
2026-02-14 04:45:00,1.29444,1.29549,1.29398,1.29508,401
2026-02-14 05:00:00,1.29473,1.29612,1.29307,1.29579,244
2026-02-14 05:15:00,1.29524,1.29609,1.29491,1.29596,229
2026-02-14 05:30:00,1.29601,1.29672,1.29504,1.29641,330
2026-02-14 05:45:00,1.29581,1.29647,1.2949,1.29605,377
2026-02-14 06:00:00,1.29633,1.29689,1.29601,1.29684,472
2026-02-14 06:15:00,1.29676,1.29806,1.29557,1.29673,134
2026-02-14 06:30:00,1.29692,1.29703,1.29619,1.29645,346
2026-02-14 06:45:00,1.29664,1.29767,1.29509,1.29694,109
2026-02-14 07:00:00,1.2972,1.298,1.29528,1.29609,209
2026-02-14 07:15:00,1.29584,1.2964,1.29537,1.29547,377
2026-02-14 07:30:00,1.29503,1.29588,1.29425,1.29541,121
2026-02-14 07:45:00,1.29618,1.29708,1.29457,1.2964,440
2026-02-14 08:00:00,1.29685,1.29738,1.29628,1.29681,144
2026-02-14 08:15:00,1.29769,1.29835,1.2951,1.29732,227
2026-02-14 08:30:00,1.29702,1.29842,1.29638,1.29796,405
2026-02-14 08:45:00,1.29814,1.29898,1.29685,1.298,127
2026-02-14 09:00:00,1.29818,1.29872,1.29665,1.29802,239
2026-02-14 09:15:00,1.29818,1.299,1.29796,1.29887,198
2026-02-14 09:30:00,1.29916,1.30063,1.29852,1.30015,246
2026-02-14 09:45:00,1.30037,1.30154,1.29979,1.30078,256
2026-02-14 10:00:00,1.30108,1.30163,1.30018,1.30161,393
2026-02-14 10:15:00,1.30146,1.30302,1.30094,1.30218,394
2026-02-14 10:30:00,1.30238,1.30325,1.30173,1.30313,260
2026-02-14 10:45:00,1.30346,1.30423,1.30238,1.3041,167
2026-02-14 11:00:00,1.30304,1.3046,1.30286,1.30314,435
2026-02-14 11:15:00,1.30253,1.3037,1.30242,1.30312,453
2026-02-14 11:30:00,1.3037,1.30459,1.30283,1.30346,493
2026-02-14 11:45:00,1.30282,1.30381,1.30258,1.30373,355
2026-02-14 12:00:00,1.30377,1.30468,1.30306,1.30309,381
2026-02-14 12:15:00,1.30381,1.3048,1.30125,1.30461,363
2026-02-14 12:30:00,1.30424,1.30555,1.30378,1.30513,490
2026-02-14 12:45:00,1.30485,1.30653,1.30472,1.30553,341
2026-02-14 13:00:00,1.30548,1.30604,1.30399,1.30429,100
2026-02-14 13:15:00,1.30421,1.30487,1.30247,1.30436,187
2026-02-14 13:30:00,1.30431,1.30509,1.30394,1.30432,207
2026-02-14 13:45:00,1.30451,1.30487,1.30386,1.30464,205
2026-02-14 14:00:00,1.30416,1.30512,1.30333,1.30415,437
2026-02-14 14:15:00,1.30411,1.3046,1.30362,1.30392,406
2026-02-14 14:30:00,1.30398,1.30456,1.30334,1.30394,414
2026-02-14 14:45:00,1.30452,1.30463,1.30334,1.30418,194
2026-02-14 15:00:00,1.30429,1.30443,1.30377,1.30385,304
2026-02-14 15:15:00,1.3038,1.30438,1.30297,1.30351,220
2026-02-14 15:30:00,1.30329,1.30435,1.30223,1.30272,196
2026-02-14 15:45:00,1.30293,1.30361,1.30268,1.30343,240
2026-02-14 16:00:00,1.30344,1.30385,1.30264,1.30267,495
2026-02-14 16:15:00,1.30209,1.30321,1.30069,1.30193,497
2026-02-14 16:30:00,1.30204,1.30219,1.30139,1.30166,389
2026-02-14 16:45:00,1.30159,1.30239,1.30069,1.30112,488
2026-02-14 17:00:00,1.30084,1.30149,1.30007,1.30044,383
2026-02-14 17:15:00,1.29982,1.3005,1.29961,1.29982,152
2026-02-14 17:30:00,1.29995,1.30019,1.2995,1.30007,116
2026-02-14 17:45:00,1.29964,1.30074,1.29871,1.29925,257
2026-02-14 18:00:00,1.29913,1.29989,1.29854,1.29903,281
2026-02-14 18:15:00,1.29974,1.30019,1.29798,1.29912,345
2026-02-14 18:30:00,1.29913,1.29998,1.29871,1.29924,269
2026-02-14 18:45:00,1.29936,1.29997,1.29849,1.29926,446
2026-02-14 19:00:00,1.29908,1.30053,1.29778,1.3001,367
2026-02-14 19:15:00,1.29975,1.30011,1.2983,1.2991,447
2026-02-14 19:30:00,1.29851,1.29987,1.2979,1.29885,126
2026-02-14 19:45:00,1.29871,1.29957,1.29753,1.29851,290
2026-02-14 20:00:00,1.299,1.29962,1.29838,1.29875,335
2026-02-14 20:15:00,1.29941,1.29981,1.29835,1.29896,380
2026-02-14 20:30:00,1.29775,1.30025,1.29657,1.29793,189
2026-02-14 20:45:00,1.29723,1.29885,1.29705,1.29757,368
2026-02-14 21:00:00,1.29807,1.29911,1.29695,1.2984,220
2026-02-14 21:15:00,1.29878,1.29935,1.29836,1.29838,343
2026-02-14 21:30:00,1.29828,1.299,1.29707,1.29734,219
2026-02-14 21:45:00,1.29709,1.29824,1.29654,1.29809,231
2026-02-14 22:00:00,1.29737,1.29831,1.29692,1.29752,483
2026-02-14 22:15:00,1.29818,1.29908,1.29752,1.29803,245
2026-02-14 22:30:00,1.29804,1.29906,1.29774,1.29837,415
2026-02-14 22:45:00,1.29792,1.29867,1.2971,1.29771,349
2026-02-14 23:00:00,1.29719,1.29839,1.29695,1.29711,183
2026-02-14 23:15:00,1.29673,1.29798,1.29594,1.29611,149
2026-02-14 23:30:00,1.29584,1.29639,1.29397,1.29468,184
2026-02-14 23:45:00,1.29451,1.29544,1.29394,1.29429,350
2026-02-15 00:00:00,1.29377,1.29455,1.29349,1.29365,405
2026-02-15 00:15:00,1.29305,1.29393,1.29297,1.29355,405
2026-02-15 00:30:00,1.29227,1.29427,1.29223,1.29384,217
2026-02-15 00:45:00,1.29401,1.29515,1.29236,1.29249,203
2026-02-15 01:00:00,1.29219,1.29299,1.29113,1.29271,399
2026-02-15 01:15:00,1.29349,1.29436,1.29225,1.29322,217
2026-02-15 01:30:00,1.29345,1.29399,1.29225,1.29335,198
2026-02-15 01:45:00,1.29264,1.29353,1.29231,1.29289,389
2026-02-15 02:00:00,1.29287,1.29428,1.29223,1.29274,278
2026-02-15 02:15:00,1.29337,1.29351,1.29208,1.29213,219
2026-02-15 02:30:00,1.29183,1.29246,1.29155,1.29196,382
2026-02-15 02:45:00,1.29285,1.29378,1.29068,1.29172,412
2026-02-15 03:00:00,1.29109,1.29205,1.29028,1.29138,339
2026-02-15 03:15:00,1.29116,1.29247,1.29012,1.29039,194
2026-02-15 03:30:00,1.2909,1.29108,1.28887,1.29058,156
2026-02-15 03:45:00,1.29091,1.29198,1.29023,1.29177,499
2026-02-15 04:00:00,1.29189,1.29248,1.29092,1.2921,309
2026-02-15 04:15:00,1.29231,1.29323,1.29073,1.29287,363
2026-02-15 04:30:00,1.29335,1.29383,1.29148,1.29148,280
2026-02-15 04:45:00,1.29196,1.29217,1.29032,1.29066,317
2026-02-15 05:00:00,1.29063,1.29102,1.29032,1.29055,392
2026-02-15 05:15:00,1.29142,1.29184,1.2903,1.29116,392
2026-02-15 05:30:00,1.29089,1.29154,1.2905,1.29073,225
2026-02-15 05:45:00,1.29005,1.29165,1.28956,1.29146,210
2026-02-15 06:00:00,1.29114,1.29244,1.29077,1.292,382
2026-02-15 06:15:00,1.29258,1.2935,1.29149,1.29305,213
2026-02-15 06:30:00,1.29269,1.29336,1.29244,1.29257,324
2026-02-15 06:45:00,1.29253,1.29352,1.2921,1.29328,171
2026-02-15 07:00:00,1.29406,1.29449,1.29326,1.29346,173
2026-02-15 07:15:00,1.29306,1.29455,1.29288,1.29412,274
2026-02-15 07:30:00,1.29507,1.29531,1.29318,1.29451,356
2026-02-15 07:45:00,1.29455,1.29479,1.2942,1.2944,370
2026-02-15 08:00:00,1.29441,1.29555,1.29391,1.29413,329
2026-02-15 08:15:00,1.29412,1.29542,1.29379,1.29495,347
2026-02-15 08:30:00,1.29391,1.29503,1.29325,1.29337,422
2026-02-15 08:45:00,1.29356,1.29517,1.29312,1.29393,246
2026-02-15 09:00:00,1.29369,1.2941,1.29261,1.29367,181
2026-02-15 09:15:00,1.29394,1.29404,1.29299,1.29395,184
2026-02-15 09:30:00,1.29347,1.29463,1.29293,1.29446,182
2026-02-15 09:45:00,1.29493,1.2952,1.29261,1.29455,297
2026-02-15 10:00:00,1.29612,1.29693,1.29455,1.29672,280
2026-02-15 10:15:00,1.29585,1.29717,1.2957,1.29606,254
2026-02-15 10:30:00,1.29532,1.29692,1.29503,1.29553,433
2026-02-15 10:45:00,1.29552,1.29817,1.29217,1.29667,295
2026-02-15 11:00:00,1.29658,1.29758,1.29636,1.29637,360
2026-02-15 11:15:00,1.29651,1.29737,1.29606,1.29625,382
2026-02-15 11:30:00,1.29689,1.29718,1.29561,1.29593,407
2026-02-15 11:45:00,1.29551,1.29744,1.29523,1.2967,364
2026-02-15 12:00:00,1.29703,1.29925,1.29603,1.29701,371
2026-02-15 12:15:00,1.29707,1.2975,1.29459,1.297,188
2026-02-15 12:30:00,1.29654,1.29812,1.29603,1.29709,206
2026-02-15 12:45:00,1.29736,1.29896,1.29697,1.29876,101
2026-02-15 13:00:00,1.29886,1.30087,1.29812,1.30081,484
2026-02-15 13:15:00,1.30156,1.30244,1.30001,1.30113,379
2026-02-15 13:30:00,1.30106,1.30198,1.29946,1.30117,269
2026-02-15 13:45:00,1.30089,1.30164,1.29965,1.3007,171
2026-02-15 14:00:00,1.30081,1.30217,1.29984,1.30039,382
2026-02-15 14:15:00,1.30012,1.30076,1.29908,1.29996,446
2026-02-15 14:30:00,1.29975,1.30085,1.29904,1.30029,430
2026-02-15 14:45:00,1.30019,1.30048,1.29886,1.29968,169
2026-02-15 15:00:00,1.29955,1.30096,1.2994,1.29959,103
2026-02-15 15:15:00,1.30043,1.30104,1.2986,1.30024,234
2026-02-15 15:30:00,1.30072,1.30137,1.30018,1.30068,240
2026-02-15 15:45:00,1.30098,1.30185,1.29987,1.30059,402
2026-02-15 16:00:00,1.30092,1.30186,1.30058,1.30184,134
2026-02-15 16:15:00,1.30157,1.30297,1.30053,1.3024,246
2026-02-15 16:30:00,1.30213,1.3029,1.30142,1.30215,420
2026-02-15 16:45:00,1.3023,1.30264,1.30172,1.30238,339
2026-02-15 17:00:00,1.30296,1.30304,1.30226,1.30229,420
2026-02-15 17:15:00,1.30111,1.30393,1.3005,1.30119,150
2026-02-15 17:30:00,1.30157,1.30295,1.29954,1.30286,458
2026-02-15 17:45:00,1.30268,1.30341,1.30218,1.30293,282
2026-02-15 18:00:00,1.30191,1.30297,1.30085,1.30259,218
2026-02-15 18:15:00,1.30216,1.30347,1.3019,1.30228,329
2026-02-15 18:30:00,1.30166,1.30324,1.30115,1.30274,332
2026-02-15 18:45:00,1.30299,1.30424,1.30221,1.30321,485
2026-02-15 19:00:00,1.3029,1.30385,1.30192,1.30217,222
2026-02-15 19:15:00,1.30211,1.30341,1.30157,1.30169,102
2026-02-15 19:30:00,1.30182,1.30261,1.2999,1.30051,196
2026-02-15 19:45:00,1.29966,1.30097,1.29838,1.29874,136
2026-02-15 20:00:00,1.29796,1.29879,1.29713,1.2979,173
2026-02-15 20:15:00,1.2977,1.29827,1.29699,1.29734,106
2026-02-15 20:30:00,1.29839,1.29883,1.29686,1.298,294
2026-02-15 20:45:00,1.29844,1.29911,1.29742,1.29881,197
2026-02-15 21:00:00,1.2989,1.29974,1.29851,1.29893,217
2026-02-15 21:15:00,1.29915,1.29969,1.2979,1.29831,283
2026-02-15 21:30:00,1.29894,1.29937,1.29817,1.29857,442
2026-02-15 21:45:00,1.2982,1.29976,1.29769,1.29837,342
2026-02-15 22:00:00,1.29871,1.29979,1.29752,1.29821,203
2026-02-15 22:15:00,1.29751,1.29877,1.29654,1.29701,106
2026-02-15 22:30:00,1.29637,1.29714,1.29533,1.29682,108
2026-02-15 22:45:00,1.29696,1.29705,1.29639,1.29647,192
2026-02-15 23:00:00,1.29728,1.29734,1.29602,1.29734,417
2026-02-15 23:15:00,1.29692,1.2984,1.29595,1.29722,176
2026-02-15 23:30:00,1.29732,1.29824,1.29632,1.29694,461
2026-02-15 23:45:00,1.29704,1.29723,1.29652,1.29709,355
2026-02-16 00:00:00,1.29733,1.29805,1.2963,1.29776,258
2026-02-16 00:15:00,1.29757,1.29799,1.29607,1.29684,330
2026-02-16 00:30:00,1.29682,1.29823,1.29592,1.29653,436
2026-02-16 00:45:00,1.29683,1.29716,1.29553,1.29678,129
2026-02-16 01:00:00,1.29593,1.29699,1.2948,1.2968,287
2026-02-16 01:15:00,1.29686,1.29735,1.29577,1.2972,155
2026-02-16 01:30:00,1.29726,1.29765,1.2971,1.2976,288
2026-02-16 01:45:00,1.29805,1.29874,1.29642,1.29821,185
2026-02-16 02:00:00,1.29795,1.29914,1.29769,1.29808,344
2026-02-16 02:15:00,1.29801,1.29906,1.29688,1.29903,124
2026-02-16 02:30:00,1.29891,1.2992,1.29848,1.29856,115
2026-02-16 02:45:00,1.29852,1.29945,1.29636,1.29696,344
2026-02-16 03:00:00,1.29756,1.2979,1.29651,1.29694,467
2026-02-16 03:15:00,1.29747,1.29761,1.29622,1.29732,254
2026-02-16 03:30:00,1.29692,1.29913,1.29589,1.29656,127
2026-02-16 03:45:00,1.29684,1.29743,1.29553,1.29601,498
2026-02-16 04:00:00,1.29558,1.29678,1.29413,1.29555,431
2026-02-16 04:15:00,1.29607,1.29813,1.2954,1.29806,384
2026-02-16 04:30:00,1.29806,1.29904,1.29734,1.29766,482
2026-02-16 04:45:00,1.29803,1.29925,1.2971,1.29884,218
2026-02-16 05:00:00,1.29868,1.30053,1.2982,1.29918,376
2026-02-16 05:15:00,1.29891,1.30058,1.29721,1.29871,193
2026-02-16 05:30:00,1.29809,1.29902,1.29723,1.29885,336
2026-02-16 05:45:00,1.29996,1.30007,1.29804,1.29927,234
2026-02-16 06:00:00,1.29913,1.30004,1.29897,1.29921,244
2026-02-16 06:15:00,1.29967,1.29969,1.29801,1.29917,473
2026-02-16 06:30:00,1.29949,1.3007,1.29882,1.29992,471
2026-02-16 06:45:00,1.29939,1.30022,1.29863,1.29871,215
2026-02-16 07:00:00,1.29872,1.29979,1.29828,1.2994,209
2026-02-16 07:15:00,1.30022,1.30043,1.29932,1.29951,423
2026-02-16 07:30:00,1.29961,1.30053,1.29896,1.29971,114
2026-02-16 07:45:00,1.29968,1.30165,1.29918,1.30028,180
2026-02-16 08:00:00,1.30079,1.30113,1.29957,1.29957,160
2026-02-16 08:15:00,1.2991,1.30041,1.29809,1.29936,112
2026-02-16 08:30:00,1.30009,1.30041,1.29811,1.29983,272
2026-02-16 08:45:00,1.30007,1.30045,1.29953,1.30011,314
2026-02-16 09:00:00,1.30076,1.30164,1.2997,1.30004,351
2026-02-16 09:15:00,1.29967,1.30194,1.29815,1.29958,145
2026-02-16 09:30:00,1.29948,1.30079,1.29789,1.29861,221
2026-02-16 09:45:00,1.29923,1.29926,1.2979,1.29797,126
2026-02-16 10:00:00,1.29771,1.29848,1.29651,1.29713,159
2026-02-16 10:15:00,1.29696,1.29735,1.29614,1.2967,266
2026-02-16 10:30:00,1.29653,1.29772,1.29484,1.29755,316
2026-02-16 10:45:00,1.29734,1.29799,1.2964,1.29756,314
2026-02-16 11:00:00,1.29691,1.29903,1.29635,1.29774,381
2026-02-16 11:15:00,1.29764,1.29865,1.29737,1.29776,103
2026-02-16 11:30:00,1.29842,1.29874,1.29727,1.29744,448
2026-02-16 11:45:00,1.29724,1.29805,1.29666,1.29737,427
2026-02-16 12:00:00,1.29755,1.29782,1.29726,1.2978,360
2026-02-16 12:15:00,1.29759,1.29844,1.29728,1.29729,235
2026-02-16 12:30:00,1.29812,1.29826,1.29729,1.29819,396
2026-02-16 12:45:00,1.29812,1.29931,1.29791,1.29848,494
2026-02-16 13:00:00,1.29786,1.29864,1.29759,1.29839,410
2026-02-16 13:15:00,1.29807,1.29869,1.29718,1.298,144
2026-02-16 13:30:00,1.29705,1.29895,1.29667,1.29799,340
2026-02-16 13:45:00,1.29897,1.29911,1.29777,1.29868,438
2026-02-16 14:00:00,1.29891,1.30017,1.29798,1.29886,130
2026-02-16 14:15:00,1.29843,1.29898,1.29715,1.29795,398
2026-02-16 14:30:00,1.29794,1.29865,1.29657,1.29765,162
2026-02-16 14:45:00,1.29739,1.29801,1.29622,1.29628,440
2026-02-16 15:00:00,1.29717,1.29768,1.29563,1.29578,190
2026-02-16 15:15:00,1.29648,1.29699,1.29517,1.29567,482
2026-02-16 15:30:00,1.2953,1.29724,1.2939,1.29581,456
2026-02-16 15:45:00,1.2954,1.29639,1.29413,1.29596,418
2026-02-16 16:00:00,1.29612,1.2972,1.2948,1.29513,406
2026-02-16 16:15:00,1.29518,1.29553,1.29438,1.29459,440
2026-02-16 16:30:00,1.29455,1.29541,1.29346,1.29494,175
2026-02-16 16:45:00,1.29431,1.29575,1.29377,1.29568,116
2026-02-16 17:00:00,1.29552,1.2966,1.29411,1.29541,259
2026-02-16 17:15:00,1.29624,1.29639,1.29532,1.29613,337
2026-02-16 17:30:00,1.29558,1.29626,1.29547,1.29595,178
2026-02-16 17:45:00,1.29595,1.29717,1.29515,1.29699,478
2026-02-16 18:00:00,1.29735,1.29851,1.29591,1.2975,114
2026-02-16 18:15:00,1.29767,1.29956,1.29666,1.29954,139
2026-02-16 18:30:00,1.29949,1.30037,1.29883,1.30026,314
2026-02-16 18:45:00,1.30032,1.3012,1.29937,1.29945,170
2026-02-16 19:00:00,1.299,1.30022,1.2989,1.29903,379
2026-02-16 19:15:00,1.29818,1.29909,1.29631,1.29834,426
2026-02-16 19:30:00,1.29782,1.29932,1.29676,1.29677,415
2026-02-16 19:45:00,1.2967,1.29709,1.29621,1.29625,181
2026-02-16 20:00:00,1.29655,1.29749,1.29592,1.29717,396
2026-02-16 20:15:00,1.29703,1.29752,1.29583,1.29712,284
2026-02-16 20:30:00,1.29682,1.29817,1.2963,1.29652,328
2026-02-16 20:45:00,1.29753,1.29877,1.2965,1.29773,464
2026-02-16 21:00:00,1.29729,1.29878,1.2962,1.29719,229
2026-02-16 21:15:00,1.29661,1.29809,1.29647,1.29731,123
2026-02-16 21:30:00,1.29692,1.29815,1.29659,1.29677,371
2026-02-16 21:45:00,1.29579,1.29689,1.29532,1.29602,218
2026-02-16 22:00:00,1.29641,1.29641,1.29564,1.29574,330
2026-02-16 22:15:00,1.29619,1.29659,1.29492,1.29592,460
2026-02-16 22:30:00,1.29639,1.29701,1.29553,1.29588,125
2026-02-16 22:45:00,1.29553,1.29638,1.29489,1.29566,399
2026-02-16 23:00:00,1.29574,1.29649,1.29536,1.29617,366
2026-02-16 23:15:00,1.29566,1.29619,1.29466,1.29481,277
2026-02-16 23:30:00,1.2947,1.29525,1.29465,1.29496,420
2026-02-16 23:45:00,1.29565,1.29655,1.29396,1.29646,340
2026-02-17 00:00:00,1.29691,1.29735,1.29549,1.29711,128
2026-02-17 00:15:00,1.29688,1.29815,1.29619,1.29777,360
2026-02-17 00:30:00,1.29809,1.29926,1.29758,1.29814,179
2026-02-17 00:45:00,1.29832,1.299,1.29781,1.29819,261
2026-02-17 01:00:00,1.29835,1.3001,1.29736,1.29844,205
2026-02-17 01:15:00,1.29854,1.29924,1.29701,1.29764,320
2026-02-17 01:30:00,1.29816,1.29845,1.29756,1.29762,121
2026-02-17 01:45:00,1.29744,1.29805,1.29708,1.29765,134
2026-02-17 02:00:00,1.2965,1.29876,1.29569,1.29872,214
2026-02-17 02:15:00,1.29929,1.29972,1.29801,1.29904,194
2026-02-17 02:30:00,1.29936,1.30036,1.29834,1.29895,326
2026-02-17 02:45:00,1.3,1.30059,1.29826,1.29848,235
2026-02-17 03:00:00,1.29943,1.30032,1.29831,1.30016,291
2026-02-17 03:15:00,1.2998,1.30156,1.29867,1.29957,271
2026-02-17 03:30:00,1.30023,1.30126,1.29904,1.29927,287
2026-02-17 03:45:00,1.29978,1.30038,1.2978,1.29798,179
2026-02-17 04:00:00,1.29737,1.29975,1.29629,1.2968,368
2026-02-17 04:15:00,1.29741,1.29812,1.29663,1.29706,483
2026-02-17 04:30:00,1.29742,1.29748,1.29666,1.29708,243
2026-02-17 04:45:00,1.2968,1.29799,1.29627,1.29673,199
2026-02-17 05:00:00,1.29651,1.29784,1.29579,1.29615,243
2026-02-17 05:15:00,1.29576,1.29764,1.2952,1.2976,484
2026-02-17 05:30:00,1.29752,1.29838,1.29718,1.29822,454
2026-02-17 05:45:00,1.29825,1.30022,1.29755,1.29931,166
2026-02-17 06:00:00,1.29886,1.29957,1.29803,1.29948,268
2026-02-17 06:15:00,1.2994,1.29966,1.29846,1.29913,425
2026-02-17 06:30:00,1.2997,1.30016,1.29805,1.29998,420
2026-02-17 06:45:00,1.30016,1.30092,1.29923,1.30089,243
2026-02-17 07:00:00,1.30085,1.30198,1.29959,1.29969,415
2026-02-17 07:15:00,1.30025,1.30047,1.29905,1.29959,386
2026-02-17 07:30:00,1.29972,1.30048,1.29901,1.29938,299
2026-02-17 07:45:00,1.29974,1.30019,1.29859,1.29949,383
2026-02-17 08:00:00,1.29959,1.30048,1.29807,1.29893,334
2026-02-17 08:15:00,1.2991,1.29942,1.29816,1.29926,466
2026-02-17 08:30:00,1.29942,1.30027,1.29834,1.29907,391
2026-02-17 08:45:00,1.29918,1.29989,1.29835,1.29862,283
2026-02-17 09:00:00,1.29842,1.30008,1.29701,1.29892,308
2026-02-17 09:15:00,1.29854,1.29939,1.29822,1.29848,476
2026-02-17 09:30:00,1.29957,1.29982,1.29779,1.2991,204
2026-02-17 09:45:00,1.2997,1.29997,1.29896,1.29979,115
2026-02-17 10:00:00,1.29856,1.30156,1.29838,1.29954,103
2026-02-17 10:15:00,1.29886,1.30079,1.29792,1.29906,347
2026-02-17 10:30:00,1.29906,1.30019,1.29764,1.29789,375
2026-02-17 10:45:00,1.2978,1.29858,1.29658,1.29709,244
2026-02-17 11:00:00,1.29716,1.29736,1.29617,1.2963,142
2026-02-17 11:15:00,1.29608,1.29709,1.29525,1.29645,336
2026-02-17 11:30:00,1.29696,1.29755,1.29588,1.29589,330
2026-02-17 11:45:00,1.29661,1.29805,1.29526,1.29799,262
2026-02-17 12:00:00,1.29768,1.29929,1.29764,1.29792,400
2026-02-17 12:15:00,1.29786,1.29841,1.29769,1.29837,192
2026-02-17 12:30:00,1.29805,1.29999,1.29684,1.29773,177
2026-02-17 12:45:00,1.29718,1.29777,1.29626,1.29648,349
2026-02-17 13:00:00,1.29682,1.29754,1.29601,1.29747,182
2026-02-17 13:15:00,1.29804,1.29879,1.29684,1.29798,338
2026-02-17 13:30:00,1.29736,1.29831,1.2969,1.29726,437
2026-02-17 13:45:00,1.29863,1.29895,1.29637,1.29867,426
2026-02-17 14:00:00,1.2987,1.29969,1.2981,1.29923,145
2026-02-17 14:15:00,1.29906,1.2995,1.29839,1.29863,245
2026-02-17 14:30:00,1.29876,1.29957,1.29718,1.29736,189
2026-02-17 14:45:00,1.29658,1.29751,1.2959,1.29664,391
2026-02-17 15:00:00,1.29646,1.29703,1.29533,1.29609,453
2026-02-17 15:15:00,1.29662,1.29775,1.29531,1.29691,372
2026-02-17 15:30:00,1.29691,1.29854,1.29642,1.29782,274
2026-02-17 15:45:00,1.29735,1.29867,1.2969,1.29759,159
2026-02-17 16:00:00,1.29812,1.29828,1.29615,1.29693,185
2026-02-17 16:15:00,1.29715,1.29785,1.29617,1.29627,386
2026-02-17 16:30:00,1.2966,1.29714,1.29564,1.2961,410
2026-02-17 16:45:00,1.29495,1.2973,1.2941,1.29502,136
2026-02-17 17:00:00,1.29404,1.2951,1.2934,1.29384,147
2026-02-17 17:15:00,1.2935,1.29556,1.29317,1.29321,159
2026-02-17 17:30:00,1.294,1.29471,1.29291,1.29414,151
2026-02-17 17:45:00,1.29351,1.29517,1.29309,1.29363,346
2026-02-17 18:00:00,1.294,1.29487,1.29097,1.29285,332
2026-02-17 18:15:00,1.29251,1.29381,1.29151,1.29208,288
2026-02-17 18:30:00,1.29222,1.29322,1.29175,1.29253,175
2026-02-17 18:45:00,1.29188,1.29336,1.29125,1.29289,324
2026-02-17 19:00:00,1.29257,1.29389,1.29206,1.2923,143
2026-02-17 19:15:00,1.29192,1.29232,1.29167,1.29184,366
2026-02-17 19:30:00,1.29195,1.29267,1.29087,1.29116,110
2026-02-17 19:45:00,1.29081,1.29201,1.28947,1.29128,361
2026-02-17 20:00:00,1.29029,1.29142,1.28958,1.29108,318
2026-02-17 20:15:00,1.29132,1.29209,1.28953,1.29168,120
2026-02-17 20:30:00,1.29247,1.29341,1.29081,1.29086,235
2026-02-17 20:45:00,1.29167,1.292,1.29002,1.2915,363
2026-02-17 21:00:00,1.29108,1.2926,1.29075,1.29194,276
2026-02-17 21:15:00,1.29261,1.29265,1.29187,1.29263,499
2026-02-17 21:30:00,1.29276,1.29424,1.29231,1.29342,229
2026-02-17 21:45:00,1.2929,1.29458,1.29239,1.29358,441
2026-02-17 22:00:00,1.29436,1.29476,1.29323,1.29429,293
2026-02-17 22:15:00,1.29417,1.295,1.29407,1.2944,207
2026-02-17 22:30:00,1.29425,1.29512,1.29363,1.29395,244
2026-02-17 22:45:00,1.29441,1.29692,1.29334,1.29359,449
2026-02-17 23:00:00,1.29422,1.29485,1.29302,1.29484,221
2026-02-17 23:15:00,1.29475,1.29559,1.29372,1.29536,307
2026-02-17 23:30:00,1.29496,1.29613,1.29421,1.29588,123
2026-02-17 23:45:00,1.29589,1.29624,1.29574,1.29611,260
2026-02-18 00:00:00,1.2967,1.29748,1.29543,1.29571,161
2026-02-18 00:15:00,1.29515,1.29579,1.29362,1.29564,419
2026-02-18 00:30:00,1.29525,1.2964,1.29513,1.29514,289
2026-02-18 00:45:00,1.29381,1.29552,1.29276,1.2944,365
2026-02-18 01:00:00,1.29338,1.29443,1.29303,1.29364,464
2026-02-18 01:15:00,1.29322,1.29432,1.29254,1.29267,327
2026-02-18 01:30:00,1.29231,1.29355,1.29094,1.29193,129
2026-02-18 01:45:00,1.29131,1.29205,1.29088,1.29107,468
2026-02-18 02:00:00,1.29007,1.29158,1.28985,1.29075,108
2026-02-18 02:15:00,1.29046,1.29094,1.28963,1.29068,278
2026-02-18 02:30:00,1.29027,1.29122,1.28948,1.29107,442
2026-02-18 02:45:00,1.29057,1.29199,1.28956,1.29092,104
2026-02-18 03:00:00,1.29126,1.29173,1.29013,1.29156,209
2026-02-18 03:15:00,1.29162,1.29226,1.29078,1.29147,189
2026-02-18 03:30:00,1.29105,1.29278,1.29016,1.29171,358
2026-02-18 03:45:00,1.29205,1.29263,1.29088,1.29143,404
2026-02-18 04:00:00,1.29074,1.29265,1.28991,1.29246,357
2026-02-18 04:15:00,1.29343,1.29372,1.2919,1.29342,115
2026-02-18 04:30:00,1.29418,1.29432,1.292,1.29425,281
2026-02-18 04:45:00,1.29509,1.29559,1.29357,1.29476,100
2026-02-18 05:00:00,1.29551,1.2966,1.29407,1.29431,434
2026-02-18 05:15:00,1.29349,1.29436,1.29238,1.2933,272
2026-02-18 05:30:00,1.29334,1.29405,1.29266,1.29345,203
2026-02-18 05:45:00,1.29303,1.29417,1.29152,1.29246,436
2026-02-18 06:00:00,1.29168,1.29252,1.29091,1.2925,101
2026-02-18 06:15:00,1.29251,1.29388,1.29011,1.29311,407
2026-02-18 06:30:00,1.29318,1.29437,1.293,1.29332,348
2026-02-18 06:45:00,1.29358,1.29431,1.29299,1.29313,266
2026-02-18 07:00:00,1.29288,1.29435,1.2924,1.29425,143
2026-02-18 07:15:00,1.29513,1.29596,1.29387,1.29459,489
2026-02-18 07:30:00,1.29528,1.29588,1.29393,1.29584,227
2026-02-18 07:45:00,1.29545,1.29642,1.29448,1.2959,110
2026-02-18 08:00:00,1.29606,1.29624,1.29446,1.29512,343
2026-02-18 08:15:00,1.29544,1.29604,1.29435,1.29528,396
2026-02-18 08:30:00,1.2947,1.29555,1.29429,1.29526,191
2026-02-18 08:45:00,1.29534,1.29608,1.2946,1.29517,400
2026-02-18 09:00:00,1.29543,1.29638,1.29499,1.29524,178
2026-02-18 09:15:00,1.29528,1.29559,1.29455,1.2955,318
2026-02-18 09:30:00,1.29546,1.29667,1.29496,1.29549,456
2026-02-18 09:45:00,1.29587,1.29656,1.29528,1.29637,435
2026-02-18 10:00:00,1.29644,1.29713,1.29491,1.29635,421
2026-02-18 10:15:00,1.29686,1.29783,1.29628,1.29726,127
2026-02-18 10:30:00,1.29697,1.29766,1.2967,1.29731,456
2026-02-18 10:45:00,1.29698,1.29876,1.29676,1.29725,141
2026-02-18 11:00:00,1.29749,1.29892,1.29711,1.29814,157
2026-02-18 11:15:00,1.29869,1.29914,1.2964,1.29886,286
2026-02-18 11:30:00,1.29921,1.29961,1.29753,1.29882,422
2026-02-18 11:45:00,1.29853,1.2999,1.29726,1.2992,311
2026-02-18 12:00:00,1.29904,1.30011,1.29772,1.29787,169
2026-02-18 12:15:00,1.29831,1.29921,1.29758,1.29799,205
2026-02-18 12:30:00,1.29801,1.29883,1.29715,1.29786,492
2026-02-18 12:45:00,1.29682,1.29868,1.29626,1.29684,496
2026-02-18 13:00:00,1.29716,1.29799,1.29589,1.29697,264
2026-02-18 13:15:00,1.29713,1.29756,1.29649,1.29725,314
2026-02-18 13:30:00,1.29737,1.29865,1.29666,1.29847,275
2026-02-18 13:45:00,1.29863,1.29943,1.29742,1.29833,193
2026-02-18 14:00:00,1.29854,1.29933,1.2982,1.29831,233
2026-02-18 14:15:00,1.29854,1.29975,1.29731,1.29969,184
2026-02-18 14:30:00,1.29993,1.30067,1.29884,1.30052,253
2026-02-18 14:45:00,1.30139,1.30259,1.29985,1.30028,465
2026-02-18 15:00:00,1.29982,1.30259,1.29928,1.30081,180
2026-02-18 15:15:00,1.30126,1.30164,1.29913,1.30146,277
2026-02-18 15:30:00,1.30081,1.30282,1.29969,1.30179,346
2026-02-18 15:45:00,1.3008,1.30182,1.2994,1.29972,404
2026-02-18 16:00:00,1.30015,1.3008,1.29927,1.29996,472
2026-02-18 16:15:00,1.2996,1.30067,1.29951,1.29992,290
2026-02-18 16:30:00,1.29911,1.3006,1.29834,1.29905,440
2026-02-18 16:45:00,1.29942,1.30006,1.29824,1.29973,309
2026-02-18 17:00:00,1.2994,1.30011,1.29889,1.2996,417
2026-02-18 17:15:00,1.30001,1.30077,1.29893,1.29994,425
2026-02-18 17:30:00,1.30055,1.30098,1.29931,1.3007,398
2026-02-18 17:45:00,1.30101,1.30156,1.30017,1.30128,366
2026-02-18 18:00:00,1.30111,1.30174,1.29975,1.30081,497
2026-02-18 18:15:00,1.30039,1.3015,1.29969,1.29979,285
2026-02-18 18:30:00,1.29936,1.29992,1.2983,1.29941,105
2026-02-18 18:45:00,1.29933,1.3007,1.29811,1.29813,356
2026-02-18 19:00:00,1.29842,1.29985,1.29716,1.29719,417
2026-02-18 19:15:00,1.29746,1.29807,1.29552,1.29789,311
2026-02-18 19:30:00,1.29711,1.29811,1.29705,1.29789,292
2026-02-18 19:45:00,1.29794,1.29858,1.29715,1.29732,472
2026-02-18 20:00:00,1.29686,1.29766,1.29622,1.29643,142
2026-02-18 20:15:00,1.29633,1.29682,1.29516,1.29517,378
2026-02-18 20:30:00,1.29551,1.2965,1.29303,1.2946,474
2026-02-18 20:45:00,1.29471,1.29669,1.29326,1.29627,106
2026-02-18 21:00:00,1.29695,1.29719,1.29557,1.2967,171
2026-02-18 21:15:00,1.29658,1.29761,1.29579,1.29751,304
2026-02-18 21:30:00,1.29665,1.29765,1.29628,1.29733,299
2026-02-18 21:45:00,1.29791,1.298,1.29664,1.2979,333
2026-02-18 22:00:00,1.29774,1.29862,1.29716,1.2983,309
2026-02-18 22:15:00,1.29855,1.29973,1.29741,1.29914,436
2026-02-18 22:30:00,1.29821,1.30008,1.29727,1.298,394
2026-02-18 22:45:00,1.29862,1.29869,1.29751,1.29784,164
2026-02-18 23:00:00,1.29744,1.29893,1.29605,1.2981,470
2026-02-18 23:15:00,1.29777,1.29871,1.29745,1.29788,104
2026-02-18 23:30:00,1.29766,1.29883,1.29736,1.29836,151
2026-02-18 23:45:00,1.29952,1.30013,1.29814,1.29921,197
2026-02-19 00:00:00,1.29905,1.29998,1.29868,1.29947,324
2026-02-19 00:15:00,1.29942,1.30005,1.2991,1.2999,200
2026-02-19 00:30:00,1.3002,1.30139,1.29866,1.29885,217
2026-02-19 00:45:00,1.2985,1.29903,1.29833,1.2987,442
2026-02-19 01:00:00,1.29885,1.29914,1.29812,1.29898,136
2026-02-19 01:15:00,1.29919,1.29931,1.29797,1.29917,302
2026-02-19 01:30:00,1.29842,1.29939,1.29826,1.29856,437
2026-02-19 01:45:00,1.29869,1.29969,1.29808,1.29941,384
2026-02-19 02:00:00,1.29945,1.30087,1.29827,1.30053,261
2026-02-19 02:15:00,1.30066,1.30219,1.3001,1.30218,102
2026-02-19 02:30:00,1.30257,1.30405,1.30058,1.30269,388
2026-02-19 02:45:00,1.30251,1.30318,1.3018,1.303,274
2026-02-19 03:00:00,1.30355,1.30384,1.30209,1.30286,435
2026-02-19 03:15:00,1.30259,1.30319,1.3022,1.30263,372
2026-02-19 03:30:00,1.30181,1.30304,1.3016,1.30192,422
2026-02-19 03:45:00,1.30283,1.30294,1.30185,1.30215,162
2026-02-19 04:00:00,1.30261,1.30331,1.30093,1.30208,371
2026-02-19 04:15:00,1.30198,1.30304,1.30157,1.30252,494
2026-02-19 04:30:00,1.30262,1.30344,1.301,1.30108,311
2026-02-19 04:45:00,1.30143,1.30283,1.29998,1.30164,211
2026-02-19 05:00:00,1.30164,1.30178,1.30038,1.30133,491
2026-02-19 05:15:00,1.30083,1.30187,1.30043,1.30051,219
2026-02-19 05:30:00,1.30117,1.30244,1.30016,1.30135,117
2026-02-19 05:45:00,1.30178,1.30203,1.30051,1.30133,353
2026-02-19 06:00:00,1.3,1.30237,1.29973,1.30018,342
2026-02-19 06:15:00,1.30044,1.30164,1.29943,1.30061,383
2026-02-19 06:30:00,1.30049,1.30137,1.29938,1.29995,378
2026-02-19 06:45:00,1.29968,1.30143,1.29946,1.30124,403
2026-02-19 07:00:00,1.3012,1.30212,1.30107,1.30143,408
2026-02-19 07:15:00,1.30076,1.30308,1.29992,1.30018,231
2026-02-19 07:30:00,1.30026,1.30125,1.29974,1.30013,145
2026-02-19 07:45:00,1.2998,1.30031,1.29876,1.29994,417
2026-02-19 08:00:00,1.29928,1.3008,1.29737,1.29832,363
2026-02-19 08:15:00,1.29863,1.29957,1.29795,1.29842,362
2026-02-19 08:30:00,1.2985,1.29983,1.29756,1.29962,328
2026-02-19 08:45:00,1.29992,1.30095,1.29903,1.29955,489
2026-02-19 09:00:00,1.29945,1.30021,1.29781,1.29805,396
2026-02-19 09:15:00,1.29827,1.29945,1.29772,1.29908,171
2026-02-19 09:30:00,1.2988,1.29951,1.29778,1.29848,110
2026-02-19 09:45:00,1.2982,1.29859,1.29778,1.29784,179
2026-02-19 10:00:00,1.29812,1.29861,1.29724,1.29772,123
2026-02-19 10:15:00,1.2974,1.29836,1.2971,1.29829,144
2026-02-19 10:30:00,1.29814,1.29896,1.29774,1.29777,472
2026-02-19 10:45:00,1.29756,1.29881,1.29641,1.29661,384
2026-02-19 11:00:00,1.29667,1.29714,1.29599,1.29674,485
2026-02-19 11:15:00,1.2964,1.29723,1.2961,1.29718,499
2026-02-19 11:30:00,1.29733,1.29849,1.29609,1.29699,324
2026-02-19 11:45:00,1.29679,1.29728,1.29624,1.29629,339
2026-02-19 12:00:00,1.29608,1.29708,1.29473,1.296,278
2026-02-19 12:15:00,1.2959,1.29688,1.2952,1.29619,231
2026-02-19 12:30:00,1.29636,1.29655,1.29572,1.29619,144
2026-02-19 12:45:00,1.29688,1.2974,1.29534,1.29588,158
2026-02-19 13:00:00,1.29554,1.297,1.29515,1.29623,421
2026-02-19 13:15:00,1.29673,1.29729,1.29573,1.29688,487
2026-02-19 13:30:00,1.29675,1.29708,1.29632,1.29642,451
2026-02-19 13:45:00,1.29642,1.29694,1.29598,1.29617,318
2026-02-19 14:00:00,1.29661,1.2967,1.29451,1.29649,424
2026-02-19 14:15:00,1.29671,1.298,1.2959,1.29612,387
2026-02-19 14:30:00,1.29633,1.29641,1.29508,1.29603,428
2026-02-19 14:45:00,1.29555,1.29658,1.29532,1.29609,201
2026-02-19 15:00:00,1.29536,1.29645,1.295,1.29569,463
2026-02-19 15:15:00,1.2958,1.29728,1.29535,1.29669,140
2026-02-19 15:30:00,1.29668,1.29742,1.29593,1.29657,319
2026-02-19 15:45:00,1.29662,1.29755,1.29497,1.29562,155
2026-02-19 16:00:00,1.2963,1.29691,1.29499,1.29595,133
2026-02-19 16:15:00,1.29586,1.29774,1.29476,1.2974,233
2026-02-19 16:30:00,1.29739,1.2987,1.29668,1.29814,175
2026-02-19 16:45:00,1.29809,1.29852,1.2974,1.2983,316
2026-02-19 17:00:00,1.29807,1.29865,1.29655,1.2967,239
2026-02-19 17:15:00,1.29593,1.29728,1.29524,1.29647,286
2026-02-19 17:30:00,1.29579,1.29659,1.29551,1.29578,126
2026-02-19 17:45:00,1.29644,1.29815,1.29558,1.29701,106
2026-02-19 18:00:00,1.29738,1.2977,1.29699,1.29766,493
2026-02-19 18:15:00,1.2984,1.29873,1.29692,1.29774,419
2026-02-19 18:30:00,1.29817,1.29924,1.29615,1.2967,237
2026-02-19 18:45:00,1.29694,1.29696,1.29533,1.29557,105
2026-02-19 19:00:00,1.29519,1.29617,1.29443,1.29526,178
2026-02-19 19:15:00,1.29479,1.29571,1.2938,1.29425,135
2026-02-19 19:30:00,1.29447,1.29487,1.29404,1.2946,150
2026-02-19 19:45:00,1.29531,1.29721,1.29442,1.29557,435
2026-02-19 20:00:00,1.29525,1.29635,1.29423,1.29588,474
2026-02-19 20:15:00,1.2967,1.29725,1.29559,1.29633,178
2026-02-19 20:30:00,1.2959,1.29776,1.29476,1.29772,407
2026-02-19 20:45:00,1.29811,1.299,1.2972,1.29797,240
2026-02-19 21:00:00,1.29753,1.29834,1.29733,1.29829,376
2026-02-19 21:15:00,1.29797,1.29889,1.29788,1.29854,283
2026-02-19 21:30:00,1.29746,1.29884,1.29724,1.2986,388
2026-02-19 21:45:00,1.29926,1.30007,1.29759,1.29867,139
2026-02-19 22:00:00,1.29787,1.29997,1.29703,1.2975,168
2026-02-19 22:15:00,1.29778,1.29822,1.2969,1.29782,131
2026-02-19 22:30:00,1.29791,1.29994,1.29731,1.29927,342
2026-02-19 22:45:00,1.29899,1.30124,1.29859,1.299,177
2026-02-19 23:00:00,1.2991,1.29966,1.29778,1.29835,336
2026-02-19 23:15:00,1.29822,1.30022,1.29789,1.29966,433
2026-02-19 23:30:00,1.29939,1.30018,1.29908,1.29965,258
2026-02-19 23:45:00,1.2987,1.30063,1.29746,1.3001,387
2026-02-20 00:00:00,1.30016,1.30085,1.2994,1.30003,445
2026-02-20 00:15:00,1.29979,1.30244,1.29903,1.30206,369
2026-02-20 00:30:00,1.30251,1.30273,1.30154,1.30265,306
2026-02-20 00:45:00,1.303,1.30484,1.30227,1.30403,323
2026-02-20 01:00:00,1.304,1.30439,1.30282,1.30296,102
2026-02-20 01:15:00,1.30341,1.3042,1.30175,1.30192,277
2026-02-20 01:30:00,1.30234,1.30346,1.30136,1.30162,378
2026-02-20 01:45:00,1.30078,1.30231,1.29917,1.30073,375
2026-02-20 02:00:00,1.30067,1.3019,1.30026,1.30178,413
2026-02-20 02:15:00,1.30095,1.30263,1.30081,1.30136,103
2026-02-20 02:30:00,1.30218,1.30332,1.30003,1.30275,137
2026-02-20 02:45:00,1.30263,1.30444,1.30154,1.30175,497
2026-02-20 03:00:00,1.30162,1.30225,1.30088,1.30092,104
2026-02-20 03:15:00,1.30077,1.30195,1.30019,1.30088,131
2026-02-20 03:30:00,1.30128,1.30227,1.29927,1.29931,248
2026-02-20 03:45:00,1.29915,1.29981,1.29904,1.2996,112
2026-02-20 04:00:00,1.29917,1.29999,1.29835,1.29941,223
2026-02-20 04:15:00,1.29888,1.30036,1.29841,1.29896,269
2026-02-20 04:30:00,1.29857,1.29925,1.29852,1.29877,253
2026-02-20 04:45:00,1.29807,1.30029,1.29794,1.29971,440
2026-02-20 05:00:00,1.29894,1.30014,1.29883,1.29954,238
2026-02-20 05:15:00,1.29936,1.3004,1.29921,1.29975,118
2026-02-20 05:30:00,1.29999,1.30016,1.29961,1.29992,441
2026-02-20 05:45:00,1.29893,1.30039,1.29888,1.29951,319
2026-02-20 06:00:00,1.29991,1.30023,1.29881,1.29981,129
2026-02-20 06:15:00,1.29934,1.30095,1.29827,1.30068,216
2026-02-20 06:30:00,1.30107,1.30193,1.30026,1.30127,107
2026-02-20 06:45:00,1.30126,1.30243,1.30112,1.30202,130
2026-02-20 07:00:00,1.3024,1.30269,1.30164,1.30223,278
2026-02-20 07:15:00,1.30212,1.30305,1.30198,1.30264,229
2026-02-20 07:30:00,1.30308,1.30363,1.30217,1.30229,259
2026-02-20 07:45:00,1.30277,1.30309,1.30219,1.30259,227
2026-02-20 08:00:00,1.30223,1.30296,1.30175,1.30235,486
2026-02-20 08:15:00,1.30248,1.30284,1.30222,1.30247,154
2026-02-20 08:30:00,1.30183,1.30356,1.30101,1.30354,237
2026-02-20 08:45:00,1.30291,1.30491,1.30271,1.30289,308
2026-02-20 09:00:00,1.30298,1.30529,1.30284,1.30411,262
2026-02-20 09:15:00,1.30442,1.30478,1.30343,1.30369,428
2026-02-20 09:30:00,1.30368,1.30507,1.30283,1.30468,129
2026-02-20 09:45:00,1.30478,1.30564,1.30438,1.30557,268
2026-02-20 10:00:00,1.30579,1.3063,1.30552,1.30576,218
2026-02-20 10:15:00,1.30528,1.30681,1.30513,1.30557,256
2026-02-20 10:30:00,1.30521,1.30643,1.30469,1.30545,142
2026-02-20 10:45:00,1.30522,1.30638,1.30466,1.30517,151
2026-02-20 11:00:00,1.30538,1.3057,1.30444,1.30536,232
2026-02-20 11:15:00,1.30518,1.30578,1.30368,1.30497,205
2026-02-20 11:30:00,1.30475,1.30642,1.30403,1.30632,232
2026-02-20 11:45:00,1.30658,1.30712,1.30566,1.30626,149
2026-02-20 12:00:00,1.30611,1.30713,1.30556,1.30678,126
2026-02-20 12:15:00,1.30662,1.30783,1.30472,1.30543,118
2026-02-20 12:30:00,1.30518,1.30663,1.304,1.30458,370
2026-02-20 12:45:00,1.30474,1.30646,1.30453,1.30565,414
2026-02-20 13:00:00,1.30544,1.30666,1.30414,1.30537,123
2026-02-20 13:15:00,1.306,1.30697,1.30513,1.30543,340
2026-02-20 13:30:00,1.30414,1.30602,1.30404,1.30464,437
2026-02-20 13:45:00,1.3047,1.30527,1.3038,1.30526,139
2026-02-20 14:00:00,1.30518,1.30632,1.30455,1.30509,224
2026-02-20 14:15:00,1.30525,1.30574,1.30449,1.30503,472
2026-02-20 14:30:00,1.30506,1.30598,1.30472,1.30538,263
2026-02-20 14:45:00,1.3047,1.30543,1.30369,1.30458,314
2026-02-20 15:00:00,1.3046,1.30621,1.30359,1.30579,161
2026-02-20 15:15:00,1.30555,1.30669,1.30505,1.30668,274
2026-02-20 15:30:00,1.30629,1.30703,1.30561,1.30663,198
2026-02-20 15:45:00,1.30653,1.30798,1.306,1.30706,132
2026-02-20 16:00:00,1.30559,1.30817,1.3053,1.30693,175
2026-02-20 16:15:00,1.30719,1.30786,1.30628,1.3068,422
2026-02-20 16:30:00,1.30676,1.30787,1.3061,1.30766,219
2026-02-20 16:45:00,1.30738,1.30903,1.30549,1.30745,207
2026-02-20 17:00:00,1.30747,1.30796,1.30663,1.30688,253
2026-02-20 17:15:00,1.30795,1.30856,1.30582,1.30728,484
2026-02-20 17:30:00,1.30795,1.30822,1.30568,1.30809,335
2026-02-20 17:45:00,1.30766,1.30961,1.30686,1.308,389
2026-02-20 18:00:00,1.30681,1.30808,1.30653,1.30744,448
2026-02-20 18:15:00,1.30709,1.30785,1.30583,1.30718,466
2026-02-20 18:30:00,1.30673,1.3075,1.3058,1.30738,219
2026-02-20 18:45:00,1.30647,1.30757,1.30623,1.30629,224
2026-02-20 19:00:00,1.30616,1.30705,1.30448,1.3045,474
2026-02-20 19:15:00,1.30443,1.30573,1.30253,1.30469,295
2026-02-20 19:30:00,1.30529,1.30666,1.304,1.30496,150
2026-02-20 19:45:00,1.30516,1.30647,1.30403,1.30445,478
2026-02-20 20:00:00,1.30436,1.30504,1.30323,1.30416,456
2026-02-20 20:15:00,1.30423,1.30476,1.30301,1.3035,389
2026-02-20 20:30:00,1.30441,1.30469,1.30241,1.30443,472
2026-02-20 20:45:00,1.30521,1.30556,1.30354,1.3053,459
2026-02-20 21:00:00,1.30467,1.30597,1.3044,1.30483,399
2026-02-20 21:15:00,1.3053,1.30637,1.30443,1.30519,163
2026-02-20 21:30:00,1.30585,1.30589,1.30504,1.30523,278
2026-02-20 21:45:00,1.30545,1.30599,1.30392,1.3053,370
2026-02-20 22:00:00,1.30496,1.30595,1.30466,1.30577,197
2026-02-20 22:15:00,1.30566,1.30601,1.30515,1.30569,393
2026-02-20 22:30:00,1.30563,1.30632,1.30502,1.30542,238
2026-02-20 22:45:00,1.3059,1.30609,1.3047,1.30528,242
2026-02-20 23:00:00,1.3048,1.3068,1.30466,1.30554,134
2026-02-20 23:15:00,1.30593,1.30728,1.30481,1.30683,121
2026-02-20 23:30:00,1.30663,1.30839,1.30551,1.30551,280
2026-02-20 23:45:00,1.30558,1.30637,1.30433,1.30539,190
2026-02-21 00:00:00,1.30454,1.30573,1.30416,1.30429,171
2026-02-21 00:15:00,1.30394,1.30557,1.30256,1.30331,195
2026-02-21 00:30:00,1.30306,1.30358,1.3026,1.30323,254
2026-02-21 00:45:00,1.30405,1.30442,1.3029,1.30383,413
2026-02-21 01:00:00,1.30358,1.30451,1.30278,1.30414,302
2026-02-21 01:15:00,1.30376,1.30419,1.30254,1.3031,346
2026-02-21 01:30:00,1.30261,1.30356,1.30212,1.30253,115
2026-02-21 01:45:00,1.30209,1.30348,1.30134,1.30306,345
2026-02-21 02:00:00,1.30342,1.30417,1.30292,1.30309,363
2026-02-21 02:15:00,1.30387,1.30434,1.30278,1.30338,410
2026-02-21 02:30:00,1.30389,1.30459,1.30234,1.30289,425
2026-02-21 02:45:00,1.30243,1.30332,1.30195,1.30265,268
2026-02-21 03:00:00,1.30219,1.30332,1.30141,1.30314,297
2026-02-21 03:15:00,1.30326,1.30399,1.30296,1.30393,271
2026-02-21 03:30:00,1.30447,1.30561,1.30291,1.30521,404
2026-02-21 03:45:00,1.30462,1.30634,1.30307,1.30322,415
2026-02-21 04:00:00,1.30285,1.30365,1.30271,1.30324,311
2026-02-21 04:15:00,1.30333,1.30409,1.30218,1.30256,206
2026-02-21 04:30:00,1.30205,1.30362,1.30139,1.30291,349
2026-02-21 04:45:00,1.30397,1.3042,1.30227,1.30348,378
2026-02-21 05:00:00,1.3036,1.30479,1.3032,1.30439,280
2026-02-21 05:15:00,1.30444,1.30564,1.30264,1.30488,350
2026-02-21 05:30:00,1.30485,1.30608,1.30427,1.30538,228
2026-02-21 05:45:00,1.30502,1.30552,1.30355,1.30542,399
2026-02-21 06:00:00,1.30511,1.30697,1.30424,1.3062,242
2026-02-21 06:15:00,1.30626,1.30713,1.30545,1.30699,229
2026-02-21 06:30:00,1.30727,1.30755,1.30515,1.30752,359
2026-02-21 06:45:00,1.3073,1.30838,1.30656,1.30708,414
2026-02-21 07:00:00,1.30682,1.30771,1.30631,1.30663,406
2026-02-21 07:15:00,1.30694,1.30781,1.30629,1.30727,190
2026-02-21 07:30:00,1.30686,1.30883,1.30658,1.30806,124
2026-02-21 07:45:00,1.30746,1.3087,1.30626,1.30773,441
2026-02-21 08:00:00,1.30824,1.30854,1.30766,1.30811,184
2026-02-21 08:15:00,1.30821,1.30975,1.30664,1.30829,185
2026-02-21 08:30:00,1.30896,1.3096,1.30802,1.30914,212
2026-02-21 08:45:00,1.30865,1.30931,1.30699,1.30716,108
2026-02-21 09:00:00,1.30698,1.30871,1.30606,1.30763,156
2026-02-21 09:15:00,1.30698,1.3087,1.30634,1.30774,366
2026-02-21 09:30:00,1.30857,1.30963,1.30689,1.30854,184
2026-02-21 09:45:00,1.30826,1.30857,1.30799,1.30822,193
2026-02-21 10:00:00,1.30742,1.30834,1.30699,1.30796,260
2026-02-21 10:15:00,1.30761,1.30831,1.30732,1.30779,424
2026-02-21 10:30:00,1.30759,1.30845,1.30683,1.30687,186
2026-02-21 10:45:00,1.30606,1.30747,1.30581,1.3069,457
2026-02-21 11:00:00,1.30646,1.30692,1.30513,1.30517,124
2026-02-21 11:15:00,1.30535,1.30571,1.30471,1.30493,400
2026-02-21 11:30:00,1.30494,1.30632,1.30434,1.30585,325
2026-02-21 11:45:00,1.30648,1.30723,1.30518,1.30543,286
2026-02-21 12:00:00,1.30541,1.30654,1.30482,1.30593,439
2026-02-21 12:15:00,1.30516,1.30687,1.30425,1.30683,114
2026-02-21 12:30:00,1.3068,1.30724,1.30618,1.30704,431
2026-02-21 12:45:00,1.30614,1.30714,1.3059,1.30597,320
2026-02-21 13:00:00,1.30608,1.30703,1.30507,1.30528,285
2026-02-21 13:15:00,1.30527,1.30643,1.30446,1.30494,276
2026-02-21 13:30:00,1.30559,1.30682,1.30368,1.30613,182
2026-02-21 13:45:00,1.3066,1.30748,1.30596,1.30686,257
2026-02-21 14:00:00,1.30641,1.30747,1.30563,1.30718,156
2026-02-21 14:15:00,1.30716,1.30754,1.30658,1.30669,317
2026-02-21 14:30:00,1.30686,1.30806,1.30633,1.30785,364
2026-02-21 14:45:00,1.30866,1.30943,1.30772,1.30775,200
2026-02-21 15:00:00,1.308,1.3093,1.30774,1.30817,345
2026-02-21 15:15:00,1.30923,1.31028,1.30761,1.3091,428
2026-02-21 15:30:00,1.30988,1.31008,1.30834,1.30902,360
2026-02-21 15:45:00,1.30973,1.31052,1.30844,1.30882,245
2026-02-21 16:00:00,1.30863,1.30924,1.30813,1.30838,398
2026-02-21 16:15:00,1.30909,1.30961,1.30812,1.30955,349
2026-02-21 16:30:00,1.30882,1.30993,1.30856,1.30914,348
2026-02-21 16:45:00,1.30835,1.3094,1.30817,1.30874,152
2026-02-21 17:00:00,1.3083,1.30903,1.30746,1.30783,235
2026-02-21 17:15:00,1.30722,1.30938,1.30621,1.30832,184
2026-02-21 17:30:00,1.30866,1.30883,1.30765,1.30846,325
2026-02-21 17:45:00,1.30899,1.30951,1.30832,1.30837,155
2026-02-21 18:00:00,1.30934,1.3101,1.30708,1.3099,142
2026-02-21 18:15:00,1.31055,1.31198,1.30978,1.31145,447
2026-02-21 18:30:00,1.31174,1.31255,1.31133,1.3125,425
2026-02-21 18:45:00,1.31282,1.3132,1.31173,1.31218,456
2026-02-21 19:00:00,1.3129,1.31308,1.31169,1.3128,376
2026-02-21 19:15:00,1.31297,1.31353,1.31189,1.31313,335
2026-02-21 19:30:00,1.31394,1.31435,1.3123,1.31255,369
2026-02-21 19:45:00,1.31268,1.31288,1.31246,1.31248,172
2026-02-21 20:00:00,1.31231,1.31297,1.31187,1.31292,450
2026-02-21 20:15:00,1.31225,1.31321,1.31216,1.31297,260
2026-02-21 20:30:00,1.31302,1.31404,1.31234,1.31399,251
2026-02-21 20:45:00,1.3136,1.31428,1.31258,1.31355,368
2026-02-21 21:00:00,1.31302,1.31367,1.31248,1.31286,123
2026-02-21 21:15:00,1.31293,1.31368,1.31257,1.31303,169
2026-02-21 21:30:00,1.31192,1.31383,1.31063,1.31246,407
2026-02-21 21:45:00,1.31267,1.31331,1.31219,1.31239,162
2026-02-21 22:00:00,1.31313,1.31408,1.3109,1.3117,354
2026-02-21 22:15:00,1.31049,1.31241,1.31025,1.31148,181
2026-02-21 22:30:00,1.31173,1.31288,1.30975,1.31138,476
2026-02-21 22:45:00,1.31091,1.31248,1.31029,1.31139,378
2026-02-21 23:00:00,1.31193,1.31339,1.31095,1.31269,391
2026-02-21 23:15:00,1.31202,1.31325,1.311,1.31136,246
2026-02-21 23:30:00,1.3109,1.31146,1.30958,1.3112,357
2026-02-21 23:45:00,1.31192,1.31265,1.31028,1.31119,357
2026-02-22 00:00:00,1.3115,1.31355,1.31069,1.3133,418
2026-02-22 00:15:00,1.31312,1.31451,1.31304,1.31436,346
2026-02-22 00:30:00,1.31389,1.3145,1.31236,1.31245,409
2026-02-22 00:45:00,1.31245,1.31328,1.31117,1.31298,225
2026-02-22 01:00:00,1.31248,1.31323,1.31155,1.31241,432
2026-02-22 01:15:00,1.31208,1.31272,1.31112,1.31176,281
2026-02-22 01:30:00,1.31234,1.31258,1.31092,1.31108,343
2026-02-22 01:45:00,1.31116,1.31168,1.31049,1.31136,487
2026-02-22 02:00:00,1.31115,1.31155,1.31052,1.31136,126
2026-02-22 02:15:00,1.3116,1.31225,1.31115,1.31126,166
2026-02-22 02:30:00,1.31116,1.31341,1.30976,1.30984,252
2026-02-22 02:45:00,1.30993,1.31108,1.30963,1.31013,290
2026-02-22 03:00:00,1.31023,1.31103,1.30906,1.31002,435
2026-02-22 03:15:00,1.31077,1.31118,1.30931,1.31087,201
2026-02-22 03:30:00,1.31021,1.31147,1.30951,1.30972,496
2026-02-22 03:45:00,1.30972,1.31054,1.30895,1.30947,331
2026-02-22 04:00:00,1.30979,1.30992,1.30782,1.30827,128
2026-02-22 04:15:00,1.3086,1.30988,1.30778,1.30877,316
2026-02-22 04:30:00,1.30933,1.30992,1.30764,1.30915,427
2026-02-22 04:45:00,1.30929,1.30955,1.30864,1.30864,452
2026-02-22 05:00:00,1.30785,1.30876,1.30744,1.30793,282
2026-02-22 05:15:00,1.30668,1.30806,1.30609,1.30695,282
2026-02-22 05:30:00,1.30672,1.30747,1.30622,1.30698,329
2026-02-22 05:45:00,1.30675,1.30926,1.30631,1.30794,254
2026-02-22 06:00:00,1.30756,1.30817,1.30664,1.3076,341
2026-02-22 06:15:00,1.30777,1.30851,1.30696,1.30824,495
2026-02-22 06:30:00,1.30884,1.30897,1.30696,1.30863,146
2026-02-22 06:45:00,1.30952,1.30987,1.30774,1.30902,475
2026-02-22 07:00:00,1.30956,1.3099,1.3085,1.30925,489
2026-02-22 07:15:00,1.30892,1.31026,1.30866,1.30925,285
2026-02-22 07:30:00,1.30851,1.30959,1.30846,1.30952,351
2026-02-22 07:45:00,1.31004,1.31026,1.30808,1.30981,346
2026-02-22 08:00:00,1.30849,1.31047,1.30795,1.30973,440
2026-02-22 08:15:00,1.3094,1.31052,1.30862,1.3087,294
2026-02-22 08:30:00,1.30995,1.31019,1.30802,1.3093,322
2026-02-22 08:45:00,1.30969,1.31035,1.30814,1.30816,477
2026-02-22 09:00:00,1.30799,1.30942,1.30745,1.30936,324
2026-02-22 09:15:00,1.30882,1.31008,1.3084,1.30898,247
2026-02-22 09:30:00,1.30888,1.30927,1.30797,1.30903,138
2026-02-22 09:45:00,1.30901,1.30954,1.30839,1.30873,274
2026-02-22 10:00:00,1.30951,1.31023,1.308,1.30934,285
2026-02-22 10:15:00,1.30903,1.31045,1.30872,1.30881,462
2026-02-22 10:30:00,1.30879,1.30948,1.30844,1.30871,396
2026-02-22 10:45:00,1.30808,1.30939,1.30718,1.30769,102
2026-02-22 11:00:00,1.30773,1.30807,1.30743,1.30754,399
2026-02-22 11:15:00,1.30819,1.30937,1.30722,1.30833,278
2026-02-22 11:30:00,1.30839,1.3095,1.30774,1.308,208
2026-02-22 11:45:00,1.30802,1.30904,1.30717,1.30847,434
2026-02-22 12:00:00,1.30761,1.31023,1.30758,1.30945,434
2026-02-22 12:15:00,1.3093,1.30951,1.3089,1.30916,309
2026-02-22 12:30:00,1.30909,1.31032,1.30885,1.30896,331
2026-02-22 12:45:00,1.30953,1.31041,1.30879,1.31031,120
2026-02-22 13:00:00,1.30964,1.31098,1.30893,1.30931,243
2026-02-22 13:15:00,1.30941,1.30953,1.3084,1.30915,129
2026-02-22 13:30:00,1.30927,1.30978,1.30889,1.30897,263
2026-02-22 13:45:00,1.30861,1.30934,1.30822,1.30834,445
2026-02-22 14:00:00,1.30919,1.31039,1.30783,1.30919,380
2026-02-22 14:15:00,1.30902,1.30925,1.30751,1.30752,106
2026-02-22 14:30:00,1.30804,1.30857,1.30701,1.30797,466
2026-02-22 14:45:00,1.30743,1.30825,1.30697,1.30823,456
2026-02-22 15:00:00,1.30826,1.30905,1.30667,1.30772,378
2026-02-22 15:15:00,1.3083,1.3096,1.30639,1.30761,420
2026-02-22 15:30:00,1.30817,1.30847,1.30659,1.30741,129
2026-02-22 15:45:00,1.30587,1.30744,1.30585,1.30732,290
2026-02-22 16:00:00,1.30738,1.30805,1.30672,1.30722,229
2026-02-22 16:15:00,1.30683,1.30809,1.30631,1.30752,328
2026-02-22 16:30:00,1.30764,1.30777,1.30621,1.30622,301
2026-02-22 16:45:00,1.30633,1.30639,1.30443,1.30495,116
2026-02-22 17:00:00,1.3054,1.30658,1.30343,1.30581,127
2026-02-22 17:15:00,1.30647,1.30667,1.30485,1.30537,462
2026-02-22 17:30:00,1.30651,1.30657,1.30484,1.30574,316
2026-02-22 17:45:00,1.30592,1.30673,1.30494,1.30632,356
2026-02-22 18:00:00,1.30544,1.30691,1.30497,1.3055,316
2026-02-22 18:15:00,1.30595,1.30663,1.30478,1.30548,247
2026-02-22 18:30:00,1.30615,1.30635,1.30524,1.30542,180
2026-02-22 18:45:00,1.30481,1.30564,1.30372,1.30375,211
2026-02-22 19:00:00,1.30508,1.30559,1.30194,1.30481,399
2026-02-22 19:15:00,1.30503,1.3065,1.30469,1.30539,491
2026-02-22 19:30:00,1.3053,1.30597,1.30466,1.30573,282
2026-02-22 19:45:00,1.30497,1.30673,1.30428,1.30525,121
2026-02-22 20:00:00,1.30506,1.3058,1.30363,1.30365,287
2026-02-22 20:15:00,1.30371,1.30413,1.30364,1.30367,276
2026-02-22 20:30:00,1.30395,1.30485,1.30266,1.30273,413
2026-02-22 20:45:00,1.30315,1.30363,1.30174,1.30258,318
2026-02-22 21:00:00,1.30228,1.30287,1.3015,1.30174,284
2026-02-22 21:15:00,1.30138,1.30299,1.30133,1.30214,250
2026-02-22 21:30:00,1.30244,1.3035,1.30191,1.30266,279
2026-02-22 21:45:00,1.30298,1.30368,1.30152,1.30235,104
2026-02-22 22:00:00,1.30217,1.30314,1.30174,1.30249,118
2026-02-22 22:15:00,1.30219,1.30302,1.30081,1.30276,496
2026-02-22 22:30:00,1.30241,1.3054,1.30179,1.30263,196
2026-02-22 22:45:00,1.3014,1.30313,1.30125,1.30164,214
2026-02-22 23:00:00,1.30129,1.30303,1.30089,1.30229,490
2026-02-22 23:15:00,1.30223,1.30256,1.30138,1.30206,474
2026-02-22 23:30:00,1.30138,1.30269,1.30079,1.30089,183
2026-02-22 23:45:00,1.30122,1.30266,1.30073,1.30155,332
2026-02-23 00:00:00,1.30044,1.30249,1.29981,1.30034,479
2026-02-23 00:15:00,1.30116,1.30226,1.29971,1.30108,144
2026-02-23 00:30:00,1.30126,1.30162,1.30037,1.30152,480
2026-02-23 00:45:00,1.30177,1.30193,1.30096,1.30177,446
2026-02-23 01:00:00,1.30228,1.30236,1.30133,1.30223,408
2026-02-23 01:15:00,1.30087,1.30443,1.30068,1.30388,368
2026-02-23 01:30:00,1.30447,1.30552,1.30374,1.3046,350
2026-02-23 01:45:00,1.30446,1.30502,1.30291,1.30325,447
2026-02-23 02:00:00,1.30335,1.30497,1.30265,1.3045,312
2026-02-23 02:15:00,1.3053,1.30555,1.30398,1.30424,308
2026-02-23 02:30:00,1.30401,1.30462,1.30383,1.30448,452
2026-02-23 02:45:00,1.30374,1.30551,1.30306,1.30383,269
2026-02-23 03:00:00,1.3039,1.30459,1.30327,1.30394,151
2026-02-23 03:15:00,1.30353,1.30455,1.30221,1.30377,353
2026-02-23 03:30:00,1.30548,1.30615,1.30296,1.3031,279
2026-02-23 03:45:00,1.30237,1.30323,1.30058,1.3022,359
2026-02-23 04:00:00,1.30218,1.30329,1.30096,1.30288,428
2026-02-23 04:15:00,1.30241,1.30362,1.30174,1.30352,470
2026-02-23 04:30:00,1.30378,1.30429,1.30308,1.30401,484
2026-02-23 04:45:00,1.30437,1.30463,1.30324,1.30435,416
2026-02-23 05:00:00,1.3052,1.30578,1.3035,1.30444,494
2026-02-23 05:15:00,1.30459,1.3061,1.30369,1.30581,261
2026-02-23 05:30:00,1.30528,1.30611,1.30413,1.30443,146
2026-02-23 05:45:00,1.30381,1.30458,1.30254,1.30351,159
2026-02-23 06:00:00,1.30345,1.30421,1.30265,1.3029,315
2026-02-23 06:15:00,1.30249,1.3041,1.30178,1.30209,289
2026-02-23 06:30:00,1.30189,1.30257,1.30109,1.30215,231
2026-02-23 06:45:00,1.3017,1.30282,1.30091,1.30248,364
2026-02-23 07:00:00,1.30255,1.30297,1.30236,1.30293,365
2026-02-23 07:15:00,1.30318,1.30346,1.30226,1.30297,352
2026-02-23 07:30:00,1.30281,1.30442,1.30268,1.30398,490
2026-02-23 07:45:00,1.30383,1.3044,1.3025,1.30283,384
2026-02-23 08:00:00,1.30248,1.30308,1.30195,1.30215,330
2026-02-23 08:15:00,1.3024,1.30293,1.30046,1.30205,326
2026-02-23 08:30:00,1.30229,1.30295,1.30105,1.30199,312
2026-02-23 08:45:00,1.30173,1.30321,1.30014,1.3017,417
2026-02-23 09:00:00,1.30109,1.30191,1.30105,1.30139,148
2026-02-23 09:15:00,1.30073,1.30208,1.29935,1.30038,337
2026-02-23 09:30:00,1.30021,1.30164,1.2996,1.30014,477
2026-02-23 09:45:00,1.30063,1.30171,1.29935,1.30017,126
2026-02-23 10:00:00,1.29988,1.30068,1.29929,1.30028,227
2026-02-23 10:15:00,1.29972,1.30154,1.29931,1.30088,432
2026-02-23 10:30:00,1.30168,1.30242,1.30066,1.30185,474
2026-02-23 10:45:00,1.30155,1.30195,1.30138,1.30165,415
2026-02-23 11:00:00,1.30095,1.30252,1.30086,1.30221,236
2026-02-23 11:15:00,1.3026,1.30455,1.30201,1.30447,318
2026-02-23 11:30:00,1.30412,1.30475,1.30317,1.30397,133
2026-02-23 11:45:00,1.30394,1.30452,1.30376,1.30389,298
2026-02-23 12:00:00,1.30409,1.305,1.3033,1.304,368
2026-02-23 12:15:00,1.30343,1.3048,1.30285,1.30411,141
2026-02-23 12:30:00,1.30419,1.3046,1.30356,1.30411,264
2026-02-23 12:45:00,1.30445,1.30458,1.30373,1.30417,241
2026-02-23 13:00:00,1.30387,1.30522,1.30387,1.30436,305
2026-02-23 13:15:00,1.30415,1.30525,1.30393,1.30394,136
2026-02-23 13:30:00,1.30381,1.30474,1.30376,1.30441,336
2026-02-23 13:45:00,1.305,1.30509,1.30343,1.30387,444
2026-02-23 14:00:00,1.30356,1.30551,1.3027,1.30513,422
2026-02-23 14:15:00,1.30427,1.30642,1.30401,1.30641,268
2026-02-23 14:30:00,1.30627,1.30666,1.30543,1.30548,102
2026-02-23 14:45:00,1.30635,1.307,1.30497,1.30672,337
2026-02-23 15:00:00,1.3067,1.3087,1.30528,1.30658,155
2026-02-23 15:15:00,1.30633,1.30772,1.30573,1.30605,399
2026-02-23 15:30:00,1.30585,1.30732,1.30498,1.30633,285
2026-02-23 15:45:00,1.30632,1.30766,1.30574,1.30647,112
2026-02-23 16:00:00,1.30693,1.30866,1.3055,1.30671,166
2026-02-23 16:15:00,1.30736,1.3079,1.30617,1.3067,115
2026-02-23 16:30:00,1.30579,1.30715,1.30562,1.30591,428
2026-02-23 16:45:00,1.30574,1.30654,1.30493,1.30556,161
2026-02-23 17:00:00,1.30592,1.30623,1.30508,1.30571,421
2026-02-23 17:15:00,1.30611,1.30638,1.30534,1.30566,191
2026-02-23 17:30:00,1.30617,1.30714,1.30529,1.30623,431
2026-02-23 17:45:00,1.30586,1.30668,1.30575,1.30634,483
2026-02-23 18:00:00,1.30655,1.30682,1.30585,1.30626,418
2026-02-23 18:15:00,1.30609,1.30766,1.30567,1.30745,403
2026-02-23 18:30:00,1.30798,1.30897,1.30669,1.30669,309
2026-02-23 18:45:00,1.30654,1.30753,1.30567,1.30661,384
2026-02-23 19:00:00,1.30634,1.30676,1.30537,1.30661,383
2026-02-23 19:15:00,1.30628,1.3071,1.30532,1.30641,309
2026-02-23 19:30:00,1.30696,1.30768,1.30567,1.30746,123
2026-02-23 19:45:00,1.30767,1.30883,1.30714,1.30852,143
2026-02-23 20:00:00,1.30828,1.31006,1.30777,1.30893,245
2026-02-23 20:15:00,1.30919,1.3094,1.30794,1.30848,174
2026-02-23 20:30:00,1.30841,1.30939,1.30801,1.30901,267
2026-02-23 20:45:00,1.30905,1.31105,1.30837,1.30923,184
2026-02-23 21:00:00,1.30791,1.31019,1.30756,1.31001,186
2026-02-23 21:15:00,1.31035,1.31106,1.30959,1.31012,221
2026-02-23 21:30:00,1.3102,1.31112,1.30907,1.31077,228
2026-02-23 21:45:00,1.3108,1.31152,1.31043,1.31126,286
2026-02-23 22:00:00,1.31167,1.31172,1.3111,1.31135,161
2026-02-23 22:15:00,1.31138,1.31172,1.31068,1.31165,152
2026-02-23 22:30:00,1.31117,1.3124,1.31112,1.31199,114
2026-02-23 22:45:00,1.31172,1.3123,1.31168,1.31186,292
2026-02-23 23:00:00,1.31134,1.31336,1.31082,1.31274,195
2026-02-23 23:15:00,1.314,1.31472,1.31244,1.31346,265
2026-02-23 23:30:00,1.31271,1.31485,1.31227,1.31439,479
2026-02-23 23:45:00,1.31496,1.31623,1.3142,1.31456,339
2026-02-24 00:00:00,1.31429,1.31473,1.31376,1.3146,478
2026-02-24 00:15:00,1.31478,1.31547,1.31434,1.31469,168
2026-02-24 00:30:00,1.31414,1.31487,1.31316,1.31338,281
2026-02-24 00:45:00,1.31262,1.31361,1.31228,1.31304,482
2026-02-24 01:00:00,1.31252,1.31409,1.31214,1.31362,205
2026-02-24 01:15:00,1.31412,1.31524,1.31264,1.31523,231
2026-02-24 01:30:00,1.31565,1.31659,1.31423,1.31624,161
2026-02-24 01:45:00,1.31553,1.31685,1.31531,1.31571,149
2026-02-24 02:00:00,1.31547,1.31705,1.31396,1.31548,312
2026-02-24 02:15:00,1.31468,1.31562,1.31467,1.315,432
2026-02-24 02:30:00,1.31637,1.31689,1.31493,1.31601,204
2026-02-24 02:45:00,1.3154,1.31679,1.31486,1.31649,403
2026-02-24 03:00:00,1.31736,1.31777,1.31605,1.31642,477
2026-02-24 03:15:00,1.31574,1.31787,1.31522,1.3172,325
2026-02-24 03:30:00,1.31646,1.31804,1.31543,1.31731,412
2026-02-24 03:45:00,1.31782,1.31792,1.31689,1.31758,139
2026-02-24 04:00:00,1.31715,1.31863,1.31615,1.31835,103
2026-02-24 04:15:00,1.31834,1.31936,1.31792,1.31848,297
2026-02-24 04:30:00,1.3191,1.32013,1.31809,1.31936,216
2026-02-24 04:45:00,1.3188,1.32108,1.31825,1.31913,310
2026-02-24 05:00:00,1.31948,1.31965,1.31863,1.31946,409
2026-02-24 05:15:00,1.31957,1.32119,1.3188,1.31977,131
2026-02-24 05:30:00,1.31931,1.31981,1.31914,1.31976,277
2026-02-24 05:45:00,1.31887,1.32011,1.3187,1.31935,286
2026-02-24 06:00:00,1.3192,1.32047,1.31836,1.32046,357
2026-02-24 06:15:00,1.32026,1.32142,1.31956,1.3203,344
2026-02-24 06:30:00,1.32029,1.32151,1.3192,1.32022,465
2026-02-24 06:45:00,1.32038,1.32115,1.31957,1.32069,332
2026-02-24 07:00:00,1.32119,1.32196,1.31904,1.31977,311
2026-02-24 07:15:00,1.31949,1.32006,1.31849,1.31879,365
2026-02-24 07:30:00,1.31911,1.32025,1.31717,1.31987,440
2026-02-24 07:45:00,1.31956,1.32118,1.31913,1.32114,409
2026-02-24 08:00:00,1.32038,1.32189,1.3199,1.32137,333
2026-02-24 08:15:00,1.3211,1.3217,1.32064,1.32107,145
2026-02-24 08:30:00,1.32146,1.32184,1.32081,1.32164,260
2026-02-24 08:45:00,1.32184,1.32268,1.32133,1.32232,273
2026-02-24 09:00:00,1.32309,1.32355,1.32222,1.32281,495
2026-02-24 09:15:00,1.32238,1.32358,1.32165,1.322,336
2026-02-24 09:30:00,1.32168,1.32244,1.32089,1.32183,271
2026-02-24 09:45:00,1.32112,1.32223,1.32031,1.32044,104
2026-02-24 10:00:00,1.32019,1.32176,1.319,1.31916,309
2026-02-24 10:15:00,1.31943,1.32177,1.31842,1.31921,223
2026-02-24 10:30:00,1.31846,1.31981,1.31747,1.31936,220
2026-02-24 10:45:00,1.31964,1.32112,1.31883,1.32102,486
2026-02-24 11:00:00,1.32018,1.32177,1.3199,1.32028,421
2026-02-24 11:15:00,1.32018,1.32101,1.31971,1.32026,182
2026-02-24 11:30:00,1.32037,1.32083,1.31971,1.32058,314
2026-02-24 11:45:00,1.31986,1.32104,1.31968,1.32004,285
2026-02-24 12:00:00,1.31983,1.32133,1.31955,1.32114,490
2026-02-24 12:15:00,1.32133,1.32268,1.32057,1.32075,443
2026-02-24 12:30:00,1.32078,1.32093,1.32021,1.32025,161
2026-02-24 12:45:00,1.32029,1.32134,1.31889,1.31911,245
2026-02-24 13:00:00,1.31965,1.32014,1.31899,1.31971,135
2026-02-24 13:15:00,1.31999,1.32012,1.31877,1.31978,453
2026-02-24 13:30:00,1.32031,1.3206,1.31908,1.31983,389
2026-02-24 13:45:00,1.32003,1.32057,1.31899,1.31916,159
2026-02-24 14:00:00,1.31991,1.32043,1.31896,1.31967,424
2026-02-24 14:15:00,1.3199,1.32092,1.31871,1.32017,280
2026-02-24 14:30:00,1.32002,1.3208,1.31993,1.32048,349
2026-02-24 14:45:00,1.32057,1.32116,1.31831,1.31948,255
2026-02-24 15:00:00,1.31953,1.31986,1.31899,1.31935,205
2026-02-24 15:15:00,1.31969,1.32091,1.31884,1.32039,145
2026-02-24 15:30:00,1.31985,1.3208,1.31936,1.3203,255
2026-02-24 15:45:00,1.32014,1.3222,1.31979,1.31981,204
2026-02-24 16:00:00,1.31913,1.32043,1.31838,1.31992,249
2026-02-24 16:15:00,1.31961,1.32029,1.31944,1.31957,272
2026-02-24 16:30:00,1.31984,1.32092,1.31807,1.32054,126
2026-02-24 16:45:00,1.3209,1.32099,1.31932,1.32028,363
2026-02-24 17:00:00,1.32055,1.32281,1.31922,1.32124,326
2026-02-24 17:15:00,1.32131,1.32233,1.32045,1.32074,122
2026-02-24 17:30:00,1.32068,1.32223,1.31982,1.32144,134
2026-02-24 17:45:00,1.32125,1.32202,1.3201,1.32088,114
2026-02-24 18:00:00,1.32032,1.32102,1.32,1.32013,152
2026-02-24 18:15:00,1.32041,1.32147,1.31934,1.31954,214
2026-02-24 18:30:00,1.32079,1.32098,1.31936,1.31979,256
2026-02-24 18:45:00,1.31997,1.32038,1.31953,1.32006,247
2026-02-24 19:00:00,1.32019,1.32244,1.31826,1.32115,182
2026-02-24 19:15:00,1.32091,1.3218,1.3194,1.32108,134
2026-02-24 19:30:00,1.32064,1.32177,1.32048,1.32063,215
2026-02-24 19:45:00,1.32084,1.32145,1.3198,1.32039,289
2026-02-24 20:00:00,1.32198,1.3234,1.32016,1.32121,192
2026-02-24 20:15:00,1.32067,1.32167,1.31997,1.32065,257
2026-02-24 20:30:00,1.3205,1.32162,1.31987,1.32029,360
2026-02-24 20:45:00,1.32036,1.32202,1.31968,1.32156,334
2026-02-24 21:00:00,1.32148,1.32222,1.32127,1.32217,162
2026-02-24 21:15:00,1.3224,1.32283,1.32116,1.32259,336
2026-02-24 21:30:00,1.32246,1.32288,1.32157,1.32189,463
2026-02-24 21:45:00,1.32203,1.32256,1.32126,1.32189,439
2026-02-24 22:00:00,1.32203,1.32328,1.32094,1.32112,134
2026-02-24 22:15:00,1.32154,1.32216,1.32013,1.3214,230
2026-02-24 22:30:00,1.32061,1.32159,1.32016,1.32153,307
2026-02-24 22:45:00,1.32146,1.32202,1.32088,1.32194,492
2026-02-24 23:00:00,1.32174,1.32244,1.32075,1.32218,478
2026-02-24 23:15:00,1.32188,1.32304,1.32101,1.32105,344
2026-02-24 23:30:00,1.32128,1.32188,1.3202,1.32087,133
2026-02-24 23:45:00,1.32105,1.32122,1.32047,1.32048,493
2026-02-25 00:00:00,1.32089,1.32199,1.31968,1.32079,340
2026-02-25 00:15:00,1.3213,1.32231,1.32057,1.32096,439
2026-02-25 00:30:00,1.32123,1.3214,1.32006,1.32093,488
2026-02-25 00:45:00,1.32118,1.32146,1.31978,1.32138,184
2026-02-25 01:00:00,1.32148,1.32308,1.32099,1.32198,413
2026-02-25 01:15:00,1.32301,1.32348,1.32156,1.32331,233
2026-02-25 01:30:00,1.32246,1.32447,1.32133,1.32338,142
2026-02-25 01:45:00,1.32334,1.32493,1.32277,1.32426,319
2026-02-25 02:00:00,1.32375,1.3253,1.3231,1.32453,100
2026-02-25 02:15:00,1.32423,1.32548,1.32396,1.32457,195
2026-02-25 02:30:00,1.32461,1.32519,1.32417,1.32468,335
2026-02-25 02:45:00,1.32533,1.32552,1.32384,1.32491,402
2026-02-25 03:00:00,1.32478,1.32586,1.32433,1.32497,330
2026-02-25 03:15:00,1.32529,1.32629,1.32407,1.32413,388
2026-02-25 03:30:00,1.32391,1.32444,1.32303,1.32342,266
2026-02-25 03:45:00,1.32353,1.32536,1.32238,1.32333,226
2026-02-25 04:00:00,1.32385,1.32505,1.32292,1.32447,192
2026-02-25 04:15:00,1.32514,1.32681,1.32365,1.32416,346
2026-02-25 04:30:00,1.32326,1.32474,1.32132,1.32218,486
2026-02-25 04:45:00,1.32197,1.32296,1.32092,1.32119,197
2026-02-25 05:00:00,1.3212,1.32213,1.31983,1.32003,167
2026-02-25 05:15:00,1.32038,1.32101,1.31981,1.32014,360
2026-02-25 05:30:00,1.31986,1.32107,1.319,1.32026,464
2026-02-25 05:45:00,1.321,1.32155,1.31976,1.32087,308
2026-02-25 06:00:00,1.321,1.32173,1.31959,1.31989,262
2026-02-25 06:15:00,1.31951,1.32098,1.31933,1.31983,267
2026-02-25 06:30:00,1.31906,1.32012,1.31828,1.31944,315
2026-02-25 06:45:00,1.31932,1.32063,1.31891,1.31965,267
2026-02-25 07:00:00,1.32046,1.32119,1.3184,1.32029,312
2026-02-25 07:15:00,1.31999,1.32118,1.31979,1.32023,323
2026-02-25 07:30:00,1.32083,1.32138,1.31955,1.31989,168
2026-02-25 07:45:00,1.31936,1.31998,1.31856,1.31882,317
2026-02-25 08:00:00,1.31778,1.31986,1.31729,1.31923,496
2026-02-25 08:15:00,1.31843,1.3194,1.31799,1.319,419
2026-02-25 08:30:00,1.31893,1.32004,1.31832,1.31999,279
2026-02-25 08:45:00,1.31957,1.3204,1.31906,1.31939,497
2026-02-25 09:00:00,1.31899,1.32022,1.3183,1.31927,245
2026-02-25 09:15:00,1.31871,1.32019,1.3174,1.31754,282
2026-02-25 09:30:00,1.31648,1.31871,1.31604,1.31767,188
2026-02-25 09:45:00,1.31818,1.31888,1.31745,1.31806,243
2026-02-25 10:00:00,1.31855,1.32053,1.318,1.31869,441
2026-02-25 10:15:00,1.31787,1.31926,1.31729,1.31913,184
2026-02-25 10:30:00,1.31866,1.32008,1.31852,1.31907,362
2026-02-25 10:45:00,1.31868,1.32074,1.31784,1.31869,113
2026-02-25 11:00:00,1.318,1.32045,1.31705,1.31949,260
2026-02-25 11:15:00,1.32016,1.32028,1.31859,1.31978,206
2026-02-25 11:30:00,1.31999,1.32043,1.31945,1.31982,173
2026-02-25 11:45:00,1.31939,1.32002,1.319,1.31958,481
2026-02-25 12:00:00,1.31905,1.32059,1.31843,1.31999,187
2026-02-25 12:15:00,1.31945,1.32004,1.31895,1.31916,347
2026-02-25 12:30:00,1.31928,1.32092,1.31776,1.32005,214
2026-02-25 12:45:00,1.3202,1.32096,1.31952,1.32073,187
2026-02-25 13:00:00,1.31992,1.32132,1.31893,1.32026,268
2026-02-25 13:15:00,1.31933,1.32045,1.31898,1.31947,423
2026-02-25 13:30:00,1.31935,1.32044,1.31861,1.32023,248
2026-02-25 13:45:00,1.32014,1.32093,1.31968,1.32065,219
2026-02-25 14:00:00,1.32031,1.3216,1.31914,1.32131,328
2026-02-25 14:15:00,1.32098,1.32168,1.3205,1.32062,212
2026-02-25 14:30:00,1.32106,1.32172,1.32,1.32058,268
2026-02-25 14:45:00,1.32,1.32072,1.31955,1.32013,429
2026-02-25 15:00:00,1.31988,1.32041,1.31973,1.31986,479
2026-02-25 15:15:00,1.31957,1.32063,1.31929,1.32021,284
2026-02-25 15:30:00,1.32007,1.32059,1.31981,1.3202,115
2026-02-25 15:45:00,1.31957,1.32106,1.31915,1.32061,438
2026-02-25 16:00:00,1.32031,1.321,1.31962,1.3201,193
2026-02-25 16:15:00,1.31922,1.32018,1.31872,1.3194,310
2026-02-25 16:30:00,1.31925,1.3203,1.31805,1.31833,308
2026-02-25 16:45:00,1.31875,1.31978,1.31719,1.31804,171
2026-02-25 17:00:00,1.3183,1.31871,1.31744,1.31773,177
2026-02-25 17:15:00,1.31745,1.31843,1.31624,1.31673,317
2026-02-25 17:30:00,1.31684,1.31686,1.31665,1.31674,121
2026-02-25 17:45:00,1.31731,1.31782,1.31579,1.31716,483
2026-02-25 18:00:00,1.31717,1.3181,1.31616,1.31786,163
2026-02-25 18:15:00,1.31816,1.31968,1.31746,1.31892,377
2026-02-25 18:30:00,1.31875,1.31932,1.31809,1.31922,345
2026-02-25 18:45:00,1.31883,1.3201,1.31765,1.31889,295
2026-02-25 19:00:00,1.31886,1.32045,1.31804,1.31892,259
2026-02-25 19:15:00,1.31895,1.31997,1.31865,1.31876,300
2026-02-25 19:30:00,1.31888,1.31947,1.31797,1.3193,362
2026-02-25 19:45:00,1.31992,1.32107,1.31926,1.31979,162
2026-02-25 20:00:00,1.32069,1.32147,1.31968,1.32018,265
2026-02-25 20:15:00,1.32114,1.32166,1.31992,1.32035,397
2026-02-25 20:30:00,1.32139,1.32175,1.31964,1.3212,185
2026-02-25 20:45:00,1.32069,1.32272,1.32024,1.32106,158
2026-02-25 21:00:00,1.32071,1.32206,1.31967,1.32162,120
2026-02-25 21:15:00,1.32212,1.32304,1.31994,1.32279,188
2026-02-25 21:30:00,1.32234,1.32387,1.32207,1.32267,493
2026-02-25 21:45:00,1.32289,1.32331,1.32151,1.32248,364
2026-02-25 22:00:00,1.32338,1.32368,1.32104,1.32231,325
2026-02-25 22:15:00,1.32283,1.32333,1.3217,1.32296,291
2026-02-25 22:30:00,1.32347,1.32387,1.32179,1.32196,467
2026-02-25 22:45:00,1.32246,1.32332,1.32144,1.32154,246
2026-02-25 23:00:00,1.32135,1.32224,1.31951,1.31976,127
2026-02-25 23:15:00,1.32058,1.32096,1.31928,1.32065,209
2026-02-25 23:30:00,1.32133,1.32204,1.32005,1.32149,426
2026-02-25 23:45:00,1.32206,1.32218,1.32119,1.32148,302
2026-02-26 00:00:00,1.32129,1.32269,1.32049,1.32173,370
2026-02-26 00:15:00,1.32186,1.32285,1.32149,1.32263,384
2026-02-26 00:30:00,1.32298,1.32351,1.32216,1.32291,414
2026-02-26 00:45:00,1.32369,1.32393,1.32155,1.32216,219
2026-02-26 01:00:00,1.32303,1.32316,1.3212,1.32142,212
2026-02-26 01:15:00,1.32134,1.32169,1.32098,1.32122,434
2026-02-26 01:30:00,1.3212,1.32163,1.31907,1.31934,249
2026-02-26 01:45:00,1.31845,1.31984,1.31834,1.31863,414
2026-02-26 02:00:00,1.31915,1.3194,1.31821,1.31847,473
2026-02-26 02:15:00,1.31894,1.31923,1.31727,1.31748,300
2026-02-26 02:30:00,1.31743,1.3181,1.31623,1.31674,355
2026-02-26 02:45:00,1.31623,1.3169,1.31542,1.31621,415
2026-02-26 03:00:00,1.31651,1.31722,1.31594,1.31658,248
2026-02-26 03:15:00,1.31632,1.31678,1.3155,1.31569,327
2026-02-26 03:30:00,1.31523,1.31677,1.31429,1.31659,255
2026-02-26 03:45:00,1.31627,1.31739,1.31553,1.31596,454
2026-02-26 04:00:00,1.31642,1.31661,1.3158,1.31654,377
2026-02-26 04:15:00,1.31638,1.31724,1.31626,1.31707,378
2026-02-26 04:30:00,1.31735,1.31748,1.31636,1.31658,445
2026-02-26 04:45:00,1.316,1.31678,1.31503,1.3158,362
2026-02-26 05:00:00,1.31547,1.31584,1.31518,1.31563,475
2026-02-26 05:15:00,1.31585,1.31638,1.31499,1.31532,344
2026-02-26 05:30:00,1.31493,1.31684,1.3143,1.31508,153
2026-02-26 05:45:00,1.31523,1.31597,1.3142,1.31545,202
2026-02-26 06:00:00,1.31522,1.3162,1.31446,1.31477,108
2026-02-26 06:15:00,1.31644,1.31651,1.31421,1.31495,448
2026-02-26 06:30:00,1.3148,1.31559,1.31398,1.3154,469
2026-02-26 06:45:00,1.31562,1.31621,1.31435,1.31592,484
2026-02-26 07:00:00,1.31611,1.31667,1.31566,1.31608,161
2026-02-26 07:15:00,1.31705,1.31821,1.31598,1.31815,301
2026-02-26 07:30:00,1.31718,1.31868,1.31707,1.31866,175
2026-02-26 07:45:00,1.31941,1.31968,1.31745,1.31807,101
2026-02-26 08:00:00,1.31821,1.31868,1.31597,1.31809,227
2026-02-26 08:15:00,1.31814,1.31976,1.31705,1.31775,464
2026-02-26 08:30:00,1.31653,1.31802,1.31617,1.31663,129
2026-02-26 08:45:00,1.31674,1.31703,1.31584,1.31607,207
2026-02-26 09:00:00,1.31586,1.31748,1.31554,1.31732,212
2026-02-26 09:15:00,1.31784,1.31795,1.31549,1.31704,192
2026-02-26 09:30:00,1.3178,1.3185,1.31628,1.31843,349
2026-02-26 09:45:00,1.31917,1.32006,1.31766,1.31959,464
2026-02-26 10:00:00,1.32,1.32105,1.3191,1.31983,211
2026-02-26 10:15:00,1.31958,1.32185,1.31925,1.32183,433
2026-02-26 10:30:00,1.32097,1.32242,1.32067,1.32133,330
2026-02-26 10:45:00,1.32086,1.3222,1.32074,1.32189,110
2026-02-26 11:00:00,1.32192,1.3226,1.32129,1.32201,160
2026-02-26 11:15:00,1.32252,1.32364,1.32127,1.3217,183
2026-02-26 11:30:00,1.32176,1.3225,1.32138,1.32166,105
2026-02-26 11:45:00,1.32223,1.32312,1.32157,1.32278,392
2026-02-26 12:00:00,1.32358,1.32359,1.32204,1.32326,418
2026-02-26 12:15:00,1.32368,1.32439,1.32214,1.32322,389
2026-02-26 12:30:00,1.32273,1.32367,1.32244,1.32245,198
2026-02-26 12:45:00,1.32233,1.32337,1.32083,1.32179,257
2026-02-26 13:00:00,1.32175,1.32348,1.32118,1.32211,120
2026-02-26 13:15:00,1.32164,1.32265,1.3203,1.32044,132
2026-02-26 13:30:00,1.32031,1.32136,1.31939,1.31993,337
2026-02-26 13:45:00,1.31924,1.32031,1.31842,1.31951,434
2026-02-26 14:00:00,1.31918,1.31963,1.31835,1.31935,430
2026-02-26 14:15:00,1.31898,1.31966,1.31871,1.31904,401
2026-02-26 14:30:00,1.32099,1.32199,1.319,1.31912,420
2026-02-26 14:45:00,1.31842,1.3196,1.31751,1.31823,437
2026-02-26 15:00:00,1.31762,1.31899,1.31709,1.318,165
2026-02-26 15:15:00,1.31809,1.31978,1.31717,1.31966,120
2026-02-26 15:30:00,1.32052,1.32134,1.31946,1.32007,498
2026-02-26 15:45:00,1.31931,1.32057,1.31806,1.32011,142
2026-02-26 16:00:00,1.3203,1.32066,1.31913,1.32046,326
2026-02-26 16:15:00,1.32016,1.32151,1.31908,1.32102,429
2026-02-26 16:30:00,1.32107,1.32188,1.32046,1.32105,246
2026-02-26 16:45:00,1.32102,1.32179,1.32068,1.3215,166
2026-02-26 17:00:00,1.32073,1.32243,1.31912,1.31972,418
2026-02-26 17:15:00,1.31998,1.32059,1.31866,1.3204,313
2026-02-26 17:30:00,1.32065,1.32234,1.32016,1.32115,300
2026-02-26 17:45:00,1.3212,1.32129,1.32026,1.3204,489
2026-02-26 18:00:00,1.32036,1.32063,1.31925,1.32029,202
2026-02-26 18:15:00,1.32051,1.3206,1.31895,1.32038,262
2026-02-26 18:30:00,1.32047,1.32203,1.31995,1.32194,372
2026-02-26 18:45:00,1.32164,1.32215,1.32099,1.32204,319
2026-02-26 19:00:00,1.32282,1.32393,1.32158,1.32253,179
2026-02-26 19:15:00,1.32284,1.3232,1.32211,1.32309,314
2026-02-26 19:30:00,1.32222,1.32399,1.32199,1.32245,313
2026-02-26 19:45:00,1.32274,1.32362,1.32228,1.32275,242
2026-02-26 20:00:00,1.32264,1.32332,1.32226,1.32243,285
2026-02-26 20:15:00,1.32207,1.323,1.32175,1.32294,393
2026-02-26 20:30:00,1.32292,1.3241,1.32247,1.32369,386
2026-02-26 20:45:00,1.32435,1.3245,1.32335,1.32425,102
2026-02-26 21:00:00,1.32435,1.3258,1.32423,1.32531,348
2026-02-26 21:15:00,1.3255,1.32718,1.32472,1.32594,440
2026-02-26 21:30:00,1.32494,1.32657,1.32375,1.32615,446
2026-02-26 21:45:00,1.32604,1.32643,1.32532,1.32534,325
2026-02-26 22:00:00,1.32593,1.32691,1.32497,1.32521,346
2026-02-26 22:15:00,1.32477,1.32626,1.32405,1.32451,454
2026-02-26 22:30:00,1.32479,1.32514,1.32357,1.32508,495
2026-02-26 22:45:00,1.32458,1.32653,1.32419,1.32597,108
2026-02-26 23:00:00,1.32603,1.32731,1.32527,1.32527,378
2026-02-26 23:15:00,1.32572,1.32651,1.3246,1.32559,259
2026-02-26 23:30:00,1.32564,1.32672,1.32533,1.32636,371
2026-02-26 23:45:00,1.32698,1.32806,1.32541,1.3274,394
2026-02-27 00:00:00,1.32808,1.32857,1.32736,1.32761,491
2026-02-27 00:15:00,1.3271,1.32839,1.32687,1.32838,360
2026-02-27 00:30:00,1.32822,1.32951,1.32727,1.32936,254
2026-02-27 00:45:00,1.32943,1.33,1.32914,1.3298,393
2026-02-27 01:00:00,1.33023,1.33055,1.32846,1.32875,284
2026-02-27 01:15:00,1.32844,1.32914,1.32688,1.32762,427
2026-02-27 01:30:00,1.32725,1.32886,1.32546,1.32745,452
2026-02-27 01:45:00,1.3278,1.32837,1.32669,1.32742,200
2026-02-27 02:00:00,1.3277,1.3283,1.32704,1.32817,189
2026-02-27 02:15:00,1.32828,1.32988,1.32799,1.32826,392
2026-02-27 02:30:00,1.32809,1.32932,1.32688,1.32903,289
2026-02-27 02:45:00,1.32918,1.33107,1.32859,1.32997,415
2026-02-27 03:00:00,1.32991,1.33046,1.32888,1.32993,182
2026-02-27 03:15:00,1.3304,1.3307,1.328,1.3289,432
2026-02-27 03:30:00,1.32919,1.32939,1.32734,1.32854,258
2026-02-27 03:45:00,1.32914,1.33004,1.32665,1.32798,137
2026-02-27 04:00:00,1.32754,1.32945,1.32684,1.32708,317
2026-02-27 04:15:00,1.32771,1.32803,1.32698,1.32748,450
2026-02-27 04:30:00,1.32726,1.32788,1.32639,1.32685,176
2026-02-27 04:45:00,1.32731,1.32743,1.32599,1.32692,182
2026-02-27 05:00:00,1.32708,1.32767,1.32612,1.32737,318
2026-02-27 05:15:00,1.32784,1.32927,1.32685,1.32739,254
2026-02-27 05:30:00,1.32757,1.32829,1.32632,1.32695,173
2026-02-27 05:45:00,1.32711,1.32829,1.32558,1.32601,314
2026-02-27 06:00:00,1.32516,1.32607,1.32461,1.32539,326
2026-02-27 06:15:00,1.32576,1.32698,1.32453,1.3261,185
2026-02-27 06:30:00,1.32557,1.32731,1.32499,1.326,212
2026-02-27 06:45:00,1.32608,1.32718,1.32495,1.32685,287
2026-02-27 07:00:00,1.32705,1.32878,1.32593,1.32852,416
2026-02-27 07:15:00,1.32854,1.33022,1.32801,1.32948,248
2026-02-27 07:30:00,1.3289,1.33068,1.32777,1.32849,279
2026-02-27 07:45:00,1.32951,1.3299,1.32792,1.32828,255
2026-02-27 08:00:00,1.32871,1.3299,1.3269,1.32976,219
2026-02-27 08:15:00,1.3299,1.33024,1.32838,1.32927,337
2026-02-27 08:30:00,1.3298,1.33005,1.32862,1.32992,455
2026-02-27 08:45:00,1.32976,1.3302,1.32962,1.3298,303
2026-02-27 09:00:00,1.32994,1.33082,1.32823,1.32842,244
2026-02-27 09:15:00,1.32865,1.32959,1.32827,1.32947,190
2026-02-27 09:30:00,1.32924,1.32971,1.32874,1.32957,393
2026-02-27 09:45:00,1.32933,1.33053,1.32905,1.32918,281
2026-02-27 10:00:00,1.3294,1.32982,1.32873,1.32903,377
2026-02-27 10:15:00,1.32887,1.32958,1.32786,1.32823,480
2026-02-27 10:30:00,1.32704,1.32841,1.32581,1.32613,230
2026-02-27 10:45:00,1.32584,1.32771,1.32576,1.3272,319
2026-02-27 11:00:00,1.32726,1.32766,1.32624,1.32746,298
2026-02-27 11:15:00,1.32724,1.3277,1.32603,1.32726,233
2026-02-27 11:30:00,1.32716,1.32762,1.32708,1.32756,310
2026-02-27 11:45:00,1.32769,1.32907,1.32718,1.32764,227
2026-02-27 12:00:00,1.32725,1.32774,1.32664,1.3269,442
2026-02-27 12:15:00,1.32718,1.32768,1.32545,1.32739,215
2026-02-27 12:30:00,1.32724,1.32795,1.32527,1.32636,150
2026-02-27 12:45:00,1.327,1.32806,1.32558,1.32628,190
2026-02-27 13:00:00,1.32634,1.32694,1.32614,1.32634,163
2026-02-27 13:15:00,1.32623,1.32667,1.32572,1.32642,124
2026-02-27 13:30:00,1.32644,1.32762,1.32508,1.32566,388
2026-02-27 13:45:00,1.32601,1.32679,1.32487,1.32628,335
2026-02-27 14:00:00,1.32547,1.32667,1.32464,1.32632,388
2026-02-27 14:15:00,1.32615,1.32746,1.32566,1.32723,268
2026-02-27 14:30:00,1.32801,1.32908,1.32697,1.32766,499
2026-02-27 14:45:00,1.32787,1.32923,1.3275,1.32784,384
2026-02-27 15:00:00,1.32689,1.32849,1.32656,1.32732,202
2026-02-27 15:15:00,1.32721,1.32837,1.32606,1.32667,401
2026-02-27 15:30:00,1.32646,1.32785,1.32512,1.32651,296
2026-02-27 15:45:00,1.32731,1.32769,1.32588,1.32729,355
2026-02-27 16:00:00,1.3274,1.32785,1.32693,1.32722,196
2026-02-27 16:15:00,1.32733,1.3282,1.32658,1.32708,265
2026-02-27 16:30:00,1.3269,1.32751,1.32629,1.32704,496
2026-02-27 16:45:00,1.32779,1.32845,1.32686,1.32764,217
2026-02-27 17:00:00,1.32765,1.32801,1.3264,1.32766,374
2026-02-27 17:15:00,1.32874,1.32883,1.32622,1.32678,268
2026-02-27 17:30:00,1.32664,1.3275,1.32631,1.32664,321
2026-02-27 17:45:00,1.3262,1.32758,1.32508,1.32639,467
2026-02-27 18:00:00,1.32678,1.32712,1.32604,1.32618,257
2026-02-27 18:15:00,1.32715,1.32806,1.32499,1.325,266
2026-02-27 18:30:00,1.32496,1.32554,1.32346,1.32441,408
2026-02-27 18:45:00,1.3244,1.32493,1.32397,1.32415,211
2026-02-27 19:00:00,1.32382,1.32501,1.3231,1.3249,345
2026-02-27 19:15:00,1.3246,1.32547,1.32452,1.32462,260
2026-02-27 19:30:00,1.32487,1.32537,1.32431,1.32441,249
2026-02-27 19:45:00,1.32467,1.32542,1.32389,1.32399,418
2026-02-27 20:00:00,1.32479,1.32536,1.32381,1.324,364
2026-02-27 20:15:00,1.32456,1.32466,1.32317,1.32379,216
2026-02-27 20:30:00,1.32461,1.32605,1.32347,1.32494,250
2026-02-27 20:45:00,1.32501,1.32585,1.32378,1.32438,240
2026-02-27 21:00:00,1.32471,1.32569,1.32291,1.32331,360
2026-02-27 21:15:00,1.32328,1.32483,1.32244,1.32362,150
2026-02-27 21:30:00,1.3237,1.32484,1.32276,1.32312,309
2026-02-27 21:45:00,1.32319,1.32378,1.32221,1.32361,269
2026-02-27 22:00:00,1.32387,1.32472,1.32238,1.32339,237
2026-02-27 22:15:00,1.32341,1.32429,1.32186,1.32204,468
2026-02-27 22:30:00,1.32223,1.3234,1.32106,1.32207,208
2026-02-27 22:45:00,1.32202,1.32289,1.32152,1.32242,139
2026-02-27 23:00:00,1.32178,1.32279,1.32051,1.32254,356
2026-02-27 23:15:00,1.3224,1.32372,1.32125,1.32248,133
2026-02-27 23:30:00,1.32118,1.32257,1.32112,1.3217,144
2026-02-27 23:45:00,1.32192,1.32279,1.3211,1.3215,256
2026-02-28 00:00:00,1.32208,1.3228,1.32116,1.32157,174
2026-02-28 00:15:00,1.32225,1.32254,1.3208,1.32094,256
2026-02-28 00:30:00,1.32071,1.32114,1.32029,1.32055,257
2026-02-28 00:45:00,1.3206,1.321,1.31916,1.32069,381
2026-02-28 01:00:00,1.32092,1.32206,1.32003,1.32083,445
2026-02-28 01:15:00,1.32125,1.32265,1.32054,1.32135,201
2026-02-28 01:30:00,1.32178,1.32231,1.32097,1.32118,372
2026-02-28 01:45:00,1.32153,1.32252,1.31996,1.32051,430
2026-02-28 02:00:00,1.32073,1.3219,1.32044,1.32095,151
2026-02-28 02:15:00,1.32069,1.32126,1.32014,1.32065,300
2026-02-28 02:30:00,1.32136,1.32235,1.32006,1.32078,181
2026-02-28 02:45:00,1.32073,1.32198,1.31987,1.32087,240
2026-02-28 03:00:00,1.32107,1.32185,1.31995,1.32144,331
2026-02-28 03:15:00,1.32097,1.32156,1.32063,1.32117,308
2026-02-28 03:30:00,1.32103,1.3226,1.31991,1.31999,161
2026-02-28 03:45:00,1.3203,1.32178,1.3198,1.32162,259
2026-02-28 04:00:00,1.32113,1.32238,1.32092,1.32207,115
2026-02-28 04:15:00,1.32269,1.32307,1.3215,1.32195,285
2026-02-28 04:30:00,1.32258,1.32339,1.31995,1.3231,206
2026-02-28 04:45:00,1.32287,1.32355,1.3222,1.3225,467
2026-02-28 05:00:00,1.32184,1.32301,1.3214,1.32295,451
2026-02-28 05:15:00,1.32301,1.3241,1.32187,1.32235,462
2026-02-28 05:30:00,1.32277,1.3231,1.32209,1.32227,225
2026-02-28 05:45:00,1.3228,1.32312,1.32198,1.3227,433
2026-02-28 06:00:00,1.32207,1.32391,1.32144,1.32313,409
2026-02-28 06:15:00,1.32291,1.32382,1.32196,1.32197,100
2026-02-28 06:30:00,1.32182,1.32261,1.32077,1.32259,377
2026-02-28 06:45:00,1.32224,1.32279,1.32138,1.32256,147
2026-02-28 07:00:00,1.32271,1.3232,1.32219,1.32235,227
2026-02-28 07:15:00,1.32278,1.32319,1.32197,1.32288,403
2026-02-28 07:30:00,1.32349,1.3236,1.3227,1.32353,184
2026-02-28 07:45:00,1.32301,1.324,1.32284,1.32333,262
2026-02-28 08:00:00,1.3229,1.32395,1.32183,1.3219,248
2026-02-28 08:15:00,1.32124,1.32231,1.32045,1.321,288
2026-02-28 08:30:00,1.32123,1.32175,1.3195,1.32013,202
2026-02-28 08:45:00,1.32005,1.32106,1.31945,1.31984,400
2026-02-28 09:00:00,1.32015,1.32054,1.31936,1.32045,337
2026-02-28 09:15:00,1.32035,1.32182,1.32006,1.32091,252
2026-02-28 09:30:00,1.31976,1.32152,1.31837,1.32105,342
2026-02-28 09:45:00,1.32147,1.32205,1.31968,1.32117,499
2026-02-28 10:00:00,1.32149,1.32237,1.32056,1.32207,147
2026-02-28 10:15:00,1.32201,1.32225,1.3214,1.3222,489
2026-02-28 10:30:00,1.32242,1.32281,1.32181,1.32232,332
2026-02-28 10:45:00,1.32289,1.32389,1.3213,1.32308,306
2026-02-28 11:00:00,1.32241,1.32356,1.32195,1.32292,239
2026-02-28 11:15:00,1.32296,1.32477,1.32199,1.3241,372
2026-02-28 11:30:00,1.32357,1.32448,1.32287,1.32425,416
2026-02-28 11:45:00,1.32466,1.32517,1.32321,1.32449,167
2026-02-28 12:00:00,1.32473,1.32497,1.32401,1.32418,239
2026-02-28 12:15:00,1.32415,1.32512,1.3233,1.32477,452
2026-02-28 12:30:00,1.3249,1.32597,1.3238,1.32476,395
2026-02-28 12:45:00,1.32475,1.32511,1.32411,1.32449,245
2026-02-28 13:00:00,1.32542,1.3268,1.32378,1.32558,485
2026-02-28 13:15:00,1.32553,1.3273,1.32533,1.32576,331
2026-02-28 13:30:00,1.32491,1.326,1.32484,1.32527,489
2026-02-28 13:45:00,1.3247,1.32608,1.32421,1.32538,114
2026-02-28 14:00:00,1.32554,1.32595,1.32443,1.32504,216
2026-02-28 14:15:00,1.3257,1.32661,1.32431,1.32638,456
2026-02-28 14:30:00,1.32633,1.32828,1.3253,1.32665,102
2026-02-28 14:45:00,1.32638,1.32779,1.32474,1.32559,439
2026-02-28 15:00:00,1.32625,1.32693,1.3249,1.326,116
2026-02-28 15:15:00,1.32568,1.32612,1.32528,1.32547,280
2026-02-28 15:30:00,1.32571,1.32738,1.3246,1.32489,278
2026-02-28 15:45:00,1.32506,1.32534,1.32388,1.32464,254
2026-02-28 16:00:00,1.32439,1.32517,1.32356,1.32514,223
2026-02-28 16:15:00,1.32462,1.32606,1.32453,1.32601,170
2026-02-28 16:30:00,1.32615,1.32647,1.32549,1.32645,316
2026-02-28 16:45:00,1.32633,1.32719,1.32509,1.32674,128
2026-02-28 17:00:00,1.32607,1.32819,1.32547,1.32549,182
2026-02-28 17:15:00,1.32519,1.32591,1.32409,1.32422,357
2026-02-28 17:30:00,1.32435,1.32502,1.32238,1.32367,215
2026-02-28 17:45:00,1.32441,1.32546,1.32274,1.32429,170
2026-02-28 18:00:00,1.3245,1.32653,1.32367,1.32441,195
2026-02-28 18:15:00,1.32453,1.32533,1.32332,1.32366,434
2026-02-28 18:30:00,1.32386,1.32434,1.32342,1.32384,408
2026-02-28 18:45:00,1.32346,1.32405,1.32266,1.32281,408
2026-02-28 19:00:00,1.32291,1.32313,1.3215,1.32274,360
2026-02-28 19:15:00,1.32313,1.32388,1.32175,1.32351,242
2026-02-28 19:30:00,1.32367,1.32401,1.32296,1.32394,246
2026-02-28 19:45:00,1.32371,1.32411,1.32343,1.32398,303
2026-02-28 20:00:00,1.32412,1.32446,1.32305,1.32382,454
2026-02-28 20:15:00,1.32404,1.32492,1.32322,1.32464,166
2026-02-28 20:30:00,1.32418,1.3251,1.32382,1.32386,138
2026-02-28 20:45:00,1.32479,1.32498,1.32376,1.32436,383
2026-02-28 21:00:00,1.32435,1.32472,1.3228,1.3243,448
2026-02-28 21:15:00,1.32453,1.3252,1.32359,1.32519,465
2026-02-28 21:30:00,1.32539,1.32644,1.3241,1.32493,445
2026-02-28 21:45:00,1.32537,1.3265,1.32375,1.32395,461
2026-02-28 22:00:00,1.32504,1.32515,1.32307,1.32329,267
2026-02-28 22:15:00,1.32326,1.32532,1.32183,1.32192,338
2026-02-28 22:30:00,1.32188,1.32305,1.32117,1.32263,346
2026-02-28 22:45:00,1.32212,1.32278,1.32161,1.32248,459
2026-02-28 23:00:00,1.32244,1.32354,1.32195,1.32228,246
2026-02-28 23:15:00,1.32292,1.32386,1.32176,1.32251,220
2026-02-28 23:30:00,1.32298,1.32549,1.32222,1.32434,298
2026-02-28 23:45:00,1.3245,1.32475,1.32299,1.32436,369
2026-03-01 00:00:00,1.32395,1.32483,1.32363,1.32409,335
2026-03-01 00:15:00,1.32456,1.32519,1.32335,1.32432,225
2026-03-01 00:30:00,1.32454,1.32569,1.32421,1.32503,463
2026-03-01 00:45:00,1.32491,1.3258,1.3248,1.32527,164
2026-03-01 01:00:00,1.32652,1.32731,1.32371,1.32698,283
2026-03-01 01:15:00,1.3273,1.32739,1.32679,1.3272,428
2026-03-01 01:30:00,1.32886,1.32922,1.32703,1.32871,255
2026-03-01 01:45:00,1.32902,1.32963,1.3279,1.3294,343
2026-03-01 02:00:00,1.32934,1.33021,1.32853,1.32939,190
2026-03-01 02:15:00,1.32974,1.33099,1.3289,1.33082,461
2026-03-01 02:30:00,1.33028,1.33162,1.33017,1.33155,278
2026-03-01 02:45:00,1.33115,1.33218,1.33084,1.33158,127
2026-03-01 03:00:00,1.33119,1.33217,1.33063,1.33163,196
2026-03-01 03:15:00,1.3318,1.33359,1.33063,1.33145,394
2026-03-01 03:30:00,1.33206,1.33246,1.3314,1.33186,239
2026-03-01 03:45:00,1.33175,1.3327,1.33036,1.33116,270
2026-03-01 04:00:00,1.33057,1.33214,1.33029,1.33088,314
2026-03-01 04:15:00,1.33124,1.33192,1.32989,1.33073,281
2026-03-01 04:30:00,1.33154,1.33184,1.32981,1.3306,137
2026-03-01 04:45:00,1.33139,1.33187,1.33032,1.3307,261
2026-03-01 05:00:00,1.32965,1.33147,1.32954,1.33143,133
2026-03-01 05:15:00,1.33196,1.33255,1.3307,1.33112,270
2026-03-01 05:30:00,1.33055,1.33173,1.33027,1.33041,232
2026-03-01 05:45:00,1.32934,1.33101,1.32901,1.32985,360
2026-03-01 06:00:00,1.33108,1.33193,1.3293,1.33119,491
2026-03-01 06:15:00,1.33029,1.33204,1.32991,1.33178,309
2026-03-01 06:30:00,1.33172,1.33308,1.3311,1.33191,215
2026-03-01 06:45:00,1.33081,1.33206,1.33005,1.33068,161
2026-03-01 07:00:00,1.33098,1.33258,1.33065,1.3309,488
2026-03-01 07:15:00,1.33152,1.33275,1.33029,1.3327,363
2026-03-01 07:30:00,1.33274,1.33405,1.33248,1.33315,329
2026-03-01 07:45:00,1.33361,1.33466,1.33274,1.33317,466
2026-03-01 08:00:00,1.33335,1.33388,1.33214,1.33336,273
2026-03-01 08:15:00,1.33353,1.33427,1.3327,1.33352,272
2026-03-01 08:30:00,1.33372,1.33475,1.33297,1.33444,391
2026-03-01 08:45:00,1.33378,1.33507,1.33376,1.33382,298
2026-03-01 09:00:00,1.33401,1.3349,1.33358,1.33451,304
2026-03-01 09:15:00,1.33459,1.33531,1.33427,1.33494,458
2026-03-01 09:30:00,1.33464,1.33513,1.33418,1.33463,254
2026-03-01 09:45:00,1.33483,1.33581,1.33365,1.33384,366
2026-03-01 10:00:00,1.33406,1.33439,1.33346,1.33394,228
2026-03-01 10:15:00,1.33516,1.33558,1.33354,1.33419,498
2026-03-01 10:30:00,1.33439,1.33493,1.33402,1.33438,491
2026-03-01 10:45:00,1.33387,1.33484,1.33352,1.33418,328
2026-03-01 11:00:00,1.33436,1.33494,1.33287,1.33346,395
2026-03-01 11:15:00,1.33331,1.3339,1.33245,1.33275,250
2026-03-01 11:30:00,1.33261,1.33321,1.33134,1.3328,328
2026-03-01 11:45:00,1.33254,1.33396,1.33167,1.3335,475
2026-03-01 12:00:00,1.33371,1.33478,1.33309,1.33443,121
2026-03-01 12:15:00,1.33378,1.33466,1.33282,1.33288,125
2026-03-01 12:30:00,1.33377,1.33413,1.3322,1.33336,381
2026-03-01 12:45:00,1.33393,1.33605,1.33311,1.33541,495
2026-03-01 13:00:00,1.33585,1.336,1.3348,1.33559,368
2026-03-01 13:15:00,1.33569,1.33604,1.33415,1.33462,370
2026-03-01 13:30:00,1.33396,1.33595,1.33283,1.33379,214
2026-03-01 13:45:00,1.33432,1.3357,1.33317,1.33381,309
2026-03-01 14:00:00,1.33453,1.33516,1.33357,1.33379,182
2026-03-01 14:15:00,1.33416,1.3346,1.33326,1.33401,307
2026-03-01 14:30:00,1.3332,1.33436,1.33291,1.33381,241
2026-03-01 14:45:00,1.33384,1.33486,1.33346,1.33435,101
2026-03-01 15:00:00,1.33443,1.33577,1.33334,1.3338,337
2026-03-01 15:15:00,1.33446,1.33448,1.33241,1.33263,433
2026-03-01 15:30:00,1.33318,1.33347,1.33243,1.33336,261
2026-03-01 15:45:00,1.33228,1.33409,1.33212,1.33249,389
2026-03-01 16:00:00,1.33279,1.33414,1.33181,1.33403,453
2026-03-01 16:15:00,1.33403,1.33474,1.33336,1.3337,259
2026-03-01 16:30:00,1.33468,1.33536,1.33261,1.33277,265
2026-03-01 16:45:00,1.33305,1.3336,1.33194,1.33204,441
2026-03-01 17:00:00,1.33237,1.3343,1.33196,1.33244,306
2026-03-01 17:15:00,1.33223,1.33308,1.33122,1.33291,205
2026-03-01 17:30:00,1.33367,1.3348,1.33212,1.33324,216
2026-03-01 17:45:00,1.33347,1.33375,1.33185,1.33334,225
2026-03-01 18:00:00,1.33287,1.33501,1.33209,1.33366,360
2026-03-01 18:15:00,1.33384,1.33401,1.33284,1.33344,392
2026-03-01 18:30:00,1.33364,1.33485,1.33312,1.3332,416
2026-03-01 18:45:00,1.33329,1.33441,1.33234,1.33286,423
2026-03-01 19:00:00,1.33286,1.33324,1.33206,1.3332,445
2026-03-01 19:15:00,1.33298,1.334,1.33264,1.33331,301
2026-03-01 19:30:00,1.33215,1.33332,1.33091,1.33205,291
2026-03-01 19:45:00,1.33157,1.33227,1.33113,1.33208,143
2026-03-01 20:00:00,1.33263,1.33307,1.33148,1.3329,306
2026-03-01 20:15:00,1.3324,1.33383,1.33239,1.33316,181
2026-03-01 20:30:00,1.33319,1.3335,1.3328,1.33295,232
2026-03-01 20:45:00,1.33337,1.33396,1.33191,1.33323,482
2026-03-01 21:00:00,1.33308,1.33363,1.33245,1.33343,490
2026-03-01 21:15:00,1.33288,1.33389,1.33236,1.33249,490
2026-03-01 21:30:00,1.33254,1.33317,1.33092,1.33183,334
2026-03-01 21:45:00,1.33199,1.33291,1.33149,1.33194,304
2026-03-01 22:00:00,1.33183,1.3324,1.33171,1.33228,466
2026-03-01 22:15:00,1.33305,1.33377,1.33173,1.33239,194
2026-03-01 22:30:00,1.33307,1.33352,1.33231,1.33307,469
2026-03-01 22:45:00,1.33349,1.33407,1.33214,1.33255,259
2026-03-01 23:00:00,1.33318,1.3342,1.33193,1.33333,439
2026-03-01 23:15:00,1.33308,1.33393,1.33282,1.33291,312
2026-03-01 23:30:00,1.33268,1.33388,1.33131,1.33272,185
2026-03-01 23:45:00,1.33097,1.33397,1.32996,1.33,360
